event_id,case_id,case_name,start_frame,end_frame_exclusive,duration_frames,activity
case0:frames58-171,0,Lack_TV_Bench/0025_black_table_04_02_2019_08_20_13_48,58,171,113,flip table top
case0:frames183-204,0,Lack_TV_Bench/0025_black_table_04_02_2019_08_20_13_48,183,204,21,pick up leg
case0:frames204-251,0,Lack_TV_Bench/0025_black_table_04_02_2019_08_20_13_48,204,251,47,align leg screw with table thread
case0:frames251-708,0,Lack_TV_Bench/0025_black_table_04_02_2019_08_20_13_48,251,708,457,spin leg
case0:frames752-780,0,Lack_TV_Bench/0025_black_table_04_02_2019_08_20_13_48,752,780,28,other
case0:frames803-831,0,Lack_TV_Bench/0025_black_table_04_02_2019_08_20_13_48,803,831,28,pick up leg
case0:frames831-870,0,Lack_TV_Bench/0025_black_table_04_02_2019_08_20_13_48,831,870,39,align leg screw with table thread
case0:frames870-1308,0,Lack_TV_Bench/0025_black_table_04_02_2019_08_20_13_48,870,1308,438,spin leg
case0:frames1338-1357,0,Lack_TV_Bench/0025_black_table_04_02_2019_08_20_13_48,1338,1357,19,pick up leg
case0:frames1357-1397,0,Lack_TV_Bench/0025_black_table_04_02_2019_08_20_13_48,1357,1397,40,align leg screw with table thread
case0:frames1397-1764,0,Lack_TV_Bench/0025_black_table_04_02_2019_08_20_13_48,1397,1764,367,spin leg
case0:frames1774-1846,0,Lack_TV_Bench/0025_black_table_04_02_2019_08_20_13_48,1774,1846,72,tighten leg
case0:frames1846-1880,0,Lack_TV_Bench/0025_black_table_04_02_2019_08_20_13_48,1846,1880,34,other
case0:frames1893-1903,0,Lack_TV_Bench/0025_black_table_04_02_2019_08_20_13_48,1893,1903,10,rotate table
case0:frames1903-2022,0,Lack_TV_Bench/0025_black_table_04_02_2019_08_20_13_48,1903,2022,119,spin leg
case0:frames2057-2081,0,Lack_TV_Bench/0025_black_table_04_02_2019_08_20_13_48,2057,2081,24,pick up leg
case0:frames2081-2121,0,Lack_TV_Bench/0025_black_table_04_02_2019_08_20_13_48,2081,2121,40,align leg screw with table thread
case0:frames2121-2514,0,Lack_TV_Bench/0025_black_table_04_02_2019_08_20_13_48,2121,2514,393,spin leg
case0:frames2543-2770,0,Lack_TV_Bench/0025_black_table_04_02_2019_08_20_13_48,2543,2770,227,flip table
case0:frames2803-2858,0,Lack_TV_Bench/0025_black_table_04_02_2019_08_20_13_48,2803,2858,55,pick up shelf
case0:frames2858-3151,0,Lack_TV_Bench/0025_black_table_04_02_2019_08_20_13_48,2858,3151,293,attach shelf to table
case0:frames3181-3211,0,Lack_TV_Bench/0025_black_table_04_02_2019_08_20_13_48,3181,3211,30,other
case1:frames53-86,1,Lack_TV_Bench/0008_black_floor_08_04_2019_08_28_11_26,53,86,33,pick up leg
case1:frames99-366,1,Lack_TV_Bench/0008_black_floor_08_04_2019_08_28_11_26,99,366,267,spin leg
case1:frames366-419,1,Lack_TV_Bench/0008_black_floor_08_04_2019_08_28_11_26,366,419,53,tighten leg
case1:frames432-471,1,Lack_TV_Bench/0008_black_floor_08_04_2019_08_28_11_26,432,471,39,pick up leg
case1:frames475-959,1,Lack_TV_Bench/0008_black_floor_08_04_2019_08_28_11_26,475,959,484,spin leg
case1:frames1032-1052,1,Lack_TV_Bench/0008_black_floor_08_04_2019_08_28_11_26,1032,1052,20,tighten leg
case1:frames1071-1124,1,Lack_TV_Bench/0008_black_floor_08_04_2019_08_28_11_26,1071,1124,53,pick up leg
case1:frames1124-1418,1,Lack_TV_Bench/0008_black_floor_08_04_2019_08_28_11_26,1124,1418,294,spin leg
case1:frames1451-1467,1,Lack_TV_Bench/0008_black_floor_08_04_2019_08_28_11_26,1451,1467,16,pick up leg
case1:frames1467-1678,1,Lack_TV_Bench/0008_black_floor_08_04_2019_08_28_11_26,1467,1678,211,spin leg
case1:frames1823-1909,1,Lack_TV_Bench/0008_black_floor_08_04_2019_08_28_11_26,1823,1909,86,flip table
case1:frames1909-1978,1,Lack_TV_Bench/0008_black_floor_08_04_2019_08_28_11_26,1909,1978,69,pick up shelf
case1:frames2041-2400,1,Lack_TV_Bench/0008_black_floor_08_04_2019_08_28_11_26,2041,2400,359,attach shelf to table
case10:frames58-110,10,Lack_TV_Bench/0022_white_floor_05_02_2019_08_19_15_49,58,110,52,pick up leg
case10:frames110-127,10,Lack_TV_Bench/0022_white_floor_05_02_2019_08_19_15_49,110,127,17,align leg screw with table thread
case10:frames127-993,10,Lack_TV_Bench/0022_white_floor_05_02_2019_08_19_15_49,127,993,866,spin leg
case10:frames993-1137,10,Lack_TV_Bench/0022_white_floor_05_02_2019_08_19_15_49,993,1137,144,pick up leg
case10:frames1137-1252,10,Lack_TV_Bench/0022_white_floor_05_02_2019_08_19_15_49,1137,1252,115,align leg screw with table thread
case10:frames1252-1870,10,Lack_TV_Bench/0022_white_floor_05_02_2019_08_19_15_49,1252,1870,618,spin leg
case10:frames1916-2008,10,Lack_TV_Bench/0022_white_floor_05_02_2019_08_19_15_49,1916,2008,92,pick up leg
case10:frames2008-2049,10,Lack_TV_Bench/0022_white_floor_05_02_2019_08_19_15_49,2008,2049,41,align leg screw with table thread
case10:frames2049-2643,10,Lack_TV_Bench/0022_white_floor_05_02_2019_08_19_15_49,2049,2643,594,spin leg
case10:frames2643-2753,10,Lack_TV_Bench/0022_white_floor_05_02_2019_08_19_15_49,2643,2753,110,pick up leg
case10:frames2753-2885,10,Lack_TV_Bench/0022_white_floor_05_02_2019_08_19_15_49,2753,2885,132,align leg screw with table thread
case10:frames2885-3520,10,Lack_TV_Bench/0022_white_floor_05_02_2019_08_19_15_49,2885,3520,635,spin leg
case10:frames3757-3907,10,Lack_TV_Bench/0022_white_floor_05_02_2019_08_19_15_49,3757,3907,150,flip table
case10:frames4120-4490,10,Lack_TV_Bench/0022_white_floor_05_02_2019_08_19_15_49,4120,4490,370,attach shelf to table
case100:frames32-112,100,Kallax_Shelf_Drawer/0029_black_table_04_02_2019_08_20_11_37,32,112,80,pick up front panel
case100:frames112-200,100,Kallax_Shelf_Drawer/0029_black_table_04_02_2019_08_20_11_37,112,200,88,lay down front panel
case100:frames247-286,100,Kallax_Shelf_Drawer/0029_black_table_04_02_2019_08_20_11_37,247,286,39,pick up side panel
case100:frames286-496,100,Kallax_Shelf_Drawer/0029_black_table_04_02_2019_08_20_11_37,286,496,210,align side panel holes with front panel dowels
case100:frames496-593,100,Kallax_Shelf_Drawer/0029_black_table_04_02_2019_08_20_11_37,496,593,97,attach drawer side panel
case100:frames596-628,100,Kallax_Shelf_Drawer/0029_black_table_04_02_2019_08_20_11_37,596,628,32,pick up side panel
case100:frames716-769,100,Kallax_Shelf_Drawer/0029_black_table_04_02_2019_08_20_11_37,716,769,53,align side panel holes with front panel dowels
case100:frames769-808,100,Kallax_Shelf_Drawer/0029_black_table_04_02_2019_08_20_11_37,769,808,39,attach drawer side panel
case100:frames808-852,100,Kallax_Shelf_Drawer/0029_black_table_04_02_2019_08_20_11_37,808,852,44,pick up bottom panel
case100:frames852-1062,100,Kallax_Shelf_Drawer/0029_black_table_04_02_2019_08_20_11_37,852,1062,210,slide bottom of drawer
case100:frames1079-1104,100,Kallax_Shelf_Drawer/0029_black_table_04_02_2019_08_20_11_37,1079,1104,25,pick up back panel
case100:frames1104-1563,100,Kallax_Shelf_Drawer/0029_black_table_04_02_2019_08_20_11_37,1104,1563,459,attach drawer back panel
case100:frames1563-1597,100,Kallax_Shelf_Drawer/0029_black_table_04_02_2019_08_20_11_37,1563,1597,34,pick up pin
case100:frames1597-1648,100,Kallax_Shelf_Drawer/0029_black_table_04_02_2019_08_20_11_37,1597,1648,51,insert drawer pin
case100:frames1658-1683,100,Kallax_Shelf_Drawer/0029_black_table_04_02_2019_08_20_11_37,1658,1683,25,pick up pin
case100:frames1683-1788,100,Kallax_Shelf_Drawer/0029_black_table_04_02_2019_08_20_11_37,1683,1788,105,insert drawer pin
case100:frames1797-1888,100,Kallax_Shelf_Drawer/0029_black_table_04_02_2019_08_20_11_37,1797,1888,91,position the drawer right side up
case101:frames121-132,101,Kallax_Shelf_Drawer/0005_black_floor_08_04_2019_08_28_11_22,121,132,11,lay down front panel
case101:frames189-215,101,Kallax_Shelf_Drawer/0005_black_floor_08_04_2019_08_28_11_22,189,215,26,pick up side panel
case101:frames216-287,101,Kallax_Shelf_Drawer/0005_black_floor_08_04_2019_08_28_11_22,216,287,71,align side panel holes with front panel dowels
case101:frames330-354,101,Kallax_Shelf_Drawer/0005_black_floor_08_04_2019_08_28_11_22,330,354,24,pick up side panel
case101:frames360-395,101,Kallax_Shelf_Drawer/0005_black_floor_08_04_2019_08_28_11_22,360,395,35,align side panel holes with front panel dowels
case101:frames456-477,101,Kallax_Shelf_Drawer/0005_black_floor_08_04_2019_08_28_11_22,456,477,21,pick up bottom panel
case101:frames510-584,101,Kallax_Shelf_Drawer/0005_black_floor_08_04_2019_08_28_11_22,510,584,74,slide bottom of drawer
case101:frames820-950,101,Kallax_Shelf_Drawer/0005_black_floor_08_04_2019_08_28_11_22,820,950,130,attach drawer back panel
case101:frames1087-1196,101,Kallax_Shelf_Drawer/0005_black_floor_08_04_2019_08_28_11_22,1087,1196,109,insert drawer pin
case101:frames1226-1283,101,Kallax_Shelf_Drawer/0005_black_floor_08_04_2019_08_28_11_22,1226,1283,57,position the drawer right side up
case102:frames42-102,102,Kallax_Shelf_Drawer/0001_oak_floor_05_02_2019_08_19_16_54,42,102,60,pick up side panel
case102:frames102-224,102,Kallax_Shelf_Drawer/0001_oak_floor_05_02_2019_08_19_16_54,102,224,122,attach drawer side panel
case102:frames230-252,102,Kallax_Shelf_Drawer/0001_oak_floor_05_02_2019_08_19_16_54,230,252,22,pick up side panel
case102:frames252-338,102,Kallax_Shelf_Drawer/0001_oak_floor_05_02_2019_08_19_16_54,252,338,86,attach drawer side panel
case102:frames356-390,102,Kallax_Shelf_Drawer/0001_oak_floor_05_02_2019_08_19_16_54,356,390,34,pick up bottom panel
case102:frames414-581,102,Kallax_Shelf_Drawer/0001_oak_floor_05_02_2019_08_19_16_54,414,581,167,slide bottom of drawer
case102:frames597-629,102,Kallax_Shelf_Drawer/0001_oak_floor_05_02_2019_08_19_16_54,597,629,32,pick up back panel
case102:frames634-754,102,Kallax_Shelf_Drawer/0001_oak_floor_05_02_2019_08_19_16_54,634,754,120,attach drawer back panel
case102:frames774-811,102,Kallax_Shelf_Drawer/0001_oak_floor_05_02_2019_08_19_16_54,774,811,37,pick up pin
case102:frames814-847,102,Kallax_Shelf_Drawer/0001_oak_floor_05_02_2019_08_19_16_54,814,847,33,insert drawer pin
case102:frames851-883,102,Kallax_Shelf_Drawer/0001_oak_floor_05_02_2019_08_19_16_54,851,883,32,pick up pin
case102:frames888-919,102,Kallax_Shelf_Drawer/0001_oak_floor_05_02_2019_08_19_16_54,888,919,31,insert drawer pin
case102:frames924-969,102,Kallax_Shelf_Drawer/0001_oak_floor_05_02_2019_08_19_16_54,924,969,45,position the drawer right side up
case103:frames71-81,103,Kallax_Shelf_Drawer/0014_black_floor_05_02_2019_08_19_12_46,71,81,10,pick up front panel
case103:frames81-100,103,Kallax_Shelf_Drawer/0014_black_floor_05_02_2019_08_19_12_46,81,100,19,lay down front panel
case103:frames100-139,103,Kallax_Shelf_Drawer/0014_black_floor_05_02_2019_08_19_12_46,100,139,39,pick up side panel
case103:frames139-275,103,Kallax_Shelf_Drawer/0014_black_floor_05_02_2019_08_19_12_46,139,275,136,align side panel holes with front panel dowels
case103:frames275-348,103,Kallax_Shelf_Drawer/0014_black_floor_05_02_2019_08_19_12_46,275,348,73,attach drawer side panel
case103:frames348-401,103,Kallax_Shelf_Drawer/0014_black_floor_05_02_2019_08_19_12_46,348,401,53,pick up side panel
case103:frames401-424,103,Kallax_Shelf_Drawer/0014_black_floor_05_02_2019_08_19_12_46,401,424,23,align side panel holes with front panel dowels
case103:frames424-501,103,Kallax_Shelf_Drawer/0014_black_floor_05_02_2019_08_19_12_46,424,501,77,attach drawer side panel
case103:frames501-570,103,Kallax_Shelf_Drawer/0014_black_floor_05_02_2019_08_19_12_46,501,570,69,other
case103:frames570-595,103,Kallax_Shelf_Drawer/0014_black_floor_05_02_2019_08_19_12_46,570,595,25,pick up pin
case103:frames611-688,103,Kallax_Shelf_Drawer/0014_black_floor_05_02_2019_08_19_12_46,611,688,77,pick up bottom panel
case103:frames688-988,103,Kallax_Shelf_Drawer/0014_black_floor_05_02_2019_08_19_12_46,688,988,300,slide bottom of drawer
case103:frames1047-1082,103,Kallax_Shelf_Drawer/0014_black_floor_05_02_2019_08_19_12_46,1047,1082,35,pick up back panel
case103:frames1082-1265,103,Kallax_Shelf_Drawer/0014_black_floor_05_02_2019_08_19_12_46,1082,1265,183,attach drawer back panel
case103:frames1265-1310,103,Kallax_Shelf_Drawer/0014_black_floor_05_02_2019_08_19_12_46,1265,1310,45,pick up pin
case103:frames1310-1424,103,Kallax_Shelf_Drawer/0014_black_floor_05_02_2019_08_19_12_46,1310,1424,114,insert drawer pin
case103:frames1424-1516,103,Kallax_Shelf_Drawer/0014_black_floor_05_02_2019_08_19_12_46,1424,1516,92,position the drawer right side up
case104:frames69-125,104,Kallax_Shelf_Drawer/0004_white_floor_08_04_2019_08_28_10_58,69,125,56,pick up side panel
case104:frames125-178,104,Kallax_Shelf_Drawer/0004_white_floor_08_04_2019_08_28_10_58,125,178,53,align side panel holes with front panel dowels
case104:frames178-209,104,Kallax_Shelf_Drawer/0004_white_floor_08_04_2019_08_28_10_58,178,209,31,attach drawer side panel
case104:frames209-243,104,Kallax_Shelf_Drawer/0004_white_floor_08_04_2019_08_28_10_58,209,243,34,pick up side panel
case104:frames243-264,104,Kallax_Shelf_Drawer/0004_white_floor_08_04_2019_08_28_10_58,243,264,21,align side panel holes with front panel dowels
case104:frames264-381,104,Kallax_Shelf_Drawer/0004_white_floor_08_04_2019_08_28_10_58,264,381,117,attach drawer side panel
case104:frames381-459,104,Kallax_Shelf_Drawer/0004_white_floor_08_04_2019_08_28_10_58,381,459,78,pick up bottom panel
case104:frames459-576,104,Kallax_Shelf_Drawer/0004_white_floor_08_04_2019_08_28_10_58,459,576,117,slide bottom of drawer
case104:frames576-620,104,Kallax_Shelf_Drawer/0004_white_floor_08_04_2019_08_28_10_58,576,620,44,pick up back panel
case104:frames620-788,104,Kallax_Shelf_Drawer/0004_white_floor_08_04_2019_08_28_10_58,620,788,168,attach drawer back panel
case104:frames788-808,104,Kallax_Shelf_Drawer/0004_white_floor_08_04_2019_08_28_10_58,788,808,20,pick up pin
case104:frames808-852,104,Kallax_Shelf_Drawer/0004_white_floor_08_04_2019_08_28_10_58,808,852,44,insert drawer pin
case104:frames852-888,104,Kallax_Shelf_Drawer/0004_white_floor_08_04_2019_08_28_10_58,852,888,36,pick up pin
case104:frames888-936,104,Kallax_Shelf_Drawer/0004_white_floor_08_04_2019_08_28_10_58,888,936,48,insert drawer pin
case104:frames936-1017,104,Kallax_Shelf_Drawer/0004_white_floor_08_04_2019_08_28_10_58,936,1017,81,position the drawer right side up
case105:frames179-206,105,Kallax_Shelf_Drawer/0002_black_floor_05_02_2019_08_19_17_50,179,206,27,pick up side panel
case105:frames206-294,105,Kallax_Shelf_Drawer/0002_black_floor_05_02_2019_08_19_17_50,206,294,88,other
case105:frames294-329,105,Kallax_Shelf_Drawer/0002_black_floor_05_02_2019_08_19_17_50,294,329,35,align side panel holes with front panel dowels
case105:frames329-371,105,Kallax_Shelf_Drawer/0002_black_floor_05_02_2019_08_19_17_50,329,371,42,attach drawer side panel
case105:frames415-447,105,Kallax_Shelf_Drawer/0002_black_floor_05_02_2019_08_19_17_50,415,447,32,pick up side panel
case105:frames447-498,105,Kallax_Shelf_Drawer/0002_black_floor_05_02_2019_08_19_17_50,447,498,51,align side panel holes with front panel dowels
case105:frames498-535,105,Kallax_Shelf_Drawer/0002_black_floor_05_02_2019_08_19_17_50,498,535,37,attach drawer side panel
case105:frames550-577,105,Kallax_Shelf_Drawer/0002_black_floor_05_02_2019_08_19_17_50,550,577,27,pick up bottom panel
case105:frames577-826,105,Kallax_Shelf_Drawer/0002_black_floor_05_02_2019_08_19_17_50,577,826,249,slide bottom of drawer
case105:frames840-872,105,Kallax_Shelf_Drawer/0002_black_floor_05_02_2019_08_19_17_50,840,872,32,pick up back panel
case105:frames872-968,105,Kallax_Shelf_Drawer/0002_black_floor_05_02_2019_08_19_17_50,872,968,96,attach drawer back panel
case105:frames968-1015,105,Kallax_Shelf_Drawer/0002_black_floor_05_02_2019_08_19_17_50,968,1015,47,pick up pin
case105:frames1015-1056,105,Kallax_Shelf_Drawer/0002_black_floor_05_02_2019_08_19_17_50,1015,1056,41,insert drawer pin
case105:frames1067-1096,105,Kallax_Shelf_Drawer/0002_black_floor_05_02_2019_08_19_17_50,1067,1096,29,pick up pin
case105:frames1096-1155,105,Kallax_Shelf_Drawer/0002_black_floor_05_02_2019_08_19_17_50,1096,1155,59,insert drawer pin
case105:frames1176-1246,105,Kallax_Shelf_Drawer/0002_black_floor_05_02_2019_08_19_17_50,1176,1246,70,position the drawer right side up
case106:frames70-90,106,Kallax_Shelf_Drawer/0041_oak_floor_08_04_2019_08_28_12_24,70,90,20,pick up front panel
case106:frames90-127,106,Kallax_Shelf_Drawer/0041_oak_floor_08_04_2019_08_28_12_24,90,127,37,lay down front panel
case106:frames127-157,106,Kallax_Shelf_Drawer/0041_oak_floor_08_04_2019_08_28_12_24,127,157,30,pick up side panel
case106:frames166-273,106,Kallax_Shelf_Drawer/0041_oak_floor_08_04_2019_08_28_12_24,166,273,107,align side panel holes with front panel dowels
case106:frames273-317,106,Kallax_Shelf_Drawer/0041_oak_floor_08_04_2019_08_28_12_24,273,317,44,attach drawer side panel
case106:frames325-351,106,Kallax_Shelf_Drawer/0041_oak_floor_08_04_2019_08_28_12_24,325,351,26,pick up side panel
case106:frames402-467,106,Kallax_Shelf_Drawer/0041_oak_floor_08_04_2019_08_28_12_24,402,467,65,align side panel holes with front panel dowels
case106:frames467-476,106,Kallax_Shelf_Drawer/0041_oak_floor_08_04_2019_08_28_12_24,467,476,9,attach drawer side panel
case106:frames491-526,106,Kallax_Shelf_Drawer/0041_oak_floor_08_04_2019_08_28_12_24,491,526,35,pick up bottom panel
case106:frames546-714,106,Kallax_Shelf_Drawer/0041_oak_floor_08_04_2019_08_28_12_24,546,714,168,slide bottom of drawer
case106:frames801-832,106,Kallax_Shelf_Drawer/0041_oak_floor_08_04_2019_08_28_12_24,801,832,31,pick up back panel
case106:frames882-1124,106,Kallax_Shelf_Drawer/0041_oak_floor_08_04_2019_08_28_12_24,882,1124,242,slide bottom of drawer
case106:frames1124-1148,106,Kallax_Shelf_Drawer/0041_oak_floor_08_04_2019_08_28_12_24,1124,1148,24,pick up pin
case106:frames1148-1296,106,Kallax_Shelf_Drawer/0041_oak_floor_08_04_2019_08_28_12_24,1148,1296,148,insert drawer pin
case106:frames1303-1423,106,Kallax_Shelf_Drawer/0041_oak_floor_08_04_2019_08_28_12_24,1303,1423,120,position the drawer right side up
case107:frames85-348,107,Kallax_Shelf_Drawer/0020_oak_floor_05_02_2019_08_19_12_58,85,348,263,attach drawer side panel
case107:frames348-366,107,Kallax_Shelf_Drawer/0020_oak_floor_05_02_2019_08_19_12_58,348,366,18,pick up side panel
case107:frames366-507,107,Kallax_Shelf_Drawer/0020_oak_floor_05_02_2019_08_19_12_58,366,507,141,attach drawer side panel
case107:frames507-542,107,Kallax_Shelf_Drawer/0020_oak_floor_05_02_2019_08_19_12_58,507,542,35,pick up bottom panel
case107:frames542-716,107,Kallax_Shelf_Drawer/0020_oak_floor_05_02_2019_08_19_12_58,542,716,174,slide bottom of drawer
case107:frames716-762,107,Kallax_Shelf_Drawer/0020_oak_floor_05_02_2019_08_19_12_58,716,762,46,pick up back panel
case107:frames762-1022,107,Kallax_Shelf_Drawer/0020_oak_floor_05_02_2019_08_19_12_58,762,1022,260,attach drawer back panel
case107:frames1039-1073,107,Kallax_Shelf_Drawer/0020_oak_floor_05_02_2019_08_19_12_58,1039,1073,34,pick up pin
case107:frames1073-1109,107,Kallax_Shelf_Drawer/0020_oak_floor_05_02_2019_08_19_12_58,1073,1109,36,insert drawer pin
case107:frames1109-1165,107,Kallax_Shelf_Drawer/0020_oak_floor_05_02_2019_08_19_12_58,1109,1165,56,pick up pin
case107:frames1165-1228,107,Kallax_Shelf_Drawer/0020_oak_floor_05_02_2019_08_19_12_58,1165,1228,63,insert drawer pin
case107:frames1228-1273,107,Kallax_Shelf_Drawer/0020_oak_floor_05_02_2019_08_19_12_58,1228,1273,45,lay down bottom panel
case108:frames106-134,108,Kallax_Shelf_Drawer/0021_white_floor_05_02_2019_08_19_13_15,106,134,28,pick up side panel
case108:frames134-284,108,Kallax_Shelf_Drawer/0021_white_floor_05_02_2019_08_19_13_15,134,284,150,attach drawer side panel
case108:frames296-345,108,Kallax_Shelf_Drawer/0021_white_floor_05_02_2019_08_19_13_15,296,345,49,pick up side panel
case108:frames345-584,108,Kallax_Shelf_Drawer/0021_white_floor_05_02_2019_08_19_13_15,345,584,239,attach drawer side panel
case108:frames584-936,108,Kallax_Shelf_Drawer/0021_white_floor_05_02_2019_08_19_13_15,584,936,352,other
case108:frames936-1003,108,Kallax_Shelf_Drawer/0021_white_floor_05_02_2019_08_19_13_15,936,1003,67,attach drawer side panel
case108:frames1003-1066,108,Kallax_Shelf_Drawer/0021_white_floor_05_02_2019_08_19_13_15,1003,1066,63,pick up side panel
case108:frames1066-1151,108,Kallax_Shelf_Drawer/0021_white_floor_05_02_2019_08_19_13_15,1066,1151,85,attach drawer side panel
case108:frames1151-1221,108,Kallax_Shelf_Drawer/0021_white_floor_05_02_2019_08_19_13_15,1151,1221,70,pick up bottom panel
case108:frames1221-1429,108,Kallax_Shelf_Drawer/0021_white_floor_05_02_2019_08_19_13_15,1221,1429,208,slide bottom of drawer
case108:frames1429-2548,108,Kallax_Shelf_Drawer/0021_white_floor_05_02_2019_08_19_13_15,1429,2548,1119,attach drawer back panel
case108:frames2548-2591,108,Kallax_Shelf_Drawer/0021_white_floor_05_02_2019_08_19_13_15,2548,2591,43,pick up pin
case108:frames2591-2619,108,Kallax_Shelf_Drawer/0021_white_floor_05_02_2019_08_19_13_15,2591,2619,28,insert drawer pin
case108:frames2619-2649,108,Kallax_Shelf_Drawer/0021_white_floor_05_02_2019_08_19_13_15,2619,2649,30,pick up pin
case108:frames2649-2694,108,Kallax_Shelf_Drawer/0021_white_floor_05_02_2019_08_19_13_15,2649,2694,45,insert drawer pin
case108:frames2694-2730,108,Kallax_Shelf_Drawer/0021_white_floor_05_02_2019_08_19_13_15,2694,2730,36,position the drawer right side up
case109:frames94-131,109,Kallax_Shelf_Drawer/0008_black_floor_08_04_2019_08_28_11_49,94,131,37,pick up bottom panel
case109:frames131-145,109,Kallax_Shelf_Drawer/0008_black_floor_08_04_2019_08_28_11_49,131,145,14,lay down bottom panel
case109:frames145-188,109,Kallax_Shelf_Drawer/0008_black_floor_08_04_2019_08_28_11_49,145,188,43,pick up side panel
case109:frames188-319,109,Kallax_Shelf_Drawer/0008_black_floor_08_04_2019_08_28_11_49,188,319,131,attach drawer side panel
case109:frames319-375,109,Kallax_Shelf_Drawer/0008_black_floor_08_04_2019_08_28_11_49,319,375,56,pick up side panel
case109:frames375-584,109,Kallax_Shelf_Drawer/0008_black_floor_08_04_2019_08_28_11_49,375,584,209,attach drawer side panel
case109:frames584-659,109,Kallax_Shelf_Drawer/0008_black_floor_08_04_2019_08_28_11_49,584,659,75,pick up bottom panel
case109:frames659-852,109,Kallax_Shelf_Drawer/0008_black_floor_08_04_2019_08_28_11_49,659,852,193,slide bottom of drawer
case109:frames965-1005,109,Kallax_Shelf_Drawer/0008_black_floor_08_04_2019_08_28_11_49,965,1005,40,pick up front panel
case109:frames1005-1603,109,Kallax_Shelf_Drawer/0008_black_floor_08_04_2019_08_28_11_49,1005,1603,598,align side panel holes with front panel dowels
case109:frames1718-1739,109,Kallax_Shelf_Drawer/0008_black_floor_08_04_2019_08_28_11_49,1718,1739,21,pick up pin
case109:frames1739-1994,109,Kallax_Shelf_Drawer/0008_black_floor_08_04_2019_08_28_11_49,1739,1994,255,insert drawer pin
case11:frames82-130,11,Lack_TV_Bench/0020_black_floor_05_02_2019_08_19_12_51,82,130,48,pick up leg
case11:frames130-202,11,Lack_TV_Bench/0020_black_floor_05_02_2019_08_19_12_51,130,202,72,align leg screw with table thread
case11:frames202-521,11,Lack_TV_Bench/0020_black_floor_05_02_2019_08_19_12_51,202,521,319,spin leg
case11:frames521-556,11,Lack_TV_Bench/0020_black_floor_05_02_2019_08_19_12_51,521,556,35,pick up leg
case11:frames556-621,11,Lack_TV_Bench/0020_black_floor_05_02_2019_08_19_12_51,556,621,65,align leg screw with table thread
case11:frames621-1001,11,Lack_TV_Bench/0020_black_floor_05_02_2019_08_19_12_51,621,1001,380,spin leg
case11:frames1001-1080,11,Lack_TV_Bench/0020_black_floor_05_02_2019_08_19_12_51,1001,1080,79,pick up leg
case11:frames1080-1145,11,Lack_TV_Bench/0020_black_floor_05_02_2019_08_19_12_51,1080,1145,65,align leg screw with table thread
case11:frames1145-1560,11,Lack_TV_Bench/0020_black_floor_05_02_2019_08_19_12_51,1145,1560,415,spin leg
case11:frames1560-1632,11,Lack_TV_Bench/0020_black_floor_05_02_2019_08_19_12_51,1560,1632,72,pick up leg
case11:frames1632-1701,11,Lack_TV_Bench/0020_black_floor_05_02_2019_08_19_12_51,1632,1701,69,align leg screw with table thread
case11:frames1701-2006,11,Lack_TV_Bench/0020_black_floor_05_02_2019_08_19_12_51,1701,2006,305,spin leg
case11:frames2078-2191,11,Lack_TV_Bench/0020_black_floor_05_02_2019_08_19_12_51,2078,2191,113,flip table
case11:frames2191-2260,11,Lack_TV_Bench/0020_black_floor_05_02_2019_08_19_12_51,2191,2260,69,pick up shelf
case11:frames2260-2623,11,Lack_TV_Bench/0020_black_floor_05_02_2019_08_19_12_51,2260,2623,363,attach shelf to table
case110:frames139-140,110,Kallax_Shelf_Drawer/0012_white_table_04_02_2019_08_20_11_52,139,140,1,pick up back panel
case110:frames140-296,110,Kallax_Shelf_Drawer/0012_white_table_04_02_2019_08_20_11_52,140,296,156,pick up side panel
case110:frames296-427,110,Kallax_Shelf_Drawer/0012_white_table_04_02_2019_08_20_11_52,296,427,131,pick up front panel
case110:frames427-583,110,Kallax_Shelf_Drawer/0012_white_table_04_02_2019_08_20_11_52,427,583,156,pick up side panel
case110:frames583-629,110,Kallax_Shelf_Drawer/0012_white_table_04_02_2019_08_20_11_52,583,629,46,align side panel holes with front panel dowels
case110:frames629-689,110,Kallax_Shelf_Drawer/0012_white_table_04_02_2019_08_20_11_52,629,689,60,attach drawer side panel
case110:frames750-895,110,Kallax_Shelf_Drawer/0012_white_table_04_02_2019_08_20_11_52,750,895,145,pick up side panel
case110:frames895-1005,110,Kallax_Shelf_Drawer/0012_white_table_04_02_2019_08_20_11_52,895,1005,110,align side panel holes with front panel dowels
case110:frames1005-1085,110,Kallax_Shelf_Drawer/0012_white_table_04_02_2019_08_20_11_52,1005,1085,80,attach drawer side panel
case110:frames1209-1313,110,Kallax_Shelf_Drawer/0012_white_table_04_02_2019_08_20_11_52,1209,1313,104,pick up bottom panel
case110:frames1313-1567,110,Kallax_Shelf_Drawer/0012_white_table_04_02_2019_08_20_11_52,1313,1567,254,slide bottom of drawer
case110:frames1604-1836,110,Kallax_Shelf_Drawer/0012_white_table_04_02_2019_08_20_11_52,1604,1836,232,pick up back panel
case110:frames1836-2387,110,Kallax_Shelf_Drawer/0012_white_table_04_02_2019_08_20_11_52,1836,2387,551,attach drawer back panel
case110:frames2407-2685,110,Kallax_Shelf_Drawer/0012_white_table_04_02_2019_08_20_11_52,2407,2685,278,pick up pin
case110:frames2685-2715,110,Kallax_Shelf_Drawer/0012_white_table_04_02_2019_08_20_11_52,2685,2715,30,insert drawer pin
case110:frames2715-2925,110,Kallax_Shelf_Drawer/0012_white_table_04_02_2019_08_20_11_52,2715,2925,210,position the drawer right side up
case111:frames43-78,111,Kallax_Shelf_Drawer/0030_oak_table_04_02_2019_08_20_12_14,43,78,35,pick up side panel
case111:frames78-165,111,Kallax_Shelf_Drawer/0030_oak_table_04_02_2019_08_20_12_14,78,165,87,align side panel holes with front panel dowels
case111:frames165-207,111,Kallax_Shelf_Drawer/0030_oak_table_04_02_2019_08_20_12_14,165,207,42,attach drawer side panel
case111:frames207-242,111,Kallax_Shelf_Drawer/0030_oak_table_04_02_2019_08_20_12_14,207,242,35,pick up side panel
case111:frames242-384,111,Kallax_Shelf_Drawer/0030_oak_table_04_02_2019_08_20_12_14,242,384,142,align side panel holes with front panel dowels
case111:frames384-418,111,Kallax_Shelf_Drawer/0030_oak_table_04_02_2019_08_20_12_14,384,418,34,attach drawer side panel
case111:frames418-470,111,Kallax_Shelf_Drawer/0030_oak_table_04_02_2019_08_20_12_14,418,470,52,pick up bottom panel
case111:frames470-613,111,Kallax_Shelf_Drawer/0030_oak_table_04_02_2019_08_20_12_14,470,613,143,slide bottom of drawer
case111:frames613-642,111,Kallax_Shelf_Drawer/0030_oak_table_04_02_2019_08_20_12_14,613,642,29,pick up back panel
case111:frames642-784,111,Kallax_Shelf_Drawer/0030_oak_table_04_02_2019_08_20_12_14,642,784,142,attach drawer back panel
case111:frames784-823,111,Kallax_Shelf_Drawer/0030_oak_table_04_02_2019_08_20_12_14,784,823,39,pick up pin
case111:frames823-964,111,Kallax_Shelf_Drawer/0030_oak_table_04_02_2019_08_20_12_14,823,964,141,insert drawer pin
case111:frames1032-1110,111,Kallax_Shelf_Drawer/0030_oak_table_04_02_2019_08_20_12_14,1032,1110,78,position the drawer right side up
case112:frames55-108,112,Kallax_Shelf_Drawer/0025_black_table_04_02_2019_08_20_13_51,55,108,53,pick up side panel
case112:frames120-224,112,Kallax_Shelf_Drawer/0025_black_table_04_02_2019_08_20_13_51,120,224,104,attach drawer side panel
case112:frames231-299,112,Kallax_Shelf_Drawer/0025_black_table_04_02_2019_08_20_13_51,231,299,68,pick up side panel
case112:frames299-377,112,Kallax_Shelf_Drawer/0025_black_table_04_02_2019_08_20_13_51,299,377,78,attach drawer side panel
case112:frames377-489,112,Kallax_Shelf_Drawer/0025_black_table_04_02_2019_08_20_13_51,377,489,112,pick up bottom panel
case112:frames489-577,112,Kallax_Shelf_Drawer/0025_black_table_04_02_2019_08_20_13_51,489,577,88,slide bottom of drawer
case112:frames577-619,112,Kallax_Shelf_Drawer/0025_black_table_04_02_2019_08_20_13_51,577,619,42,pick up back panel
case112:frames619-820,112,Kallax_Shelf_Drawer/0025_black_table_04_02_2019_08_20_13_51,619,820,201,attach drawer back panel
case112:frames847-873,112,Kallax_Shelf_Drawer/0025_black_table_04_02_2019_08_20_13_51,847,873,26,pick up pin
case112:frames873-980,112,Kallax_Shelf_Drawer/0025_black_table_04_02_2019_08_20_13_51,873,980,107,insert drawer pin
case112:frames980-1065,112,Kallax_Shelf_Drawer/0025_black_table_04_02_2019_08_20_13_51,980,1065,85,lay down bottom panel
case113:frames173-210,113,Kallax_Shelf_Drawer/0014_black_floor_08_04_2019_08_28_11_12,173,210,37,pick up side panel
case113:frames210-360,113,Kallax_Shelf_Drawer/0014_black_floor_08_04_2019_08_28_11_12,210,360,150,align side panel holes with front panel dowels
case113:frames370-400,113,Kallax_Shelf_Drawer/0014_black_floor_08_04_2019_08_28_11_12,370,400,30,pick up side panel
case113:frames400-520,113,Kallax_Shelf_Drawer/0014_black_floor_08_04_2019_08_28_11_12,400,520,120,align side panel holes with front panel dowels
case113:frames570-600,113,Kallax_Shelf_Drawer/0014_black_floor_08_04_2019_08_28_11_12,570,600,30,pick up bottom panel
case113:frames640-700,113,Kallax_Shelf_Drawer/0014_black_floor_08_04_2019_08_28_11_12,640,700,60,position the drawer right side up
case113:frames700-870,113,Kallax_Shelf_Drawer/0014_black_floor_08_04_2019_08_28_11_12,700,870,170,slide bottom of drawer
case113:frames870-880,113,Kallax_Shelf_Drawer/0014_black_floor_08_04_2019_08_28_11_12,870,880,10,pick up back panel
case113:frames910-1130,113,Kallax_Shelf_Drawer/0014_black_floor_08_04_2019_08_28_11_12,910,1130,220,attach drawer back panel
case113:frames1247-1388,113,Kallax_Shelf_Drawer/0014_black_floor_08_04_2019_08_28_11_12,1247,1388,141,insert drawer pin
case113:frames1425-2117,113,Kallax_Shelf_Drawer/0014_black_floor_08_04_2019_08_28_11_12,1425,2117,692,other
case113:frames2117-2153,113,Kallax_Shelf_Drawer/0014_black_floor_08_04_2019_08_28_11_12,2117,2153,36,pick up side panel
case113:frames2153-2193,113,Kallax_Shelf_Drawer/0014_black_floor_08_04_2019_08_28_11_12,2153,2193,40,align side panel holes with front panel dowels
case113:frames2193-2283,113,Kallax_Shelf_Drawer/0014_black_floor_08_04_2019_08_28_11_12,2193,2283,90,attach drawer side panel
case113:frames2303-2333,113,Kallax_Shelf_Drawer/0014_black_floor_08_04_2019_08_28_11_12,2303,2333,30,pick up side panel
case113:frames2343-2373,113,Kallax_Shelf_Drawer/0014_black_floor_08_04_2019_08_28_11_12,2343,2373,30,align side panel holes with front panel dowels
case113:frames2373-2443,113,Kallax_Shelf_Drawer/0014_black_floor_08_04_2019_08_28_11_12,2373,2443,70,attach drawer side panel
case113:frames2463-2473,113,Kallax_Shelf_Drawer/0014_black_floor_08_04_2019_08_28_11_12,2463,2473,10,pick up bottom panel
case113:frames2473-2703,113,Kallax_Shelf_Drawer/0014_black_floor_08_04_2019_08_28_11_12,2473,2703,230,slide bottom of drawer
case113:frames2723-2743,113,Kallax_Shelf_Drawer/0014_black_floor_08_04_2019_08_28_11_12,2723,2743,20,pick up back panel
case113:frames2783-2933,113,Kallax_Shelf_Drawer/0014_black_floor_08_04_2019_08_28_11_12,2783,2933,150,attach drawer back panel
case113:frames2983-3153,113,Kallax_Shelf_Drawer/0014_black_floor_08_04_2019_08_28_11_12,2983,3153,170,insert drawer pin
case114:frames57-112,114,Kallax_Shelf_Drawer/0028_white_table_04_02_2019_08_20_10_56,57,112,55,pick up side panel
case114:frames112-147,114,Kallax_Shelf_Drawer/0028_white_table_04_02_2019_08_20_10_56,112,147,35,align side panel holes with front panel dowels
case114:frames147-167,114,Kallax_Shelf_Drawer/0028_white_table_04_02_2019_08_20_10_56,147,167,20,attach drawer side panel
case114:frames167-222,114,Kallax_Shelf_Drawer/0028_white_table_04_02_2019_08_20_10_56,167,222,55,pick up side panel
case114:frames222-262,114,Kallax_Shelf_Drawer/0028_white_table_04_02_2019_08_20_10_56,222,262,40,align side panel holes with front panel dowels
case114:frames262-286,114,Kallax_Shelf_Drawer/0028_white_table_04_02_2019_08_20_10_56,262,286,24,attach drawer side panel
case114:frames286-343,114,Kallax_Shelf_Drawer/0028_white_table_04_02_2019_08_20_10_56,286,343,57,pick up bottom panel
case114:frames343-483,114,Kallax_Shelf_Drawer/0028_white_table_04_02_2019_08_20_10_56,343,483,140,slide bottom of drawer
case114:frames483-657,114,Kallax_Shelf_Drawer/0028_white_table_04_02_2019_08_20_10_56,483,657,174,pick up back panel
case114:frames657-1395,114,Kallax_Shelf_Drawer/0028_white_table_04_02_2019_08_20_10_56,657,1395,738,attach drawer back panel
case114:frames1395-1464,114,Kallax_Shelf_Drawer/0028_white_table_04_02_2019_08_20_10_56,1395,1464,69,pick up pin
case114:frames1464-1491,114,Kallax_Shelf_Drawer/0028_white_table_04_02_2019_08_20_10_56,1464,1491,27,insert drawer pin
case114:frames1491-1544,114,Kallax_Shelf_Drawer/0028_white_table_04_02_2019_08_20_10_56,1491,1544,53,pick up pin
case114:frames1544-1620,114,Kallax_Shelf_Drawer/0028_white_table_04_02_2019_08_20_10_56,1544,1620,76,insert drawer pin
case114:frames1620-1672,114,Kallax_Shelf_Drawer/0028_white_table_04_02_2019_08_20_10_56,1620,1672,52,position the drawer right side up
case115:frames78-137,115,Kallax_Shelf_Drawer/0039_white_floor_08_04_2019_08_28_10_41,78,137,59,pick up side panel
case115:frames142-162,115,Kallax_Shelf_Drawer/0039_white_floor_08_04_2019_08_28_10_41,142,162,20,pick up back panel
case115:frames174-249,115,Kallax_Shelf_Drawer/0039_white_floor_08_04_2019_08_28_10_41,174,249,75,pick up front panel
case115:frames249-408,115,Kallax_Shelf_Drawer/0039_white_floor_08_04_2019_08_28_10_41,249,408,159,pick up side panel
case115:frames408-499,115,Kallax_Shelf_Drawer/0039_white_floor_08_04_2019_08_28_10_41,408,499,91,align side panel holes with front panel dowels
case115:frames499-536,115,Kallax_Shelf_Drawer/0039_white_floor_08_04_2019_08_28_10_41,499,536,37,attach drawer side panel
case115:frames541-582,115,Kallax_Shelf_Drawer/0039_white_floor_08_04_2019_08_28_10_41,541,582,41,pick up side panel
case115:frames582-642,115,Kallax_Shelf_Drawer/0039_white_floor_08_04_2019_08_28_10_41,582,642,60,align side panel holes with front panel dowels
case115:frames642-734,115,Kallax_Shelf_Drawer/0039_white_floor_08_04_2019_08_28_10_41,642,734,92,attach drawer side panel
case115:frames793-900,115,Kallax_Shelf_Drawer/0039_white_floor_08_04_2019_08_28_10_41,793,900,107,pick up bottom panel
case115:frames900-1079,115,Kallax_Shelf_Drawer/0039_white_floor_08_04_2019_08_28_10_41,900,1079,179,slide bottom of drawer
case115:frames1085-1142,115,Kallax_Shelf_Drawer/0039_white_floor_08_04_2019_08_28_10_41,1085,1142,57,pick up back panel
case115:frames1142-1432,115,Kallax_Shelf_Drawer/0039_white_floor_08_04_2019_08_28_10_41,1142,1432,290,attach drawer back panel
case115:frames1432-1461,115,Kallax_Shelf_Drawer/0039_white_floor_08_04_2019_08_28_10_41,1432,1461,29,pick up pin
case115:frames1461-1485,115,Kallax_Shelf_Drawer/0039_white_floor_08_04_2019_08_28_10_41,1461,1485,24,insert drawer pin
case115:frames1485-1526,115,Kallax_Shelf_Drawer/0039_white_floor_08_04_2019_08_28_10_41,1485,1526,41,pick up pin
case115:frames1526-1561,115,Kallax_Shelf_Drawer/0039_white_floor_08_04_2019_08_28_10_41,1526,1561,35,insert drawer pin
case115:frames1561-1694,115,Kallax_Shelf_Drawer/0039_white_floor_08_04_2019_08_28_10_41,1561,1694,133,position the drawer right side up
case116:frames75-117,116,Kallax_Shelf_Drawer/0023_black_floor_05_02_2019_08_19_16_20,75,117,42,pick up side panel
case116:frames256-434,116,Kallax_Shelf_Drawer/0023_black_floor_05_02_2019_08_19_16_20,256,434,178,attach drawer side panel
case116:frames439-470,116,Kallax_Shelf_Drawer/0023_black_floor_05_02_2019_08_19_16_20,439,470,31,pick up side panel
case116:frames731-812,116,Kallax_Shelf_Drawer/0023_black_floor_05_02_2019_08_19_16_20,731,812,81,attach drawer side panel
case116:frames834-887,116,Kallax_Shelf_Drawer/0023_black_floor_05_02_2019_08_19_16_20,834,887,53,pick up bottom panel
case116:frames912-1374,116,Kallax_Shelf_Drawer/0023_black_floor_05_02_2019_08_19_16_20,912,1374,462,slide bottom of drawer
case116:frames1393-1438,116,Kallax_Shelf_Drawer/0023_black_floor_05_02_2019_08_19_16_20,1393,1438,45,pick up back panel
case116:frames1502-1788,116,Kallax_Shelf_Drawer/0023_black_floor_05_02_2019_08_19_16_20,1502,1788,286,attach drawer back panel
case116:frames1788-1827,116,Kallax_Shelf_Drawer/0023_black_floor_05_02_2019_08_19_16_20,1788,1827,39,pick up pin
case116:frames1827-1877,116,Kallax_Shelf_Drawer/0023_black_floor_05_02_2019_08_19_16_20,1827,1877,50,insert drawer pin
case116:frames1891-1952,116,Kallax_Shelf_Drawer/0023_black_floor_05_02_2019_08_19_16_20,1891,1952,61,pick up pin
case116:frames1955-2069,116,Kallax_Shelf_Drawer/0023_black_floor_05_02_2019_08_19_16_20,1955,2069,114,insert drawer pin
case116:frames2072-2139,116,Kallax_Shelf_Drawer/0023_black_floor_05_02_2019_08_19_16_20,2072,2139,67,lay down bottom panel
case12:frames66-197,12,Lack_TV_Bench/0029_black_table_04_02_2019_08_20_11_30,66,197,131,flip table top
case12:frames197-224,12,Lack_TV_Bench/0029_black_table_04_02_2019_08_20_11_30,197,224,27,pick up leg
case12:frames224-274,12,Lack_TV_Bench/0029_black_table_04_02_2019_08_20_11_30,224,274,50,align leg screw with table thread
case12:frames274-688,12,Lack_TV_Bench/0029_black_table_04_02_2019_08_20_11_30,274,688,414,spin leg
case12:frames688-721,12,Lack_TV_Bench/0029_black_table_04_02_2019_08_20_11_30,688,721,33,pick up leg
case12:frames721-779,12,Lack_TV_Bench/0029_black_table_04_02_2019_08_20_11_30,721,779,58,align leg screw with table thread
case12:frames779-1204,12,Lack_TV_Bench/0029_black_table_04_02_2019_08_20_11_30,779,1204,425,spin leg
case12:frames1254-1280,12,Lack_TV_Bench/0029_black_table_04_02_2019_08_20_11_30,1254,1280,26,pick up leg
case12:frames1280-1318,12,Lack_TV_Bench/0029_black_table_04_02_2019_08_20_11_30,1280,1318,38,align leg screw with table thread
case12:frames1318-1718,12,Lack_TV_Bench/0029_black_table_04_02_2019_08_20_11_30,1318,1718,400,spin leg
case12:frames1757-1806,12,Lack_TV_Bench/0029_black_table_04_02_2019_08_20_11_30,1757,1806,49,align leg screw with table thread
case12:frames1806-2244,12,Lack_TV_Bench/0029_black_table_04_02_2019_08_20_11_30,1806,2244,438,spin leg
case12:frames2244-2490,12,Lack_TV_Bench/0029_black_table_04_02_2019_08_20_11_30,2244,2490,246,flip table
case12:frames2490-2643,12,Lack_TV_Bench/0029_black_table_04_02_2019_08_20_11_30,2490,2643,153,other
case12:frames2643-2693,12,Lack_TV_Bench/0029_black_table_04_02_2019_08_20_11_30,2643,2693,50,pick up shelf
case12:frames2693-2979,12,Lack_TV_Bench/0029_black_table_04_02_2019_08_20_11_30,2693,2979,286,attach shelf to table
case12:frames2979-3033,12,Lack_TV_Bench/0029_black_table_04_02_2019_08_20_11_30,2979,3033,54,other
case13:frames57-83,13,Lack_TV_Bench/0024_white_table_04_02_2019_08_20_11_15,57,83,26,pick up leg
case13:frames92-134,13,Lack_TV_Bench/0024_white_table_04_02_2019_08_20_11_15,92,134,42,align leg screw with table thread
case13:frames134-501,13,Lack_TV_Bench/0024_white_table_04_02_2019_08_20_11_15,134,501,367,spin leg
case13:frames511-528,13,Lack_TV_Bench/0024_white_table_04_02_2019_08_20_11_15,511,528,17,pick up leg
case13:frames544-560,13,Lack_TV_Bench/0024_white_table_04_02_2019_08_20_11_15,544,560,16,align leg screw with table thread
case13:frames560-863,13,Lack_TV_Bench/0024_white_table_04_02_2019_08_20_11_15,560,863,303,spin leg
case13:frames878-908,13,Lack_TV_Bench/0024_white_table_04_02_2019_08_20_11_15,878,908,30,pick up leg
case13:frames934-1394,13,Lack_TV_Bench/0024_white_table_04_02_2019_08_20_11_15,934,1394,460,spin leg
case13:frames1408-1439,13,Lack_TV_Bench/0024_white_table_04_02_2019_08_20_11_15,1408,1439,31,pick up leg
case13:frames1455-1461,13,Lack_TV_Bench/0024_white_table_04_02_2019_08_20_11_15,1455,1461,6,align leg screw with table thread
case13:frames1461-1861,13,Lack_TV_Bench/0024_white_table_04_02_2019_08_20_11_15,1461,1861,400,spin leg
case13:frames1901-2008,13,Lack_TV_Bench/0024_white_table_04_02_2019_08_20_11_15,1901,2008,107,flip table
case13:frames2043-2095,13,Lack_TV_Bench/0024_white_table_04_02_2019_08_20_11_15,2043,2095,52,pick up shelf
case13:frames2136-2290,13,Lack_TV_Bench/0024_white_table_04_02_2019_08_20_11_15,2136,2290,154,attach shelf to table
case14:frames59-96,14,Lack_TV_Bench/0014_white_floor_05_02_2019_08_19_12_37,59,96,37,pick up leg
case14:frames96-145,14,Lack_TV_Bench/0014_white_floor_05_02_2019_08_19_12_37,96,145,49,align leg screw with table thread
case14:frames145-360,14,Lack_TV_Bench/0014_white_floor_05_02_2019_08_19_12_37,145,360,215,spin leg
case14:frames360-597,14,Lack_TV_Bench/0014_white_floor_05_02_2019_08_19_12_37,360,597,237,tighten leg
case14:frames600-624,14,Lack_TV_Bench/0014_white_floor_05_02_2019_08_19_12_37,600,624,24,pick up leg
case14:frames630-663,14,Lack_TV_Bench/0014_white_floor_05_02_2019_08_19_12_37,630,663,33,align leg screw with table thread
case14:frames663-1062,14,Lack_TV_Bench/0014_white_floor_05_02_2019_08_19_12_37,663,1062,399,spin leg
case14:frames1072-1105,14,Lack_TV_Bench/0014_white_floor_05_02_2019_08_19_12_37,1072,1105,33,pick up leg
case14:frames1122-1165,14,Lack_TV_Bench/0014_white_floor_05_02_2019_08_19_12_37,1122,1165,43,align leg screw with table thread
case14:frames1165-1465,14,Lack_TV_Bench/0014_white_floor_05_02_2019_08_19_12_37,1165,1465,300,spin leg
case14:frames1495-1528,14,Lack_TV_Bench/0014_white_floor_05_02_2019_08_19_12_37,1495,1528,33,pick up leg
case14:frames1541-1590,14,Lack_TV_Bench/0014_white_floor_05_02_2019_08_19_12_37,1541,1590,49,align leg screw with table thread
case14:frames1590-1986,14,Lack_TV_Bench/0014_white_floor_05_02_2019_08_19_12_37,1590,1986,396,spin leg
case14:frames1986-2092,14,Lack_TV_Bench/0014_white_floor_05_02_2019_08_19_12_37,1986,2092,106,flip table
case14:frames2115-2178,14,Lack_TV_Bench/0014_white_floor_05_02_2019_08_19_12_37,2115,2178,63,pick up shelf
case14:frames2178-2346,14,Lack_TV_Bench/0014_white_floor_05_02_2019_08_19_12_37,2178,2346,168,attach shelf to table
case15:frames70-87,15,Lack_TV_Bench/0007_white_floor_08_04_2019_08_28_10_47,70,87,17,pick up leg
case15:frames87-120,15,Lack_TV_Bench/0007_white_floor_08_04_2019_08_28_10_47,87,120,33,align leg screw with table thread
case15:frames120-360,15,Lack_TV_Bench/0007_white_floor_08_04_2019_08_28_10_47,120,360,240,spin leg
case15:frames380-427,15,Lack_TV_Bench/0007_white_floor_08_04_2019_08_28_10_47,380,427,47,tighten leg
case15:frames443-461,15,Lack_TV_Bench/0007_white_floor_08_04_2019_08_28_10_47,443,461,18,pick up leg
case15:frames461-516,15,Lack_TV_Bench/0007_white_floor_08_04_2019_08_28_10_47,461,516,55,align leg screw with table thread
case15:frames516-533,15,Lack_TV_Bench/0007_white_floor_08_04_2019_08_28_10_47,516,533,17,tighten leg
case15:frames533-827,15,Lack_TV_Bench/0007_white_floor_08_04_2019_08_28_10_47,533,827,294,spin leg
case15:frames827-853,15,Lack_TV_Bench/0007_white_floor_08_04_2019_08_28_10_47,827,853,26,push table
case15:frames865-890,15,Lack_TV_Bench/0007_white_floor_08_04_2019_08_28_10_47,865,890,25,pick up leg
case15:frames890-928,15,Lack_TV_Bench/0007_white_floor_08_04_2019_08_28_10_47,890,928,38,align leg screw with table thread
case15:frames928-1123,15,Lack_TV_Bench/0007_white_floor_08_04_2019_08_28_10_47,928,1123,195,spin leg
case15:frames1135-1160,15,Lack_TV_Bench/0007_white_floor_08_04_2019_08_28_10_47,1135,1160,25,tighten leg
case15:frames1171-1195,15,Lack_TV_Bench/0007_white_floor_08_04_2019_08_28_10_47,1171,1195,24,pick up leg
case15:frames1195-1223,15,Lack_TV_Bench/0007_white_floor_08_04_2019_08_28_10_47,1195,1223,28,align leg screw with table thread
case15:frames1223-1484,15,Lack_TV_Bench/0007_white_floor_08_04_2019_08_28_10_47,1223,1484,261,spin leg
case15:frames1500-1528,15,Lack_TV_Bench/0007_white_floor_08_04_2019_08_28_10_47,1500,1528,28,tighten leg
case15:frames1594-1693,15,Lack_TV_Bench/0007_white_floor_08_04_2019_08_28_10_47,1594,1693,99,flip table
case15:frames1724-1781,15,Lack_TV_Bench/0007_white_floor_08_04_2019_08_28_10_47,1724,1781,57,pick up shelf
case15:frames1810-2001,15,Lack_TV_Bench/0007_white_floor_08_04_2019_08_28_10_47,1810,2001,191,attach shelf to table
case16:frames65-150,16,Lack_TV_Bench/0030_white_table_04_02_2019_08_20_12_08,65,150,85,flip table top
case16:frames150-198,16,Lack_TV_Bench/0030_white_table_04_02_2019_08_20_12_08,150,198,48,pick up leg
case16:frames198-501,16,Lack_TV_Bench/0030_white_table_04_02_2019_08_20_12_08,198,501,303,spin leg
case16:frames501-617,16,Lack_TV_Bench/0030_white_table_04_02_2019_08_20_12_08,501,617,116,tighten leg
case16:frames686-774,16,Lack_TV_Bench/0030_white_table_04_02_2019_08_20_12_08,686,774,88,pick up leg
case16:frames774-1034,16,Lack_TV_Bench/0030_white_table_04_02_2019_08_20_12_08,774,1034,260,spin leg
case16:frames1269-1620,16,Lack_TV_Bench/0030_white_table_04_02_2019_08_20_12_08,1269,1620,351,pick up leg
case16:frames1767-2139,16,Lack_TV_Bench/0030_white_table_04_02_2019_08_20_12_08,1767,2139,372,spin leg
case16:frames2183-2306,16,Lack_TV_Bench/0030_white_table_04_02_2019_08_20_12_08,2183,2306,123,flip table
case16:frames2306-2364,16,Lack_TV_Bench/0030_white_table_04_02_2019_08_20_12_08,2306,2364,58,pick up shelf
case16:frames2364-2610,16,Lack_TV_Bench/0030_white_table_04_02_2019_08_20_12_08,2364,2610,246,attach shelf to table
case17:frames0-148,17,Lack_TV_Bench/0021_white_floor_05_02_2019_08_19_13_08,0,148,148,other
case17:frames148-183,17,Lack_TV_Bench/0021_white_floor_05_02_2019_08_19_13_08,148,183,35,pick up leg
case17:frames183-263,17,Lack_TV_Bench/0021_white_floor_05_02_2019_08_19_13_08,183,263,80,align leg screw with table thread
case17:frames263-563,17,Lack_TV_Bench/0021_white_floor_05_02_2019_08_19_13_08,263,563,300,spin leg
case17:frames563-671,17,Lack_TV_Bench/0021_white_floor_05_02_2019_08_19_13_08,563,671,108,pick up leg
case17:frames671-723,17,Lack_TV_Bench/0021_white_floor_05_02_2019_08_19_13_08,671,723,52,align leg screw with table thread
case17:frames723-1112,17,Lack_TV_Bench/0021_white_floor_05_02_2019_08_19_13_08,723,1112,389,spin leg
case17:frames1112-1127,17,Lack_TV_Bench/0021_white_floor_05_02_2019_08_19_13_08,1112,1127,15,push table
case17:frames1127-1197,17,Lack_TV_Bench/0021_white_floor_05_02_2019_08_19_13_08,1127,1197,70,pick up leg
case17:frames1197-1264,17,Lack_TV_Bench/0021_white_floor_05_02_2019_08_19_13_08,1197,1264,67,align leg screw with table thread
case17:frames1264-1582,17,Lack_TV_Bench/0021_white_floor_05_02_2019_08_19_13_08,1264,1582,318,spin leg
case17:frames1582-1664,17,Lack_TV_Bench/0021_white_floor_05_02_2019_08_19_13_08,1582,1664,82,tighten leg
case17:frames1664-1727,17,Lack_TV_Bench/0021_white_floor_05_02_2019_08_19_13_08,1664,1727,63,pick up leg
case17:frames1727-1782,17,Lack_TV_Bench/0021_white_floor_05_02_2019_08_19_13_08,1727,1782,55,align leg screw with table thread
case17:frames1782-2086,17,Lack_TV_Bench/0021_white_floor_05_02_2019_08_19_13_08,1782,2086,304,spin leg
case17:frames2086-2216,17,Lack_TV_Bench/0021_white_floor_05_02_2019_08_19_13_08,2086,2216,130,tighten leg
case17:frames2216-2438,17,Lack_TV_Bench/0021_white_floor_05_02_2019_08_19_13_08,2216,2438,222,flip table
case17:frames2438-2568,17,Lack_TV_Bench/0021_white_floor_05_02_2019_08_19_13_08,2438,2568,130,pick up shelf
case17:frames2568-2850,17,Lack_TV_Bench/0021_white_floor_05_02_2019_08_19_13_08,2568,2850,282,attach shelf to table
case17:frames2850-2909,17,Lack_TV_Bench/0021_white_floor_05_02_2019_08_19_13_08,2850,2909,59,other
case18:frames91-151,18,Lack_TV_Bench/0039_white_floor_08_04_2019_08_28_10_38,91,151,60,flip table top
case18:frames160-188,18,Lack_TV_Bench/0039_white_floor_08_04_2019_08_28_10_38,160,188,28,pick up leg
case18:frames211-233,18,Lack_TV_Bench/0039_white_floor_08_04_2019_08_28_10_38,211,233,22,align leg screw with table thread
case18:frames233-461,18,Lack_TV_Bench/0039_white_floor_08_04_2019_08_28_10_38,233,461,228,spin leg
case18:frames461-517,18,Lack_TV_Bench/0039_white_floor_08_04_2019_08_28_10_38,461,517,56,tighten leg
case18:frames526-547,18,Lack_TV_Bench/0039_white_floor_08_04_2019_08_28_10_38,526,547,21,pick up leg
case18:frames584-601,18,Lack_TV_Bench/0039_white_floor_08_04_2019_08_28_10_38,584,601,17,align leg screw with table thread
case18:frames601-861,18,Lack_TV_Bench/0039_white_floor_08_04_2019_08_28_10_38,601,861,260,spin leg
case18:frames861-967,18,Lack_TV_Bench/0039_white_floor_08_04_2019_08_28_10_38,861,967,106,tighten leg
case18:frames979-1000,18,Lack_TV_Bench/0039_white_floor_08_04_2019_08_28_10_38,979,1000,21,pick up leg
case18:frames1025-1040,18,Lack_TV_Bench/0039_white_floor_08_04_2019_08_28_10_38,1025,1040,15,align leg screw with table thread
case18:frames1040-1290,18,Lack_TV_Bench/0039_white_floor_08_04_2019_08_28_10_38,1040,1290,250,spin leg
case18:frames1290-1344,18,Lack_TV_Bench/0039_white_floor_08_04_2019_08_28_10_38,1290,1344,54,tighten leg
case18:frames1346-1359,18,Lack_TV_Bench/0039_white_floor_08_04_2019_08_28_10_38,1346,1359,13,pick up leg
case18:frames1370-1405,18,Lack_TV_Bench/0039_white_floor_08_04_2019_08_28_10_38,1370,1405,35,align leg screw with table thread
case18:frames1405-1664,18,Lack_TV_Bench/0039_white_floor_08_04_2019_08_28_10_38,1405,1664,259,spin leg
case18:frames1664-1723,18,Lack_TV_Bench/0039_white_floor_08_04_2019_08_28_10_38,1664,1723,59,tighten leg
case18:frames1746-1854,18,Lack_TV_Bench/0039_white_floor_08_04_2019_08_28_10_38,1746,1854,108,flip table
case18:frames1874-1903,18,Lack_TV_Bench/0039_white_floor_08_04_2019_08_28_10_38,1874,1903,29,pick up shelf
case18:frames1960-2111,18,Lack_TV_Bench/0039_white_floor_08_04_2019_08_28_10_38,1960,2111,151,attach shelf to table
case18:frames2117-2175,18,Lack_TV_Bench/0039_white_floor_08_04_2019_08_28_10_38,2117,2175,58,rotate table
case19:frames71-167,19,Lack_TV_Bench/0028_black_table_04_02_2019_08_20_11_05,71,167,96,pick up table top
case19:frames182-196,19,Lack_TV_Bench/0028_black_table_04_02_2019_08_20_11_05,182,196,14,pick up leg
case19:frames196-243,19,Lack_TV_Bench/0028_black_table_04_02_2019_08_20_11_05,196,243,47,align leg screw with table thread
case19:frames243-747,19,Lack_TV_Bench/0028_black_table_04_02_2019_08_20_11_05,243,747,504,spin leg
case19:frames771-800,19,Lack_TV_Bench/0028_black_table_04_02_2019_08_20_11_05,771,800,29,pick up leg
case19:frames800-891,19,Lack_TV_Bench/0028_black_table_04_02_2019_08_20_11_05,800,891,91,spin leg
case19:frames891-953,19,Lack_TV_Bench/0028_black_table_04_02_2019_08_20_11_05,891,953,62,pick up leg
case19:frames953-959,19,Lack_TV_Bench/0028_black_table_04_02_2019_08_20_11_05,953,959,6,align leg screw with table thread
case19:frames959-1670,19,Lack_TV_Bench/0028_black_table_04_02_2019_08_20_11_05,959,1670,711,spin leg
case19:frames1694-1757,19,Lack_TV_Bench/0028_black_table_04_02_2019_08_20_11_05,1694,1757,63,pick up leg
case19:frames1757-1778,19,Lack_TV_Bench/0028_black_table_04_02_2019_08_20_11_05,1757,1778,21,align leg screw with table thread
case19:frames1778-2364,19,Lack_TV_Bench/0028_black_table_04_02_2019_08_20_11_05,1778,2364,586,spin leg
case19:frames2389-2436,19,Lack_TV_Bench/0028_black_table_04_02_2019_08_20_11_05,2389,2436,47,pick up leg
case19:frames2436-2464,19,Lack_TV_Bench/0028_black_table_04_02_2019_08_20_11_05,2436,2464,28,align leg screw with table thread
case19:frames2464-2997,19,Lack_TV_Bench/0028_black_table_04_02_2019_08_20_11_05,2464,2997,533,spin leg
case19:frames3049-3158,19,Lack_TV_Bench/0028_black_table_04_02_2019_08_20_11_05,3049,3158,109,flip table
case19:frames3180-3244,19,Lack_TV_Bench/0028_black_table_04_02_2019_08_20_11_05,3180,3244,64,pick up shelf
case19:frames3244-3511,19,Lack_TV_Bench/0028_black_table_04_02_2019_08_20_11_05,3244,3511,267,attach shelf to table
case2:frames0-75,2,Lack_TV_Bench/0006_black_floor_05_02_2019_08_19_16_26,0,75,75,other
case2:frames75-104,2,Lack_TV_Bench/0006_black_floor_05_02_2019_08_19_16_26,75,104,29,pick up leg
case2:frames104-138,2,Lack_TV_Bench/0006_black_floor_05_02_2019_08_19_16_26,104,138,34,align leg screw with table thread
case2:frames138-541,2,Lack_TV_Bench/0006_black_floor_05_02_2019_08_19_16_26,138,541,403,spin leg
case2:frames541-577,2,Lack_TV_Bench/0006_black_floor_05_02_2019_08_19_16_26,541,577,36,pick up leg
case2:frames577-645,2,Lack_TV_Bench/0006_black_floor_05_02_2019_08_19_16_26,577,645,68,align leg screw with table thread
case2:frames645-1051,2,Lack_TV_Bench/0006_black_floor_05_02_2019_08_19_16_26,645,1051,406,spin leg
case2:frames1051-1134,2,Lack_TV_Bench/0006_black_floor_05_02_2019_08_19_16_26,1051,1134,83,pick up leg
case2:frames1134-1199,2,Lack_TV_Bench/0006_black_floor_05_02_2019_08_19_16_26,1134,1199,65,align leg screw with table thread
case2:frames1199-1656,2,Lack_TV_Bench/0006_black_floor_05_02_2019_08_19_16_26,1199,1656,457,spin leg
case2:frames1656-1693,2,Lack_TV_Bench/0006_black_floor_05_02_2019_08_19_16_26,1656,1693,37,pick up leg
case2:frames1693-1749,2,Lack_TV_Bench/0006_black_floor_05_02_2019_08_19_16_26,1693,1749,56,align leg screw with table thread
case2:frames1749-2058,2,Lack_TV_Bench/0006_black_floor_05_02_2019_08_19_16_26,1749,2058,309,spin leg
case2:frames2058-2183,2,Lack_TV_Bench/0006_black_floor_05_02_2019_08_19_16_26,2058,2183,125,tighten leg
case2:frames2183-2362,2,Lack_TV_Bench/0006_black_floor_05_02_2019_08_19_16_26,2183,2362,179,flip table
case2:frames2362-2483,2,Lack_TV_Bench/0006_black_floor_05_02_2019_08_19_16_26,2362,2483,121,pick up shelf
case2:frames2483-2849,2,Lack_TV_Bench/0006_black_floor_05_02_2019_08_19_16_26,2483,2849,366,attach shelf to table
case20:frames62-122,20,Lack_TV_Bench/0041_black_floor_08_04_2019_08_28_12_18,62,122,60,flip table top
case20:frames186-213,20,Lack_TV_Bench/0041_black_floor_08_04_2019_08_28_12_18,186,213,27,align leg screw with table thread
case20:frames213-493,20,Lack_TV_Bench/0041_black_floor_08_04_2019_08_28_12_18,213,493,280,spin leg
case20:frames493-533,20,Lack_TV_Bench/0041_black_floor_08_04_2019_08_28_12_18,493,533,40,tighten leg
case20:frames533-568,20,Lack_TV_Bench/0041_black_floor_08_04_2019_08_28_12_18,533,568,35,pick up leg
case20:frames568-610,20,Lack_TV_Bench/0041_black_floor_08_04_2019_08_28_12_18,568,610,42,align leg screw with table thread
case20:frames610-879,20,Lack_TV_Bench/0041_black_floor_08_04_2019_08_28_12_18,610,879,269,spin leg
case20:frames879-1000,20,Lack_TV_Bench/0041_black_floor_08_04_2019_08_28_12_18,879,1000,121,tighten leg
case20:frames1000-1051,20,Lack_TV_Bench/0041_black_floor_08_04_2019_08_28_12_18,1000,1051,51,pick up leg
case20:frames1051-1081,20,Lack_TV_Bench/0041_black_floor_08_04_2019_08_28_12_18,1051,1081,30,align leg screw with table thread
case20:frames1081-1416,20,Lack_TV_Bench/0041_black_floor_08_04_2019_08_28_12_18,1081,1416,335,spin leg
case20:frames1417-1499,20,Lack_TV_Bench/0041_black_floor_08_04_2019_08_28_12_18,1417,1499,82,pick up leg
case20:frames1499-1540,20,Lack_TV_Bench/0041_black_floor_08_04_2019_08_28_12_18,1499,1540,41,align leg screw with table thread
case20:frames1540-1974,20,Lack_TV_Bench/0041_black_floor_08_04_2019_08_28_12_18,1540,1974,434,spin leg
case20:frames1974-2051,20,Lack_TV_Bench/0041_black_floor_08_04_2019_08_28_12_18,1974,2051,77,tighten leg
case20:frames2051-2143,20,Lack_TV_Bench/0041_black_floor_08_04_2019_08_28_12_18,2051,2143,92,flip table
case20:frames2146-2268,20,Lack_TV_Bench/0041_black_floor_08_04_2019_08_28_12_18,2146,2268,122,pick up shelf
case20:frames2268-2474,20,Lack_TV_Bench/0041_black_floor_08_04_2019_08_28_12_18,2268,2474,206,attach shelf to table
case21:frames40-90,21,Lack_TV_Bench/0001_black_floor_05_02_2019_08_19_16_48,40,90,50,pick up leg
case21:frames90-159,21,Lack_TV_Bench/0001_black_floor_05_02_2019_08_19_16_48,90,159,69,align leg screw with table thread
case21:frames159-607,21,Lack_TV_Bench/0001_black_floor_05_02_2019_08_19_16_48,159,607,448,spin leg
case21:frames607-657,21,Lack_TV_Bench/0001_black_floor_05_02_2019_08_19_16_48,607,657,50,pick up leg
case21:frames657-711,21,Lack_TV_Bench/0001_black_floor_05_02_2019_08_19_16_48,657,711,54,align leg screw with table thread
case21:frames711-1227,21,Lack_TV_Bench/0001_black_floor_05_02_2019_08_19_16_48,711,1227,516,spin leg
case21:frames1227-1267,21,Lack_TV_Bench/0001_black_floor_05_02_2019_08_19_16_48,1227,1267,40,pick up leg
case21:frames1267-1329,21,Lack_TV_Bench/0001_black_floor_05_02_2019_08_19_16_48,1267,1329,62,align leg screw with table thread
case21:frames1329-1700,21,Lack_TV_Bench/0001_black_floor_05_02_2019_08_19_16_48,1329,1700,371,spin leg
case21:frames1700-1739,21,Lack_TV_Bench/0001_black_floor_05_02_2019_08_19_16_48,1700,1739,39,pick up leg
case21:frames1739-1794,21,Lack_TV_Bench/0001_black_floor_05_02_2019_08_19_16_48,1739,1794,55,align leg screw with table thread
case21:frames1794-2264,21,Lack_TV_Bench/0001_black_floor_05_02_2019_08_19_16_48,1794,2264,470,spin leg
case21:frames2264-2339,21,Lack_TV_Bench/0001_black_floor_05_02_2019_08_19_16_48,2264,2339,75,rotate table
case21:frames2339-2466,21,Lack_TV_Bench/0001_black_floor_05_02_2019_08_19_16_48,2339,2466,127,flip table
case21:frames2466-2538,21,Lack_TV_Bench/0001_black_floor_05_02_2019_08_19_16_48,2466,2538,72,pick up shelf
case21:frames2538-2805,21,Lack_TV_Bench/0001_black_floor_05_02_2019_08_19_16_48,2538,2805,267,attach shelf to table
case22:frames4-166,22,Lack_TV_Bench/0012_white_table_04_02_2019_08_20_11_45,4,166,162,flip table top
case22:frames166-229,22,Lack_TV_Bench/0012_white_table_04_02_2019_08_20_11_45,166,229,63,pick up leg
case22:frames229-261,22,Lack_TV_Bench/0012_white_table_04_02_2019_08_20_11_45,229,261,32,align leg screw with table thread
case22:frames261-755,22,Lack_TV_Bench/0012_white_table_04_02_2019_08_20_11_45,261,755,494,spin leg
case22:frames755-814,22,Lack_TV_Bench/0012_white_table_04_02_2019_08_20_11_45,755,814,59,pick up leg
case22:frames814-1331,22,Lack_TV_Bench/0012_white_table_04_02_2019_08_20_11_45,814,1331,517,spin leg
case22:frames1331-1394,22,Lack_TV_Bench/0012_white_table_04_02_2019_08_20_11_45,1331,1394,63,pick up leg
case22:frames1394-1452,22,Lack_TV_Bench/0012_white_table_04_02_2019_08_20_11_45,1394,1452,58,align leg screw with table thread
case22:frames1452-1983,22,Lack_TV_Bench/0012_white_table_04_02_2019_08_20_11_45,1452,1983,531,spin leg
case22:frames1983-2050,22,Lack_TV_Bench/0012_white_table_04_02_2019_08_20_11_45,1983,2050,67,pick up leg
case22:frames2050-2099,22,Lack_TV_Bench/0012_white_table_04_02_2019_08_20_11_45,2050,2099,49,align leg screw with table thread
case22:frames2099-2661,22,Lack_TV_Bench/0012_white_table_04_02_2019_08_20_11_45,2099,2661,562,spin leg
case22:frames2661-2994,22,Lack_TV_Bench/0012_white_table_04_02_2019_08_20_11_45,2661,2994,333,flip table
case22:frames2994-3120,22,Lack_TV_Bench/0012_white_table_04_02_2019_08_20_11_45,2994,3120,126,pick up shelf
case22:frames3120-3165,22,Lack_TV_Bench/0012_white_table_04_02_2019_08_20_11_45,3120,3165,45,flip shelf
case22:frames3165-3529,22,Lack_TV_Bench/0012_white_table_04_02_2019_08_20_11_45,3165,3529,364,attach shelf to table
case23:frames69-97,23,Lack_TV_Bench/0024_white_floor_05_02_2019_08_19_17_01,69,97,28,pick up leg
case23:frames97-144,23,Lack_TV_Bench/0024_white_floor_05_02_2019_08_19_17_01,97,144,47,align leg screw with table thread
case23:frames144-441,23,Lack_TV_Bench/0024_white_floor_05_02_2019_08_19_17_01,144,441,297,spin leg
case23:frames441-469,23,Lack_TV_Bench/0024_white_floor_05_02_2019_08_19_17_01,441,469,28,pick up leg
case23:frames520-601,23,Lack_TV_Bench/0024_white_floor_05_02_2019_08_19_17_01,520,601,81,align leg screw with table thread
case23:frames601-939,23,Lack_TV_Bench/0024_white_floor_05_02_2019_08_19_17_01,601,939,338,spin leg
case23:frames958-980,23,Lack_TV_Bench/0024_white_floor_05_02_2019_08_19_17_01,958,980,22,pick up leg
case23:frames1014-1067,23,Lack_TV_Bench/0024_white_floor_05_02_2019_08_19_17_01,1014,1067,53,align leg screw with table thread
case23:frames1067-1405,23,Lack_TV_Bench/0024_white_floor_05_02_2019_08_19_17_01,1067,1405,338,spin leg
case23:frames1427-1462,23,Lack_TV_Bench/0024_white_floor_05_02_2019_08_19_17_01,1427,1462,35,pick up leg
case23:frames1499-1509,23,Lack_TV_Bench/0024_white_floor_05_02_2019_08_19_17_01,1499,1509,10,align leg screw with table thread
case23:frames1509-1818,23,Lack_TV_Bench/0024_white_floor_05_02_2019_08_19_17_01,1509,1818,309,spin leg
case23:frames1818-1959,23,Lack_TV_Bench/0024_white_floor_05_02_2019_08_19_17_01,1818,1959,141,flip table
case23:frames1966-2091,23,Lack_TV_Bench/0024_white_floor_05_02_2019_08_19_17_01,1966,2091,125,pick up shelf
case23:frames2091-2369,23,Lack_TV_Bench/0024_white_floor_05_02_2019_08_19_17_01,2091,2369,278,attach shelf to table
case24:frames87-145,24,Lack_TV_Bench/0025_white_floor_05_02_2019_08_19_17_14,87,145,58,flip table top
case24:frames160-188,24,Lack_TV_Bench/0025_white_floor_05_02_2019_08_19_17_14,160,188,28,pick up leg
case24:frames188-226,24,Lack_TV_Bench/0025_white_floor_05_02_2019_08_19_17_14,188,226,38,align leg screw with table thread
case24:frames226-652,24,Lack_TV_Bench/0025_white_floor_05_02_2019_08_19_17_14,226,652,426,spin leg
case24:frames664-706,24,Lack_TV_Bench/0025_white_floor_05_02_2019_08_19_17_14,664,706,42,pick up leg
case24:frames706-756,24,Lack_TV_Bench/0025_white_floor_05_02_2019_08_19_17_14,706,756,50,align leg screw with table thread
case24:frames756-1169,24,Lack_TV_Bench/0025_white_floor_05_02_2019_08_19_17_14,756,1169,413,spin leg
case24:frames1190-1221,24,Lack_TV_Bench/0025_white_floor_05_02_2019_08_19_17_14,1190,1221,31,pick up leg
case24:frames1221-1275,24,Lack_TV_Bench/0025_white_floor_05_02_2019_08_19_17_14,1221,1275,54,align leg screw with table thread
case24:frames1275-1672,24,Lack_TV_Bench/0025_white_floor_05_02_2019_08_19_17_14,1275,1672,397,spin leg
case24:frames1676-1708,24,Lack_TV_Bench/0025_white_floor_05_02_2019_08_19_17_14,1676,1708,32,tighten leg
case24:frames1720-1768,24,Lack_TV_Bench/0025_white_floor_05_02_2019_08_19_17_14,1720,1768,48,pick up leg
case24:frames1768-1853,24,Lack_TV_Bench/0025_white_floor_05_02_2019_08_19_17_14,1768,1853,85,align leg screw with table thread
case24:frames1853-2378,24,Lack_TV_Bench/0025_white_floor_05_02_2019_08_19_17_14,1853,2378,525,spin leg
case24:frames2421-2572,24,Lack_TV_Bench/0025_white_floor_05_02_2019_08_19_17_14,2421,2572,151,pick up shelf
case24:frames2572-2708,24,Lack_TV_Bench/0025_white_floor_05_02_2019_08_19_17_14,2572,2708,136,attach shelf to table
case24:frames2775-2899,24,Lack_TV_Bench/0025_white_floor_05_02_2019_08_19_17_14,2775,2899,124,flip table
case24:frames2899-2932,24,Lack_TV_Bench/0025_white_floor_05_02_2019_08_19_17_14,2899,2932,33,pick up shelf
case24:frames2932-3133,24,Lack_TV_Bench/0025_white_floor_05_02_2019_08_19_17_14,2932,3133,201,attach shelf to table
case25:frames54-112,25,Lack_TV_Bench/0002_black_floor_05_02_2019_08_19_17_43,54,112,58,flip table top
case25:frames126-150,25,Lack_TV_Bench/0002_black_floor_05_02_2019_08_19_17_43,126,150,24,pick up leg
case25:frames173-197,25,Lack_TV_Bench/0002_black_floor_05_02_2019_08_19_17_43,173,197,24,align leg screw with table thread
case25:frames197-391,25,Lack_TV_Bench/0002_black_floor_05_02_2019_08_19_17_43,197,391,194,spin leg
case25:frames391-564,25,Lack_TV_Bench/0002_black_floor_05_02_2019_08_19_17_43,391,564,173,tighten leg
case25:frames592-619,25,Lack_TV_Bench/0002_black_floor_05_02_2019_08_19_17_43,592,619,27,pick up leg
case25:frames629-673,25,Lack_TV_Bench/0002_black_floor_05_02_2019_08_19_17_43,629,673,44,align leg screw with table thread
case25:frames673-989,25,Lack_TV_Bench/0002_black_floor_05_02_2019_08_19_17_43,673,989,316,spin leg
case25:frames1006-1034,25,Lack_TV_Bench/0002_black_floor_05_02_2019_08_19_17_43,1006,1034,28,pick up leg
case25:frames1057-1442,25,Lack_TV_Bench/0002_black_floor_05_02_2019_08_19_17_43,1057,1442,385,spin leg
case25:frames1452-1554,25,Lack_TV_Bench/0002_black_floor_05_02_2019_08_19_17_43,1452,1554,102,rotate table
case25:frames1554-1578,25,Lack_TV_Bench/0002_black_floor_05_02_2019_08_19_17_43,1554,1578,24,pick up leg
case25:frames1612-1615,25,Lack_TV_Bench/0002_black_floor_05_02_2019_08_19_17_43,1612,1615,3,align leg screw with table thread
case25:frames1615-1979,25,Lack_TV_Bench/0002_black_floor_05_02_2019_08_19_17_43,1615,1979,364,spin leg
case25:frames2040-2149,25,Lack_TV_Bench/0002_black_floor_05_02_2019_08_19_17_43,2040,2149,109,flip table
case25:frames2159-2281,25,Lack_TV_Bench/0002_black_floor_05_02_2019_08_19_17_43,2159,2281,122,pick up shelf
case25:frames2281-2601,25,Lack_TV_Bench/0002_black_floor_05_02_2019_08_19_17_43,2281,2601,320,attach shelf to table
case26:frames23-152,26,Lack_TV_Bench/0006_black_table_04_02_2019_08_20_12_00,23,152,129,flip table top
case26:frames164-203,26,Lack_TV_Bench/0006_black_table_04_02_2019_08_20_12_00,164,203,39,pick up leg
case26:frames220-282,26,Lack_TV_Bench/0006_black_table_04_02_2019_08_20_12_00,220,282,62,align leg screw with table thread
case26:frames282-740,26,Lack_TV_Bench/0006_black_table_04_02_2019_08_20_12_00,282,740,458,spin leg
case26:frames740-830,26,Lack_TV_Bench/0006_black_table_04_02_2019_08_20_12_00,740,830,90,tighten leg
case26:frames853-886,26,Lack_TV_Bench/0006_black_table_04_02_2019_08_20_12_00,853,886,33,pick up leg
case26:frames909-960,26,Lack_TV_Bench/0006_black_table_04_02_2019_08_20_12_00,909,960,51,align leg screw with table thread
case26:frames960-1332,26,Lack_TV_Bench/0006_black_table_04_02_2019_08_20_12_00,960,1332,372,spin leg
case26:frames1332-1993,26,Lack_TV_Bench/0006_black_table_04_02_2019_08_20_12_00,1332,1993,661,tighten leg
case26:frames2027-2055,26,Lack_TV_Bench/0006_black_table_04_02_2019_08_20_12_00,2027,2055,28,pick up leg
case26:frames2055-2123,26,Lack_TV_Bench/0006_black_table_04_02_2019_08_20_12_00,2055,2123,68,align leg screw with table thread
case26:frames2123-2591,26,Lack_TV_Bench/0006_black_table_04_02_2019_08_20_12_00,2123,2591,468,spin leg
case26:frames2597-2642,26,Lack_TV_Bench/0006_black_table_04_02_2019_08_20_12_00,2597,2642,45,pick up leg
case26:frames2659-2710,26,Lack_TV_Bench/0006_black_table_04_02_2019_08_20_12_00,2659,2710,51,align leg screw with table thread
case26:frames2710-3167,26,Lack_TV_Bench/0006_black_table_04_02_2019_08_20_12_00,2710,3167,457,spin leg
case26:frames3167-3241,26,Lack_TV_Bench/0006_black_table_04_02_2019_08_20_12_00,3167,3241,74,tighten leg
case26:frames3292-3472,26,Lack_TV_Bench/0006_black_table_04_02_2019_08_20_12_00,3292,3472,180,flip table
case26:frames3506-3568,26,Lack_TV_Bench/0006_black_table_04_02_2019_08_20_12_00,3506,3568,62,pick up shelf
case26:frames3568-4392,26,Lack_TV_Bench/0006_black_table_04_02_2019_08_20_12_00,3568,4392,824,attach shelf to table
case27:frames66-99,27,Lack_TV_Bench/0027_white_table_04_02_2019_08_20_10_43,66,99,33,pick up leg
case27:frames99-128,27,Lack_TV_Bench/0027_white_table_04_02_2019_08_20_10_43,99,128,29,align leg screw with table thread
case27:frames128-581,27,Lack_TV_Bench/0027_white_table_04_02_2019_08_20_10_43,128,581,453,spin leg
case27:frames601-634,27,Lack_TV_Bench/0027_white_table_04_02_2019_08_20_10_43,601,634,33,pick up leg
case27:frames634-671,27,Lack_TV_Bench/0027_white_table_04_02_2019_08_20_10_43,634,671,37,align leg screw with table thread
case27:frames671-1083,27,Lack_TV_Bench/0027_white_table_04_02_2019_08_20_10_43,671,1083,412,spin leg
case27:frames1103-1136,27,Lack_TV_Bench/0027_white_table_04_02_2019_08_20_10_43,1103,1136,33,pick up leg
case27:frames1157-1206,27,Lack_TV_Bench/0027_white_table_04_02_2019_08_20_10_43,1157,1206,49,align leg screw with table thread
case27:frames1206-1845,27,Lack_TV_Bench/0027_white_table_04_02_2019_08_20_10_43,1206,1845,639,spin leg
case27:frames1853-1898,27,Lack_TV_Bench/0027_white_table_04_02_2019_08_20_10_43,1853,1898,45,pick up leg
case27:frames1923-1952,27,Lack_TV_Bench/0027_white_table_04_02_2019_08_20_10_43,1923,1952,29,align leg screw with table thread
case27:frames1952-2491,27,Lack_TV_Bench/0027_white_table_04_02_2019_08_20_10_43,1952,2491,539,spin leg
case27:frames2511-2759,27,Lack_TV_Bench/0027_white_table_04_02_2019_08_20_10_43,2511,2759,248,flip table
case27:frames2775-2808,27,Lack_TV_Bench/0027_white_table_04_02_2019_08_20_10_43,2775,2808,33,pick up shelf
case27:frames2808-3232,27,Lack_TV_Bench/0027_white_table_04_02_2019_08_20_10_43,2808,3232,424,attach shelf to table
case28:frames74-98,28,Lack_TV_Bench/0023_black_floor_05_02_2019_08_19_16_11,74,98,24,pick up leg
case28:frames105-141,28,Lack_TV_Bench/0023_black_floor_05_02_2019_08_19_16_11,105,141,36,align leg screw with table thread
case28:frames141-585,28,Lack_TV_Bench/0023_black_floor_05_02_2019_08_19_16_11,141,585,444,spin leg
case28:frames585-641,28,Lack_TV_Bench/0023_black_floor_05_02_2019_08_19_16_11,585,641,56,tighten leg
case28:frames641-681,28,Lack_TV_Bench/0023_black_floor_05_02_2019_08_19_16_11,641,681,40,pick up leg
case28:frames681-746,28,Lack_TV_Bench/0023_black_floor_05_02_2019_08_19_16_11,681,746,65,align leg screw with table thread
case28:frames746-1253,28,Lack_TV_Bench/0023_black_floor_05_02_2019_08_19_16_11,746,1253,507,spin leg
case28:frames1253-1351,28,Lack_TV_Bench/0023_black_floor_05_02_2019_08_19_16_11,1253,1351,98,tighten leg
case28:frames1351-1428,28,Lack_TV_Bench/0023_black_floor_05_02_2019_08_19_16_11,1351,1428,77,pick up leg
case28:frames1428-1492,28,Lack_TV_Bench/0023_black_floor_05_02_2019_08_19_16_11,1428,1492,64,align leg screw with table thread
case28:frames1492-1965,28,Lack_TV_Bench/0023_black_floor_05_02_2019_08_19_16_11,1492,1965,473,spin leg
case28:frames1965-2037,28,Lack_TV_Bench/0023_black_floor_05_02_2019_08_19_16_11,1965,2037,72,pick up leg
case28:frames2037-2757,28,Lack_TV_Bench/0023_black_floor_05_02_2019_08_19_16_11,2037,2757,720,spin leg
case28:frames2814-2967,28,Lack_TV_Bench/0023_black_floor_05_02_2019_08_19_16_11,2814,2967,153,flip table
case28:frames3049-3159,28,Lack_TV_Bench/0023_black_floor_05_02_2019_08_19_16_11,3049,3159,110,pick up shelf
case28:frames3163-3546,28,Lack_TV_Bench/0023_black_floor_05_02_2019_08_19_16_11,3163,3546,383,attach shelf to table
case29:frames127-156,29,Lack_Coffee_Table/0039_white_floor_08_04_2019_08_28_10_35,127,156,29,pick up leg
case29:frames157-181,29,Lack_Coffee_Table/0039_white_floor_08_04_2019_08_28_10_35,157,181,24,lay down leg
case29:frames193-275,29,Lack_Coffee_Table/0039_white_floor_08_04_2019_08_28_10_35,193,275,82,flip table top
case29:frames279-311,29,Lack_Coffee_Table/0039_white_floor_08_04_2019_08_28_10_35,279,311,32,pick up leg
case29:frames312-350,29,Lack_Coffee_Table/0039_white_floor_08_04_2019_08_28_10_35,312,350,38,align leg screw with table thread
case29:frames351-799,29,Lack_Coffee_Table/0039_white_floor_08_04_2019_08_28_10_35,351,799,448,spin leg
case29:frames826-846,29,Lack_Coffee_Table/0039_white_floor_08_04_2019_08_28_10_35,826,846,20,pick up leg
case29:frames846-884,29,Lack_Coffee_Table/0039_white_floor_08_04_2019_08_28_10_35,846,884,38,align leg screw with table thread
case29:frames884-1201,29,Lack_Coffee_Table/0039_white_floor_08_04_2019_08_28_10_35,884,1201,317,spin leg
case29:frames1209-1241,29,Lack_Coffee_Table/0039_white_floor_08_04_2019_08_28_10_35,1209,1241,32,pick up leg
case29:frames1241-1326,29,Lack_Coffee_Table/0039_white_floor_08_04_2019_08_28_10_35,1241,1326,85,align leg screw with table thread
case29:frames1326-1589,29,Lack_Coffee_Table/0039_white_floor_08_04_2019_08_28_10_35,1326,1589,263,spin leg
case29:frames1596-1631,29,Lack_Coffee_Table/0039_white_floor_08_04_2019_08_28_10_35,1596,1631,35,pick up leg
case29:frames1631-1701,29,Lack_Coffee_Table/0039_white_floor_08_04_2019_08_28_10_35,1631,1701,70,align leg screw with table thread
case29:frames1701-2049,29,Lack_Coffee_Table/0039_white_floor_08_04_2019_08_28_10_35,1701,2049,348,spin leg
case29:frames2082-2180,29,Lack_Coffee_Table/0039_white_floor_08_04_2019_08_28_10_35,2082,2180,98,flip shelf
case29:frames2180-2223,29,Lack_Coffee_Table/0039_white_floor_08_04_2019_08_28_10_35,2180,2223,43,pick up shelf
case29:frames2243-2297,29,Lack_Coffee_Table/0039_white_floor_08_04_2019_08_28_10_35,2243,2297,54,lay down shelf
case29:frames2297-2464,29,Lack_Coffee_Table/0039_white_floor_08_04_2019_08_28_10_35,2297,2464,167,flip table
case29:frames2464-2533,29,Lack_Coffee_Table/0039_white_floor_08_04_2019_08_28_10_35,2464,2533,69,flip shelf
case29:frames2533-2858,29,Lack_Coffee_Table/0039_white_floor_08_04_2019_08_28_10_35,2533,2858,325,attach shelf to table
case3:frames176-251,3,Lack_TV_Bench/0040_white_floor_08_04_2019_08_28_11_55,176,251,75,pick up table top
case3:frames251-387,3,Lack_TV_Bench/0040_white_floor_08_04_2019_08_28_11_55,251,387,136,flip table top
case3:frames387-468,3,Lack_TV_Bench/0040_white_floor_08_04_2019_08_28_11_55,387,468,81,lay down table top
case3:frames468-513,3,Lack_TV_Bench/0040_white_floor_08_04_2019_08_28_11_55,468,513,45,pick up leg
case3:frames513-593,3,Lack_TV_Bench/0040_white_floor_08_04_2019_08_28_11_55,513,593,80,align leg screw with table thread
case3:frames593-1006,3,Lack_TV_Bench/0040_white_floor_08_04_2019_08_28_11_55,593,1006,413,spin leg
case3:frames1006-1091,3,Lack_TV_Bench/0040_white_floor_08_04_2019_08_28_11_55,1006,1091,85,pick up leg
case3:frames1091-1262,3,Lack_TV_Bench/0040_white_floor_08_04_2019_08_28_11_55,1091,1262,171,align leg screw with table thread
case3:frames1262-1725,3,Lack_TV_Bench/0040_white_floor_08_04_2019_08_28_11_55,1262,1725,463,spin leg
case3:frames1725-1906,3,Lack_TV_Bench/0040_white_floor_08_04_2019_08_28_11_55,1725,1906,181,align leg screw with table thread
case3:frames1961-2012,3,Lack_TV_Bench/0040_white_floor_08_04_2019_08_28_11_55,1961,2012,51,pick up leg
case3:frames2012-2087,3,Lack_TV_Bench/0040_white_floor_08_04_2019_08_28_11_55,2012,2087,75,align leg screw with table thread
case3:frames2087-2409,3,Lack_TV_Bench/0040_white_floor_08_04_2019_08_28_11_55,2087,2409,322,spin leg
case3:frames2409-2570,3,Lack_TV_Bench/0040_white_floor_08_04_2019_08_28_11_55,2409,2570,161,pick up leg
case3:frames2570-2650,3,Lack_TV_Bench/0040_white_floor_08_04_2019_08_28_11_55,2570,2650,80,align leg screw with table thread
case3:frames2650-3018,3,Lack_TV_Bench/0040_white_floor_08_04_2019_08_28_11_55,2650,3018,368,spin leg
case3:frames3249-3460,3,Lack_TV_Bench/0040_white_floor_08_04_2019_08_28_11_55,3249,3460,211,flip table
case3:frames3460-3556,3,Lack_TV_Bench/0040_white_floor_08_04_2019_08_28_11_55,3460,3556,96,pick up shelf
case3:frames3556-3908,3,Lack_TV_Bench/0040_white_floor_08_04_2019_08_28_11_55,3556,3908,352,attach shelf to table
case30:frames55-210,30,Lack_Coffee_Table/0004_white_floor_08_04_2019_08_28_11_04,55,210,155,flip table top
case30:frames210-273,30,Lack_Coffee_Table/0004_white_floor_08_04_2019_08_28_11_04,210,273,63,pick up leg
case30:frames273-593,30,Lack_Coffee_Table/0004_white_floor_08_04_2019_08_28_11_04,273,593,320,spin leg
case30:frames593-673,30,Lack_Coffee_Table/0004_white_floor_08_04_2019_08_28_11_04,593,673,80,pick up leg
case30:frames673-1085,30,Lack_Coffee_Table/0004_white_floor_08_04_2019_08_28_11_04,673,1085,412,spin leg
case30:frames1085-1190,30,Lack_Coffee_Table/0004_white_floor_08_04_2019_08_28_11_04,1085,1190,105,pick up leg
case30:frames1190-1514,30,Lack_Coffee_Table/0004_white_floor_08_04_2019_08_28_11_04,1190,1514,324,spin leg
case30:frames1514-1590,30,Lack_Coffee_Table/0004_white_floor_08_04_2019_08_28_11_04,1514,1590,76,pick up leg
case30:frames1590-1922,30,Lack_Coffee_Table/0004_white_floor_08_04_2019_08_28_11_04,1590,1922,332,spin leg
case30:frames2082-2204,30,Lack_Coffee_Table/0004_white_floor_08_04_2019_08_28_11_04,2082,2204,122,flip table
case30:frames2545-2696,30,Lack_Coffee_Table/0004_white_floor_08_04_2019_08_28_11_04,2545,2696,151,pick up shelf
case30:frames2696-3193,30,Lack_Coffee_Table/0004_white_floor_08_04_2019_08_28_11_04,2696,3193,497,attach shelf to table
case31:frames65-275,31,Lack_Coffee_Table/0012_black_table_04_02_2019_08_20_11_49,65,275,210,flip table top
case31:frames275-330,31,Lack_Coffee_Table/0012_black_table_04_02_2019_08_20_11_49,275,330,55,pick up leg
case31:frames330-365,31,Lack_Coffee_Table/0012_black_table_04_02_2019_08_20_11_49,330,365,35,align leg screw with table thread
case31:frames365-931,31,Lack_Coffee_Table/0012_black_table_04_02_2019_08_20_11_49,365,931,566,spin leg
case31:frames931-1091,31,Lack_Coffee_Table/0012_black_table_04_02_2019_08_20_11_49,931,1091,160,tighten leg
case31:frames1091-1126,31,Lack_Coffee_Table/0012_black_table_04_02_2019_08_20_11_49,1091,1126,35,pick up leg
case31:frames1126-1186,31,Lack_Coffee_Table/0012_black_table_04_02_2019_08_20_11_49,1126,1186,60,align leg screw with table thread
case31:frames1186-1716,31,Lack_Coffee_Table/0012_black_table_04_02_2019_08_20_11_49,1186,1716,530,spin leg
case31:frames1716-1776,31,Lack_Coffee_Table/0012_black_table_04_02_2019_08_20_11_49,1716,1776,60,pick up leg
case31:frames1776-1841,31,Lack_Coffee_Table/0012_black_table_04_02_2019_08_20_11_49,1776,1841,65,align leg screw with table thread
case31:frames1841-2512,31,Lack_Coffee_Table/0012_black_table_04_02_2019_08_20_11_49,1841,2512,671,spin leg
case31:frames2517-2562,31,Lack_Coffee_Table/0012_black_table_04_02_2019_08_20_11_49,2517,2562,45,pick up leg
case31:frames2562-2622,31,Lack_Coffee_Table/0012_black_table_04_02_2019_08_20_11_49,2562,2622,60,align leg screw with table thread
case31:frames2622-3117,31,Lack_Coffee_Table/0012_black_table_04_02_2019_08_20_11_49,2622,3117,495,spin leg
case31:frames3117-3363,31,Lack_Coffee_Table/0012_black_table_04_02_2019_08_20_11_49,3117,3363,246,flip table
case31:frames3363-3453,31,Lack_Coffee_Table/0012_black_table_04_02_2019_08_20_11_49,3363,3453,90,pick up shelf
case31:frames3453-3928,31,Lack_Coffee_Table/0012_black_table_04_02_2019_08_20_11_49,3453,3928,475,attach shelf to table
case32:frames103-171,32,Lack_Coffee_Table/0021_oak_floor_05_02_2019_08_19_13_11,103,171,68,pick up leg
case32:frames171-179,32,Lack_Coffee_Table/0021_oak_floor_05_02_2019_08_19_13_11,171,179,8,align leg screw with table thread
case32:frames179-538,32,Lack_Coffee_Table/0021_oak_floor_05_02_2019_08_19_13_11,179,538,359,spin leg
case32:frames538-621,32,Lack_Coffee_Table/0021_oak_floor_05_02_2019_08_19_13_11,538,621,83,pick up leg
case32:frames621-686,32,Lack_Coffee_Table/0021_oak_floor_05_02_2019_08_19_13_11,621,686,65,align leg screw with table thread
case32:frames686-1023,32,Lack_Coffee_Table/0021_oak_floor_05_02_2019_08_19_13_11,686,1023,337,spin leg
case32:frames1112-1156,32,Lack_Coffee_Table/0021_oak_floor_05_02_2019_08_19_13_11,1112,1156,44,pick up leg
case32:frames1156-1174,32,Lack_Coffee_Table/0021_oak_floor_05_02_2019_08_19_13_11,1156,1174,18,align leg screw with table thread
case32:frames1174-1531,32,Lack_Coffee_Table/0021_oak_floor_05_02_2019_08_19_13_11,1174,1531,357,spin leg
case32:frames1531-1665,32,Lack_Coffee_Table/0021_oak_floor_05_02_2019_08_19_13_11,1531,1665,134,pick up leg
case32:frames1665-1691,32,Lack_Coffee_Table/0021_oak_floor_05_02_2019_08_19_13_11,1665,1691,26,align leg screw with table thread
case32:frames1691-2278,32,Lack_Coffee_Table/0021_oak_floor_05_02_2019_08_19_13_11,1691,2278,587,spin leg
case32:frames2278-2420,32,Lack_Coffee_Table/0021_oak_floor_05_02_2019_08_19_13_11,2278,2420,142,flip table
case32:frames2420-2671,32,Lack_Coffee_Table/0021_oak_floor_05_02_2019_08_19_13_11,2420,2671,251,pick up shelf
case32:frames2671-3163,32,Lack_Coffee_Table/0021_oak_floor_05_02_2019_08_19_13_11,2671,3163,492,attach shelf to table
case33:frames57-97,33,Lack_Coffee_Table/0008_black_floor_08_04_2019_08_28_11_29,57,97,40,pick up leg
case33:frames97-401,33,Lack_Coffee_Table/0008_black_floor_08_04_2019_08_28_11_29,97,401,304,spin leg
case33:frames401-493,33,Lack_Coffee_Table/0008_black_floor_08_04_2019_08_28_11_29,401,493,92,pick up leg
case33:frames515-731,33,Lack_Coffee_Table/0008_black_floor_08_04_2019_08_28_11_29,515,731,216,spin leg
case33:frames748-924,33,Lack_Coffee_Table/0008_black_floor_08_04_2019_08_28_11_29,748,924,176,rotate table
case33:frames924-1228,33,Lack_Coffee_Table/0008_black_floor_08_04_2019_08_28_11_29,924,1228,304,spin leg
case33:frames1338-1386,33,Lack_Coffee_Table/0008_black_floor_08_04_2019_08_28_11_29,1338,1386,48,rotate table
case33:frames1386-1426,33,Lack_Coffee_Table/0008_black_floor_08_04_2019_08_28_11_29,1386,1426,40,pick up leg
case33:frames1426-1620,33,Lack_Coffee_Table/0008_black_floor_08_04_2019_08_28_11_29,1426,1620,194,spin leg
case33:frames1831-1919,33,Lack_Coffee_Table/0008_black_floor_08_04_2019_08_28_11_29,1831,1919,88,rotate table
case33:frames1919-2108,33,Lack_Coffee_Table/0008_black_floor_08_04_2019_08_28_11_29,1919,2108,189,flip table
case33:frames2108-2975,33,Lack_Coffee_Table/0008_black_floor_08_04_2019_08_28_11_29,2108,2975,867,attach shelf to table
case34:frames74-168,34,Lack_Coffee_Table/0025_oak_floor_05_02_2019_08_19_17_17,74,168,94,flip table top
case34:frames182-197,34,Lack_Coffee_Table/0025_oak_floor_05_02_2019_08_19_17_17,182,197,15,pick up leg
case34:frames242-616,34,Lack_Coffee_Table/0025_oak_floor_05_02_2019_08_19_17_17,242,616,374,spin leg
case34:frames651-670,34,Lack_Coffee_Table/0025_oak_floor_05_02_2019_08_19_17_17,651,670,19,pick up leg
case34:frames720-1134,34,Lack_Coffee_Table/0025_oak_floor_05_02_2019_08_19_17_17,720,1134,414,spin leg
case34:frames1178-1188,34,Lack_Coffee_Table/0025_oak_floor_05_02_2019_08_19_17_17,1178,1188,10,pick up leg
case34:frames1267-1612,34,Lack_Coffee_Table/0025_oak_floor_05_02_2019_08_19_17_17,1267,1612,345,spin leg
case34:frames1651-1695,34,Lack_Coffee_Table/0025_oak_floor_05_02_2019_08_19_17_17,1651,1695,44,pick up leg
case34:frames1730-2243,34,Lack_Coffee_Table/0025_oak_floor_05_02_2019_08_19_17_17,1730,2243,513,spin leg
case34:frames2262-2395,34,Lack_Coffee_Table/0025_oak_floor_05_02_2019_08_19_17_17,2262,2395,133,flip table
case34:frames2440-2548,34,Lack_Coffee_Table/0025_oak_floor_05_02_2019_08_19_17_17,2440,2548,108,pick up shelf
case34:frames2799-2942,34,Lack_Coffee_Table/0025_oak_floor_05_02_2019_08_19_17_17,2799,2942,143,flip table
case34:frames2977-3209,34,Lack_Coffee_Table/0025_oak_floor_05_02_2019_08_19_17_17,2977,3209,232,tighten leg
case34:frames3243-3381,34,Lack_Coffee_Table/0025_oak_floor_05_02_2019_08_19_17_17,3243,3381,138,flip table
case34:frames3396-3509,34,Lack_Coffee_Table/0025_oak_floor_05_02_2019_08_19_17_17,3396,3509,113,pick up shelf
case34:frames3524-3810,34,Lack_Coffee_Table/0025_oak_floor_05_02_2019_08_19_17_17,3524,3810,286,attach shelf to table
case35:frames16-45,35,Lack_Coffee_Table/0021_black_table_04_02_2019_08_20_13_54,16,45,29,pick up leg
case35:frames70-106,35,Lack_Coffee_Table/0021_black_table_04_02_2019_08_20_13_54,70,106,36,align leg screw with table thread
case35:frames106-397,35,Lack_Coffee_Table/0021_black_table_04_02_2019_08_20_13_54,106,397,291,spin leg
case35:frames425-454,35,Lack_Coffee_Table/0021_black_table_04_02_2019_08_20_13_54,425,454,29,pick up leg
case35:frames454-498,35,Lack_Coffee_Table/0021_black_table_04_02_2019_08_20_13_54,454,498,44,align leg screw with table thread
case35:frames498-839,35,Lack_Coffee_Table/0021_black_table_04_02_2019_08_20_13_54,498,839,341,spin leg
case35:frames839-924,35,Lack_Coffee_Table/0021_black_table_04_02_2019_08_20_13_54,839,924,85,tighten leg
case35:frames938-1023,35,Lack_Coffee_Table/0021_black_table_04_02_2019_08_20_13_54,938,1023,85,spin leg
case35:frames1104-1149,35,Lack_Coffee_Table/0021_black_table_04_02_2019_08_20_13_54,1104,1149,45,pick up leg
case35:frames1149-1182,35,Lack_Coffee_Table/0021_black_table_04_02_2019_08_20_13_54,1149,1182,33,align leg screw with table thread
case35:frames1182-1510,35,Lack_Coffee_Table/0021_black_table_04_02_2019_08_20_13_54,1182,1510,328,spin leg
case35:frames1510-1673,35,Lack_Coffee_Table/0021_black_table_04_02_2019_08_20_13_54,1510,1673,163,tighten leg
case35:frames1693-1730,35,Lack_Coffee_Table/0021_black_table_04_02_2019_08_20_13_54,1693,1730,37,pick up leg
case35:frames1730-1788,35,Lack_Coffee_Table/0021_black_table_04_02_2019_08_20_13_54,1730,1788,58,align leg screw with table thread
case35:frames1788-2409,35,Lack_Coffee_Table/0021_black_table_04_02_2019_08_20_13_54,1788,2409,621,spin leg
case35:frames2409-2503,35,Lack_Coffee_Table/0021_black_table_04_02_2019_08_20_13_54,2409,2503,94,tighten leg
case35:frames2593-2749,35,Lack_Coffee_Table/0021_black_table_04_02_2019_08_20_13_54,2593,2749,156,flip table
case35:frames2773-2859,35,Lack_Coffee_Table/0021_black_table_04_02_2019_08_20_13_54,2773,2859,86,pick up shelf
case35:frames2859-3170,35,Lack_Coffee_Table/0021_black_table_04_02_2019_08_20_13_54,2859,3170,311,attach shelf to table
case36:frames0-72,36,Lack_Coffee_Table/0023_black_floor_05_02_2019_08_19_16_14,0,72,72,pick up leg
case36:frames72-114,36,Lack_Coffee_Table/0023_black_floor_05_02_2019_08_19_16_14,72,114,42,align leg screw with table thread
case36:frames114-581,36,Lack_Coffee_Table/0023_black_floor_05_02_2019_08_19_16_14,114,581,467,spin leg
case36:frames608-690,36,Lack_Coffee_Table/0023_black_floor_05_02_2019_08_19_16_14,608,690,82,pick up leg
case36:frames690-727,36,Lack_Coffee_Table/0023_black_floor_05_02_2019_08_19_16_14,690,727,37,align leg screw with table thread
case36:frames737-1116,36,Lack_Coffee_Table/0023_black_floor_05_02_2019_08_19_16_14,737,1116,379,spin leg
case36:frames1221-1253,36,Lack_Coffee_Table/0023_black_floor_05_02_2019_08_19_16_14,1221,1253,32,pick up leg
case36:frames1253-1291,36,Lack_Coffee_Table/0023_black_floor_05_02_2019_08_19_16_14,1253,1291,38,align leg screw with table thread
case36:frames1291-1798,36,Lack_Coffee_Table/0023_black_floor_05_02_2019_08_19_16_14,1291,1798,507,spin leg
case36:frames1798-1827,36,Lack_Coffee_Table/0023_black_floor_05_02_2019_08_19_16_14,1798,1827,29,tighten leg
case36:frames1915-1944,36,Lack_Coffee_Table/0023_black_floor_05_02_2019_08_19_16_14,1915,1944,29,pick up leg
case36:frames1944-2047,36,Lack_Coffee_Table/0023_black_floor_05_02_2019_08_19_16_14,1944,2047,103,align leg screw with table thread
case36:frames2047-2580,36,Lack_Coffee_Table/0023_black_floor_05_02_2019_08_19_16_14,2047,2580,533,spin leg
case36:frames2709-2871,36,Lack_Coffee_Table/0023_black_floor_05_02_2019_08_19_16_14,2709,2871,162,flip table
case36:frames3000-3170,36,Lack_Coffee_Table/0023_black_floor_05_02_2019_08_19_16_14,3000,3170,170,pick up shelf
case36:frames3170-3747,36,Lack_Coffee_Table/0023_black_floor_05_02_2019_08_19_16_14,3170,3747,577,attach shelf to table
case37:frames48-72,37,Lack_Coffee_Table/0036_oak_floor_08_04_2019_08_28_12_14,48,72,24,pick up leg
case37:frames72-399,37,Lack_Coffee_Table/0036_oak_floor_08_04_2019_08_28_12_14,72,399,327,spin leg
case37:frames399-444,37,Lack_Coffee_Table/0036_oak_floor_08_04_2019_08_28_12_14,399,444,45,pick up leg
case37:frames444-750,37,Lack_Coffee_Table/0036_oak_floor_08_04_2019_08_28_12_14,444,750,306,spin leg
case37:frames750-789,37,Lack_Coffee_Table/0036_oak_floor_08_04_2019_08_28_12_14,750,789,39,pick up leg
case37:frames789-1113,37,Lack_Coffee_Table/0036_oak_floor_08_04_2019_08_28_12_14,789,1113,324,spin leg
case37:frames1113-1228,37,Lack_Coffee_Table/0036_oak_floor_08_04_2019_08_28_12_14,1113,1228,115,tighten leg
case37:frames1258-1327,37,Lack_Coffee_Table/0036_oak_floor_08_04_2019_08_28_12_14,1258,1327,69,pick up leg
case37:frames1327-1549,37,Lack_Coffee_Table/0036_oak_floor_08_04_2019_08_28_12_14,1327,1549,222,spin leg
case37:frames1744-1804,37,Lack_Coffee_Table/0036_oak_floor_08_04_2019_08_28_12_14,1744,1804,60,tighten leg
case37:frames1804-1987,37,Lack_Coffee_Table/0036_oak_floor_08_04_2019_08_28_12_14,1804,1987,183,flip table
case37:frames1987-2059,37,Lack_Coffee_Table/0036_oak_floor_08_04_2019_08_28_12_14,1987,2059,72,pick up shelf
case37:frames2059-2347,37,Lack_Coffee_Table/0036_oak_floor_08_04_2019_08_28_12_14,2059,2347,288,attach shelf to table
case39:frames22-76,39,Lack_Coffee_Table/0040_oak_floor_08_04_2019_08_28_11_58,22,76,54,pick up leg
case39:frames260-541,39,Lack_Coffee_Table/0040_oak_floor_08_04_2019_08_28_11_58,260,541,281,flip table top
case39:frames595-638,39,Lack_Coffee_Table/0040_oak_floor_08_04_2019_08_28_11_58,595,638,43,pick up leg
case39:frames703-1050,39,Lack_Coffee_Table/0040_oak_floor_08_04_2019_08_28_11_58,703,1050,347,spin leg
case39:frames1098-1158,39,Lack_Coffee_Table/0040_oak_floor_08_04_2019_08_28_11_58,1098,1158,60,pick up leg
case39:frames1190-1509,39,Lack_Coffee_Table/0040_oak_floor_08_04_2019_08_28_11_58,1190,1509,319,spin leg
case39:frames1509-1623,39,Lack_Coffee_Table/0040_oak_floor_08_04_2019_08_28_11_58,1509,1623,114,tighten leg
case39:frames1623-1650,39,Lack_Coffee_Table/0040_oak_floor_08_04_2019_08_28_11_58,1623,1650,27,pick up leg
case39:frames1726-2197,39,Lack_Coffee_Table/0040_oak_floor_08_04_2019_08_28_11_58,1726,2197,471,spin leg
case39:frames2197-2267,39,Lack_Coffee_Table/0040_oak_floor_08_04_2019_08_28_11_58,2197,2267,70,pick up leg
case39:frames2326-2873,39,Lack_Coffee_Table/0040_oak_floor_08_04_2019_08_28_11_58,2326,2873,547,spin leg
case39:frames2873-2970,39,Lack_Coffee_Table/0040_oak_floor_08_04_2019_08_28_11_58,2873,2970,97,tighten leg
case39:frames3051-3246,39,Lack_Coffee_Table/0040_oak_floor_08_04_2019_08_28_11_58,3051,3246,195,flip table
case39:frames3295-3565,39,Lack_Coffee_Table/0040_oak_floor_08_04_2019_08_28_11_58,3295,3565,270,pick up shelf
case39:frames3565-4128,39,Lack_Coffee_Table/0040_oak_floor_08_04_2019_08_28_11_58,3565,4128,563,attach shelf to table
case4:frames123-178,4,Lack_TV_Bench/0006_white_floor_08_04_2019_08_28_12_08,123,178,55,flip table top
case4:frames178-243,4,Lack_TV_Bench/0006_white_floor_08_04_2019_08_28_12_08,178,243,65,pick up leg
case4:frames243-302,4,Lack_TV_Bench/0006_white_floor_08_04_2019_08_28_12_08,243,302,59,align leg screw with table thread
case4:frames302-590,4,Lack_TV_Bench/0006_white_floor_08_04_2019_08_28_12_08,302,590,288,spin leg
case4:frames590-633,4,Lack_TV_Bench/0006_white_floor_08_04_2019_08_28_12_08,590,633,43,pick up leg
case4:frames633-673,4,Lack_TV_Bench/0006_white_floor_08_04_2019_08_28_12_08,633,673,40,align leg screw with table thread
case4:frames673-964,4,Lack_TV_Bench/0006_white_floor_08_04_2019_08_28_12_08,673,964,291,spin leg
case4:frames964-1069,4,Lack_TV_Bench/0006_white_floor_08_04_2019_08_28_12_08,964,1069,105,pick up leg
case4:frames1069-1089,4,Lack_TV_Bench/0006_white_floor_08_04_2019_08_28_12_08,1069,1089,20,align leg screw with table thread
case4:frames1089-1430,4,Lack_TV_Bench/0006_white_floor_08_04_2019_08_28_12_08,1089,1430,341,spin leg
case4:frames1430-1515,4,Lack_TV_Bench/0006_white_floor_08_04_2019_08_28_12_08,1430,1515,85,pick up leg
case4:frames1515-1548,4,Lack_TV_Bench/0006_white_floor_08_04_2019_08_28_12_08,1515,1548,33,align leg screw with table thread
case4:frames1548-1941,4,Lack_TV_Bench/0006_white_floor_08_04_2019_08_28_12_08,1548,1941,393,spin leg
case4:frames1941-2069,4,Lack_TV_Bench/0006_white_floor_08_04_2019_08_28_12_08,1941,2069,128,flip table
case4:frames2069-2220,4,Lack_TV_Bench/0006_white_floor_08_04_2019_08_28_12_08,2069,2220,151,pick up shelf
case40:frames103-173,40,Lack_Coffee_Table/0007_white_floor_08_04_2019_08_28_10_49,103,173,70,flip table top
case40:frames223-251,40,Lack_Coffee_Table/0007_white_floor_08_04_2019_08_28_10_49,223,251,28,pick up leg
case40:frames280-301,40,Lack_Coffee_Table/0007_white_floor_08_04_2019_08_28_10_49,280,301,21,align leg screw with table thread
case40:frames301-630,40,Lack_Coffee_Table/0007_white_floor_08_04_2019_08_28_10_49,301,630,329,spin leg
case40:frames630-666,40,Lack_Coffee_Table/0007_white_floor_08_04_2019_08_28_10_49,630,666,36,pick up leg
case40:frames666-712,40,Lack_Coffee_Table/0007_white_floor_08_04_2019_08_28_10_49,666,712,46,align leg screw with table thread
case40:frames712-1016,40,Lack_Coffee_Table/0007_white_floor_08_04_2019_08_28_10_49,712,1016,304,spin leg
case40:frames1016-1062,40,Lack_Coffee_Table/0007_white_floor_08_04_2019_08_28_10_49,1016,1062,46,pick up leg
case40:frames1080-1119,40,Lack_Coffee_Table/0007_white_floor_08_04_2019_08_28_10_49,1080,1119,39,align leg screw with table thread
case40:frames1119-1483,40,Lack_Coffee_Table/0007_white_floor_08_04_2019_08_28_10_49,1119,1483,364,spin leg
case40:frames1483-1519,40,Lack_Coffee_Table/0007_white_floor_08_04_2019_08_28_10_49,1483,1519,36,pick up leg
case40:frames1519-1597,40,Lack_Coffee_Table/0007_white_floor_08_04_2019_08_28_10_49,1519,1597,78,align leg screw with table thread
case40:frames1597-1898,40,Lack_Coffee_Table/0007_white_floor_08_04_2019_08_28_10_49,1597,1898,301,spin leg
case40:frames1898-2046,40,Lack_Coffee_Table/0007_white_floor_08_04_2019_08_28_10_49,1898,2046,148,flip table
case40:frames2103-2174,40,Lack_Coffee_Table/0007_white_floor_08_04_2019_08_28_10_49,2103,2174,71,pick up shelf
case40:frames2174-2726,40,Lack_Coffee_Table/0007_white_floor_08_04_2019_08_28_10_49,2174,2726,552,attach shelf to table
case41:frames27-188,41,Lack_Coffee_Table/0028_black_table_04_02_2019_08_20_11_01,27,188,161,flip table top
case41:frames188-206,41,Lack_Coffee_Table/0028_black_table_04_02_2019_08_20_11_01,188,206,18,pick up leg
case41:frames220-260,41,Lack_Coffee_Table/0028_black_table_04_02_2019_08_20_11_01,220,260,40,align leg screw with table thread
case41:frames260-695,41,Lack_Coffee_Table/0028_black_table_04_02_2019_08_20_11_01,260,695,435,spin leg
case41:frames722-754,41,Lack_Coffee_Table/0028_black_table_04_02_2019_08_20_11_01,722,754,32,pick up leg
case41:frames754-830,41,Lack_Coffee_Table/0028_black_table_04_02_2019_08_20_11_01,754,830,76,align leg screw with table thread
case41:frames830-1278,41,Lack_Coffee_Table/0028_black_table_04_02_2019_08_20_11_01,830,1278,448,spin leg
case41:frames1319-1350,41,Lack_Coffee_Table/0028_black_table_04_02_2019_08_20_11_01,1319,1350,31,pick up leg
case41:frames1350-1386,41,Lack_Coffee_Table/0028_black_table_04_02_2019_08_20_11_01,1350,1386,36,align leg screw with table thread
case41:frames1386-1947,41,Lack_Coffee_Table/0028_black_table_04_02_2019_08_20_11_01,1386,1947,561,spin leg
case41:frames1947-1974,41,Lack_Coffee_Table/0028_black_table_04_02_2019_08_20_11_01,1947,1974,27,pick up leg
case41:frames1974-2023,41,Lack_Coffee_Table/0028_black_table_04_02_2019_08_20_11_01,1974,2023,49,align leg screw with table thread
case41:frames2023-2489,41,Lack_Coffee_Table/0028_black_table_04_02_2019_08_20_11_01,2023,2489,466,spin leg
case41:frames2516-2579,41,Lack_Coffee_Table/0028_black_table_04_02_2019_08_20_11_01,2516,2579,63,pick up shelf
case41:frames2763-2839,41,Lack_Coffee_Table/0028_black_table_04_02_2019_08_20_11_01,2763,2839,76,lay down shelf
case41:frames2857-3086,41,Lack_Coffee_Table/0028_black_table_04_02_2019_08_20_11_01,2857,3086,229,flip table
case41:frames3086-3454,41,Lack_Coffee_Table/0028_black_table_04_02_2019_08_20_11_01,3086,3454,368,attach shelf to table
case42:frames0-275,42,Lack_Coffee_Table/0023_black_table_04_02_2019_08_20_14_06,0,275,275,flip table top
case42:frames275-314,42,Lack_Coffee_Table/0023_black_table_04_02_2019_08_20_14_06,275,314,39,pick up leg
case42:frames314-359,42,Lack_Coffee_Table/0023_black_table_04_02_2019_08_20_14_06,314,359,45,align leg screw with table thread
case42:frames359-819,42,Lack_Coffee_Table/0023_black_table_04_02_2019_08_20_14_06,359,819,460,spin leg
case42:frames847-898,42,Lack_Coffee_Table/0023_black_table_04_02_2019_08_20_14_06,847,898,51,pick up leg
case42:frames898-965,42,Lack_Coffee_Table/0023_black_table_04_02_2019_08_20_14_06,898,965,67,align leg screw with table thread
case42:frames965-1397,42,Lack_Coffee_Table/0023_black_table_04_02_2019_08_20_14_06,965,1397,432,spin leg
case42:frames1397-1616,42,Lack_Coffee_Table/0023_black_table_04_02_2019_08_20_14_06,1397,1616,219,tighten leg
case42:frames1695-1740,42,Lack_Coffee_Table/0023_black_table_04_02_2019_08_20_14_06,1695,1740,45,pick up leg
case42:frames1740-1824,42,Lack_Coffee_Table/0023_black_table_04_02_2019_08_20_14_06,1740,1824,84,align leg screw with table thread
case42:frames1824-2188,42,Lack_Coffee_Table/0023_black_table_04_02_2019_08_20_14_06,1824,2188,364,spin leg
case42:frames2188-2346,42,Lack_Coffee_Table/0023_black_table_04_02_2019_08_20_14_06,2188,2346,158,tighten leg
case42:frames2435-2480,42,Lack_Coffee_Table/0023_black_table_04_02_2019_08_20_14_06,2435,2480,45,pick up leg
case42:frames2480-2548,42,Lack_Coffee_Table/0023_black_table_04_02_2019_08_20_14_06,2480,2548,68,align leg screw with table thread
case42:frames2548-2621,42,Lack_Coffee_Table/0023_black_table_04_02_2019_08_20_14_06,2548,2621,73,rotate table
case42:frames2621-2665,42,Lack_Coffee_Table/0023_black_table_04_02_2019_08_20_14_06,2621,2665,44,align leg screw with table thread
case42:frames2665-3126,42,Lack_Coffee_Table/0023_black_table_04_02_2019_08_20_14_06,2665,3126,461,spin leg
case42:frames3193-3496,42,Lack_Coffee_Table/0023_black_table_04_02_2019_08_20_14_06,3193,3496,303,flip table
case42:frames3524-3603,42,Lack_Coffee_Table/0023_black_table_04_02_2019_08_20_14_06,3524,3603,79,pick up shelf
case42:frames3603-4332,42,Lack_Coffee_Table/0023_black_table_04_02_2019_08_20_14_06,3603,4332,729,attach shelf to table
case43:frames28-51,43,Lack_Coffee_Table/0031_oak_table_04_02_2019_08_20_14_23,28,51,23,pick up leg
case43:frames51-96,43,Lack_Coffee_Table/0031_oak_table_04_02_2019_08_20_14_23,51,96,45,align leg screw with table thread
case43:frames101-425,43,Lack_Coffee_Table/0031_oak_table_04_02_2019_08_20_14_23,101,425,324,spin leg
case43:frames447-477,43,Lack_Coffee_Table/0031_oak_table_04_02_2019_08_20_14_23,447,477,30,pick up leg
case43:frames477-569,43,Lack_Coffee_Table/0031_oak_table_04_02_2019_08_20_14_23,477,569,92,align leg screw with table thread
case43:frames578-928,43,Lack_Coffee_Table/0031_oak_table_04_02_2019_08_20_14_23,578,928,350,spin leg
case43:frames932-972,43,Lack_Coffee_Table/0031_oak_table_04_02_2019_08_20_14_23,932,972,40,tighten leg
case43:frames1013-1048,43,Lack_Coffee_Table/0031_oak_table_04_02_2019_08_20_14_23,1013,1048,35,pick up leg
case43:frames1048-1114,43,Lack_Coffee_Table/0031_oak_table_04_02_2019_08_20_14_23,1048,1114,66,align leg screw with table thread
case43:frames1114-1520,43,Lack_Coffee_Table/0031_oak_table_04_02_2019_08_20_14_23,1114,1520,406,spin leg
case43:frames1541-1549,43,Lack_Coffee_Table/0031_oak_table_04_02_2019_08_20_14_23,1541,1549,8,tighten leg
case43:frames1549-1555,43,Lack_Coffee_Table/0031_oak_table_04_02_2019_08_20_14_23,1549,1555,6,rotate table
case43:frames1555-1600,43,Lack_Coffee_Table/0031_oak_table_04_02_2019_08_20_14_23,1555,1600,45,tighten leg
case43:frames1600-1613,43,Lack_Coffee_Table/0031_oak_table_04_02_2019_08_20_14_23,1600,1613,13,rotate table
case43:frames1613-1616,43,Lack_Coffee_Table/0031_oak_table_04_02_2019_08_20_14_23,1613,1616,3,tighten leg
case43:frames1641-1671,43,Lack_Coffee_Table/0031_oak_table_04_02_2019_08_20_14_23,1641,1671,30,pick up leg
case43:frames1671-1685,43,Lack_Coffee_Table/0031_oak_table_04_02_2019_08_20_14_23,1671,1685,14,align leg screw with table thread
case43:frames1685-1698,43,Lack_Coffee_Table/0031_oak_table_04_02_2019_08_20_14_23,1685,1698,13,rotate table
case43:frames1698-1712,43,Lack_Coffee_Table/0031_oak_table_04_02_2019_08_20_14_23,1698,1712,14,align leg screw with table thread
case43:frames1712-2092,43,Lack_Coffee_Table/0031_oak_table_04_02_2019_08_20_14_23,1712,2092,380,spin leg
case43:frames2152-2174,43,Lack_Coffee_Table/0031_oak_table_04_02_2019_08_20_14_23,2152,2174,22,rotate table
case43:frames2174-2214,43,Lack_Coffee_Table/0031_oak_table_04_02_2019_08_20_14_23,2174,2214,40,tighten leg
case43:frames2242-2250,43,Lack_Coffee_Table/0031_oak_table_04_02_2019_08_20_14_23,2242,2250,8,rotate table
case43:frames2261-2424,43,Lack_Coffee_Table/0031_oak_table_04_02_2019_08_20_14_23,2261,2424,163,flip table
case43:frames2456-2496,43,Lack_Coffee_Table/0031_oak_table_04_02_2019_08_20_14_23,2456,2496,40,pick up shelf
case43:frames2496-2766,43,Lack_Coffee_Table/0031_oak_table_04_02_2019_08_20_14_23,2496,2766,270,attach shelf to table
case44:frames227-609,44,Lack_Coffee_Table/0020_white_floor_05_02_2019_08_19_12_55,227,609,382,spin leg
case44:frames609-702,44,Lack_Coffee_Table/0020_white_floor_05_02_2019_08_19_12_55,609,702,93,tighten leg
case44:frames702-775,44,Lack_Coffee_Table/0020_white_floor_05_02_2019_08_19_12_55,702,775,73,pick up leg
case44:frames775-840,44,Lack_Coffee_Table/0020_white_floor_05_02_2019_08_19_12_55,775,840,65,align leg screw with table thread
case44:frames840-1278,44,Lack_Coffee_Table/0020_white_floor_05_02_2019_08_19_12_55,840,1278,438,spin leg
case44:frames1278-1327,44,Lack_Coffee_Table/0020_white_floor_05_02_2019_08_19_12_55,1278,1327,49,tighten leg
case44:frames1327-1432,44,Lack_Coffee_Table/0020_white_floor_05_02_2019_08_19_12_55,1327,1432,105,other
case44:frames1463-1497,44,Lack_Coffee_Table/0020_white_floor_05_02_2019_08_19_12_55,1463,1497,34,pick up leg
case44:frames1497-1534,44,Lack_Coffee_Table/0020_white_floor_05_02_2019_08_19_12_55,1497,1534,37,align leg screw with table thread
case44:frames1534-1858,44,Lack_Coffee_Table/0020_white_floor_05_02_2019_08_19_12_55,1534,1858,324,spin leg
case44:frames1858-1903,44,Lack_Coffee_Table/0020_white_floor_05_02_2019_08_19_12_55,1858,1903,45,pick up leg
case44:frames1903-1931,44,Lack_Coffee_Table/0020_white_floor_05_02_2019_08_19_12_55,1903,1931,28,align leg screw with table thread
case44:frames1931-2260,44,Lack_Coffee_Table/0020_white_floor_05_02_2019_08_19_12_55,1931,2260,329,spin leg
case44:frames2325-2475,44,Lack_Coffee_Table/0020_white_floor_05_02_2019_08_19_12_55,2325,2475,150,flip table
case44:frames2511-2572,44,Lack_Coffee_Table/0020_white_floor_05_02_2019_08_19_12_55,2511,2572,61,pick up shelf
case44:frames2572-3100,44,Lack_Coffee_Table/0020_white_floor_05_02_2019_08_19_12_55,2572,3100,528,attach shelf to table
case45:frames53-207,45,Lack_Coffee_Table/0024_oak_floor_05_02_2019_08_19_17_03,53,207,154,flip table top
case45:frames215-252,45,Lack_Coffee_Table/0024_oak_floor_05_02_2019_08_19_17_03,215,252,37,pick up leg
case45:frames252-288,45,Lack_Coffee_Table/0024_oak_floor_05_02_2019_08_19_17_03,252,288,36,align leg screw with table thread
case45:frames288-658,45,Lack_Coffee_Table/0024_oak_floor_05_02_2019_08_19_17_03,288,658,370,spin leg
case45:frames658-723,45,Lack_Coffee_Table/0024_oak_floor_05_02_2019_08_19_17_03,658,723,65,pick up leg
case45:frames723-784,45,Lack_Coffee_Table/0024_oak_floor_05_02_2019_08_19_17_03,723,784,61,align leg screw with table thread
case45:frames784-1185,45,Lack_Coffee_Table/0024_oak_floor_05_02_2019_08_19_17_03,784,1185,401,spin leg
case45:frames1185-1234,45,Lack_Coffee_Table/0024_oak_floor_05_02_2019_08_19_17_03,1185,1234,49,pick up leg
case45:frames1234-1275,45,Lack_Coffee_Table/0024_oak_floor_05_02_2019_08_19_17_03,1234,1275,41,align leg screw with table thread
case45:frames1275-1689,45,Lack_Coffee_Table/0024_oak_floor_05_02_2019_08_19_17_03,1275,1689,414,spin leg
case45:frames1689-1750,45,Lack_Coffee_Table/0024_oak_floor_05_02_2019_08_19_17_03,1689,1750,61,pick up leg
case45:frames1750-1803,45,Lack_Coffee_Table/0024_oak_floor_05_02_2019_08_19_17_03,1750,1803,53,align leg screw with table thread
case45:frames1803-2087,45,Lack_Coffee_Table/0024_oak_floor_05_02_2019_08_19_17_03,1803,2087,284,spin leg
case45:frames2099-2233,45,Lack_Coffee_Table/0024_oak_floor_05_02_2019_08_19_17_03,2099,2233,134,flip table
case45:frames2237-2347,45,Lack_Coffee_Table/0024_oak_floor_05_02_2019_08_19_17_03,2237,2347,110,pick up shelf
case45:frames2347-3142,45,Lack_Coffee_Table/0024_oak_floor_05_02_2019_08_19_17_03,2347,3142,795,attach shelf to table
case46:frames46-103,46,Lack_Coffee_Table/0014_oak_floor_05_02_2019_08_19_12_40,46,103,57,pick up leg
case46:frames123-414,46,Lack_Coffee_Table/0014_oak_floor_05_02_2019_08_19_12_40,123,414,291,spin leg
case46:frames424-468,46,Lack_Coffee_Table/0014_oak_floor_05_02_2019_08_19_12_40,424,468,44,pick up leg
case46:frames511-829,46,Lack_Coffee_Table/0014_oak_floor_05_02_2019_08_19_12_40,511,829,318,spin leg
case46:frames832-865,46,Lack_Coffee_Table/0014_oak_floor_05_02_2019_08_19_12_40,832,865,33,pick up leg
case46:frames928-1340,46,Lack_Coffee_Table/0014_oak_floor_05_02_2019_08_19_12_40,928,1340,412,spin leg
case46:frames1366-1432,46,Lack_Coffee_Table/0014_oak_floor_05_02_2019_08_19_12_40,1366,1432,66,rotate table
case46:frames1432-1456,46,Lack_Coffee_Table/0014_oak_floor_05_02_2019_08_19_12_40,1432,1456,24,pick up leg
case46:frames1456-1459,46,Lack_Coffee_Table/0014_oak_floor_05_02_2019_08_19_12_40,1456,1459,3,rotate table
case46:frames1482-1883,46,Lack_Coffee_Table/0014_oak_floor_05_02_2019_08_19_12_40,1482,1883,401,spin leg
case46:frames1883-2063,46,Lack_Coffee_Table/0014_oak_floor_05_02_2019_08_19_12_40,1883,2063,180,flip table
case46:frames2142-2172,46,Lack_Coffee_Table/0014_oak_floor_05_02_2019_08_19_12_40,2142,2172,30,pick up shelf
case46:frames2212-2600,46,Lack_Coffee_Table/0014_oak_floor_05_02_2019_08_19_12_40,2212,2600,388,attach shelf to table
case47:frames47-194,47,Lack_Coffee_Table/0029_white_table_04_02_2019_08_20_11_33,47,194,147,flip table top
case47:frames198-212,47,Lack_Coffee_Table/0029_white_table_04_02_2019_08_20_11_33,198,212,14,pick up leg
case47:frames222-250,47,Lack_Coffee_Table/0029_white_table_04_02_2019_08_20_11_33,222,250,28,align leg screw with table thread
case47:frames250-647,47,Lack_Coffee_Table/0029_white_table_04_02_2019_08_20_11_33,250,647,397,spin leg
case47:frames647-656,47,Lack_Coffee_Table/0029_white_table_04_02_2019_08_20_11_33,647,656,9,tighten leg
case47:frames666-689,47,Lack_Coffee_Table/0029_white_table_04_02_2019_08_20_11_33,666,689,23,pick up leg
case47:frames708-760,47,Lack_Coffee_Table/0029_white_table_04_02_2019_08_20_11_33,708,760,52,align leg screw with table thread
case47:frames760-1124,47,Lack_Coffee_Table/0029_white_table_04_02_2019_08_20_11_33,760,1124,364,spin leg
case47:frames1152-1308,47,Lack_Coffee_Table/0029_white_table_04_02_2019_08_20_11_33,1152,1308,156,spin leg
case47:frames1322-1374,47,Lack_Coffee_Table/0029_white_table_04_02_2019_08_20_11_33,1322,1374,52,spin leg
case47:frames1374-1520,47,Lack_Coffee_Table/0029_white_table_04_02_2019_08_20_11_33,1374,1520,146,rotate table
case47:frames1525-1553,47,Lack_Coffee_Table/0029_white_table_04_02_2019_08_20_11_33,1525,1553,28,pick up leg
case47:frames1572-1615,47,Lack_Coffee_Table/0029_white_table_04_02_2019_08_20_11_33,1572,1615,43,align leg screw with table thread
case47:frames1615-2091,47,Lack_Coffee_Table/0029_white_table_04_02_2019_08_20_11_33,1615,2091,476,spin leg
case47:frames2106-2139,47,Lack_Coffee_Table/0029_white_table_04_02_2019_08_20_11_33,2106,2139,33,pick up leg
case47:frames2139-2181,47,Lack_Coffee_Table/0029_white_table_04_02_2019_08_20_11_33,2139,2181,42,align leg screw with table thread
case47:frames2181-2648,47,Lack_Coffee_Table/0029_white_table_04_02_2019_08_20_11_33,2181,2648,467,spin leg
case47:frames2648-2922,47,Lack_Coffee_Table/0029_white_table_04_02_2019_08_20_11_33,2648,2922,274,flip table
case47:frames2922-3017,47,Lack_Coffee_Table/0029_white_table_04_02_2019_08_20_11_33,2922,3017,95,pick up shelf
case47:frames3017-3649,47,Lack_Coffee_Table/0029_white_table_04_02_2019_08_20_11_33,3017,3649,632,attach shelf to table
case48:frames56-112,48,Lack_Coffee_Table/0022_white_floor_05_02_2019_08_19_15_53,56,112,56,pick up leg
case48:frames112-583,48,Lack_Coffee_Table/0022_white_floor_05_02_2019_08_19_15_53,112,583,471,spin leg
case48:frames688-737,48,Lack_Coffee_Table/0022_white_floor_05_02_2019_08_19_15_53,688,737,49,rotate table
case48:frames737-1404,48,Lack_Coffee_Table/0022_white_floor_05_02_2019_08_19_15_53,737,1404,667,spin leg
case48:frames1460-1572,48,Lack_Coffee_Table/0022_white_floor_05_02_2019_08_19_15_53,1460,1572,112,rotate table
case48:frames1572-1614,48,Lack_Coffee_Table/0022_white_floor_05_02_2019_08_19_15_53,1572,1614,42,pick up leg
case48:frames1614-2183,48,Lack_Coffee_Table/0022_white_floor_05_02_2019_08_19_15_53,1614,2183,569,spin leg
case48:frames2288-2471,48,Lack_Coffee_Table/0022_white_floor_05_02_2019_08_19_15_53,2288,2471,183,pick up leg
case48:frames2471-3510,48,Lack_Coffee_Table/0022_white_floor_05_02_2019_08_19_15_53,2471,3510,1039,spin leg
case48:frames3510-4043,48,Lack_Coffee_Table/0022_white_floor_05_02_2019_08_19_15_53,3510,4043,533,flip table
case48:frames4043-4717,48,Lack_Coffee_Table/0022_white_floor_05_02_2019_08_19_15_53,4043,4717,674,attach shelf to table
case49:frames45-154,49,Lack_Coffee_Table/0005_black_floor_08_04_2019_08_28_11_20,45,154,109,push table top
case49:frames154-199,49,Lack_Coffee_Table/0005_black_floor_08_04_2019_08_28_11_20,154,199,45,pick up leg
case49:frames199-315,49,Lack_Coffee_Table/0005_black_floor_08_04_2019_08_28_11_20,199,315,116,align leg screw with table thread
case49:frames315-656,49,Lack_Coffee_Table/0005_black_floor_08_04_2019_08_28_11_20,315,656,341,spin leg
case49:frames656-712,49,Lack_Coffee_Table/0005_black_floor_08_04_2019_08_28_11_20,656,712,56,align leg screw with table thread
case49:frames712-1061,49,Lack_Coffee_Table/0005_black_floor_08_04_2019_08_28_11_20,712,1061,349,spin leg
case49:frames1068-1117,49,Lack_Coffee_Table/0005_black_floor_08_04_2019_08_28_11_20,1068,1117,49,pick up leg
case49:frames1117-1188,49,Lack_Coffee_Table/0005_black_floor_08_04_2019_08_28_11_20,1117,1188,71,align leg screw with table thread
case49:frames1188-1447,49,Lack_Coffee_Table/0005_black_floor_08_04_2019_08_28_11_20,1188,1447,259,spin leg
case49:frames1488-1563,49,Lack_Coffee_Table/0005_black_floor_08_04_2019_08_28_11_20,1488,1563,75,pick up leg
case49:frames1575-1916,49,Lack_Coffee_Table/0005_black_floor_08_04_2019_08_28_11_20,1575,1916,341,spin leg
case49:frames1935-1991,49,Lack_Coffee_Table/0005_black_floor_08_04_2019_08_28_11_20,1935,1991,56,flip table
case49:frames2081-2189,49,Lack_Coffee_Table/0005_black_floor_08_04_2019_08_28_11_20,2081,2189,108,spin leg
case49:frames2201-2298,49,Lack_Coffee_Table/0005_black_floor_08_04_2019_08_28_11_20,2201,2298,97,flip table
case49:frames2321-2396,49,Lack_Coffee_Table/0005_black_floor_08_04_2019_08_28_11_20,2321,2396,75,pick up shelf
case49:frames2396-2748,49,Lack_Coffee_Table/0005_black_floor_08_04_2019_08_28_11_20,2396,2748,352,attach shelf to table
case5:frames95-180,5,Lack_TV_Bench/0023_white_table_04_02_2019_08_20_14_02,95,180,85,flip table top
case5:frames180-220,5,Lack_TV_Bench/0023_white_table_04_02_2019_08_20_14_02,180,220,40,pick up leg
case5:frames220-267,5,Lack_TV_Bench/0023_white_table_04_02_2019_08_20_14_02,220,267,47,align leg screw with table thread
case5:frames267-641,5,Lack_TV_Bench/0023_white_table_04_02_2019_08_20_14_02,267,641,374,spin leg
case5:frames641-746,5,Lack_TV_Bench/0023_white_table_04_02_2019_08_20_14_02,641,746,105,pick up leg
case5:frames746-813,5,Lack_TV_Bench/0023_white_table_04_02_2019_08_20_14_02,746,813,67,align leg screw with table thread
case5:frames813-1217,5,Lack_TV_Bench/0023_white_table_04_02_2019_08_20_14_02,813,1217,404,spin leg
case5:frames1217-1332,5,Lack_TV_Bench/0023_white_table_04_02_2019_08_20_14_02,1217,1332,115,tighten leg
case5:frames1332-1377,5,Lack_TV_Bench/0023_white_table_04_02_2019_08_20_14_02,1332,1377,45,push table
case5:frames1377-1404,5,Lack_TV_Bench/0023_white_table_04_02_2019_08_20_14_02,1377,1404,27,pick up leg
case5:frames1404-1472,5,Lack_TV_Bench/0023_white_table_04_02_2019_08_20_14_02,1404,1472,68,align leg screw with table thread
case5:frames1472-2025,5,Lack_TV_Bench/0023_white_table_04_02_2019_08_20_14_02,1472,2025,553,spin leg
case5:frames2025-2188,5,Lack_TV_Bench/0023_white_table_04_02_2019_08_20_14_02,2025,2188,163,pick up leg
case5:frames2188-2243,5,Lack_TV_Bench/0023_white_table_04_02_2019_08_20_14_02,2188,2243,55,align leg screw with table thread
case5:frames2243-2979,5,Lack_TV_Bench/0023_white_table_04_02_2019_08_20_14_02,2243,2979,736,spin leg
case5:frames2979-3263,5,Lack_TV_Bench/0023_white_table_04_02_2019_08_20_14_02,2979,3263,284,flip table
case5:frames3263-3411,5,Lack_TV_Bench/0023_white_table_04_02_2019_08_20_14_02,3263,3411,148,pick up shelf
case5:frames3411-3880,5,Lack_TV_Bench/0023_white_table_04_02_2019_08_20_14_02,3411,3880,469,attach shelf to table
case50:frames53-99,50,Lack_Coffee_Table/0041_oak_floor_08_04_2019_08_28_12_22,53,99,46,pick up leg
case50:frames99-345,50,Lack_Coffee_Table/0041_oak_floor_08_04_2019_08_28_12_22,99,345,246,spin leg
case50:frames394-423,50,Lack_Coffee_Table/0041_oak_floor_08_04_2019_08_28_12_22,394,423,29,pick up leg
case50:frames423-784,50,Lack_Coffee_Table/0041_oak_floor_08_04_2019_08_28_12_22,423,784,361,spin leg
case50:frames821-858,50,Lack_Coffee_Table/0041_oak_floor_08_04_2019_08_28_12_22,821,858,37,pick up leg
case50:frames874-1309,50,Lack_Coffee_Table/0041_oak_floor_08_04_2019_08_28_12_22,874,1309,435,spin leg
case50:frames1371-1416,50,Lack_Coffee_Table/0041_oak_floor_08_04_2019_08_28_12_22,1371,1416,45,pick up leg
case50:frames1416-1790,50,Lack_Coffee_Table/0041_oak_floor_08_04_2019_08_28_12_22,1416,1790,374,spin leg
case50:frames1818-1954,50,Lack_Coffee_Table/0041_oak_floor_08_04_2019_08_28_12_22,1818,1954,136,flip table
case50:frames1954-1999,50,Lack_Coffee_Table/0041_oak_floor_08_04_2019_08_28_12_22,1954,1999,45,pick up shelf
case50:frames2885-3107,50,Lack_Coffee_Table/0041_oak_floor_08_04_2019_08_28_12_22,2885,3107,222,attach shelf to table
case51:frames62-85,51,Lack_Coffee_Table/0024_oak_table_04_02_2019_08_20_11_19,62,85,23,rotate table
case51:frames94-138,51,Lack_Coffee_Table/0024_oak_table_04_02_2019_08_20_11_19,94,138,44,pick up leg
case51:frames139-175,51,Lack_Coffee_Table/0024_oak_table_04_02_2019_08_20_11_19,139,175,36,align leg screw with table thread
case51:frames177-458,51,Lack_Coffee_Table/0024_oak_table_04_02_2019_08_20_11_19,177,458,281,spin leg
case51:frames472-495,51,Lack_Coffee_Table/0024_oak_table_04_02_2019_08_20_11_19,472,495,23,pick up leg
case51:frames496-551,51,Lack_Coffee_Table/0024_oak_table_04_02_2019_08_20_11_19,496,551,55,align leg screw with table thread
case51:frames552-860,51,Lack_Coffee_Table/0024_oak_table_04_02_2019_08_20_11_19,552,860,308,spin leg
case51:frames886-910,51,Lack_Coffee_Table/0024_oak_table_04_02_2019_08_20_11_19,886,910,24,lay down leg
case51:frames931-982,51,Lack_Coffee_Table/0024_oak_table_04_02_2019_08_20_11_19,931,982,51,align leg screw with table thread
case51:frames983-1298,51,Lack_Coffee_Table/0024_oak_table_04_02_2019_08_20_11_19,983,1298,315,spin leg
case51:frames1355-1384,51,Lack_Coffee_Table/0024_oak_table_04_02_2019_08_20_11_19,1355,1384,29,pick up leg
case51:frames1398-1449,51,Lack_Coffee_Table/0024_oak_table_04_02_2019_08_20_11_19,1398,1449,51,align leg screw with table thread
case51:frames1450-1781,51,Lack_Coffee_Table/0024_oak_table_04_02_2019_08_20_11_19,1450,1781,331,spin leg
case51:frames1813-1963,51,Lack_Coffee_Table/0024_oak_table_04_02_2019_08_20_11_19,1813,1963,150,flip table
case51:frames1983-2091,51,Lack_Coffee_Table/0024_oak_table_04_02_2019_08_20_11_19,1983,2091,108,pick up shelf
case51:frames2092-2173,51,Lack_Coffee_Table/0024_oak_table_04_02_2019_08_20_11_19,2092,2173,81,other
case51:frames2174-2782,51,Lack_Coffee_Table/0024_oak_table_04_02_2019_08_20_11_19,2174,2782,608,attach shelf to table
case52:frames86-294,52,Lack_Coffee_Table/0026_black_floor_05_02_2019_08_19_17_25,86,294,208,flip table top
case52:frames294-364,52,Lack_Coffee_Table/0026_black_floor_05_02_2019_08_19_17_25,294,364,70,pick up leg
case52:frames364-417,52,Lack_Coffee_Table/0026_black_floor_05_02_2019_08_19_17_25,364,417,53,align leg screw with table thread
case52:frames417-840,52,Lack_Coffee_Table/0026_black_floor_05_02_2019_08_19_17_25,417,840,423,spin leg
case52:frames888-926,52,Lack_Coffee_Table/0026_black_floor_05_02_2019_08_19_17_25,888,926,38,pick up leg
case52:frames926-958,52,Lack_Coffee_Table/0026_black_floor_05_02_2019_08_19_17_25,926,958,32,align leg screw with table thread
case52:frames958-1616,52,Lack_Coffee_Table/0026_black_floor_05_02_2019_08_19_17_25,958,1616,658,spin leg
case52:frames1664-1744,52,Lack_Coffee_Table/0026_black_floor_05_02_2019_08_19_17_25,1664,1744,80,pick up leg
case52:frames1744-1792,52,Lack_Coffee_Table/0026_black_floor_05_02_2019_08_19_17_25,1744,1792,48,align leg screw with table thread
case52:frames1792-2408,52,Lack_Coffee_Table/0026_black_floor_05_02_2019_08_19_17_25,1792,2408,616,spin leg
case52:frames2440-2472,52,Lack_Coffee_Table/0026_black_floor_05_02_2019_08_19_17_25,2440,2472,32,pick up leg
case52:frames2525-2600,52,Lack_Coffee_Table/0026_black_floor_05_02_2019_08_19_17_25,2525,2600,75,align leg screw with table thread
case52:frames2600-3157,52,Lack_Coffee_Table/0026_black_floor_05_02_2019_08_19_17_25,2600,3157,557,spin leg
case52:frames3232-3355,52,Lack_Coffee_Table/0026_black_floor_05_02_2019_08_19_17_25,3232,3355,123,flip table
case52:frames3355-3435,52,Lack_Coffee_Table/0026_black_floor_05_02_2019_08_19_17_25,3355,3435,80,pick up shelf
case52:frames3435-4146,52,Lack_Coffee_Table/0026_black_floor_05_02_2019_08_19_17_25,3435,4146,711,attach shelf to table
case53:frames0-178,53,Lack_Coffee_Table/0002_white_floor_05_02_2019_08_19_17_47,0,178,178,lay down table top
case53:frames178-219,53,Lack_Coffee_Table/0002_white_floor_05_02_2019_08_19_17_47,178,219,41,pick up leg
case53:frames219-236,53,Lack_Coffee_Table/0002_white_floor_05_02_2019_08_19_17_47,219,236,17,align leg screw with table thread
case53:frames236-576,53,Lack_Coffee_Table/0002_white_floor_05_02_2019_08_19_17_47,236,576,340,spin leg
case53:frames576-675,53,Lack_Coffee_Table/0002_white_floor_05_02_2019_08_19_17_47,576,675,99,pick up leg
case53:frames675-699,53,Lack_Coffee_Table/0002_white_floor_05_02_2019_08_19_17_47,675,699,24,align leg screw with table thread
case53:frames699-1112,53,Lack_Coffee_Table/0002_white_floor_05_02_2019_08_19_17_47,699,1112,413,spin leg
case53:frames1112-1226,53,Lack_Coffee_Table/0002_white_floor_05_02_2019_08_19_17_47,1112,1226,114,pick up leg
case53:frames1226-1239,53,Lack_Coffee_Table/0002_white_floor_05_02_2019_08_19_17_47,1226,1239,13,align leg screw with table thread
case53:frames1239-1764,53,Lack_Coffee_Table/0002_white_floor_05_02_2019_08_19_17_47,1239,1764,525,spin leg
case53:frames1764-1918,53,Lack_Coffee_Table/0002_white_floor_05_02_2019_08_19_17_47,1764,1918,154,pick up leg
case53:frames1918-1936,53,Lack_Coffee_Table/0002_white_floor_05_02_2019_08_19_17_47,1918,1936,18,align leg screw with table thread
case53:frames1936-2356,53,Lack_Coffee_Table/0002_white_floor_05_02_2019_08_19_17_47,1936,2356,420,spin leg
case53:frames2356-2445,53,Lack_Coffee_Table/0002_white_floor_05_02_2019_08_19_17_47,2356,2445,89,pick up shelf
case53:frames2445-2608,53,Lack_Coffee_Table/0002_white_floor_05_02_2019_08_19_17_47,2445,2608,163,flip table
case53:frames2608-2709,53,Lack_Coffee_Table/0002_white_floor_05_02_2019_08_19_17_47,2608,2709,101,pick up shelf
case53:frames2709-2953,53,Lack_Coffee_Table/0002_white_floor_05_02_2019_08_19_17_47,2709,2953,244,attach shelf to table
case53:frames2953-3049,53,Lack_Coffee_Table/0002_white_floor_05_02_2019_08_19_17_47,2953,3049,96,tighten leg
case54:frames53-172,54,Lack_Coffee_Table/0025_oak_table_04_02_2019_08_20_13_42,53,172,119,flip table top
case54:frames172-213,54,Lack_Coffee_Table/0025_oak_table_04_02_2019_08_20_13_42,172,213,41,pick up leg
case54:frames213-262,54,Lack_Coffee_Table/0025_oak_table_04_02_2019_08_20_13_42,213,262,49,align leg screw with table thread
case54:frames262-618,54,Lack_Coffee_Table/0025_oak_table_04_02_2019_08_20_13_42,262,618,356,spin leg
case54:frames618-663,54,Lack_Coffee_Table/0025_oak_table_04_02_2019_08_20_13_42,618,663,45,tighten leg
case54:frames663-684,54,Lack_Coffee_Table/0025_oak_table_04_02_2019_08_20_13_42,663,684,21,pick up leg
case54:frames684-733,54,Lack_Coffee_Table/0025_oak_table_04_02_2019_08_20_13_42,684,733,49,align leg screw with table thread
case54:frames733-1162,54,Lack_Coffee_Table/0025_oak_table_04_02_2019_08_20_13_42,733,1162,429,spin leg
case54:frames1162-1244,54,Lack_Coffee_Table/0025_oak_table_04_02_2019_08_20_13_42,1162,1244,82,pick up leg
case54:frames1244-1297,54,Lack_Coffee_Table/0025_oak_table_04_02_2019_08_20_13_42,1244,1297,53,align leg screw with table thread
case54:frames1297-1891,54,Lack_Coffee_Table/0025_oak_table_04_02_2019_08_20_13_42,1297,1891,594,spin leg
case54:frames1936-1956,54,Lack_Coffee_Table/0025_oak_table_04_02_2019_08_20_13_42,1936,1956,20,pick up leg
case54:frames1956-2001,54,Lack_Coffee_Table/0025_oak_table_04_02_2019_08_20_13_42,1956,2001,45,align leg screw with table thread
case54:frames2001-2411,54,Lack_Coffee_Table/0025_oak_table_04_02_2019_08_20_13_42,2001,2411,410,spin leg
case54:frames2411-2583,54,Lack_Coffee_Table/0025_oak_table_04_02_2019_08_20_13_42,2411,2583,172,tighten leg
case54:frames2583-2800,54,Lack_Coffee_Table/0025_oak_table_04_02_2019_08_20_13_42,2583,2800,217,flip table
case54:frames2832-2873,54,Lack_Coffee_Table/0025_oak_table_04_02_2019_08_20_13_42,2832,2873,41,pick up shelf
case54:frames2873-3172,54,Lack_Coffee_Table/0025_oak_table_04_02_2019_08_20_13_42,2873,3172,299,attach shelf to table
case55:frames48-79,55,Lack_Coffee_Table/0030_white_table_04_02_2019_08_20_12_12,48,79,31,pick up leg
case55:frames79-123,55,Lack_Coffee_Table/0030_white_table_04_02_2019_08_20_12_12,79,123,44,align leg screw with table thread
case55:frames123-505,55,Lack_Coffee_Table/0030_white_table_04_02_2019_08_20_12_12,123,505,382,spin leg
case55:frames505-715,55,Lack_Coffee_Table/0030_white_table_04_02_2019_08_20_12_12,505,715,210,tighten leg
case55:frames715-795,55,Lack_Coffee_Table/0030_white_table_04_02_2019_08_20_12_12,715,795,80,pick up leg
case55:frames795-827,55,Lack_Coffee_Table/0030_white_table_04_02_2019_08_20_12_12,795,827,32,align leg screw with table thread
case55:frames827-1204,55,Lack_Coffee_Table/0030_white_table_04_02_2019_08_20_12_12,827,1204,377,spin leg
case55:frames1204-1264,55,Lack_Coffee_Table/0030_white_table_04_02_2019_08_20_12_12,1204,1264,60,pick up leg
case55:frames1264-1300,55,Lack_Coffee_Table/0030_white_table_04_02_2019_08_20_12_12,1264,1300,36,align leg screw with table thread
case55:frames1300-1610,55,Lack_Coffee_Table/0030_white_table_04_02_2019_08_20_12_12,1300,1610,310,spin leg
case55:frames1610-1697,55,Lack_Coffee_Table/0030_white_table_04_02_2019_08_20_12_12,1610,1697,87,pick up leg
case55:frames1697-1749,55,Lack_Coffee_Table/0030_white_table_04_02_2019_08_20_12_12,1697,1749,52,align leg screw with table thread
case55:frames1749-2103,55,Lack_Coffee_Table/0030_white_table_04_02_2019_08_20_12_12,1749,2103,354,spin leg
case55:frames2103-2321,55,Lack_Coffee_Table/0030_white_table_04_02_2019_08_20_12_12,2103,2321,218,flip table
case55:frames2321-2428,55,Lack_Coffee_Table/0030_white_table_04_02_2019_08_20_12_12,2321,2428,107,pick up shelf
case55:frames2428-3001,55,Lack_Coffee_Table/0030_white_table_04_02_2019_08_20_12_12,2428,3001,573,attach shelf to table
case56:frames27-181,56,Lack_Coffee_Table/0001_black_floor_05_02_2019_08_19_16_51,27,181,154,flip table top
case56:frames181-239,56,Lack_Coffee_Table/0001_black_floor_05_02_2019_08_19_16_51,181,239,58,pick up leg
case56:frames239-642,56,Lack_Coffee_Table/0001_black_floor_05_02_2019_08_19_16_51,239,642,403,spin leg
case56:frames642-697,56,Lack_Coffee_Table/0001_black_floor_05_02_2019_08_19_16_51,642,697,55,pick up leg
case56:frames697-768,56,Lack_Coffee_Table/0001_black_floor_05_02_2019_08_19_16_51,697,768,71,align leg screw with table thread
case56:frames768-1253,56,Lack_Coffee_Table/0001_black_floor_05_02_2019_08_19_16_51,768,1253,485,spin leg
case56:frames1253-1382,56,Lack_Coffee_Table/0001_black_floor_05_02_2019_08_19_16_51,1253,1382,129,pick up leg
case56:frames1382-1445,56,Lack_Coffee_Table/0001_black_floor_05_02_2019_08_19_16_51,1382,1445,63,align leg screw with table thread
case56:frames1445-1911,56,Lack_Coffee_Table/0001_black_floor_05_02_2019_08_19_16_51,1445,1911,466,spin leg
case56:frames1911-1944,56,Lack_Coffee_Table/0001_black_floor_05_02_2019_08_19_16_51,1911,1944,33,pick up leg
case56:frames1944-2028,56,Lack_Coffee_Table/0001_black_floor_05_02_2019_08_19_16_51,1944,2028,84,align leg screw with table thread
case56:frames2028-2357,56,Lack_Coffee_Table/0001_black_floor_05_02_2019_08_19_16_51,2028,2357,329,spin leg
case56:frames2357-2502,56,Lack_Coffee_Table/0001_black_floor_05_02_2019_08_19_16_51,2357,2502,145,flip table
case56:frames2502-2600,56,Lack_Coffee_Table/0001_black_floor_05_02_2019_08_19_16_51,2502,2600,98,pick up shelf
case56:frames2600-2988,56,Lack_Coffee_Table/0001_black_floor_05_02_2019_08_19_16_51,2600,2988,388,attach shelf to table
case57:frames55-84,57,Lack_Coffee_Table/0027_white_table_04_02_2019_08_20_10_47,55,84,29,pick up leg
case57:frames92-113,57,Lack_Coffee_Table/0027_white_table_04_02_2019_08_20_10_47,92,113,21,align leg screw with table thread
case57:frames113-529,57,Lack_Coffee_Table/0027_white_table_04_02_2019_08_20_10_47,113,529,416,spin leg
case57:frames529-548,57,Lack_Coffee_Table/0027_white_table_04_02_2019_08_20_10_47,529,548,19,tighten leg
case57:frames548-608,57,Lack_Coffee_Table/0027_white_table_04_02_2019_08_20_10_47,548,608,60,spin leg
case57:frames635-661,57,Lack_Coffee_Table/0027_white_table_04_02_2019_08_20_10_47,635,661,26,pick up leg
case57:frames673-699,57,Lack_Coffee_Table/0027_white_table_04_02_2019_08_20_10_47,673,699,26,align leg screw with table thread
case57:frames699-984,57,Lack_Coffee_Table/0027_white_table_04_02_2019_08_20_10_47,699,984,285,spin leg
case57:frames1007-1038,57,Lack_Coffee_Table/0027_white_table_04_02_2019_08_20_10_47,1007,1038,31,pick up leg
case57:frames1069-1096,57,Lack_Coffee_Table/0027_white_table_04_02_2019_08_20_10_47,1069,1096,27,align leg screw with table thread
case57:frames1096-1506,57,Lack_Coffee_Table/0027_white_table_04_02_2019_08_20_10_47,1096,1506,410,spin leg
case57:frames1545-1568,57,Lack_Coffee_Table/0027_white_table_04_02_2019_08_20_10_47,1545,1568,23,pick up leg
case57:frames1599-1669,57,Lack_Coffee_Table/0027_white_table_04_02_2019_08_20_10_47,1599,1669,70,align leg screw with table thread
case57:frames1669-2083,57,Lack_Coffee_Table/0027_white_table_04_02_2019_08_20_10_47,1669,2083,414,spin leg
case57:frames2083-2111,57,Lack_Coffee_Table/0027_white_table_04_02_2019_08_20_10_47,2083,2111,28,tighten leg
case57:frames2191-2430,57,Lack_Coffee_Table/0027_white_table_04_02_2019_08_20_10_47,2191,2430,239,flip table
case57:frames2477-2552,57,Lack_Coffee_Table/0027_white_table_04_02_2019_08_20_10_47,2477,2552,75,pick up shelf
case57:frames2675-3082,57,Lack_Coffee_Table/0027_white_table_04_02_2019_08_20_10_47,2675,3082,407,attach shelf to table
case58:frames31-184,58,Lack_Side_Table/0024_white_floor_05_02_2019_08_19_16_58,31,184,153,flip table top
case58:frames225-262,58,Lack_Side_Table/0024_white_floor_05_02_2019_08_19_16_58,225,262,37,align leg screw with table thread
case58:frames262-694,58,Lack_Side_Table/0024_white_floor_05_02_2019_08_19_16_58,262,694,432,spin leg
case58:frames702-716,58,Lack_Side_Table/0024_white_floor_05_02_2019_08_19_16_58,702,716,14,spin leg
case58:frames716-778,58,Lack_Side_Table/0024_white_floor_05_02_2019_08_19_16_58,716,778,62,pick up leg
case58:frames778-820,58,Lack_Side_Table/0024_white_floor_05_02_2019_08_19_16_58,778,820,42,align leg screw with table thread
case58:frames820-1242,58,Lack_Side_Table/0024_white_floor_05_02_2019_08_19_16_58,820,1242,422,spin leg
case58:frames1310-1341,58,Lack_Side_Table/0024_white_floor_05_02_2019_08_19_16_58,1310,1341,31,spin leg
case58:frames1360-1374,58,Lack_Side_Table/0024_white_floor_05_02_2019_08_19_16_58,1360,1374,14,spin leg
case58:frames1397-1420,58,Lack_Side_Table/0024_white_floor_05_02_2019_08_19_16_58,1397,1420,23,pick up leg
case58:frames1420-1456,58,Lack_Side_Table/0024_white_floor_05_02_2019_08_19_16_58,1420,1456,36,align leg screw with table thread
case58:frames1456-1900,58,Lack_Side_Table/0024_white_floor_05_02_2019_08_19_16_58,1456,1900,444,spin leg
case58:frames1948-1990,58,Lack_Side_Table/0024_white_floor_05_02_2019_08_19_16_58,1948,1990,42,align leg screw with table thread
case58:frames1990-2477,58,Lack_Side_Table/0024_white_floor_05_02_2019_08_19_16_58,1990,2477,487,spin leg
case58:frames2510-2552,58,Lack_Side_Table/0024_white_floor_05_02_2019_08_19_16_58,2510,2552,42,spin leg
case58:frames2552-2644,58,Lack_Side_Table/0024_white_floor_05_02_2019_08_19_16_58,2552,2644,92,rotate table
case59:frames50-90,59,Lack_Side_Table/0024_black_table_04_02_2019_08_20_11_12,50,90,40,pick up leg
case59:frames103-467,59,Lack_Side_Table/0024_black_table_04_02_2019_08_20_11_12,103,467,364,spin leg
case59:frames530-929,59,Lack_Side_Table/0024_black_table_04_02_2019_08_20_11_12,530,929,399,spin leg
case59:frames941-969,59,Lack_Side_Table/0024_black_table_04_02_2019_08_20_11_12,941,969,28,pick up leg
case59:frames981-1275,59,Lack_Side_Table/0024_black_table_04_02_2019_08_20_11_12,981,1275,294,spin leg
case59:frames1305-1323,59,Lack_Side_Table/0024_black_table_04_02_2019_08_20_11_12,1305,1323,18,pick up leg
case59:frames1348-1636,59,Lack_Side_Table/0024_black_table_04_02_2019_08_20_11_12,1348,1636,288,spin leg
case59:frames1701-1902,59,Lack_Side_Table/0024_black_table_04_02_2019_08_20_11_12,1701,1902,201,flip table
case6:frames108-164,6,Lack_TV_Bench/0004_white_floor_08_04_2019_08_28_10_56,108,164,56,flip table top
case6:frames173-192,6,Lack_TV_Bench/0004_white_floor_08_04_2019_08_28_10_56,173,192,19,pick up leg
case6:frames203-233,6,Lack_TV_Bench/0004_white_floor_08_04_2019_08_28_10_56,203,233,30,align leg screw with table thread
case6:frames233-601,6,Lack_TV_Bench/0004_white_floor_08_04_2019_08_28_10_56,233,601,368,spin leg
case6:frames623-648,6,Lack_TV_Bench/0004_white_floor_08_04_2019_08_28_10_56,623,648,25,pick up leg
case6:frames671-706,6,Lack_TV_Bench/0004_white_floor_08_04_2019_08_28_10_56,671,706,35,align leg screw with table thread
case6:frames706-1000,6,Lack_TV_Bench/0004_white_floor_08_04_2019_08_28_10_56,706,1000,294,spin leg
case6:frames1000-1051,6,Lack_TV_Bench/0004_white_floor_08_04_2019_08_28_10_56,1000,1051,51,tighten leg
case6:frames1149-1153,6,Lack_TV_Bench/0004_white_floor_08_04_2019_08_28_10_56,1149,1153,4,pick up leg
case6:frames1165-1187,6,Lack_TV_Bench/0004_white_floor_08_04_2019_08_28_10_56,1165,1187,22,align leg screw with table thread
case6:frames1187-1450,6,Lack_TV_Bench/0004_white_floor_08_04_2019_08_28_10_56,1187,1450,263,spin leg
case6:frames1462-1491,6,Lack_TV_Bench/0004_white_floor_08_04_2019_08_28_10_56,1462,1491,29,pick up leg
case6:frames1506-1524,6,Lack_TV_Bench/0004_white_floor_08_04_2019_08_28_10_56,1506,1524,18,align leg screw with table thread
case6:frames1524-1818,6,Lack_TV_Bench/0004_white_floor_08_04_2019_08_28_10_56,1524,1818,294,spin leg
case6:frames1839-1946,6,Lack_TV_Bench/0004_white_floor_08_04_2019_08_28_10_56,1839,1946,107,flip table
case6:frames1961-2051,6,Lack_TV_Bench/0004_white_floor_08_04_2019_08_28_10_56,1961,2051,90,pick up shelf
case6:frames2074-2406,6,Lack_TV_Bench/0004_white_floor_08_04_2019_08_28_10_56,2074,2406,332,attach shelf to table
case60:frames0-143,60,Lack_Side_Table/0031_oak_table_04_02_2019_08_20_14_13,0,143,143,pick up table top
case60:frames143-185,60,Lack_Side_Table/0031_oak_table_04_02_2019_08_20_14_13,143,185,42,lay down table top
case60:frames185-223,60,Lack_Side_Table/0031_oak_table_04_02_2019_08_20_14_13,185,223,38,pick up leg
case60:frames223-276,60,Lack_Side_Table/0031_oak_table_04_02_2019_08_20_14_13,223,276,53,align leg screw with table thread
case60:frames276-695,60,Lack_Side_Table/0031_oak_table_04_02_2019_08_20_14_13,276,695,419,spin leg
case60:frames695-732,60,Lack_Side_Table/0031_oak_table_04_02_2019_08_20_14_13,695,732,37,pick up leg
case60:frames732-804,60,Lack_Side_Table/0031_oak_table_04_02_2019_08_20_14_13,732,804,72,align leg screw with table thread
case60:frames804-1355,60,Lack_Side_Table/0031_oak_table_04_02_2019_08_20_14_13,804,1355,551,spin leg
case60:frames1355-1453,60,Lack_Side_Table/0031_oak_table_04_02_2019_08_20_14_13,1355,1453,98,rotate table
case60:frames1453-1491,60,Lack_Side_Table/0031_oak_table_04_02_2019_08_20_14_13,1453,1491,38,pick up leg
case60:frames1491-1536,60,Lack_Side_Table/0031_oak_table_04_02_2019_08_20_14_13,1491,1536,45,align leg screw with table thread
case60:frames1536-2144,60,Lack_Side_Table/0031_oak_table_04_02_2019_08_20_14_13,1536,2144,608,spin leg
case60:frames2144-2201,60,Lack_Side_Table/0031_oak_table_04_02_2019_08_20_14_13,2144,2201,57,pick up leg
case60:frames2201-2250,60,Lack_Side_Table/0031_oak_table_04_02_2019_08_20_14_13,2201,2250,49,align leg screw with table thread
case60:frames2250-2842,60,Lack_Side_Table/0031_oak_table_04_02_2019_08_20_14_13,2250,2842,592,spin leg
case60:frames2842-2948,60,Lack_Side_Table/0031_oak_table_04_02_2019_08_20_14_13,2842,2948,106,flip table
case61:frames55-94,61,Lack_Side_Table/0012_black_table_04_02_2019_08_20_11_42,55,94,39,pick up leg
case61:frames94-154,61,Lack_Side_Table/0012_black_table_04_02_2019_08_20_11_42,94,154,60,align leg screw with table thread
case61:frames154-531,61,Lack_Side_Table/0012_black_table_04_02_2019_08_20_11_42,154,531,377,spin leg
case61:frames547-590,61,Lack_Side_Table/0012_black_table_04_02_2019_08_20_11_42,547,590,43,pick up leg
case61:frames590-649,61,Lack_Side_Table/0012_black_table_04_02_2019_08_20_11_42,590,649,59,lay down leg
case61:frames649-775,61,Lack_Side_Table/0012_black_table_04_02_2019_08_20_11_42,649,775,126,spin leg
case61:frames775-799,61,Lack_Side_Table/0012_black_table_04_02_2019_08_20_11_42,775,799,24,pick up leg
case61:frames811-850,61,Lack_Side_Table/0012_black_table_04_02_2019_08_20_11_42,811,850,39,align leg screw with table thread
case61:frames850-1460,61,Lack_Side_Table/0012_black_table_04_02_2019_08_20_11_42,850,1460,610,spin leg
case61:frames1480-1512,61,Lack_Side_Table/0012_black_table_04_02_2019_08_20_11_42,1480,1512,32,pick up leg
case61:frames1531-1559,61,Lack_Side_Table/0012_black_table_04_02_2019_08_20_11_42,1531,1559,28,align leg screw with table thread
case61:frames1559-2141,61,Lack_Side_Table/0012_black_table_04_02_2019_08_20_11_42,1559,2141,582,spin leg
case61:frames2173-2196,61,Lack_Side_Table/0012_black_table_04_02_2019_08_20_11_42,2173,2196,23,pick up leg
case61:frames2224-2279,61,Lack_Side_Table/0012_black_table_04_02_2019_08_20_11_42,2224,2279,55,align leg screw with table thread
case61:frames2279-2767,61,Lack_Side_Table/0012_black_table_04_02_2019_08_20_11_42,2279,2767,488,spin leg
case61:frames2795-3059,61,Lack_Side_Table/0012_black_table_04_02_2019_08_20_11_42,2795,3059,264,flip table
case62:frames56-102,62,Lack_Side_Table/0006_white_table_04_02_2019_08_20_11_57,56,102,46,pick up leg
case62:frames102-148,62,Lack_Side_Table/0006_white_table_04_02_2019_08_20_11_57,102,148,46,align leg screw with table thread
case62:frames148-418,62,Lack_Side_Table/0006_white_table_04_02_2019_08_20_11_57,148,418,270,spin leg
case62:frames418-566,62,Lack_Side_Table/0006_white_table_04_02_2019_08_20_11_57,418,566,148,tighten leg
case62:frames580-632,62,Lack_Side_Table/0006_white_table_04_02_2019_08_20_11_57,580,632,52,pick up leg
case62:frames632-692,62,Lack_Side_Table/0006_white_table_04_02_2019_08_20_11_57,632,692,60,align leg screw with table thread
case62:frames692-1061,62,Lack_Side_Table/0006_white_table_04_02_2019_08_20_11_57,692,1061,369,spin leg
case62:frames1061-1131,62,Lack_Side_Table/0006_white_table_04_02_2019_08_20_11_57,1061,1131,70,tighten leg
case62:frames1135-1230,62,Lack_Side_Table/0006_white_table_04_02_2019_08_20_11_57,1135,1230,95,rotate table
case62:frames1247-1275,62,Lack_Side_Table/0006_white_table_04_02_2019_08_20_11_57,1247,1275,28,pick up leg
case62:frames1275-1318,62,Lack_Side_Table/0006_white_table_04_02_2019_08_20_11_57,1275,1318,43,align leg screw with table thread
case62:frames1318-1662,62,Lack_Side_Table/0006_white_table_04_02_2019_08_20_11_57,1318,1662,344,spin leg
case62:frames1662-1820,62,Lack_Side_Table/0006_white_table_04_02_2019_08_20_11_57,1662,1820,158,tighten leg
case62:frames1820-1880,62,Lack_Side_Table/0006_white_table_04_02_2019_08_20_11_57,1820,1880,60,rotate table
case62:frames1880-1925,62,Lack_Side_Table/0006_white_table_04_02_2019_08_20_11_57,1880,1925,45,pick up leg
case62:frames1925-1975,62,Lack_Side_Table/0006_white_table_04_02_2019_08_20_11_57,1925,1975,50,align leg screw with table thread
case62:frames1975-2354,62,Lack_Side_Table/0006_white_table_04_02_2019_08_20_11_57,1975,2354,379,spin leg
case62:frames2354-2537,62,Lack_Side_Table/0006_white_table_04_02_2019_08_20_11_57,2354,2537,183,tighten leg
case62:frames2561-2751,62,Lack_Side_Table/0006_white_table_04_02_2019_08_20_11_57,2561,2751,190,flip table
case63:frames61-103,63,Lack_Side_Table/0006_oak_floor_08_04_2019_08_28_12_05,61,103,42,pick up leg
case63:frames123-449,63,Lack_Side_Table/0006_oak_floor_08_04_2019_08_28_12_05,123,449,326,spin leg
case63:frames462-491,63,Lack_Side_Table/0006_oak_floor_08_04_2019_08_28_12_05,462,491,29,pick up leg
case63:frames508-834,63,Lack_Side_Table/0006_oak_floor_08_04_2019_08_28_12_05,508,834,326,spin leg
case63:frames854-883,63,Lack_Side_Table/0006_oak_floor_08_04_2019_08_28_12_05,854,883,29,rotate table
case63:frames892-938,63,Lack_Side_Table/0006_oak_floor_08_04_2019_08_28_12_05,892,938,46,pick up leg
case63:frames944-1510,63,Lack_Side_Table/0006_oak_floor_08_04_2019_08_28_12_05,944,1510,566,spin leg
case63:frames1513-1604,63,Lack_Side_Table/0006_oak_floor_08_04_2019_08_28_12_05,1513,1604,91,rotate table
case63:frames1607-1636,63,Lack_Side_Table/0006_oak_floor_08_04_2019_08_28_12_05,1607,1636,29,pick up leg
case63:frames1659-1979,63,Lack_Side_Table/0006_oak_floor_08_04_2019_08_28_12_05,1659,1979,320,spin leg
case63:frames2001-2121,63,Lack_Side_Table/0006_oak_floor_08_04_2019_08_28_12_05,2001,2121,120,flip table
case64:frames85-141,64,Lack_Side_Table/0002_white_floor_05_02_2019_08_19_17_39,85,141,56,flip table top
case64:frames158-185,64,Lack_Side_Table/0002_white_floor_05_02_2019_08_19_17_39,158,185,27,pick up leg
case64:frames185-226,64,Lack_Side_Table/0002_white_floor_05_02_2019_08_19_17_39,185,226,41,align leg screw with table thread
case64:frames226-552,64,Lack_Side_Table/0002_white_floor_05_02_2019_08_19_17_39,226,552,326,spin leg
case64:frames566-585,64,Lack_Side_Table/0002_white_floor_05_02_2019_08_19_17_39,566,585,19,push table
case64:frames585-608,64,Lack_Side_Table/0002_white_floor_05_02_2019_08_19_17_39,585,608,23,pick up leg
case64:frames608-649,64,Lack_Side_Table/0002_white_floor_05_02_2019_08_19_17_39,608,649,41,align leg screw with table thread
case64:frames649-986,64,Lack_Side_Table/0002_white_floor_05_02_2019_08_19_17_39,649,986,337,spin leg
case64:frames998-1029,64,Lack_Side_Table/0002_white_floor_05_02_2019_08_19_17_39,998,1029,31,rotate table
case64:frames1031-1040,64,Lack_Side_Table/0002_white_floor_05_02_2019_08_19_17_39,1031,1040,9,rotate table
case64:frames1040-1070,64,Lack_Side_Table/0002_white_floor_05_02_2019_08_19_17_39,1040,1070,30,pick up leg
case64:frames1070-1119,64,Lack_Side_Table/0002_white_floor_05_02_2019_08_19_17_39,1070,1119,49,align leg screw with table thread
case64:frames1119-1526,64,Lack_Side_Table/0002_white_floor_05_02_2019_08_19_17_39,1119,1526,407,spin leg
case64:frames1537-1561,64,Lack_Side_Table/0002_white_floor_05_02_2019_08_19_17_39,1537,1561,24,rotate table
case64:frames1561-1593,64,Lack_Side_Table/0002_white_floor_05_02_2019_08_19_17_39,1561,1593,32,pick up leg
case64:frames1593-1633,64,Lack_Side_Table/0002_white_floor_05_02_2019_08_19_17_39,1593,1633,40,align leg screw with table thread
case64:frames1633-1994,64,Lack_Side_Table/0002_white_floor_05_02_2019_08_19_17_39,1633,1994,361,spin leg
case64:frames2004-2102,64,Lack_Side_Table/0002_white_floor_05_02_2019_08_19_17_39,2004,2102,98,flip table
case65:frames59-217,65,Lack_Side_Table/0029_oak_table_04_02_2019_08_20_11_26,59,217,158,flip table
case65:frames217-264,65,Lack_Side_Table/0029_oak_table_04_02_2019_08_20_11_26,217,264,47,pick up leg
case65:frames264-308,65,Lack_Side_Table/0029_oak_table_04_02_2019_08_20_11_26,264,308,44,align leg screw with table thread
case65:frames308-665,65,Lack_Side_Table/0029_oak_table_04_02_2019_08_20_11_26,308,665,357,spin leg
case65:frames665-690,65,Lack_Side_Table/0029_oak_table_04_02_2019_08_20_11_26,665,690,25,pick up leg
case65:frames705-734,65,Lack_Side_Table/0029_oak_table_04_02_2019_08_20_11_26,705,734,29,align leg screw with table thread
case65:frames734-1215,65,Lack_Side_Table/0029_oak_table_04_02_2019_08_20_11_26,734,1215,481,spin leg
case65:frames1230-1351,65,Lack_Side_Table/0029_oak_table_04_02_2019_08_20_11_26,1230,1351,121,rotate table
case65:frames1351-1380,65,Lack_Side_Table/0029_oak_table_04_02_2019_08_20_11_26,1351,1380,29,pick up leg
case65:frames1413-1435,65,Lack_Side_Table/0029_oak_table_04_02_2019_08_20_11_26,1413,1435,22,align leg screw with table thread
case65:frames1439-2137,65,Lack_Side_Table/0029_oak_table_04_02_2019_08_20_11_26,1439,2137,698,spin leg
case65:frames2137-2203,65,Lack_Side_Table/0029_oak_table_04_02_2019_08_20_11_26,2137,2203,66,pick up leg
case65:frames2203-2229,65,Lack_Side_Table/0029_oak_table_04_02_2019_08_20_11_26,2203,2229,26,align leg screw with table thread
case65:frames2229-2713,65,Lack_Side_Table/0029_oak_table_04_02_2019_08_20_11_26,2229,2713,484,spin leg
case65:frames2713-2882,65,Lack_Side_Table/0029_oak_table_04_02_2019_08_20_11_26,2713,2882,169,flip table
case66:frames84-132,66,Lack_Side_Table/0023_oak_table_04_02_2019_08_20_13_58,84,132,48,align leg screw with table thread
case66:frames132-664,66,Lack_Side_Table/0023_oak_table_04_02_2019_08_20_13_58,132,664,532,spin leg
case66:frames675-701,66,Lack_Side_Table/0023_oak_table_04_02_2019_08_20_13_58,675,701,26,pick up leg
case66:frames718-780,66,Lack_Side_Table/0023_oak_table_04_02_2019_08_20_13_58,718,780,62,align leg screw with table thread
case66:frames780-1224,66,Lack_Side_Table/0023_oak_table_04_02_2019_08_20_13_58,780,1224,444,spin leg
case66:frames1224-1297,66,Lack_Side_Table/0023_oak_table_04_02_2019_08_20_13_58,1224,1297,73,tighten leg
case66:frames1301-1339,66,Lack_Side_Table/0023_oak_table_04_02_2019_08_20_13_58,1301,1339,38,rotate table
case66:frames1349-1371,66,Lack_Side_Table/0023_oak_table_04_02_2019_08_20_13_58,1349,1371,22,pick up leg
case66:frames1448-1525,66,Lack_Side_Table/0023_oak_table_04_02_2019_08_20_13_58,1448,1525,77,align leg screw with table thread
case66:frames1525-1975,66,Lack_Side_Table/0023_oak_table_04_02_2019_08_20_13_58,1525,1975,450,spin leg
case66:frames1975-2019,66,Lack_Side_Table/0023_oak_table_04_02_2019_08_20_13_58,1975,2019,44,tighten leg
case66:frames2117-2168,66,Lack_Side_Table/0023_oak_table_04_02_2019_08_20_13_58,2117,2168,51,rotate table
case66:frames2197-2212,66,Lack_Side_Table/0023_oak_table_04_02_2019_08_20_13_58,2197,2212,15,pick up leg
case66:frames2221-2272,66,Lack_Side_Table/0023_oak_table_04_02_2019_08_20_13_58,2221,2272,51,align leg screw with table thread
case66:frames2272-2719,66,Lack_Side_Table/0023_oak_table_04_02_2019_08_20_13_58,2272,2719,447,spin leg
case66:frames2719-2863,66,Lack_Side_Table/0023_oak_table_04_02_2019_08_20_13_58,2719,2863,144,tighten leg
case66:frames2937-3131,66,Lack_Side_Table/0023_oak_table_04_02_2019_08_20_13_58,2937,3131,194,flip table
case67:frames48-101,67,Lack_Side_Table/0023_white_floor_05_02_2019_08_19_16_05,48,101,53,pick up leg
case67:frames101-157,67,Lack_Side_Table/0023_white_floor_05_02_2019_08_19_16_05,101,157,56,align leg screw with table thread
case67:frames157-717,67,Lack_Side_Table/0023_white_floor_05_02_2019_08_19_16_05,157,717,560,spin leg
case67:frames717-758,67,Lack_Side_Table/0023_white_floor_05_02_2019_08_19_16_05,717,758,41,pick up leg
case67:frames758-814,67,Lack_Side_Table/0023_white_floor_05_02_2019_08_19_16_05,758,814,56,align leg screw with table thread
case67:frames814-1398,67,Lack_Side_Table/0023_white_floor_05_02_2019_08_19_16_05,814,1398,584,spin leg
case67:frames1434-1475,67,Lack_Side_Table/0023_white_floor_05_02_2019_08_19_16_05,1434,1475,41,pick up leg
case67:frames1475-1503,67,Lack_Side_Table/0023_white_floor_05_02_2019_08_19_16_05,1475,1503,28,align leg screw with table thread
case67:frames1503-2152,67,Lack_Side_Table/0023_white_floor_05_02_2019_08_19_16_05,1503,2152,649,spin leg
case67:frames2184-2236,67,Lack_Side_Table/0023_white_floor_05_02_2019_08_19_16_05,2184,2236,52,pick up leg
case67:frames2236-2273,67,Lack_Side_Table/0023_white_floor_05_02_2019_08_19_16_05,2236,2273,37,align leg screw with table thread
case67:frames2273-2913,67,Lack_Side_Table/0023_white_floor_05_02_2019_08_19_16_05,2273,2913,640,spin leg
case67:frames2913-3135,67,Lack_Side_Table/0023_white_floor_05_02_2019_08_19_16_05,2913,3135,222,flip table
case68:frames79-117,68,Lack_Side_Table/0014_white_floor_05_02_2019_08_19_12_33,79,117,38,pick up leg
case68:frames133-401,68,Lack_Side_Table/0014_white_floor_05_02_2019_08_19_12_33,133,401,268,spin leg
case68:frames416-457,68,Lack_Side_Table/0014_white_floor_05_02_2019_08_19_12_33,416,457,41,pick up leg
case68:frames482-799,68,Lack_Side_Table/0014_white_floor_05_02_2019_08_19_12_33,482,799,317,spin leg
case68:frames830-860,68,Lack_Side_Table/0014_white_floor_05_02_2019_08_19_12_33,830,860,30,rotate table
case68:frames894-919,68,Lack_Side_Table/0014_white_floor_05_02_2019_08_19_12_33,894,919,25,pick up leg
case68:frames947-1264,68,Lack_Side_Table/0014_white_floor_05_02_2019_08_19_12_33,947,1264,317,spin leg
case68:frames1289-1340,68,Lack_Side_Table/0014_white_floor_05_02_2019_08_19_12_33,1289,1340,51,rotate table
case68:frames1348-1381,68,Lack_Side_Table/0014_white_floor_05_02_2019_08_19_12_33,1348,1381,33,pick up leg
case68:frames1384-1700,68,Lack_Side_Table/0014_white_floor_05_02_2019_08_19_12_33,1384,1700,316,spin leg
case68:frames1716-1820,68,Lack_Side_Table/0014_white_floor_05_02_2019_08_19_12_33,1716,1820,104,flip table
case69:frames33-56,69,Lack_Side_Table/0041_oak_floor_08_04_2019_08_28_12_17,33,56,23,pick up leg
case69:frames56-104,69,Lack_Side_Table/0041_oak_floor_08_04_2019_08_28_12_17,56,104,48,align leg screw with table thread
case69:frames104-448,69,Lack_Side_Table/0041_oak_floor_08_04_2019_08_28_12_17,104,448,344,spin leg
case69:frames448-483,69,Lack_Side_Table/0041_oak_floor_08_04_2019_08_28_12_17,448,483,35,pick up leg
case69:frames483-510,69,Lack_Side_Table/0041_oak_floor_08_04_2019_08_28_12_17,483,510,27,align leg screw with table thread
case69:frames510-988,69,Lack_Side_Table/0041_oak_floor_08_04_2019_08_28_12_17,510,988,478,spin leg
case69:frames988-1018,69,Lack_Side_Table/0041_oak_floor_08_04_2019_08_28_12_17,988,1018,30,rotate table
case69:frames1018-1052,69,Lack_Side_Table/0041_oak_floor_08_04_2019_08_28_12_17,1018,1052,34,pick up leg
case69:frames1052-1078,69,Lack_Side_Table/0041_oak_floor_08_04_2019_08_28_12_17,1052,1078,26,align leg screw with table thread
case69:frames1078-1616,69,Lack_Side_Table/0041_oak_floor_08_04_2019_08_28_12_17,1078,1616,538,spin leg
case69:frames1616-1640,69,Lack_Side_Table/0041_oak_floor_08_04_2019_08_28_12_17,1616,1640,24,rotate table
case69:frames1640-1665,69,Lack_Side_Table/0041_oak_floor_08_04_2019_08_28_12_17,1640,1665,25,pick up leg
case69:frames1665-1690,69,Lack_Side_Table/0041_oak_floor_08_04_2019_08_28_12_17,1665,1690,25,align leg screw with table thread
case69:frames1690-2157,69,Lack_Side_Table/0041_oak_floor_08_04_2019_08_28_12_17,1690,2157,467,spin leg
case69:frames2157-2279,69,Lack_Side_Table/0041_oak_floor_08_04_2019_08_28_12_17,2157,2279,122,flip table
case7:frames0-31,7,Lack_TV_Bench/0031_black_table_04_02_2019_08_20_14_17,0,31,31,lay down table top
case7:frames83-172,7,Lack_TV_Bench/0031_black_table_04_02_2019_08_20_14_17,83,172,89,flip table top
case7:frames179-200,7,Lack_TV_Bench/0031_black_table_04_02_2019_08_20_14_17,179,200,21,pick up leg
case7:frames201-257,7,Lack_TV_Bench/0031_black_table_04_02_2019_08_20_14_17,201,257,56,align leg screw with table thread
case7:frames258-680,7,Lack_TV_Bench/0031_black_table_04_02_2019_08_20_14_17,258,680,422,spin leg
case7:frames681-794,7,Lack_TV_Bench/0031_black_table_04_02_2019_08_20_14_17,681,794,113,rotate table
case7:frames802-837,7,Lack_TV_Bench/0031_black_table_04_02_2019_08_20_14_17,802,837,35,pick up leg
case7:frames838-872,7,Lack_TV_Bench/0031_black_table_04_02_2019_08_20_14_17,838,872,34,align leg screw with table thread
case7:frames873-1230,7,Lack_TV_Bench/0031_black_table_04_02_2019_08_20_14_17,873,1230,357,spin leg
case7:frames1231-1312,7,Lack_TV_Bench/0031_black_table_04_02_2019_08_20_14_17,1231,1312,81,rotate table
case7:frames1318-1345,7,Lack_TV_Bench/0031_black_table_04_02_2019_08_20_14_17,1318,1345,27,pick up leg
case7:frames1346-1407,7,Lack_TV_Bench/0031_black_table_04_02_2019_08_20_14_17,1346,1407,61,align leg screw with table thread
case7:frames1408-2245,7,Lack_TV_Bench/0031_black_table_04_02_2019_08_20_14_17,1408,2245,837,spin leg
case7:frames2246-2335,7,Lack_TV_Bench/0031_black_table_04_02_2019_08_20_14_17,2246,2335,89,tighten leg
case7:frames2335-2353,7,Lack_TV_Bench/0031_black_table_04_02_2019_08_20_14_17,2335,2353,18,rotate table
case7:frames2353-2468,7,Lack_TV_Bench/0031_black_table_04_02_2019_08_20_14_17,2353,2468,115,tighten leg
case7:frames2490-2506,7,Lack_TV_Bench/0031_black_table_04_02_2019_08_20_14_17,2490,2506,16,rotate table
case7:frames2527-2550,7,Lack_TV_Bench/0031_black_table_04_02_2019_08_20_14_17,2527,2550,23,pick up leg
case7:frames2551-2613,7,Lack_TV_Bench/0031_black_table_04_02_2019_08_20_14_17,2551,2613,62,align leg screw with table thread
case7:frames2614-2912,7,Lack_TV_Bench/0031_black_table_04_02_2019_08_20_14_17,2614,2912,298,spin leg
case7:frames2913-2928,7,Lack_TV_Bench/0031_black_table_04_02_2019_08_20_14_17,2913,2928,15,tighten leg
case7:frames2928-2951,7,Lack_TV_Bench/0031_black_table_04_02_2019_08_20_14_17,2928,2951,23,rotate table
case7:frames2951-3055,7,Lack_TV_Bench/0031_black_table_04_02_2019_08_20_14_17,2951,3055,104,tighten leg
case7:frames3096-3324,7,Lack_TV_Bench/0031_black_table_04_02_2019_08_20_14_17,3096,3324,228,flip table
case7:frames3340-3391,7,Lack_TV_Bench/0031_black_table_04_02_2019_08_20_14_17,3340,3391,51,pick up shelf
case7:frames3392-3603,7,Lack_TV_Bench/0031_black_table_04_02_2019_08_20_14_17,3392,3603,211,attach shelf to table
case70:frames86-181,70,Lack_Side_Table/0040_oak_floor_08_04_2019_08_28_11_52,86,181,95,pick up table top
case70:frames181-286,70,Lack_Side_Table/0040_oak_floor_08_04_2019_08_28_11_52,181,286,105,flip table top
case70:frames286-357,70,Lack_Side_Table/0040_oak_floor_08_04_2019_08_28_11_52,286,357,71,lay down table top
case70:frames357-414,70,Lack_Side_Table/0040_oak_floor_08_04_2019_08_28_11_52,357,414,57,pick up leg
case70:frames414-533,70,Lack_Side_Table/0040_oak_floor_08_04_2019_08_28_11_52,414,533,119,align leg screw with table thread
case70:frames533-829,70,Lack_Side_Table/0040_oak_floor_08_04_2019_08_28_11_52,533,829,296,spin leg
case70:frames948-1048,70,Lack_Side_Table/0040_oak_floor_08_04_2019_08_28_11_52,948,1048,100,pick up leg
case70:frames1119-1171,70,Lack_Side_Table/0040_oak_floor_08_04_2019_08_28_11_52,1119,1171,52,align leg screw with table thread
case70:frames1171-1957,70,Lack_Side_Table/0040_oak_floor_08_04_2019_08_28_11_52,1171,1957,786,spin leg
case70:frames1990-2071,70,Lack_Side_Table/0040_oak_floor_08_04_2019_08_28_11_52,1990,2071,81,pick up leg
case70:frames2071-2186,70,Lack_Side_Table/0040_oak_floor_08_04_2019_08_28_11_52,2071,2186,115,align leg screw with table thread
case70:frames2186-2695,70,Lack_Side_Table/0040_oak_floor_08_04_2019_08_28_11_52,2186,2695,509,spin leg
case70:frames2724-2762,70,Lack_Side_Table/0040_oak_floor_08_04_2019_08_28_11_52,2724,2762,38,pick up leg
case70:frames2762-2928,70,Lack_Side_Table/0040_oak_floor_08_04_2019_08_28_11_52,2762,2928,166,align leg screw with table thread
case70:frames2928-3395,70,Lack_Side_Table/0040_oak_floor_08_04_2019_08_28_11_52,2928,3395,467,spin leg
case70:frames3424-3724,70,Lack_Side_Table/0040_oak_floor_08_04_2019_08_28_11_52,3424,3724,300,flip table
case71:frames46-75,71,Lack_Side_Table/0027_white_table_04_02_2019_08_20_10_38,46,75,29,pick up leg
case71:frames83-111,71,Lack_Side_Table/0027_white_table_04_02_2019_08_20_10_38,83,111,28,align leg screw with table thread
case71:frames111-546,71,Lack_Side_Table/0027_white_table_04_02_2019_08_20_10_38,111,546,435,spin leg
case71:frames558-620,71,Lack_Side_Table/0027_white_table_04_02_2019_08_20_10_38,558,620,62,tighten leg
case71:frames658-682,71,Lack_Side_Table/0027_white_table_04_02_2019_08_20_10_38,658,682,24,pick up leg
case71:frames714-749,71,Lack_Side_Table/0027_white_table_04_02_2019_08_20_10_38,714,749,35,align leg screw with table thread
case71:frames749-1160,71,Lack_Side_Table/0027_white_table_04_02_2019_08_20_10_38,749,1160,411,spin leg
case71:frames1160-1189,71,Lack_Side_Table/0027_white_table_04_02_2019_08_20_10_38,1160,1189,29,tighten leg
case71:frames1200-1302,71,Lack_Side_Table/0027_white_table_04_02_2019_08_20_10_38,1200,1302,102,rotate table
case71:frames1309-1350,71,Lack_Side_Table/0027_white_table_04_02_2019_08_20_10_38,1309,1350,41,pick up leg
case71:frames1358-1399,71,Lack_Side_Table/0027_white_table_04_02_2019_08_20_10_38,1358,1399,41,align leg screw with table thread
case71:frames1399-1836,71,Lack_Side_Table/0027_white_table_04_02_2019_08_20_10_38,1399,1836,437,spin leg
case71:frames1852-1881,71,Lack_Side_Table/0027_white_table_04_02_2019_08_20_10_38,1852,1881,29,pick up leg
case71:frames1899-1955,71,Lack_Side_Table/0027_white_table_04_02_2019_08_20_10_38,1899,1955,56,align leg screw with table thread
case71:frames1955-2395,71,Lack_Side_Table/0027_white_table_04_02_2019_08_20_10_38,1955,2395,440,spin leg
case71:frames2395-2420,71,Lack_Side_Table/0027_white_table_04_02_2019_08_20_10_38,2395,2420,25,tighten leg
case71:frames2531-2682,71,Lack_Side_Table/0027_white_table_04_02_2019_08_20_10_38,2531,2682,151,flip table
case72:frames60-161,72,Lack_Side_Table/0025_black_floor_05_02_2019_08_19_17_12,60,161,101,flip table top
case72:frames179-203,72,Lack_Side_Table/0025_black_floor_05_02_2019_08_19_17_12,179,203,24,pick up leg
case72:frames217-245,72,Lack_Side_Table/0025_black_floor_05_02_2019_08_19_17_12,217,245,28,align leg screw with table thread
case72:frames245-736,72,Lack_Side_Table/0025_black_floor_05_02_2019_08_19_17_12,245,736,491,spin leg
case72:frames792-848,72,Lack_Side_Table/0025_black_floor_05_02_2019_08_19_17_12,792,848,56,align leg screw with table thread
case72:frames848-1251,72,Lack_Side_Table/0025_black_floor_05_02_2019_08_19_17_12,848,1251,403,spin leg
case72:frames1258-1279,72,Lack_Side_Table/0025_black_floor_05_02_2019_08_19_17_12,1258,1279,21,pick up leg
case72:frames1303-1356,72,Lack_Side_Table/0025_black_floor_05_02_2019_08_19_17_12,1303,1356,53,align leg screw with table thread
case72:frames1356-1892,72,Lack_Side_Table/0025_black_floor_05_02_2019_08_19_17_12,1356,1892,536,spin leg
case72:frames1927-1962,72,Lack_Side_Table/0025_black_floor_05_02_2019_08_19_17_12,1927,1962,35,pick up leg
case72:frames2007-2053,72,Lack_Side_Table/0025_black_floor_05_02_2019_08_19_17_12,2007,2053,46,align leg screw with table thread
case72:frames2053-2470,72,Lack_Side_Table/0025_black_floor_05_02_2019_08_19_17_12,2053,2470,417,spin leg
case72:frames2470-2589,72,Lack_Side_Table/0025_black_floor_05_02_2019_08_19_17_12,2470,2589,119,tighten leg
case72:frames2589-2743,72,Lack_Side_Table/0025_black_floor_05_02_2019_08_19_17_12,2589,2743,154,flip table
case73:frames35-168,73,Lack_Side_Table/0025_white_table_04_02_2019_08_20_13_45,35,168,133,flip table top
case73:frames182-206,73,Lack_Side_Table/0025_white_table_04_02_2019_08_20_13_45,182,206,24,pick up leg
case73:frames218-253,73,Lack_Side_Table/0025_white_table_04_02_2019_08_20_13_45,218,253,35,align leg screw with table thread
case73:frames253-643,73,Lack_Side_Table/0025_white_table_04_02_2019_08_20_13_45,253,643,390,spin leg
case73:frames671-700,73,Lack_Side_Table/0025_white_table_04_02_2019_08_20_13_45,671,700,29,pick up leg
case73:frames709-741,73,Lack_Side_Table/0025_white_table_04_02_2019_08_20_13_45,709,741,32,align leg screw with table thread
case73:frames741-1231,73,Lack_Side_Table/0025_white_table_04_02_2019_08_20_13_45,741,1231,490,spin leg
case73:frames1231-1285,73,Lack_Side_Table/0025_white_table_04_02_2019_08_20_13_45,1231,1285,54,pick up leg
case73:frames1311-1336,73,Lack_Side_Table/0025_white_table_04_02_2019_08_20_13_45,1311,1336,25,align leg screw with table thread
case73:frames1336-1792,73,Lack_Side_Table/0025_white_table_04_02_2019_08_20_13_45,1336,1792,456,spin leg
case73:frames1801-1833,73,Lack_Side_Table/0025_white_table_04_02_2019_08_20_13_45,1801,1833,32,pick up leg
case73:frames1833-1871,73,Lack_Side_Table/0025_white_table_04_02_2019_08_20_13_45,1833,1871,38,align leg screw with table thread
case73:frames1871-2279,73,Lack_Side_Table/0025_white_table_04_02_2019_08_20_13_45,1871,2279,408,spin leg
case73:frames2279-2453,73,Lack_Side_Table/0025_white_table_04_02_2019_08_20_13_45,2279,2453,174,flip table
case74:frames119-167,74,Lack_Side_Table/0014_black_floor_08_04_2019_08_28_11_00,119,167,48,pick up leg
case74:frames167-198,74,Lack_Side_Table/0014_black_floor_08_04_2019_08_28_11_00,167,198,31,align leg screw with table thread
case74:frames198-482,74,Lack_Side_Table/0014_black_floor_08_04_2019_08_28_11_00,198,482,284,spin leg
case74:frames482-552,74,Lack_Side_Table/0014_black_floor_08_04_2019_08_28_11_00,482,552,70,pick up leg
case74:frames552-582,74,Lack_Side_Table/0014_black_floor_08_04_2019_08_28_11_00,552,582,30,align leg screw with table thread
case74:frames582-823,74,Lack_Side_Table/0014_black_floor_08_04_2019_08_28_11_00,582,823,241,spin leg
case74:frames823-910,74,Lack_Side_Table/0014_black_floor_08_04_2019_08_28_11_00,823,910,87,rotate table
case74:frames910-940,74,Lack_Side_Table/0014_black_floor_08_04_2019_08_28_11_00,910,940,30,pick up leg
case74:frames940-960,74,Lack_Side_Table/0014_black_floor_08_04_2019_08_28_11_00,940,960,20,align leg screw with table thread
case74:frames960-1203,74,Lack_Side_Table/0014_black_floor_08_04_2019_08_28_11_00,960,1203,243,spin leg
case74:frames1271-1286,74,Lack_Side_Table/0014_black_floor_08_04_2019_08_28_11_00,1271,1286,15,rotate table
case74:frames1286-1316,74,Lack_Side_Table/0014_black_floor_08_04_2019_08_28_11_00,1286,1316,30,pick up leg
case74:frames1316-1338,74,Lack_Side_Table/0014_black_floor_08_04_2019_08_28_11_00,1316,1338,22,align leg screw with table thread
case74:frames1338-1542,74,Lack_Side_Table/0014_black_floor_08_04_2019_08_28_11_00,1338,1542,204,spin leg
case74:frames1542-1644,74,Lack_Side_Table/0014_black_floor_08_04_2019_08_28_11_00,1542,1644,102,flip table
case75:frames54-87,75,Lack_Side_Table/0007_white_floor_08_04_2019_08_28_10_45,54,87,33,pick up leg
case75:frames110-402,75,Lack_Side_Table/0007_white_floor_08_04_2019_08_28_10_45,110,402,292,spin leg
case75:frames412-487,75,Lack_Side_Table/0007_white_floor_08_04_2019_08_28_10_45,412,487,75,tighten leg
case75:frames487-499,75,Lack_Side_Table/0007_white_floor_08_04_2019_08_28_10_45,487,499,12,pick up leg
case75:frames499-703,75,Lack_Side_Table/0007_white_floor_08_04_2019_08_28_10_45,499,703,204,spin leg
case75:frames777-868,75,Lack_Side_Table/0007_white_floor_08_04_2019_08_28_10_45,777,868,91,rotate table
case75:frames868-881,75,Lack_Side_Table/0007_white_floor_08_04_2019_08_28_10_45,868,881,13,pick up leg
case75:frames881-1117,75,Lack_Side_Table/0007_white_floor_08_04_2019_08_28_10_45,881,1117,236,spin leg
case75:frames1192-1229,75,Lack_Side_Table/0007_white_floor_08_04_2019_08_28_10_45,1192,1229,37,pick up leg
case75:frames1229-1389,75,Lack_Side_Table/0007_white_floor_08_04_2019_08_28_10_45,1229,1389,160,spin leg
case75:frames1496-1583,75,Lack_Side_Table/0007_white_floor_08_04_2019_08_28_10_45,1496,1583,87,flip table
case76:frames70-91,76,Lack_Side_Table/0008_black_floor_08_04_2019_08_28_11_24,70,91,21,pick up table top
case76:frames91-132,76,Lack_Side_Table/0008_black_floor_08_04_2019_08_28_11_24,91,132,41,flip table top
case76:frames169-191,76,Lack_Side_Table/0008_black_floor_08_04_2019_08_28_11_24,169,191,22,pick up leg
case76:frames191-223,76,Lack_Side_Table/0008_black_floor_08_04_2019_08_28_11_24,191,223,32,align leg screw with table thread
case76:frames223-393,76,Lack_Side_Table/0008_black_floor_08_04_2019_08_28_11_24,223,393,170,spin leg
case76:frames393-422,76,Lack_Side_Table/0008_black_floor_08_04_2019_08_28_11_24,393,422,29,tighten leg
case76:frames481-508,76,Lack_Side_Table/0008_black_floor_08_04_2019_08_28_11_24,481,508,27,pick up leg
case76:frames508-518,76,Lack_Side_Table/0008_black_floor_08_04_2019_08_28_11_24,508,518,10,align leg screw with table thread
case76:frames518-815,76,Lack_Side_Table/0008_black_floor_08_04_2019_08_28_11_24,518,815,297,spin leg
case76:frames833-866,76,Lack_Side_Table/0008_black_floor_08_04_2019_08_28_11_24,833,866,33,pick up leg
case76:frames866-896,76,Lack_Side_Table/0008_black_floor_08_04_2019_08_28_11_24,866,896,30,align leg screw with table thread
case76:frames896-1195,76,Lack_Side_Table/0008_black_floor_08_04_2019_08_28_11_24,896,1195,299,spin leg
case76:frames1202-1241,76,Lack_Side_Table/0008_black_floor_08_04_2019_08_28_11_24,1202,1241,39,rotate table
case76:frames1251-1284,76,Lack_Side_Table/0008_black_floor_08_04_2019_08_28_11_24,1251,1284,33,pick up leg
case76:frames1284-1314,76,Lack_Side_Table/0008_black_floor_08_04_2019_08_28_11_24,1284,1314,30,align leg screw with table thread
case76:frames1314-1565,76,Lack_Side_Table/0008_black_floor_08_04_2019_08_28_11_24,1314,1565,251,spin leg
case76:frames1565-1610,76,Lack_Side_Table/0008_black_floor_08_04_2019_08_28_11_24,1565,1610,45,tighten leg
case76:frames1627-1751,76,Lack_Side_Table/0008_black_floor_08_04_2019_08_28_11_24,1627,1751,124,flip table
case77:frames58-131,77,Lack_Side_Table/0039_white_floor_08_04_2019_08_28_10_40,58,131,73,pick up table top
case77:frames131-148,77,Lack_Side_Table/0039_white_floor_08_04_2019_08_28_10_40,131,148,17,pick up leg
case77:frames148-178,77,Lack_Side_Table/0039_white_floor_08_04_2019_08_28_10_40,148,178,30,align leg screw with table thread
case77:frames178-462,77,Lack_Side_Table/0039_white_floor_08_04_2019_08_28_10_40,178,462,284,spin leg
case77:frames462-517,77,Lack_Side_Table/0039_white_floor_08_04_2019_08_28_10_40,462,517,55,rotate table
case77:frames517-538,77,Lack_Side_Table/0039_white_floor_08_04_2019_08_28_10_40,517,538,21,pick up leg
case77:frames538-552,77,Lack_Side_Table/0039_white_floor_08_04_2019_08_28_10_40,538,552,14,align leg screw with table thread
case77:frames552-840,77,Lack_Side_Table/0039_white_floor_08_04_2019_08_28_10_40,552,840,288,spin leg
case77:frames840-877,77,Lack_Side_Table/0039_white_floor_08_04_2019_08_28_10_40,840,877,37,rotate table
case77:frames877-926,77,Lack_Side_Table/0039_white_floor_08_04_2019_08_28_10_40,877,926,49,pick up leg
case77:frames926-951,77,Lack_Side_Table/0039_white_floor_08_04_2019_08_28_10_40,926,951,25,align leg screw with table thread
case77:frames951-1231,77,Lack_Side_Table/0039_white_floor_08_04_2019_08_28_10_40,951,1231,280,spin leg
case77:frames1231-1254,77,Lack_Side_Table/0039_white_floor_08_04_2019_08_28_10_40,1231,1254,23,rotate table
case77:frames1259-1297,77,Lack_Side_Table/0039_white_floor_08_04_2019_08_28_10_40,1259,1297,38,pick up leg
case77:frames1297-1321,77,Lack_Side_Table/0039_white_floor_08_04_2019_08_28_10_40,1297,1321,24,align leg screw with table thread
case77:frames1321-1621,77,Lack_Side_Table/0039_white_floor_08_04_2019_08_28_10_40,1321,1621,300,spin leg
case77:frames1621-1739,77,Lack_Side_Table/0039_white_floor_08_04_2019_08_28_10_40,1621,1739,118,flip table
case78:frames78-135,78,Lack_Side_Table/0004_white_floor_08_04_2019_08_28_10_53,78,135,57,flip table top
case78:frames190-235,78,Lack_Side_Table/0004_white_floor_08_04_2019_08_28_10_53,190,235,45,align leg screw with table thread
case78:frames235-506,78,Lack_Side_Table/0004_white_floor_08_04_2019_08_28_10_53,235,506,271,spin leg
case78:frames506-575,78,Lack_Side_Table/0004_white_floor_08_04_2019_08_28_10_53,506,575,69,pick up leg
case78:frames575-592,78,Lack_Side_Table/0004_white_floor_08_04_2019_08_28_10_53,575,592,17,align leg screw with table thread
case78:frames592-899,78,Lack_Side_Table/0004_white_floor_08_04_2019_08_28_10_53,592,899,307,spin leg
case78:frames899-941,78,Lack_Side_Table/0004_white_floor_08_04_2019_08_28_10_53,899,941,42,pick up leg
case78:frames941-953,78,Lack_Side_Table/0004_white_floor_08_04_2019_08_28_10_53,941,953,12,align leg screw with table thread
case78:frames953-1293,78,Lack_Side_Table/0004_white_floor_08_04_2019_08_28_10_53,953,1293,340,spin leg
case78:frames1293-1324,78,Lack_Side_Table/0004_white_floor_08_04_2019_08_28_10_53,1293,1324,31,pick up leg
case78:frames1324-1376,78,Lack_Side_Table/0004_white_floor_08_04_2019_08_28_10_53,1324,1376,52,align leg screw with table thread
case78:frames1376-1702,78,Lack_Side_Table/0004_white_floor_08_04_2019_08_28_10_53,1376,1702,326,spin leg
case78:frames1702-1866,78,Lack_Side_Table/0004_white_floor_08_04_2019_08_28_10_53,1702,1866,164,flip table
case79:frames75-121,79,Lack_Side_Table/0018_white_table_02_01_2019_08_16_10_07_Allstar_Richard_Hartley,75,121,46,pick up leg
case79:frames121-185,79,Lack_Side_Table/0018_white_table_02_01_2019_08_16_10_07_Allstar_Richard_Hartley,121,185,64,align leg screw with table thread
case79:frames185-460,79,Lack_Side_Table/0018_white_table_02_01_2019_08_16_10_07_Allstar_Richard_Hartley,185,460,275,spin leg
case79:frames473-501,79,Lack_Side_Table/0018_white_table_02_01_2019_08_16_10_07_Allstar_Richard_Hartley,473,501,28,pick up leg
case79:frames501-582,79,Lack_Side_Table/0018_white_table_02_01_2019_08_16_10_07_Allstar_Richard_Hartley,501,582,81,align leg screw with table thread
case79:frames582-798,79,Lack_Side_Table/0018_white_table_02_01_2019_08_16_10_07_Allstar_Richard_Hartley,582,798,216,spin leg
case79:frames813-846,79,Lack_Side_Table/0018_white_table_02_01_2019_08_16_10_07_Allstar_Richard_Hartley,813,846,33,pick up leg
case79:frames846-888,79,Lack_Side_Table/0018_white_table_02_01_2019_08_16_10_07_Allstar_Richard_Hartley,846,888,42,align leg screw with table thread
case79:frames888-1097,79,Lack_Side_Table/0018_white_table_02_01_2019_08_16_10_07_Allstar_Richard_Hartley,888,1097,209,spin leg
case79:frames1119-1145,79,Lack_Side_Table/0018_white_table_02_01_2019_08_16_10_07_Allstar_Richard_Hartley,1119,1145,26,pick up leg
case79:frames1145-1202,79,Lack_Side_Table/0018_white_table_02_01_2019_08_16_10_07_Allstar_Richard_Hartley,1145,1202,57,align leg screw with table thread
case79:frames1202-1611,79,Lack_Side_Table/0018_white_table_02_01_2019_08_16_10_07_Allstar_Richard_Hartley,1202,1611,409,spin leg
case79:frames1611-1695,79,Lack_Side_Table/0018_white_table_02_01_2019_08_16_10_07_Allstar_Richard_Hartley,1611,1695,84,tighten leg
case79:frames1707-1979,79,Lack_Side_Table/0018_white_table_02_01_2019_08_16_10_07_Allstar_Richard_Hartley,1707,1979,272,spin leg
case79:frames1979-2062,79,Lack_Side_Table/0018_white_table_02_01_2019_08_16_10_07_Allstar_Richard_Hartley,1979,2062,83,tighten leg
case79:frames2078-2109,79,Lack_Side_Table/0018_white_table_02_01_2019_08_16_10_07_Allstar_Richard_Hartley,2078,2109,31,rotate table
case79:frames2109-2511,79,Lack_Side_Table/0018_white_table_02_01_2019_08_16_10_07_Allstar_Richard_Hartley,2109,2511,402,spin leg
case79:frames2516-2572,79,Lack_Side_Table/0018_white_table_02_01_2019_08_16_10_07_Allstar_Richard_Hartley,2516,2572,56,rotate table
case79:frames2572-2820,79,Lack_Side_Table/0018_white_table_02_01_2019_08_16_10_07_Allstar_Richard_Hartley,2572,2820,248,spin leg
case79:frames2820-3025,79,Lack_Side_Table/0018_white_table_02_01_2019_08_16_10_07_Allstar_Richard_Hartley,2820,3025,205,tighten leg
case79:frames3030-3157,79,Lack_Side_Table/0018_white_table_02_01_2019_08_16_10_07_Allstar_Richard_Hartley,3030,3157,127,flip table
case8:frames146-168,8,Lack_TV_Bench/0005_black_floor_08_04_2019_08_28_11_17,146,168,22,pick up leg
case8:frames168-614,8,Lack_TV_Bench/0005_black_floor_08_04_2019_08_28_11_17,168,614,446,spin leg
case8:frames614-674,8,Lack_TV_Bench/0005_black_floor_08_04_2019_08_28_11_17,614,674,60,pick up leg
case8:frames674-715,8,Lack_TV_Bench/0005_black_floor_08_04_2019_08_28_11_17,674,715,41,align leg screw with table thread
case8:frames715-959,8,Lack_TV_Bench/0005_black_floor_08_04_2019_08_28_11_17,715,959,244,spin leg
case8:frames1111-1133,8,Lack_TV_Bench/0005_black_floor_08_04_2019_08_28_11_17,1111,1133,22,pick up leg
case8:frames1133-1171,8,Lack_TV_Bench/0005_black_floor_08_04_2019_08_28_11_17,1133,1171,38,align leg screw with table thread
case8:frames1171-1482,8,Lack_TV_Bench/0005_black_floor_08_04_2019_08_28_11_17,1171,1482,311,spin leg
case8:frames1482-1611,8,Lack_TV_Bench/0005_black_floor_08_04_2019_08_28_11_17,1482,1611,129,pick up leg
case8:frames1611-1640,8,Lack_TV_Bench/0005_black_floor_08_04_2019_08_28_11_17,1611,1640,29,align leg screw with table thread
case8:frames1640-1979,8,Lack_TV_Bench/0005_black_floor_08_04_2019_08_28_11_17,1640,1979,339,spin leg
case8:frames1979-2143,8,Lack_TV_Bench/0005_black_floor_08_04_2019_08_28_11_17,1979,2143,164,flip table
case8:frames2143-2191,8,Lack_TV_Bench/0005_black_floor_08_04_2019_08_28_11_17,2143,2191,48,pick up shelf
case8:frames2191-2320,8,Lack_TV_Bench/0005_black_floor_08_04_2019_08_28_11_17,2191,2320,129,attach shelf to table
case80:frames60-78,80,Lack_Side_Table/0001_oak_floor_05_02_2019_08_19_16_44,60,78,18,pick up leg
case80:frames78-126,80,Lack_Side_Table/0001_oak_floor_05_02_2019_08_19_16_44,78,126,48,align leg screw with table thread
case80:frames126-438,80,Lack_Side_Table/0001_oak_floor_05_02_2019_08_19_16_44,126,438,312,spin leg
case80:frames445-474,80,Lack_Side_Table/0001_oak_floor_05_02_2019_08_19_16_44,445,474,29,tighten leg
case80:frames491-528,80,Lack_Side_Table/0001_oak_floor_05_02_2019_08_19_16_44,491,528,37,pick up leg
case80:frames528-578,80,Lack_Side_Table/0001_oak_floor_05_02_2019_08_19_16_44,528,578,50,align leg screw with table thread
case80:frames578-911,80,Lack_Side_Table/0001_oak_floor_05_02_2019_08_19_16_44,578,911,333,spin leg
case80:frames911-947,80,Lack_Side_Table/0001_oak_floor_05_02_2019_08_19_16_44,911,947,36,tighten leg
case80:frames947-1003,80,Lack_Side_Table/0001_oak_floor_05_02_2019_08_19_16_44,947,1003,56,rotate table
case80:frames1003-1030,80,Lack_Side_Table/0001_oak_floor_05_02_2019_08_19_16_44,1003,1030,27,pick up leg
case80:frames1030-1067,80,Lack_Side_Table/0001_oak_floor_05_02_2019_08_19_16_44,1030,1067,37,align leg screw with table thread
case80:frames1067-1604,80,Lack_Side_Table/0001_oak_floor_05_02_2019_08_19_16_44,1067,1604,537,spin leg
case80:frames1604-1686,80,Lack_Side_Table/0001_oak_floor_05_02_2019_08_19_16_44,1604,1686,82,rotate table
case80:frames1706-1727,80,Lack_Side_Table/0001_oak_floor_05_02_2019_08_19_16_44,1706,1727,21,pick up leg
case80:frames1727-1770,80,Lack_Side_Table/0001_oak_floor_05_02_2019_08_19_16_44,1727,1770,43,align leg screw with table thread
case80:frames1770-2126,80,Lack_Side_Table/0001_oak_floor_05_02_2019_08_19_16_44,1770,2126,356,spin leg
case80:frames2126-2175,80,Lack_Side_Table/0001_oak_floor_05_02_2019_08_19_16_44,2126,2175,49,tighten leg
case80:frames2175-2216,80,Lack_Side_Table/0001_oak_floor_05_02_2019_08_19_16_44,2175,2216,41,rotate table
case80:frames2239-2308,80,Lack_Side_Table/0001_oak_floor_05_02_2019_08_19_16_44,2239,2308,69,flip table
case81:frames205-229,81,Lack_Side_Table/0020_oak_floor_05_02_2019_08_19_12_49,205,229,24,pick up leg
case81:frames229-282,81,Lack_Side_Table/0020_oak_floor_05_02_2019_08_19_12_49,229,282,53,align leg screw with table thread
case81:frames282-716,81,Lack_Side_Table/0020_oak_floor_05_02_2019_08_19_12_49,282,716,434,spin leg
case81:frames737-767,81,Lack_Side_Table/0020_oak_floor_05_02_2019_08_19_12_49,737,767,30,pick up leg
case81:frames767-810,81,Lack_Side_Table/0020_oak_floor_05_02_2019_08_19_12_49,767,810,43,align leg screw with table thread
case81:frames810-1247,81,Lack_Side_Table/0020_oak_floor_05_02_2019_08_19_12_49,810,1247,437,spin leg
case81:frames1271-1309,81,Lack_Side_Table/0020_oak_floor_05_02_2019_08_19_12_49,1271,1309,38,pick up leg
case81:frames1309-1388,81,Lack_Side_Table/0020_oak_floor_05_02_2019_08_19_12_49,1309,1388,79,align leg screw with table thread
case81:frames1388-1806,81,Lack_Side_Table/0020_oak_floor_05_02_2019_08_19_12_49,1388,1806,418,spin leg
case81:frames1839-1893,81,Lack_Side_Table/0020_oak_floor_05_02_2019_08_19_12_49,1839,1893,54,pick up leg
case81:frames1893-1943,81,Lack_Side_Table/0020_oak_floor_05_02_2019_08_19_12_49,1893,1943,50,align leg screw with table thread
case81:frames1943-2332,81,Lack_Side_Table/0020_oak_floor_05_02_2019_08_19_12_49,1943,2332,389,spin leg
case81:frames2481-2585,81,Lack_Side_Table/0020_oak_floor_05_02_2019_08_19_12_49,2481,2585,104,flip table
case82:frames81-120,82,Lack_Side_Table/0006_black_floor_05_02_2019_08_19_16_23,81,120,39,pick up leg
case82:frames120-170,82,Lack_Side_Table/0006_black_floor_05_02_2019_08_19_16_23,120,170,50,align leg screw with table thread
case82:frames170-609,82,Lack_Side_Table/0006_black_floor_05_02_2019_08_19_16_23,170,609,439,spin leg
case82:frames609-690,82,Lack_Side_Table/0006_black_floor_05_02_2019_08_19_16_23,609,690,81,tighten leg
case82:frames690-740,82,Lack_Side_Table/0006_black_floor_05_02_2019_08_19_16_23,690,740,50,pick up leg
case82:frames740-803,82,Lack_Side_Table/0006_black_floor_05_02_2019_08_19_16_23,740,803,63,align leg screw with table thread
case82:frames803-1207,82,Lack_Side_Table/0006_black_floor_05_02_2019_08_19_16_23,803,1207,404,spin leg
case82:frames1207-1299,82,Lack_Side_Table/0006_black_floor_05_02_2019_08_19_16_23,1207,1299,92,tighten leg
case82:frames1299-1412,82,Lack_Side_Table/0006_black_floor_05_02_2019_08_19_16_23,1299,1412,113,rotate table
case82:frames1412-1465,82,Lack_Side_Table/0006_black_floor_05_02_2019_08_19_16_23,1412,1465,53,pick up leg
case82:frames1465-1546,82,Lack_Side_Table/0006_black_floor_05_02_2019_08_19_16_23,1465,1546,81,align leg screw with table thread
case82:frames1546-1989,82,Lack_Side_Table/0006_black_floor_05_02_2019_08_19_16_23,1546,1989,443,spin leg
case82:frames1989-2067,82,Lack_Side_Table/0006_black_floor_05_02_2019_08_19_16_23,1989,2067,78,tighten leg
case82:frames2067-2130,82,Lack_Side_Table/0006_black_floor_05_02_2019_08_19_16_23,2067,2130,63,pick up leg
case82:frames2130-2169,82,Lack_Side_Table/0006_black_floor_05_02_2019_08_19_16_23,2130,2169,39,align leg screw with table thread
case82:frames2169-2516,82,Lack_Side_Table/0006_black_floor_05_02_2019_08_19_16_23,2169,2516,347,spin leg
case82:frames2516-2583,82,Lack_Side_Table/0006_black_floor_05_02_2019_08_19_16_23,2516,2583,67,tighten leg
case82:frames2583-2753,82,Lack_Side_Table/0006_black_floor_05_02_2019_08_19_16_23,2583,2753,170,flip table
case83:frames61-209,83,Lack_Side_Table/0030_oak_table_04_02_2019_08_20_12_05,61,209,148,flip table top
case83:frames209-246,83,Lack_Side_Table/0030_oak_table_04_02_2019_08_20_12_05,209,246,37,pick up leg
case83:frames246-287,83,Lack_Side_Table/0030_oak_table_04_02_2019_08_20_12_05,246,287,41,align leg screw with table thread
case83:frames287-766,83,Lack_Side_Table/0030_oak_table_04_02_2019_08_20_12_05,287,766,479,spin leg
case83:frames779-810,83,Lack_Side_Table/0030_oak_table_04_02_2019_08_20_12_05,779,810,31,pick up leg
case83:frames810-857,83,Lack_Side_Table/0030_oak_table_04_02_2019_08_20_12_05,810,857,47,align leg screw with table thread
case83:frames857-1332,83,Lack_Side_Table/0030_oak_table_04_02_2019_08_20_12_05,857,1332,475,spin leg
case83:frames1332-1424,83,Lack_Side_Table/0030_oak_table_04_02_2019_08_20_12_05,1332,1424,92,rotate table
case83:frames1424-1467,83,Lack_Side_Table/0030_oak_table_04_02_2019_08_20_12_05,1424,1467,43,pick up leg
case83:frames1467-1504,83,Lack_Side_Table/0030_oak_table_04_02_2019_08_20_12_05,1467,1504,37,align leg screw with table thread
case83:frames1504-1879,83,Lack_Side_Table/0030_oak_table_04_02_2019_08_20_12_05,1504,1879,375,spin leg
case83:frames1879-1933,83,Lack_Side_Table/0030_oak_table_04_02_2019_08_20_12_05,1879,1933,54,tighten leg
case83:frames1933-2000,83,Lack_Side_Table/0030_oak_table_04_02_2019_08_20_12_05,1933,2000,67,rotate table
case83:frames2000-2044,83,Lack_Side_Table/0030_oak_table_04_02_2019_08_20_12_05,2000,2044,44,pick up leg
case83:frames2044-2088,83,Lack_Side_Table/0030_oak_table_04_02_2019_08_20_12_05,2044,2088,44,align leg screw with table thread
case83:frames2088-2385,83,Lack_Side_Table/0030_oak_table_04_02_2019_08_20_12_05,2088,2385,297,spin leg
case83:frames2385-2459,83,Lack_Side_Table/0030_oak_table_04_02_2019_08_20_12_05,2385,2459,74,tighten leg
case84:frames63-124,84,Lack_Side_Table/0005_black_floor_08_04_2019_08_28_11_15,63,124,61,pick up table top
case84:frames124-174,84,Lack_Side_Table/0005_black_floor_08_04_2019_08_28_11_15,124,174,50,flip table top
case84:frames174-218,84,Lack_Side_Table/0005_black_floor_08_04_2019_08_28_11_15,174,218,44,pick up leg
case84:frames218-247,84,Lack_Side_Table/0005_black_floor_08_04_2019_08_28_11_15,218,247,29,align leg screw with table thread
case84:frames247-542,84,Lack_Side_Table/0005_black_floor_08_04_2019_08_28_11_15,247,542,295,spin leg
case84:frames542-576,84,Lack_Side_Table/0005_black_floor_08_04_2019_08_28_11_15,542,576,34,pick up leg
case84:frames576-615,84,Lack_Side_Table/0005_black_floor_08_04_2019_08_28_11_15,576,615,39,align leg screw with table thread
case84:frames615-968,84,Lack_Side_Table/0005_black_floor_08_04_2019_08_28_11_15,615,968,353,spin leg
case84:frames968-1012,84,Lack_Side_Table/0005_black_floor_08_04_2019_08_28_11_15,968,1012,44,pick up leg
case84:frames1012-1054,84,Lack_Side_Table/0005_black_floor_08_04_2019_08_28_11_15,1012,1054,42,align leg screw with table thread
case84:frames1054-1370,84,Lack_Side_Table/0005_black_floor_08_04_2019_08_28_11_15,1054,1370,316,spin leg
case84:frames1370-1412,84,Lack_Side_Table/0005_black_floor_08_04_2019_08_28_11_15,1370,1412,42,pick up leg
case84:frames1412-1457,84,Lack_Side_Table/0005_black_floor_08_04_2019_08_28_11_15,1412,1457,45,align leg screw with table thread
case84:frames1457-1775,84,Lack_Side_Table/0005_black_floor_08_04_2019_08_28_11_15,1457,1775,318,spin leg
case84:frames1775-2053,84,Lack_Side_Table/0005_black_floor_08_04_2019_08_28_11_15,1775,2053,278,other
case85:frames76-125,85,Lack_Side_Table/0021_black_floor_05_02_2019_08_19_13_04,76,125,49,pick up leg
case85:frames125-188,85,Lack_Side_Table/0021_black_floor_05_02_2019_08_19_13_04,125,188,63,align leg screw with table thread
case85:frames188-541,85,Lack_Side_Table/0021_black_floor_05_02_2019_08_19_13_04,188,541,353,spin leg
case85:frames560-604,85,Lack_Side_Table/0021_black_floor_05_02_2019_08_19_13_04,560,604,44,pick up leg
case85:frames604-644,85,Lack_Side_Table/0021_black_floor_05_02_2019_08_19_13_04,604,644,40,align leg screw with table thread
case85:frames644-1089,85,Lack_Side_Table/0021_black_floor_05_02_2019_08_19_13_04,644,1089,445,spin leg
case85:frames1105-1146,85,Lack_Side_Table/0021_black_floor_05_02_2019_08_19_13_04,1105,1146,41,pick up leg
case85:frames1146-1195,85,Lack_Side_Table/0021_black_floor_05_02_2019_08_19_13_04,1146,1195,49,align leg screw with table thread
case85:frames1195-1580,85,Lack_Side_Table/0021_black_floor_05_02_2019_08_19_13_04,1195,1580,385,spin leg
case85:frames1617-1639,85,Lack_Side_Table/0021_black_floor_05_02_2019_08_19_13_04,1617,1639,22,rotate table
case85:frames1639-1682,85,Lack_Side_Table/0021_black_floor_05_02_2019_08_19_13_04,1639,1682,43,pick up leg
case85:frames1682-1709,85,Lack_Side_Table/0021_black_floor_05_02_2019_08_19_13_04,1682,1709,27,align leg screw with table thread
case85:frames1709-2020,85,Lack_Side_Table/0021_black_floor_05_02_2019_08_19_13_04,1709,2020,311,spin leg
case85:frames2055-2139,85,Lack_Side_Table/0021_black_floor_05_02_2019_08_19_13_04,2055,2139,84,flip table
case86:frames93-108,86,Lack_Side_Table/0028_black_table_04_02_2019_08_20_11_09,93,108,15,rotate table
case86:frames163-185,86,Lack_Side_Table/0028_black_table_04_02_2019_08_20_11_09,163,185,22,pick up leg
case86:frames186-243,86,Lack_Side_Table/0028_black_table_04_02_2019_08_20_11_09,186,243,57,align leg screw with table thread
case86:frames244-693,86,Lack_Side_Table/0028_black_table_04_02_2019_08_20_11_09,244,693,449,spin leg
case86:frames733-755,86,Lack_Side_Table/0028_black_table_04_02_2019_08_20_11_09,733,755,22,pick up leg
case86:frames756-798,86,Lack_Side_Table/0028_black_table_04_02_2019_08_20_11_09,756,798,42,align leg screw with table thread
case86:frames799-1278,86,Lack_Side_Table/0028_black_table_04_02_2019_08_20_11_09,799,1278,479,spin leg
case86:frames1319-1345,86,Lack_Side_Table/0028_black_table_04_02_2019_08_20_11_09,1319,1345,26,pick up leg
case86:frames1346-1385,86,Lack_Side_Table/0028_black_table_04_02_2019_08_20_11_09,1346,1385,39,align leg screw with table thread
case86:frames1386-2102,86,Lack_Side_Table/0028_black_table_04_02_2019_08_20_11_09,1386,2102,716,spin leg
case86:frames2112-2139,86,Lack_Side_Table/0028_black_table_04_02_2019_08_20_11_09,2112,2139,27,pick up leg
case86:frames2140-2175,86,Lack_Side_Table/0028_black_table_04_02_2019_08_20_11_09,2140,2175,35,align leg screw with table thread
case86:frames2183-2709,86,Lack_Side_Table/0028_black_table_04_02_2019_08_20_11_09,2183,2709,526,spin leg
case86:frames2745-2845,86,Lack_Side_Table/0028_black_table_04_02_2019_08_20_11_09,2745,2845,100,flip table
case87:frames107-128,87,Lack_Side_Table/0022_oak_floor_05_02_2019_08_19_15_44,107,128,21,pick up leg
case87:frames128-592,87,Lack_Side_Table/0022_oak_floor_05_02_2019_08_19_15_44,128,592,464,spin leg
case87:frames1297-1362,87,Lack_Side_Table/0022_oak_floor_05_02_2019_08_19_15_44,1297,1362,65,pick up leg
case87:frames1362-2281,87,Lack_Side_Table/0022_oak_floor_05_02_2019_08_19_15_44,1362,2281,919,spin leg
case87:frames2502-2581,87,Lack_Side_Table/0022_oak_floor_05_02_2019_08_19_15_44,2502,2581,79,rotate table
case87:frames2581-2659,87,Lack_Side_Table/0022_oak_floor_05_02_2019_08_19_15_44,2581,2659,78,pick up leg
case87:frames2659-3115,87,Lack_Side_Table/0022_oak_floor_05_02_2019_08_19_15_44,2659,3115,456,spin leg
case87:frames3728-3800,87,Lack_Side_Table/0022_oak_floor_05_02_2019_08_19_15_44,3728,3800,72,rotate table
case87:frames3800-4320,87,Lack_Side_Table/0022_oak_floor_05_02_2019_08_19_15_44,3800,4320,520,spin leg
case87:frames5418-5595,87,Lack_Side_Table/0022_oak_floor_05_02_2019_08_19_15_44,5418,5595,177,flip table
case88:frames76-151,88,Kallax_Shelf_Drawer/0006_oak_floor_05_02_2019_08_19_16_40,76,151,75,pick up side panel
case88:frames151-284,88,Kallax_Shelf_Drawer/0006_oak_floor_05_02_2019_08_19_16_40,151,284,133,align side panel holes with front panel dowels
case88:frames284-332,88,Kallax_Shelf_Drawer/0006_oak_floor_05_02_2019_08_19_16_40,284,332,48,attach drawer side panel
case88:frames335-372,88,Kallax_Shelf_Drawer/0006_oak_floor_05_02_2019_08_19_16_40,335,372,37,pick up side panel
case88:frames372-459,88,Kallax_Shelf_Drawer/0006_oak_floor_05_02_2019_08_19_16_40,372,459,87,align side panel holes with front panel dowels
case88:frames459-551,88,Kallax_Shelf_Drawer/0006_oak_floor_05_02_2019_08_19_16_40,459,551,92,attach drawer side panel
case88:frames551-619,88,Kallax_Shelf_Drawer/0006_oak_floor_05_02_2019_08_19_16_40,551,619,68,pick up bottom panel
case88:frames619-900,88,Kallax_Shelf_Drawer/0006_oak_floor_05_02_2019_08_19_16_40,619,900,281,slide bottom of drawer
case88:frames900-944,88,Kallax_Shelf_Drawer/0006_oak_floor_05_02_2019_08_19_16_40,900,944,44,pick up back panel
case88:frames944-1119,88,Kallax_Shelf_Drawer/0006_oak_floor_05_02_2019_08_19_16_40,944,1119,175,attach drawer back panel
case88:frames1119-1167,88,Kallax_Shelf_Drawer/0006_oak_floor_05_02_2019_08_19_16_40,1119,1167,48,pick up pin
case88:frames1167-1296,88,Kallax_Shelf_Drawer/0006_oak_floor_05_02_2019_08_19_16_40,1167,1296,129,insert drawer pin
case88:frames1296-1432,88,Kallax_Shelf_Drawer/0006_oak_floor_05_02_2019_08_19_16_40,1296,1432,136,position the drawer right side up
case89:frames70-125,89,Kallax_Shelf_Drawer/0007_white_floor_08_04_2019_08_28_10_51,70,125,55,pick up side panel
case89:frames125-314,89,Kallax_Shelf_Drawer/0007_white_floor_08_04_2019_08_28_10_51,125,314,189,attach drawer side panel
case89:frames314-360,89,Kallax_Shelf_Drawer/0007_white_floor_08_04_2019_08_28_10_51,314,360,46,pick up side panel
case89:frames360-451,89,Kallax_Shelf_Drawer/0007_white_floor_08_04_2019_08_28_10_51,360,451,91,attach drawer side panel
case89:frames451-533,89,Kallax_Shelf_Drawer/0007_white_floor_08_04_2019_08_28_10_51,451,533,82,pick up bottom panel
case89:frames533-662,89,Kallax_Shelf_Drawer/0007_white_floor_08_04_2019_08_28_10_51,533,662,129,slide bottom of drawer
case89:frames662-705,89,Kallax_Shelf_Drawer/0007_white_floor_08_04_2019_08_28_10_51,662,705,43,pick up front panel
case89:frames705-904,89,Kallax_Shelf_Drawer/0007_white_floor_08_04_2019_08_28_10_51,705,904,199,align side panel holes with front panel dowels
case89:frames904-984,89,Kallax_Shelf_Drawer/0007_white_floor_08_04_2019_08_28_10_51,904,984,80,pick up pin
case89:frames984-1068,89,Kallax_Shelf_Drawer/0007_white_floor_08_04_2019_08_28_10_51,984,1068,84,insert drawer pin
case9:frames0-73,9,Lack_TV_Bench/0014_black_floor_08_04_2019_08_28_11_02,0,73,73,other
case9:frames73-136,9,Lack_TV_Bench/0014_black_floor_08_04_2019_08_28_11_02,73,136,63,pick up leg
case9:frames136-200,9,Lack_TV_Bench/0014_black_floor_08_04_2019_08_28_11_02,136,200,64,pick up table top
case9:frames200-240,9,Lack_TV_Bench/0014_black_floor_08_04_2019_08_28_11_02,200,240,40,lay down table top
case9:frames240-282,9,Lack_TV_Bench/0014_black_floor_08_04_2019_08_28_11_02,240,282,42,pick up leg
case9:frames282-343,9,Lack_TV_Bench/0014_black_floor_08_04_2019_08_28_11_02,282,343,61,align leg screw with table thread
case9:frames343-492,9,Lack_TV_Bench/0014_black_floor_08_04_2019_08_28_11_02,343,492,149,spin leg
case9:frames492-643,9,Lack_TV_Bench/0014_black_floor_08_04_2019_08_28_11_02,492,643,151,tighten leg
case9:frames643-665,9,Lack_TV_Bench/0014_black_floor_08_04_2019_08_28_11_02,643,665,22,pick up leg
case9:frames665-696,9,Lack_TV_Bench/0014_black_floor_08_04_2019_08_28_11_02,665,696,31,align leg screw with table thread
case9:frames696-934,9,Lack_TV_Bench/0014_black_floor_08_04_2019_08_28_11_02,696,934,238,spin leg
case9:frames934-1020,9,Lack_TV_Bench/0014_black_floor_08_04_2019_08_28_11_02,934,1020,86,rotate table
case9:frames1020-1071,9,Lack_TV_Bench/0014_black_floor_08_04_2019_08_28_11_02,1020,1071,51,pick up leg
case9:frames1071-1114,9,Lack_TV_Bench/0014_black_floor_08_04_2019_08_28_11_02,1071,1114,43,align leg screw with table thread
case9:frames1114-1386,9,Lack_TV_Bench/0014_black_floor_08_04_2019_08_28_11_02,1114,1386,272,spin leg
case9:frames1386-1425,9,Lack_TV_Bench/0014_black_floor_08_04_2019_08_28_11_02,1386,1425,39,pick up leg
case9:frames1425-1507,9,Lack_TV_Bench/0014_black_floor_08_04_2019_08_28_11_02,1425,1507,82,align leg screw with table thread
case9:frames1507-1758,9,Lack_TV_Bench/0014_black_floor_08_04_2019_08_28_11_02,1507,1758,251,spin leg
case9:frames1758-1877,9,Lack_TV_Bench/0014_black_floor_08_04_2019_08_28_11_02,1758,1877,119,flip table
case9:frames1877-1962,9,Lack_TV_Bench/0014_black_floor_08_04_2019_08_28_11_02,1877,1962,85,pick up shelf
case9:frames1962-2319,9,Lack_TV_Bench/0014_black_floor_08_04_2019_08_28_11_02,1962,2319,357,attach shelf to table
case9:frames2319-2379,9,Lack_TV_Bench/0014_black_floor_08_04_2019_08_28_11_02,2319,2379,60,other
case90:frames73-175,90,Kallax_Shelf_Drawer/0006_oak_table_04_02_2019_08_20_12_04,73,175,102,attach drawer side panel
case90:frames175-229,90,Kallax_Shelf_Drawer/0006_oak_table_04_02_2019_08_20_12_04,175,229,54,pick up side panel
case90:frames229-340,90,Kallax_Shelf_Drawer/0006_oak_table_04_02_2019_08_20_12_04,229,340,111,attach drawer side panel
case90:frames340-420,90,Kallax_Shelf_Drawer/0006_oak_table_04_02_2019_08_20_12_04,340,420,80,pick up bottom panel
case90:frames420-595,90,Kallax_Shelf_Drawer/0006_oak_table_04_02_2019_08_20_12_04,420,595,175,slide bottom of drawer
case90:frames595-658,90,Kallax_Shelf_Drawer/0006_oak_table_04_02_2019_08_20_12_04,595,658,63,pick up back panel
case90:frames658-746,90,Kallax_Shelf_Drawer/0006_oak_table_04_02_2019_08_20_12_04,658,746,88,attach drawer back panel
case90:frames822-866,90,Kallax_Shelf_Drawer/0006_oak_table_04_02_2019_08_20_12_04,822,866,44,pick up pin
case90:frames886-927,90,Kallax_Shelf_Drawer/0006_oak_table_04_02_2019_08_20_12_04,886,927,41,insert drawer pin
case90:frames938-968,90,Kallax_Shelf_Drawer/0006_oak_table_04_02_2019_08_20_12_04,938,968,30,pick up pin
case90:frames968-1021,90,Kallax_Shelf_Drawer/0006_oak_table_04_02_2019_08_20_12_04,968,1021,53,insert drawer pin
case90:frames1037-1068,90,Kallax_Shelf_Drawer/0006_oak_table_04_02_2019_08_20_12_04,1037,1068,31,lay down bottom panel
case91:frames72-221,91,Kallax_Shelf_Drawer/0040_oak_floor_08_04_2019_08_28_12_02,72,221,149,pick up front panel
case91:frames226-267,91,Kallax_Shelf_Drawer/0040_oak_floor_08_04_2019_08_28_12_02,226,267,41,pick up side panel
case91:frames339-411,91,Kallax_Shelf_Drawer/0040_oak_floor_08_04_2019_08_28_12_02,339,411,72,lay down front panel
case91:frames411-447,91,Kallax_Shelf_Drawer/0040_oak_floor_08_04_2019_08_28_12_02,411,447,36,pick up back panel
case91:frames447-499,91,Kallax_Shelf_Drawer/0040_oak_floor_08_04_2019_08_28_12_02,447,499,52,pick up side panel
case91:frames627-643,91,Kallax_Shelf_Drawer/0040_oak_floor_08_04_2019_08_28_12_02,627,643,16,lay down back panel
case91:frames653-699,91,Kallax_Shelf_Drawer/0040_oak_floor_08_04_2019_08_28_12_02,653,699,46,pick up front panel
case91:frames699-777,91,Kallax_Shelf_Drawer/0040_oak_floor_08_04_2019_08_28_12_02,699,777,78,align side panel holes with front panel dowels
case91:frames777-859,91,Kallax_Shelf_Drawer/0040_oak_floor_08_04_2019_08_28_12_02,777,859,82,attach drawer side panel
case91:frames859-931,91,Kallax_Shelf_Drawer/0040_oak_floor_08_04_2019_08_28_12_02,859,931,72,pick up side panel
case91:frames931-1152,91,Kallax_Shelf_Drawer/0040_oak_floor_08_04_2019_08_28_12_02,931,1152,221,align side panel holes with front panel dowels
case91:frames1152-1219,91,Kallax_Shelf_Drawer/0040_oak_floor_08_04_2019_08_28_12_02,1152,1219,67,attach drawer side panel
case91:frames1219-1275,91,Kallax_Shelf_Drawer/0040_oak_floor_08_04_2019_08_28_12_02,1219,1275,56,pick up side panel
case91:frames1332-1363,91,Kallax_Shelf_Drawer/0040_oak_floor_08_04_2019_08_28_12_02,1332,1363,31,pick up side panel
case91:frames1363-1378,91,Kallax_Shelf_Drawer/0040_oak_floor_08_04_2019_08_28_12_02,1363,1378,15,lay down side panel
case91:frames1378-1481,91,Kallax_Shelf_Drawer/0040_oak_floor_08_04_2019_08_28_12_02,1378,1481,103,align side panel holes with front panel dowels
case91:frames1481-1527,91,Kallax_Shelf_Drawer/0040_oak_floor_08_04_2019_08_28_12_02,1481,1527,46,attach drawer side panel
case91:frames1527-1574,91,Kallax_Shelf_Drawer/0040_oak_floor_08_04_2019_08_28_12_02,1527,1574,47,pick up side panel
case91:frames1574-1882,91,Kallax_Shelf_Drawer/0040_oak_floor_08_04_2019_08_28_12_02,1574,1882,308,align side panel holes with front panel dowels
case91:frames1882-2016,91,Kallax_Shelf_Drawer/0040_oak_floor_08_04_2019_08_28_12_02,1882,2016,134,attach drawer side panel
case91:frames2021-2047,91,Kallax_Shelf_Drawer/0040_oak_floor_08_04_2019_08_28_12_02,2021,2047,26,pick up back panel
case91:frames2052-2103,91,Kallax_Shelf_Drawer/0040_oak_floor_08_04_2019_08_28_12_02,2052,2103,51,lay down back panel
case91:frames2103-2119,91,Kallax_Shelf_Drawer/0040_oak_floor_08_04_2019_08_28_12_02,2103,2119,16,pick up bottom panel
case91:frames2150-2391,91,Kallax_Shelf_Drawer/0040_oak_floor_08_04_2019_08_28_12_02,2150,2391,241,slide bottom of drawer
case91:frames2391-2427,91,Kallax_Shelf_Drawer/0040_oak_floor_08_04_2019_08_28_12_02,2391,2427,36,pick up bottom panel
case91:frames2427-2448,91,Kallax_Shelf_Drawer/0040_oak_floor_08_04_2019_08_28_12_02,2427,2448,21,lay down bottom panel
case91:frames2448-2592,91,Kallax_Shelf_Drawer/0040_oak_floor_08_04_2019_08_28_12_02,2448,2592,144,other
case91:frames2592-2643,91,Kallax_Shelf_Drawer/0040_oak_floor_08_04_2019_08_28_12_02,2592,2643,51,pick up bottom panel
case91:frames2643-2952,91,Kallax_Shelf_Drawer/0040_oak_floor_08_04_2019_08_28_12_02,2643,2952,309,slide bottom of drawer
case91:frames2967-3008,91,Kallax_Shelf_Drawer/0040_oak_floor_08_04_2019_08_28_12_02,2967,3008,41,pick up back panel
case91:frames3029-3646,91,Kallax_Shelf_Drawer/0040_oak_floor_08_04_2019_08_28_12_02,3029,3646,617,attach drawer back panel
case91:frames3646-3713,91,Kallax_Shelf_Drawer/0040_oak_floor_08_04_2019_08_28_12_02,3646,3713,67,pick up pin
case91:frames3713-3934,91,Kallax_Shelf_Drawer/0040_oak_floor_08_04_2019_08_28_12_02,3713,3934,221,insert drawer pin
case91:frames3934-4037,91,Kallax_Shelf_Drawer/0040_oak_floor_08_04_2019_08_28_12_02,3934,4037,103,position the drawer right side up
case92:frames68-94,92,Kallax_Shelf_Drawer/0025_oak_floor_05_02_2019_08_19_17_21,68,94,26,pick up front panel
case92:frames95-123,92,Kallax_Shelf_Drawer/0025_oak_floor_05_02_2019_08_19_17_21,95,123,28,lay down front panel
case92:frames128-174,92,Kallax_Shelf_Drawer/0025_oak_floor_05_02_2019_08_19_17_21,128,174,46,pick up side panel
case92:frames175-291,92,Kallax_Shelf_Drawer/0025_oak_floor_05_02_2019_08_19_17_21,175,291,116,align side panel holes with front panel dowels
case92:frames292-318,92,Kallax_Shelf_Drawer/0025_oak_floor_05_02_2019_08_19_17_21,292,318,26,attach drawer side panel
case92:frames328-357,92,Kallax_Shelf_Drawer/0025_oak_floor_05_02_2019_08_19_17_21,328,357,29,pick up side panel
case92:frames358-407,92,Kallax_Shelf_Drawer/0025_oak_floor_05_02_2019_08_19_17_21,358,407,49,align side panel holes with front panel dowels
case92:frames408-458,92,Kallax_Shelf_Drawer/0025_oak_floor_05_02_2019_08_19_17_21,408,458,50,attach drawer side panel
case92:frames485-543,92,Kallax_Shelf_Drawer/0025_oak_floor_05_02_2019_08_19_17_21,485,543,58,pick up bottom panel
case92:frames544-706,92,Kallax_Shelf_Drawer/0025_oak_floor_05_02_2019_08_19_17_21,544,706,162,slide bottom of drawer
case92:frames740-782,92,Kallax_Shelf_Drawer/0025_oak_floor_05_02_2019_08_19_17_21,740,782,42,pick up back panel
case92:frames800-918,92,Kallax_Shelf_Drawer/0025_oak_floor_05_02_2019_08_19_17_21,800,918,118,attach drawer back panel
case92:frames1011-1035,92,Kallax_Shelf_Drawer/0025_oak_floor_05_02_2019_08_19_17_21,1011,1035,24,pick up pin
case92:frames1036-1077,92,Kallax_Shelf_Drawer/0025_oak_floor_05_02_2019_08_19_17_21,1036,1077,41,insert drawer pin
case92:frames1084-1108,92,Kallax_Shelf_Drawer/0025_oak_floor_05_02_2019_08_19_17_21,1084,1108,24,pick up pin
case92:frames1125-1161,92,Kallax_Shelf_Drawer/0025_oak_floor_05_02_2019_08_19_17_21,1125,1161,36,insert drawer pin
case92:frames1311-1386,92,Kallax_Shelf_Drawer/0025_oak_floor_05_02_2019_08_19_17_21,1311,1386,75,position the drawer right side up
case93:frames65-99,93,Kallax_Shelf_Drawer/0006_oak_floor_08_04_2019_08_28_12_10,65,99,34,pick up front panel
case93:frames99-126,93,Kallax_Shelf_Drawer/0006_oak_floor_08_04_2019_08_28_12_10,99,126,27,lay down front panel
case93:frames126-322,93,Kallax_Shelf_Drawer/0006_oak_floor_08_04_2019_08_28_12_10,126,322,196,pick up side panel
case93:frames322-339,93,Kallax_Shelf_Drawer/0006_oak_floor_08_04_2019_08_28_12_10,322,339,17,align side panel holes with front panel dowels
case93:frames339-416,93,Kallax_Shelf_Drawer/0006_oak_floor_08_04_2019_08_28_12_10,339,416,77,attach drawer side panel
case93:frames416-486,93,Kallax_Shelf_Drawer/0006_oak_floor_08_04_2019_08_28_12_10,416,486,70,pick up side panel
case93:frames486-547,93,Kallax_Shelf_Drawer/0006_oak_floor_08_04_2019_08_28_12_10,486,547,61,align side panel holes with front panel dowels
case93:frames547-617,93,Kallax_Shelf_Drawer/0006_oak_floor_08_04_2019_08_28_12_10,547,617,70,attach drawer side panel
case93:frames617-666,93,Kallax_Shelf_Drawer/0006_oak_floor_08_04_2019_08_28_12_10,617,666,49,pick up bottom panel
case93:frames666-937,93,Kallax_Shelf_Drawer/0006_oak_floor_08_04_2019_08_28_12_10,666,937,271,slide bottom of drawer
case93:frames1002-1542,93,Kallax_Shelf_Drawer/0006_oak_floor_08_04_2019_08_28_12_10,1002,1542,540,attach drawer back panel
case93:frames1542-1564,93,Kallax_Shelf_Drawer/0006_oak_floor_08_04_2019_08_28_12_10,1542,1564,22,pick up pin
case93:frames1564-1602,93,Kallax_Shelf_Drawer/0006_oak_floor_08_04_2019_08_28_12_10,1564,1602,38,insert drawer pin
case93:frames1602-1629,93,Kallax_Shelf_Drawer/0006_oak_floor_08_04_2019_08_28_12_10,1602,1629,27,pick up pin
case93:frames1629-1723,93,Kallax_Shelf_Drawer/0006_oak_floor_08_04_2019_08_28_12_10,1629,1723,94,insert drawer pin
case93:frames1755-1837,93,Kallax_Shelf_Drawer/0006_oak_floor_08_04_2019_08_28_12_10,1755,1837,82,position the drawer right side up
case94:frames64-91,94,Kallax_Shelf_Drawer/0027_white_table_04_02_2019_08_20_10_52,64,91,27,pick up side panel
case94:frames92-172,94,Kallax_Shelf_Drawer/0027_white_table_04_02_2019_08_20_10_52,92,172,80,align side panel holes with front panel dowels
case94:frames173-208,94,Kallax_Shelf_Drawer/0027_white_table_04_02_2019_08_20_10_52,173,208,35,attach drawer side panel
case94:frames212-240,94,Kallax_Shelf_Drawer/0027_white_table_04_02_2019_08_20_10_52,212,240,28,pick up side panel
case94:frames241-317,94,Kallax_Shelf_Drawer/0027_white_table_04_02_2019_08_20_10_52,241,317,76,align side panel holes with front panel dowels
case94:frames318-351,94,Kallax_Shelf_Drawer/0027_white_table_04_02_2019_08_20_10_52,318,351,33,attach drawer side panel
case94:frames396-433,94,Kallax_Shelf_Drawer/0027_white_table_04_02_2019_08_20_10_52,396,433,37,pick up back panel
case94:frames434-447,94,Kallax_Shelf_Drawer/0027_white_table_04_02_2019_08_20_10_52,434,447,13,lay down back panel
case94:frames447-507,94,Kallax_Shelf_Drawer/0027_white_table_04_02_2019_08_20_10_52,447,507,60,pick up bottom panel
case94:frames508-737,94,Kallax_Shelf_Drawer/0027_white_table_04_02_2019_08_20_10_52,508,737,229,slide bottom of drawer
case94:frames772-807,94,Kallax_Shelf_Drawer/0027_white_table_04_02_2019_08_20_10_52,772,807,35,pick up back panel
case94:frames808-830,94,Kallax_Shelf_Drawer/0027_white_table_04_02_2019_08_20_10_52,808,830,22,other
case94:frames831-1077,94,Kallax_Shelf_Drawer/0027_white_table_04_02_2019_08_20_10_52,831,1077,246,attach drawer back panel
case94:frames1231-1252,94,Kallax_Shelf_Drawer/0027_white_table_04_02_2019_08_20_10_52,1231,1252,21,pick up pin
case94:frames1253-1386,94,Kallax_Shelf_Drawer/0027_white_table_04_02_2019_08_20_10_52,1253,1386,133,other
case94:frames1387-1456,94,Kallax_Shelf_Drawer/0027_white_table_04_02_2019_08_20_10_52,1387,1456,69,pick up back panel
case94:frames1457-1930,94,Kallax_Shelf_Drawer/0027_white_table_04_02_2019_08_20_10_52,1457,1930,473,other
case94:frames1931-2107,94,Kallax_Shelf_Drawer/0027_white_table_04_02_2019_08_20_10_52,1931,2107,176,attach drawer back panel
case94:frames2128-2165,94,Kallax_Shelf_Drawer/0027_white_table_04_02_2019_08_20_10_52,2128,2165,37,insert drawer pin
case94:frames2189-2211,94,Kallax_Shelf_Drawer/0027_white_table_04_02_2019_08_20_10_52,2189,2211,22,pick up pin
case94:frames2212-2266,94,Kallax_Shelf_Drawer/0027_white_table_04_02_2019_08_20_10_52,2212,2266,54,insert drawer pin
case94:frames2282-2369,94,Kallax_Shelf_Drawer/0027_white_table_04_02_2019_08_20_10_52,2282,2369,87,position the drawer right side up
case95:frames24-73,95,Kallax_Shelf_Drawer/0031_white_table_04_02_2019_08_20_14_26,24,73,49,pick up side panel
case95:frames73-298,95,Kallax_Shelf_Drawer/0031_white_table_04_02_2019_08_20_14_26,73,298,225,align side panel holes with front panel dowels
case95:frames298-436,95,Kallax_Shelf_Drawer/0031_white_table_04_02_2019_08_20_14_26,298,436,138,attach drawer side panel
case95:frames436-523,95,Kallax_Shelf_Drawer/0031_white_table_04_02_2019_08_20_14_26,436,523,87,pick up side panel
case95:frames523-637,95,Kallax_Shelf_Drawer/0031_white_table_04_02_2019_08_20_14_26,523,637,114,align side panel holes with front panel dowels
case95:frames637-713,95,Kallax_Shelf_Drawer/0031_white_table_04_02_2019_08_20_14_26,637,713,76,attach drawer side panel
case95:frames713-765,95,Kallax_Shelf_Drawer/0031_white_table_04_02_2019_08_20_14_26,713,765,52,pick up back panel
case95:frames765-866,95,Kallax_Shelf_Drawer/0031_white_table_04_02_2019_08_20_14_26,765,866,101,lay down back panel
case95:frames866-928,95,Kallax_Shelf_Drawer/0031_white_table_04_02_2019_08_20_14_26,866,928,62,pick up bottom panel
case95:frames928-1742,95,Kallax_Shelf_Drawer/0031_white_table_04_02_2019_08_20_14_26,928,1742,814,slide bottom of drawer
case95:frames1742-1804,95,Kallax_Shelf_Drawer/0031_white_table_04_02_2019_08_20_14_26,1742,1804,62,pick up back panel
case95:frames1804-2334,95,Kallax_Shelf_Drawer/0031_white_table_04_02_2019_08_20_14_26,1804,2334,530,attach drawer back panel
case95:frames2334-2368,95,Kallax_Shelf_Drawer/0031_white_table_04_02_2019_08_20_14_26,2334,2368,34,pick up pin
case95:frames2368-2431,95,Kallax_Shelf_Drawer/0031_white_table_04_02_2019_08_20_14_26,2368,2431,63,insert drawer pin
case95:frames2431-2458,95,Kallax_Shelf_Drawer/0031_white_table_04_02_2019_08_20_14_26,2431,2458,27,pick up pin
case95:frames2458-2524,95,Kallax_Shelf_Drawer/0031_white_table_04_02_2019_08_20_14_26,2458,2524,66,insert drawer pin
case95:frames2524-2683,95,Kallax_Shelf_Drawer/0031_white_table_04_02_2019_08_20_14_26,2524,2683,159,position the drawer right side up
case96:frames48-98,96,Kallax_Shelf_Drawer/0024_black_table_04_02_2019_08_20_11_21,48,98,50,other
case96:frames98-151,96,Kallax_Shelf_Drawer/0024_black_table_04_02_2019_08_20_11_21,98,151,53,pick up side panel
case96:frames205-308,96,Kallax_Shelf_Drawer/0024_black_table_04_02_2019_08_20_11_21,205,308,103,attach drawer side panel
case96:frames327-369,96,Kallax_Shelf_Drawer/0024_black_table_04_02_2019_08_20_11_21,327,369,42,pick up side panel
case96:frames481-675,96,Kallax_Shelf_Drawer/0024_black_table_04_02_2019_08_20_11_21,481,675,194,attach drawer side panel
case96:frames696-731,96,Kallax_Shelf_Drawer/0024_black_table_04_02_2019_08_20_11_21,696,731,35,pick up bottom panel
case96:frames1137-1339,96,Kallax_Shelf_Drawer/0024_black_table_04_02_2019_08_20_11_21,1137,1339,202,slide bottom of drawer
case96:frames1414-1448,96,Kallax_Shelf_Drawer/0024_black_table_04_02_2019_08_20_11_21,1414,1448,34,pick up back panel
case96:frames1709-1791,96,Kallax_Shelf_Drawer/0024_black_table_04_02_2019_08_20_11_21,1709,1791,82,attach drawer back panel
case96:frames1799-1834,96,Kallax_Shelf_Drawer/0024_black_table_04_02_2019_08_20_11_21,1799,1834,35,pick up pin
case96:frames1834-1868,96,Kallax_Shelf_Drawer/0024_black_table_04_02_2019_08_20_11_21,1834,1868,34,insert drawer pin
case96:frames1916-1950,96,Kallax_Shelf_Drawer/0024_black_table_04_02_2019_08_20_11_21,1916,1950,34,insert drawer pin
case96:frames1966-2012,96,Kallax_Shelf_Drawer/0024_black_table_04_02_2019_08_20_11_21,1966,2012,46,lay down bottom panel
case97:frames84-106,97,Kallax_Shelf_Drawer/0022_white_floor_05_02_2019_08_19_15_58,84,106,22,pick up side panel
case97:frames106-453,97,Kallax_Shelf_Drawer/0022_white_floor_05_02_2019_08_19_15_58,106,453,347,attach drawer side panel
case97:frames453-506,97,Kallax_Shelf_Drawer/0022_white_floor_05_02_2019_08_19_15_58,453,506,53,pick up side panel
case97:frames506-695,97,Kallax_Shelf_Drawer/0022_white_floor_05_02_2019_08_19_15_58,506,695,189,attach drawer side panel
case97:frames695-796,97,Kallax_Shelf_Drawer/0022_white_floor_05_02_2019_08_19_15_58,695,796,101,pick up back panel
case97:frames832-906,97,Kallax_Shelf_Drawer/0022_white_floor_05_02_2019_08_19_15_58,832,906,74,pick up bottom panel
case97:frames906-1333,97,Kallax_Shelf_Drawer/0022_white_floor_05_02_2019_08_19_15_58,906,1333,427,slide bottom of drawer
case97:frames1360-1417,97,Kallax_Shelf_Drawer/0022_white_floor_05_02_2019_08_19_15_58,1360,1417,57,pick up back panel
case97:frames1417-2385,97,Kallax_Shelf_Drawer/0022_white_floor_05_02_2019_08_19_15_58,1417,2385,968,attach drawer back panel
case97:frames2385-2592,97,Kallax_Shelf_Drawer/0022_white_floor_05_02_2019_08_19_15_58,2385,2592,207,pick up pin
case97:frames2592-2979,97,Kallax_Shelf_Drawer/0022_white_floor_05_02_2019_08_19_15_58,2592,2979,387,insert drawer pin
case97:frames2979-3322,97,Kallax_Shelf_Drawer/0022_white_floor_05_02_2019_08_19_15_58,2979,3322,343,lay down bottom panel
case98:frames54-119,98,Kallax_Shelf_Drawer/0024_oak_floor_05_02_2019_08_19_17_07,54,119,65,pick up side panel
case98:frames129-208,98,Kallax_Shelf_Drawer/0024_oak_floor_05_02_2019_08_19_17_07,129,208,79,attach drawer side panel
case98:frames208-251,98,Kallax_Shelf_Drawer/0024_oak_floor_05_02_2019_08_19_17_07,208,251,43,pick up side panel
case98:frames251-330,98,Kallax_Shelf_Drawer/0024_oak_floor_05_02_2019_08_19_17_07,251,330,79,attach drawer side panel
case98:frames438-474,98,Kallax_Shelf_Drawer/0024_oak_floor_05_02_2019_08_19_17_07,438,474,36,pick up bottom panel
case98:frames675-722,98,Kallax_Shelf_Drawer/0024_oak_floor_05_02_2019_08_19_17_07,675,722,47,attach drawer side panel
case98:frames768-883,98,Kallax_Shelf_Drawer/0024_oak_floor_05_02_2019_08_19_17_07,768,883,115,slide bottom of drawer
case98:frames883-944,98,Kallax_Shelf_Drawer/0024_oak_floor_05_02_2019_08_19_17_07,883,944,61,pick up front panel
case98:frames1164-1584,98,Kallax_Shelf_Drawer/0024_oak_floor_05_02_2019_08_19_17_07,1164,1584,420,align side panel holes with front panel dowels
case98:frames1584-1659,98,Kallax_Shelf_Drawer/0024_oak_floor_05_02_2019_08_19_17_07,1584,1659,75,pick up pin
case98:frames1659-1824,98,Kallax_Shelf_Drawer/0024_oak_floor_05_02_2019_08_19_17_07,1659,1824,165,insert drawer pin
case98:frames2101-2546,98,Kallax_Shelf_Drawer/0024_oak_floor_05_02_2019_08_19_17_07,2101,2546,445,align side panel holes with front panel dowels
case98:frames2546-2586,98,Kallax_Shelf_Drawer/0024_oak_floor_05_02_2019_08_19_17_07,2546,2586,40,pick up pin
case98:frames2586-2643,98,Kallax_Shelf_Drawer/0024_oak_floor_05_02_2019_08_19_17_07,2586,2643,57,insert drawer pin
case98:frames2643-2686,98,Kallax_Shelf_Drawer/0024_oak_floor_05_02_2019_08_19_17_07,2643,2686,43,pick up pin
case98:frames2686-2744,98,Kallax_Shelf_Drawer/0024_oak_floor_05_02_2019_08_19_17_07,2686,2744,58,insert drawer pin
case99:frames0-64,99,Kallax_Shelf_Drawer/0023_black_table_04_02_2019_08_20_14_10,0,64,64,pick up front panel
case99:frames64-168,99,Kallax_Shelf_Drawer/0023_black_table_04_02_2019_08_20_14_10,64,168,104,lay down front panel
case99:frames168-280,99,Kallax_Shelf_Drawer/0023_black_table_04_02_2019_08_20_14_10,168,280,112,pick up side panel
case99:frames280-365,99,Kallax_Shelf_Drawer/0023_black_table_04_02_2019_08_20_14_10,280,365,85,attach drawer side panel
case99:frames365-429,99,Kallax_Shelf_Drawer/0023_black_table_04_02_2019_08_20_14_10,365,429,64,pick up side panel
case99:frames429-535,99,Kallax_Shelf_Drawer/0023_black_table_04_02_2019_08_20_14_10,429,535,106,attach drawer side panel
case99:frames535-634,99,Kallax_Shelf_Drawer/0023_black_table_04_02_2019_08_20_14_10,535,634,99,pick up bottom panel
case99:frames634-875,99,Kallax_Shelf_Drawer/0023_black_table_04_02_2019_08_20_14_10,634,875,241,slide bottom of drawer
case99:frames875-926,99,Kallax_Shelf_Drawer/0023_black_table_04_02_2019_08_20_14_10,875,926,51,pick up back panel
case99:frames926-1020,99,Kallax_Shelf_Drawer/0023_black_table_04_02_2019_08_20_14_10,926,1020,94,attach drawer back panel
case99:frames1020-1093,99,Kallax_Shelf_Drawer/0023_black_table_04_02_2019_08_20_14_10,1020,1093,73,pick up pin
case99:frames1093-1138,99,Kallax_Shelf_Drawer/0023_black_table_04_02_2019_08_20_14_10,1093,1138,45,insert drawer pin
case99:frames1138-1174,99,Kallax_Shelf_Drawer/0023_black_table_04_02_2019_08_20_14_10,1138,1174,36,pick up pin
case99:frames1174-1266,99,Kallax_Shelf_Drawer/0023_black_table_04_02_2019_08_20_14_10,1174,1266,92,insert drawer pin
case99:frames1266-1399,99,Kallax_Shelf_Drawer/0023_black_table_04_02_2019_08_20_14_10,1266,1399,133,position the drawer right side up
case99:frames1399-1511,99,Kallax_Shelf_Drawer/0023_black_table_04_02_2019_08_20_14_10,1399,1511,112,other
