case:concept:name,concept:name,start_timestamp,time:timestamp,lifecycle:transition,event_id,case_name,duration_seconds,start_frame,end_frame_exclusive,duration_frames
0,flip table top,1970-01-01T00:00:02.320Z,1970-01-01T00:00:06.840Z,complete,case0:frames58-171,Lack_TV_Bench/0025_black_table_04_02_2019_08_20_13_48,4.520,58,171,113
0,pick up leg,1970-01-01T00:00:07.320Z,1970-01-01T00:00:08.160Z,complete,case0:frames183-204,Lack_TV_Bench/0025_black_table_04_02_2019_08_20_13_48,0.840,183,204,21
0,align leg screw with table thread,1970-01-01T00:00:08.160Z,1970-01-01T00:00:10.040Z,complete,case0:frames204-251,Lack_TV_Bench/0025_black_table_04_02_2019_08_20_13_48,1.880,204,251,47
0,spin leg,1970-01-01T00:00:10.040Z,1970-01-01T00:00:28.320Z,complete,case0:frames251-708,Lack_TV_Bench/0025_black_table_04_02_2019_08_20_13_48,18.280,251,708,457
0,other,1970-01-01T00:00:30.080Z,1970-01-01T00:00:31.200Z,complete,case0:frames752-780,Lack_TV_Bench/0025_black_table_04_02_2019_08_20_13_48,1.120,752,780,28
0,pick up leg,1970-01-01T00:00:32.120Z,1970-01-01T00:00:33.240Z,complete,case0:frames803-831,Lack_TV_Bench/0025_black_table_04_02_2019_08_20_13_48,1.120,803,831,28
0,align leg screw with table thread,1970-01-01T00:00:33.240Z,1970-01-01T00:00:34.800Z,complete,case0:frames831-870,Lack_TV_Bench/0025_black_table_04_02_2019_08_20_13_48,1.560,831,870,39
0,spin leg,1970-01-01T00:00:34.800Z,1970-01-01T00:00:52.320Z,complete,case0:frames870-1308,Lack_TV_Bench/0025_black_table_04_02_2019_08_20_13_48,17.520,870,1308,438
0,pick up leg,1970-01-01T00:00:53.520Z,1970-01-01T00:00:54.280Z,complete,case0:frames1338-1357,Lack_TV_Bench/0025_black_table_04_02_2019_08_20_13_48,0.760,1338,1357,19
0,align leg screw with table thread,1970-01-01T00:00:54.280Z,1970-01-01T00:00:55.880Z,complete,case0:frames1357-1397,Lack_TV_Bench/0025_black_table_04_02_2019_08_20_13_48,1.600,1357,1397,40
0,spin leg,1970-01-01T00:00:55.880Z,1970-01-01T00:01:10.560Z,complete,case0:frames1397-1764,Lack_TV_Bench/0025_black_table_04_02_2019_08_20_13_48,14.680,1397,1764,367
0,tighten leg,1970-01-01T00:01:10.960Z,1970-01-01T00:01:13.840Z,complete,case0:frames1774-1846,Lack_TV_Bench/0025_black_table_04_02_2019_08_20_13_48,2.880,1774,1846,72
0,other,1970-01-01T00:01:13.840Z,1970-01-01T00:01:15.200Z,complete,case0:frames1846-1880,Lack_TV_Bench/0025_black_table_04_02_2019_08_20_13_48,1.360,1846,1880,34
0,rotate table,1970-01-01T00:01:15.720Z,1970-01-01T00:01:16.120Z,complete,case0:frames1893-1903,Lack_TV_Bench/0025_black_table_04_02_2019_08_20_13_48,0.400,1893,1903,10
0,spin leg,1970-01-01T00:01:16.120Z,1970-01-01T00:01:20.880Z,complete,case0:frames1903-2022,Lack_TV_Bench/0025_black_table_04_02_2019_08_20_13_48,4.760,1903,2022,119
0,pick up leg,1970-01-01T00:01:22.280Z,1970-01-01T00:01:23.240Z,complete,case0:frames2057-2081,Lack_TV_Bench/0025_black_table_04_02_2019_08_20_13_48,0.960,2057,2081,24
0,align leg screw with table thread,1970-01-01T00:01:23.240Z,1970-01-01T00:01:24.840Z,complete,case0:frames2081-2121,Lack_TV_Bench/0025_black_table_04_02_2019_08_20_13_48,1.600,2081,2121,40
0,spin leg,1970-01-01T00:01:24.840Z,1970-01-01T00:01:40.560Z,complete,case0:frames2121-2514,Lack_TV_Bench/0025_black_table_04_02_2019_08_20_13_48,15.720,2121,2514,393
0,flip table,1970-01-01T00:01:41.720Z,1970-01-01T00:01:50.800Z,complete,case0:frames2543-2770,Lack_TV_Bench/0025_black_table_04_02_2019_08_20_13_48,9.080,2543,2770,227
0,pick up shelf,1970-01-01T00:01:52.120Z,1970-01-01T00:01:54.320Z,complete,case0:frames2803-2858,Lack_TV_Bench/0025_black_table_04_02_2019_08_20_13_48,2.200,2803,2858,55
0,attach shelf to table,1970-01-01T00:01:54.320Z,1970-01-01T00:02:06.040Z,complete,case0:frames2858-3151,Lack_TV_Bench/0025_black_table_04_02_2019_08_20_13_48,11.720,2858,3151,293
0,other,1970-01-01T00:02:07.240Z,1970-01-01T00:02:08.440Z,complete,case0:frames3181-3211,Lack_TV_Bench/0025_black_table_04_02_2019_08_20_13_48,1.200,3181,3211,30
1,pick up leg,1970-01-01T00:00:02.120Z,1970-01-01T00:00:03.440Z,complete,case1:frames53-86,Lack_TV_Bench/0008_black_floor_08_04_2019_08_28_11_26,1.320,53,86,33
1,spin leg,1970-01-01T00:00:03.960Z,1970-01-01T00:00:14.640Z,complete,case1:frames99-366,Lack_TV_Bench/0008_black_floor_08_04_2019_08_28_11_26,10.680,99,366,267
1,tighten leg,1970-01-01T00:00:14.640Z,1970-01-01T00:00:16.760Z,complete,case1:frames366-419,Lack_TV_Bench/0008_black_floor_08_04_2019_08_28_11_26,2.120,366,419,53
1,pick up leg,1970-01-01T00:00:17.280Z,1970-01-01T00:00:18.840Z,complete,case1:frames432-471,Lack_TV_Bench/0008_black_floor_08_04_2019_08_28_11_26,1.560,432,471,39
1,spin leg,1970-01-01T00:00:19.000Z,1970-01-01T00:00:38.360Z,complete,case1:frames475-959,Lack_TV_Bench/0008_black_floor_08_04_2019_08_28_11_26,19.360,475,959,484
1,tighten leg,1970-01-01T00:00:41.280Z,1970-01-01T00:00:42.080Z,complete,case1:frames1032-1052,Lack_TV_Bench/0008_black_floor_08_04_2019_08_28_11_26,0.800,1032,1052,20
1,pick up leg,1970-01-01T00:00:42.840Z,1970-01-01T00:00:44.960Z,complete,case1:frames1071-1124,Lack_TV_Bench/0008_black_floor_08_04_2019_08_28_11_26,2.120,1071,1124,53
1,spin leg,1970-01-01T00:00:44.960Z,1970-01-01T00:00:56.720Z,complete,case1:frames1124-1418,Lack_TV_Bench/0008_black_floor_08_04_2019_08_28_11_26,11.760,1124,1418,294
1,pick up leg,1970-01-01T00:00:58.040Z,1970-01-01T00:00:58.680Z,complete,case1:frames1451-1467,Lack_TV_Bench/0008_black_floor_08_04_2019_08_28_11_26,0.640,1451,1467,16
1,spin leg,1970-01-01T00:00:58.680Z,1970-01-01T00:01:07.120Z,complete,case1:frames1467-1678,Lack_TV_Bench/0008_black_floor_08_04_2019_08_28_11_26,8.440,1467,1678,211
1,flip table,1970-01-01T00:01:12.920Z,1970-01-01T00:01:16.360Z,complete,case1:frames1823-1909,Lack_TV_Bench/0008_black_floor_08_04_2019_08_28_11_26,3.440,1823,1909,86
1,pick up shelf,1970-01-01T00:01:16.360Z,1970-01-01T00:01:19.120Z,complete,case1:frames1909-1978,Lack_TV_Bench/0008_black_floor_08_04_2019_08_28_11_26,2.760,1909,1978,69
1,attach shelf to table,1970-01-01T00:01:21.640Z,1970-01-01T00:01:36.000Z,complete,case1:frames2041-2400,Lack_TV_Bench/0008_black_floor_08_04_2019_08_28_11_26,14.360,2041,2400,359
10,pick up leg,1970-01-01T00:00:02.320Z,1970-01-01T00:00:04.400Z,complete,case10:frames58-110,Lack_TV_Bench/0022_white_floor_05_02_2019_08_19_15_49,2.080,58,110,52
10,align leg screw with table thread,1970-01-01T00:00:04.400Z,1970-01-01T00:00:05.080Z,complete,case10:frames110-127,Lack_TV_Bench/0022_white_floor_05_02_2019_08_19_15_49,0.680,110,127,17
10,spin leg,1970-01-01T00:00:05.080Z,1970-01-01T00:00:39.720Z,complete,case10:frames127-993,Lack_TV_Bench/0022_white_floor_05_02_2019_08_19_15_49,34.640,127,993,866
10,pick up leg,1970-01-01T00:00:39.720Z,1970-01-01T00:00:45.480Z,complete,case10:frames993-1137,Lack_TV_Bench/0022_white_floor_05_02_2019_08_19_15_49,5.760,993,1137,144
10,align leg screw with table thread,1970-01-01T00:00:45.480Z,1970-01-01T00:00:50.080Z,complete,case10:frames1137-1252,Lack_TV_Bench/0022_white_floor_05_02_2019_08_19_15_49,4.600,1137,1252,115
10,spin leg,1970-01-01T00:00:50.080Z,1970-01-01T00:01:14.800Z,complete,case10:frames1252-1870,Lack_TV_Bench/0022_white_floor_05_02_2019_08_19_15_49,24.720,1252,1870,618
10,pick up leg,1970-01-01T00:01:16.640Z,1970-01-01T00:01:20.320Z,complete,case10:frames1916-2008,Lack_TV_Bench/0022_white_floor_05_02_2019_08_19_15_49,3.680,1916,2008,92
10,align leg screw with table thread,1970-01-01T00:01:20.320Z,1970-01-01T00:01:21.960Z,complete,case10:frames2008-2049,Lack_TV_Bench/0022_white_floor_05_02_2019_08_19_15_49,1.640,2008,2049,41
10,spin leg,1970-01-01T00:01:21.960Z,1970-01-01T00:01:45.720Z,complete,case10:frames2049-2643,Lack_TV_Bench/0022_white_floor_05_02_2019_08_19_15_49,23.760,2049,2643,594
10,pick up leg,1970-01-01T00:01:45.720Z,1970-01-01T00:01:50.120Z,complete,case10:frames2643-2753,Lack_TV_Bench/0022_white_floor_05_02_2019_08_19_15_49,4.400,2643,2753,110
10,align leg screw with table thread,1970-01-01T00:01:50.120Z,1970-01-01T00:01:55.400Z,complete,case10:frames2753-2885,Lack_TV_Bench/0022_white_floor_05_02_2019_08_19_15_49,5.280,2753,2885,132
10,spin leg,1970-01-01T00:01:55.400Z,1970-01-01T00:02:20.800Z,complete,case10:frames2885-3520,Lack_TV_Bench/0022_white_floor_05_02_2019_08_19_15_49,25.400,2885,3520,635
10,flip table,1970-01-01T00:02:30.280Z,1970-01-01T00:02:36.280Z,complete,case10:frames3757-3907,Lack_TV_Bench/0022_white_floor_05_02_2019_08_19_15_49,6.000,3757,3907,150
10,attach shelf to table,1970-01-01T00:02:44.800Z,1970-01-01T00:02:59.600Z,complete,case10:frames4120-4490,Lack_TV_Bench/0022_white_floor_05_02_2019_08_19_15_49,14.800,4120,4490,370
100,pick up front panel,1970-01-01T00:00:01.280Z,1970-01-01T00:00:04.480Z,complete,case100:frames32-112,Kallax_Shelf_Drawer/0029_black_table_04_02_2019_08_20_11_37,3.200,32,112,80
100,lay down front panel,1970-01-01T00:00:04.480Z,1970-01-01T00:00:08.000Z,complete,case100:frames112-200,Kallax_Shelf_Drawer/0029_black_table_04_02_2019_08_20_11_37,3.520,112,200,88
100,pick up side panel,1970-01-01T00:00:09.880Z,1970-01-01T00:00:11.440Z,complete,case100:frames247-286,Kallax_Shelf_Drawer/0029_black_table_04_02_2019_08_20_11_37,1.560,247,286,39
100,align side panel holes with front panel dowels,1970-01-01T00:00:11.440Z,1970-01-01T00:00:19.840Z,complete,case100:frames286-496,Kallax_Shelf_Drawer/0029_black_table_04_02_2019_08_20_11_37,8.400,286,496,210
100,attach drawer side panel,1970-01-01T00:00:19.840Z,1970-01-01T00:00:23.720Z,complete,case100:frames496-593,Kallax_Shelf_Drawer/0029_black_table_04_02_2019_08_20_11_37,3.880,496,593,97
100,pick up side panel,1970-01-01T00:00:23.840Z,1970-01-01T00:00:25.120Z,complete,case100:frames596-628,Kallax_Shelf_Drawer/0029_black_table_04_02_2019_08_20_11_37,1.280,596,628,32
100,align side panel holes with front panel dowels,1970-01-01T00:00:28.640Z,1970-01-01T00:00:30.760Z,complete,case100:frames716-769,Kallax_Shelf_Drawer/0029_black_table_04_02_2019_08_20_11_37,2.120,716,769,53
100,attach drawer side panel,1970-01-01T00:00:30.760Z,1970-01-01T00:00:32.320Z,complete,case100:frames769-808,Kallax_Shelf_Drawer/0029_black_table_04_02_2019_08_20_11_37,1.560,769,808,39
100,pick up bottom panel,1970-01-01T00:00:32.320Z,1970-01-01T00:00:34.080Z,complete,case100:frames808-852,Kallax_Shelf_Drawer/0029_black_table_04_02_2019_08_20_11_37,1.760,808,852,44
100,slide bottom of drawer,1970-01-01T00:00:34.080Z,1970-01-01T00:00:42.480Z,complete,case100:frames852-1062,Kallax_Shelf_Drawer/0029_black_table_04_02_2019_08_20_11_37,8.400,852,1062,210
100,pick up back panel,1970-01-01T00:00:43.160Z,1970-01-01T00:00:44.160Z,complete,case100:frames1079-1104,Kallax_Shelf_Drawer/0029_black_table_04_02_2019_08_20_11_37,1.000,1079,1104,25
100,attach drawer back panel,1970-01-01T00:00:44.160Z,1970-01-01T00:01:02.520Z,complete,case100:frames1104-1563,Kallax_Shelf_Drawer/0029_black_table_04_02_2019_08_20_11_37,18.360,1104,1563,459
100,pick up pin,1970-01-01T00:01:02.520Z,1970-01-01T00:01:03.880Z,complete,case100:frames1563-1597,Kallax_Shelf_Drawer/0029_black_table_04_02_2019_08_20_11_37,1.360,1563,1597,34
100,insert drawer pin,1970-01-01T00:01:03.880Z,1970-01-01T00:01:05.920Z,complete,case100:frames1597-1648,Kallax_Shelf_Drawer/0029_black_table_04_02_2019_08_20_11_37,2.040,1597,1648,51
100,pick up pin,1970-01-01T00:01:06.320Z,1970-01-01T00:01:07.320Z,complete,case100:frames1658-1683,Kallax_Shelf_Drawer/0029_black_table_04_02_2019_08_20_11_37,1.000,1658,1683,25
100,insert drawer pin,1970-01-01T00:01:07.320Z,1970-01-01T00:01:11.520Z,complete,case100:frames1683-1788,Kallax_Shelf_Drawer/0029_black_table_04_02_2019_08_20_11_37,4.200,1683,1788,105
100,position the drawer right side up,1970-01-01T00:01:11.880Z,1970-01-01T00:01:15.520Z,complete,case100:frames1797-1888,Kallax_Shelf_Drawer/0029_black_table_04_02_2019_08_20_11_37,3.640,1797,1888,91
101,lay down front panel,1970-01-01T00:00:04.840Z,1970-01-01T00:00:05.280Z,complete,case101:frames121-132,Kallax_Shelf_Drawer/0005_black_floor_08_04_2019_08_28_11_22,0.440,121,132,11
101,pick up side panel,1970-01-01T00:00:07.560Z,1970-01-01T00:00:08.600Z,complete,case101:frames189-215,Kallax_Shelf_Drawer/0005_black_floor_08_04_2019_08_28_11_22,1.040,189,215,26
101,align side panel holes with front panel dowels,1970-01-01T00:00:08.640Z,1970-01-01T00:00:11.480Z,complete,case101:frames216-287,Kallax_Shelf_Drawer/0005_black_floor_08_04_2019_08_28_11_22,2.840,216,287,71
101,pick up side panel,1970-01-01T00:00:13.200Z,1970-01-01T00:00:14.160Z,complete,case101:frames330-354,Kallax_Shelf_Drawer/0005_black_floor_08_04_2019_08_28_11_22,0.960,330,354,24
101,align side panel holes with front panel dowels,1970-01-01T00:00:14.400Z,1970-01-01T00:00:15.800Z,complete,case101:frames360-395,Kallax_Shelf_Drawer/0005_black_floor_08_04_2019_08_28_11_22,1.400,360,395,35
101,pick up bottom panel,1970-01-01T00:00:18.240Z,1970-01-01T00:00:19.080Z,complete,case101:frames456-477,Kallax_Shelf_Drawer/0005_black_floor_08_04_2019_08_28_11_22,0.840,456,477,21
101,slide bottom of drawer,1970-01-01T00:00:20.400Z,1970-01-01T00:00:23.360Z,complete,case101:frames510-584,Kallax_Shelf_Drawer/0005_black_floor_08_04_2019_08_28_11_22,2.960,510,584,74
101,attach drawer back panel,1970-01-01T00:00:32.800Z,1970-01-01T00:00:38.000Z,complete,case101:frames820-950,Kallax_Shelf_Drawer/0005_black_floor_08_04_2019_08_28_11_22,5.200,820,950,130
101,insert drawer pin,1970-01-01T00:00:43.480Z,1970-01-01T00:00:47.840Z,complete,case101:frames1087-1196,Kallax_Shelf_Drawer/0005_black_floor_08_04_2019_08_28_11_22,4.360,1087,1196,109
101,position the drawer right side up,1970-01-01T00:00:49.040Z,1970-01-01T00:00:51.320Z,complete,case101:frames1226-1283,Kallax_Shelf_Drawer/0005_black_floor_08_04_2019_08_28_11_22,2.280,1226,1283,57
102,pick up side panel,1970-01-01T00:00:01.680Z,1970-01-01T00:00:04.080Z,complete,case102:frames42-102,Kallax_Shelf_Drawer/0001_oak_floor_05_02_2019_08_19_16_54,2.400,42,102,60
102,attach drawer side panel,1970-01-01T00:00:04.080Z,1970-01-01T00:00:08.960Z,complete,case102:frames102-224,Kallax_Shelf_Drawer/0001_oak_floor_05_02_2019_08_19_16_54,4.880,102,224,122
102,pick up side panel,1970-01-01T00:00:09.200Z,1970-01-01T00:00:10.080Z,complete,case102:frames230-252,Kallax_Shelf_Drawer/0001_oak_floor_05_02_2019_08_19_16_54,0.880,230,252,22
102,attach drawer side panel,1970-01-01T00:00:10.080Z,1970-01-01T00:00:13.520Z,complete,case102:frames252-338,Kallax_Shelf_Drawer/0001_oak_floor_05_02_2019_08_19_16_54,3.440,252,338,86
102,pick up bottom panel,1970-01-01T00:00:14.240Z,1970-01-01T00:00:15.600Z,complete,case102:frames356-390,Kallax_Shelf_Drawer/0001_oak_floor_05_02_2019_08_19_16_54,1.360,356,390,34
102,slide bottom of drawer,1970-01-01T00:00:16.560Z,1970-01-01T00:00:23.240Z,complete,case102:frames414-581,Kallax_Shelf_Drawer/0001_oak_floor_05_02_2019_08_19_16_54,6.680,414,581,167
102,pick up back panel,1970-01-01T00:00:23.880Z,1970-01-01T00:00:25.160Z,complete,case102:frames597-629,Kallax_Shelf_Drawer/0001_oak_floor_05_02_2019_08_19_16_54,1.280,597,629,32
102,attach drawer back panel,1970-01-01T00:00:25.360Z,1970-01-01T00:00:30.160Z,complete,case102:frames634-754,Kallax_Shelf_Drawer/0001_oak_floor_05_02_2019_08_19_16_54,4.800,634,754,120
102,pick up pin,1970-01-01T00:00:30.960Z,1970-01-01T00:00:32.440Z,complete,case102:frames774-811,Kallax_Shelf_Drawer/0001_oak_floor_05_02_2019_08_19_16_54,1.480,774,811,37
102,insert drawer pin,1970-01-01T00:00:32.560Z,1970-01-01T00:00:33.880Z,complete,case102:frames814-847,Kallax_Shelf_Drawer/0001_oak_floor_05_02_2019_08_19_16_54,1.320,814,847,33
102,pick up pin,1970-01-01T00:00:34.040Z,1970-01-01T00:00:35.320Z,complete,case102:frames851-883,Kallax_Shelf_Drawer/0001_oak_floor_05_02_2019_08_19_16_54,1.280,851,883,32
102,insert drawer pin,1970-01-01T00:00:35.520Z,1970-01-01T00:00:36.760Z,complete,case102:frames888-919,Kallax_Shelf_Drawer/0001_oak_floor_05_02_2019_08_19_16_54,1.240,888,919,31
102,position the drawer right side up,1970-01-01T00:00:36.960Z,1970-01-01T00:00:38.760Z,complete,case102:frames924-969,Kallax_Shelf_Drawer/0001_oak_floor_05_02_2019_08_19_16_54,1.800,924,969,45
103,pick up front panel,1970-01-01T00:00:02.840Z,1970-01-01T00:00:03.240Z,complete,case103:frames71-81,Kallax_Shelf_Drawer/0014_black_floor_05_02_2019_08_19_12_46,0.400,71,81,10
103,lay down front panel,1970-01-01T00:00:03.240Z,1970-01-01T00:00:04.000Z,complete,case103:frames81-100,Kallax_Shelf_Drawer/0014_black_floor_05_02_2019_08_19_12_46,0.760,81,100,19
103,pick up side panel,1970-01-01T00:00:04.000Z,1970-01-01T00:00:05.560Z,complete,case103:frames100-139,Kallax_Shelf_Drawer/0014_black_floor_05_02_2019_08_19_12_46,1.560,100,139,39
103,align side panel holes with front panel dowels,1970-01-01T00:00:05.560Z,1970-01-01T00:00:11.000Z,complete,case103:frames139-275,Kallax_Shelf_Drawer/0014_black_floor_05_02_2019_08_19_12_46,5.440,139,275,136
103,attach drawer side panel,1970-01-01T00:00:11.000Z,1970-01-01T00:00:13.920Z,complete,case103:frames275-348,Kallax_Shelf_Drawer/0014_black_floor_05_02_2019_08_19_12_46,2.920,275,348,73
103,pick up side panel,1970-01-01T00:00:13.920Z,1970-01-01T00:00:16.040Z,complete,case103:frames348-401,Kallax_Shelf_Drawer/0014_black_floor_05_02_2019_08_19_12_46,2.120,348,401,53
103,align side panel holes with front panel dowels,1970-01-01T00:00:16.040Z,1970-01-01T00:00:16.960Z,complete,case103:frames401-424,Kallax_Shelf_Drawer/0014_black_floor_05_02_2019_08_19_12_46,0.920,401,424,23
103,attach drawer side panel,1970-01-01T00:00:16.960Z,1970-01-01T00:00:20.040Z,complete,case103:frames424-501,Kallax_Shelf_Drawer/0014_black_floor_05_02_2019_08_19_12_46,3.080,424,501,77
103,other,1970-01-01T00:00:20.040Z,1970-01-01T00:00:22.800Z,complete,case103:frames501-570,Kallax_Shelf_Drawer/0014_black_floor_05_02_2019_08_19_12_46,2.760,501,570,69
103,pick up pin,1970-01-01T00:00:22.800Z,1970-01-01T00:00:23.800Z,complete,case103:frames570-595,Kallax_Shelf_Drawer/0014_black_floor_05_02_2019_08_19_12_46,1.000,570,595,25
103,pick up bottom panel,1970-01-01T00:00:24.440Z,1970-01-01T00:00:27.520Z,complete,case103:frames611-688,Kallax_Shelf_Drawer/0014_black_floor_05_02_2019_08_19_12_46,3.080,611,688,77
103,slide bottom of drawer,1970-01-01T00:00:27.520Z,1970-01-01T00:00:39.520Z,complete,case103:frames688-988,Kallax_Shelf_Drawer/0014_black_floor_05_02_2019_08_19_12_46,12.000,688,988,300
103,pick up back panel,1970-01-01T00:00:41.880Z,1970-01-01T00:00:43.280Z,complete,case103:frames1047-1082,Kallax_Shelf_Drawer/0014_black_floor_05_02_2019_08_19_12_46,1.400,1047,1082,35
103,attach drawer back panel,1970-01-01T00:00:43.280Z,1970-01-01T00:00:50.600Z,complete,case103:frames1082-1265,Kallax_Shelf_Drawer/0014_black_floor_05_02_2019_08_19_12_46,7.320,1082,1265,183
103,pick up pin,1970-01-01T00:00:50.600Z,1970-01-01T00:00:52.400Z,complete,case103:frames1265-1310,Kallax_Shelf_Drawer/0014_black_floor_05_02_2019_08_19_12_46,1.800,1265,1310,45
103,insert drawer pin,1970-01-01T00:00:52.400Z,1970-01-01T00:00:56.960Z,complete,case103:frames1310-1424,Kallax_Shelf_Drawer/0014_black_floor_05_02_2019_08_19_12_46,4.560,1310,1424,114
103,position the drawer right side up,1970-01-01T00:00:56.960Z,1970-01-01T00:01:00.640Z,complete,case103:frames1424-1516,Kallax_Shelf_Drawer/0014_black_floor_05_02_2019_08_19_12_46,3.680,1424,1516,92
104,pick up side panel,1970-01-01T00:00:02.760Z,1970-01-01T00:00:05.000Z,complete,case104:frames69-125,Kallax_Shelf_Drawer/0004_white_floor_08_04_2019_08_28_10_58,2.240,69,125,56
104,align side panel holes with front panel dowels,1970-01-01T00:00:05.000Z,1970-01-01T00:00:07.120Z,complete,case104:frames125-178,Kallax_Shelf_Drawer/0004_white_floor_08_04_2019_08_28_10_58,2.120,125,178,53
104,attach drawer side panel,1970-01-01T00:00:07.120Z,1970-01-01T00:00:08.360Z,complete,case104:frames178-209,Kallax_Shelf_Drawer/0004_white_floor_08_04_2019_08_28_10_58,1.240,178,209,31
104,pick up side panel,1970-01-01T00:00:08.360Z,1970-01-01T00:00:09.720Z,complete,case104:frames209-243,Kallax_Shelf_Drawer/0004_white_floor_08_04_2019_08_28_10_58,1.360,209,243,34
104,align side panel holes with front panel dowels,1970-01-01T00:00:09.720Z,1970-01-01T00:00:10.560Z,complete,case104:frames243-264,Kallax_Shelf_Drawer/0004_white_floor_08_04_2019_08_28_10_58,0.840,243,264,21
104,attach drawer side panel,1970-01-01T00:00:10.560Z,1970-01-01T00:00:15.240Z,complete,case104:frames264-381,Kallax_Shelf_Drawer/0004_white_floor_08_04_2019_08_28_10_58,4.680,264,381,117
104,pick up bottom panel,1970-01-01T00:00:15.240Z,1970-01-01T00:00:18.360Z,complete,case104:frames381-459,Kallax_Shelf_Drawer/0004_white_floor_08_04_2019_08_28_10_58,3.120,381,459,78
104,slide bottom of drawer,1970-01-01T00:00:18.360Z,1970-01-01T00:00:23.040Z,complete,case104:frames459-576,Kallax_Shelf_Drawer/0004_white_floor_08_04_2019_08_28_10_58,4.680,459,576,117
104,pick up back panel,1970-01-01T00:00:23.040Z,1970-01-01T00:00:24.800Z,complete,case104:frames576-620,Kallax_Shelf_Drawer/0004_white_floor_08_04_2019_08_28_10_58,1.760,576,620,44
104,attach drawer back panel,1970-01-01T00:00:24.800Z,1970-01-01T00:00:31.520Z,complete,case104:frames620-788,Kallax_Shelf_Drawer/0004_white_floor_08_04_2019_08_28_10_58,6.720,620,788,168
104,pick up pin,1970-01-01T00:00:31.520Z,1970-01-01T00:00:32.320Z,complete,case104:frames788-808,Kallax_Shelf_Drawer/0004_white_floor_08_04_2019_08_28_10_58,0.800,788,808,20
104,insert drawer pin,1970-01-01T00:00:32.320Z,1970-01-01T00:00:34.080Z,complete,case104:frames808-852,Kallax_Shelf_Drawer/0004_white_floor_08_04_2019_08_28_10_58,1.760,808,852,44
104,pick up pin,1970-01-01T00:00:34.080Z,1970-01-01T00:00:35.520Z,complete,case104:frames852-888,Kallax_Shelf_Drawer/0004_white_floor_08_04_2019_08_28_10_58,1.440,852,888,36
104,insert drawer pin,1970-01-01T00:00:35.520Z,1970-01-01T00:00:37.440Z,complete,case104:frames888-936,Kallax_Shelf_Drawer/0004_white_floor_08_04_2019_08_28_10_58,1.920,888,936,48
104,position the drawer right side up,1970-01-01T00:00:37.440Z,1970-01-01T00:00:40.680Z,complete,case104:frames936-1017,Kallax_Shelf_Drawer/0004_white_floor_08_04_2019_08_28_10_58,3.240,936,1017,81
105,pick up side panel,1970-01-01T00:00:07.160Z,1970-01-01T00:00:08.240Z,complete,case105:frames179-206,Kallax_Shelf_Drawer/0002_black_floor_05_02_2019_08_19_17_50,1.080,179,206,27
105,other,1970-01-01T00:00:08.240Z,1970-01-01T00:00:11.760Z,complete,case105:frames206-294,Kallax_Shelf_Drawer/0002_black_floor_05_02_2019_08_19_17_50,3.520,206,294,88
105,align side panel holes with front panel dowels,1970-01-01T00:00:11.760Z,1970-01-01T00:00:13.160Z,complete,case105:frames294-329,Kallax_Shelf_Drawer/0002_black_floor_05_02_2019_08_19_17_50,1.400,294,329,35
105,attach drawer side panel,1970-01-01T00:00:13.160Z,1970-01-01T00:00:14.840Z,complete,case105:frames329-371,Kallax_Shelf_Drawer/0002_black_floor_05_02_2019_08_19_17_50,1.680,329,371,42
105,pick up side panel,1970-01-01T00:00:16.600Z,1970-01-01T00:00:17.880Z,complete,case105:frames415-447,Kallax_Shelf_Drawer/0002_black_floor_05_02_2019_08_19_17_50,1.280,415,447,32
105,align side panel holes with front panel dowels,1970-01-01T00:00:17.880Z,1970-01-01T00:00:19.920Z,complete,case105:frames447-498,Kallax_Shelf_Drawer/0002_black_floor_05_02_2019_08_19_17_50,2.040,447,498,51
105,attach drawer side panel,1970-01-01T00:00:19.920Z,1970-01-01T00:00:21.400Z,complete,case105:frames498-535,Kallax_Shelf_Drawer/0002_black_floor_05_02_2019_08_19_17_50,1.480,498,535,37
105,pick up bottom panel,1970-01-01T00:00:22.000Z,1970-01-01T00:00:23.080Z,complete,case105:frames550-577,Kallax_Shelf_Drawer/0002_black_floor_05_02_2019_08_19_17_50,1.080,550,577,27
105,slide bottom of drawer,1970-01-01T00:00:23.080Z,1970-01-01T00:00:33.040Z,complete,case105:frames577-826,Kallax_Shelf_Drawer/0002_black_floor_05_02_2019_08_19_17_50,9.960,577,826,249
105,pick up back panel,1970-01-01T00:00:33.600Z,1970-01-01T00:00:34.880Z,complete,case105:frames840-872,Kallax_Shelf_Drawer/0002_black_floor_05_02_2019_08_19_17_50,1.280,840,872,32
105,attach drawer back panel,1970-01-01T00:00:34.880Z,1970-01-01T00:00:38.720Z,complete,case105:frames872-968,Kallax_Shelf_Drawer/0002_black_floor_05_02_2019_08_19_17_50,3.840,872,968,96
105,pick up pin,1970-01-01T00:00:38.720Z,1970-01-01T00:00:40.600Z,complete,case105:frames968-1015,Kallax_Shelf_Drawer/0002_black_floor_05_02_2019_08_19_17_50,1.880,968,1015,47
105,insert drawer pin,1970-01-01T00:00:40.600Z,1970-01-01T00:00:42.240Z,complete,case105:frames1015-1056,Kallax_Shelf_Drawer/0002_black_floor_05_02_2019_08_19_17_50,1.640,1015,1056,41
105,pick up pin,1970-01-01T00:00:42.680Z,1970-01-01T00:00:43.840Z,complete,case105:frames1067-1096,Kallax_Shelf_Drawer/0002_black_floor_05_02_2019_08_19_17_50,1.160,1067,1096,29
105,insert drawer pin,1970-01-01T00:00:43.840Z,1970-01-01T00:00:46.200Z,complete,case105:frames1096-1155,Kallax_Shelf_Drawer/0002_black_floor_05_02_2019_08_19_17_50,2.360,1096,1155,59
105,position the drawer right side up,1970-01-01T00:00:47.040Z,1970-01-01T00:00:49.840Z,complete,case105:frames1176-1246,Kallax_Shelf_Drawer/0002_black_floor_05_02_2019_08_19_17_50,2.800,1176,1246,70
106,pick up front panel,1970-01-01T00:00:02.800Z,1970-01-01T00:00:03.600Z,complete,case106:frames70-90,Kallax_Shelf_Drawer/0041_oak_floor_08_04_2019_08_28_12_24,0.800,70,90,20
106,lay down front panel,1970-01-01T00:00:03.600Z,1970-01-01T00:00:05.080Z,complete,case106:frames90-127,Kallax_Shelf_Drawer/0041_oak_floor_08_04_2019_08_28_12_24,1.480,90,127,37
106,pick up side panel,1970-01-01T00:00:05.080Z,1970-01-01T00:00:06.280Z,complete,case106:frames127-157,Kallax_Shelf_Drawer/0041_oak_floor_08_04_2019_08_28_12_24,1.200,127,157,30
106,align side panel holes with front panel dowels,1970-01-01T00:00:06.640Z,1970-01-01T00:00:10.920Z,complete,case106:frames166-273,Kallax_Shelf_Drawer/0041_oak_floor_08_04_2019_08_28_12_24,4.280,166,273,107
106,attach drawer side panel,1970-01-01T00:00:10.920Z,1970-01-01T00:00:12.680Z,complete,case106:frames273-317,Kallax_Shelf_Drawer/0041_oak_floor_08_04_2019_08_28_12_24,1.760,273,317,44
106,pick up side panel,1970-01-01T00:00:13.000Z,1970-01-01T00:00:14.040Z,complete,case106:frames325-351,Kallax_Shelf_Drawer/0041_oak_floor_08_04_2019_08_28_12_24,1.040,325,351,26
106,align side panel holes with front panel dowels,1970-01-01T00:00:16.080Z,1970-01-01T00:00:18.680Z,complete,case106:frames402-467,Kallax_Shelf_Drawer/0041_oak_floor_08_04_2019_08_28_12_24,2.600,402,467,65
106,attach drawer side panel,1970-01-01T00:00:18.680Z,1970-01-01T00:00:19.040Z,complete,case106:frames467-476,Kallax_Shelf_Drawer/0041_oak_floor_08_04_2019_08_28_12_24,0.360,467,476,9
106,pick up bottom panel,1970-01-01T00:00:19.640Z,1970-01-01T00:00:21.040Z,complete,case106:frames491-526,Kallax_Shelf_Drawer/0041_oak_floor_08_04_2019_08_28_12_24,1.400,491,526,35
106,slide bottom of drawer,1970-01-01T00:00:21.840Z,1970-01-01T00:00:28.560Z,complete,case106:frames546-714,Kallax_Shelf_Drawer/0041_oak_floor_08_04_2019_08_28_12_24,6.720,546,714,168
106,pick up back panel,1970-01-01T00:00:32.040Z,1970-01-01T00:00:33.280Z,complete,case106:frames801-832,Kallax_Shelf_Drawer/0041_oak_floor_08_04_2019_08_28_12_24,1.240,801,832,31
106,slide bottom of drawer,1970-01-01T00:00:35.280Z,1970-01-01T00:00:44.960Z,complete,case106:frames882-1124,Kallax_Shelf_Drawer/0041_oak_floor_08_04_2019_08_28_12_24,9.680,882,1124,242
106,pick up pin,1970-01-01T00:00:44.960Z,1970-01-01T00:00:45.920Z,complete,case106:frames1124-1148,Kallax_Shelf_Drawer/0041_oak_floor_08_04_2019_08_28_12_24,0.960,1124,1148,24
106,insert drawer pin,1970-01-01T00:00:45.920Z,1970-01-01T00:00:51.840Z,complete,case106:frames1148-1296,Kallax_Shelf_Drawer/0041_oak_floor_08_04_2019_08_28_12_24,5.920,1148,1296,148
106,position the drawer right side up,1970-01-01T00:00:52.120Z,1970-01-01T00:00:56.920Z,complete,case106:frames1303-1423,Kallax_Shelf_Drawer/0041_oak_floor_08_04_2019_08_28_12_24,4.800,1303,1423,120
107,attach drawer side panel,1970-01-01T00:00:03.400Z,1970-01-01T00:00:13.920Z,complete,case107:frames85-348,Kallax_Shelf_Drawer/0020_oak_floor_05_02_2019_08_19_12_58,10.520,85,348,263
107,pick up side panel,1970-01-01T00:00:13.920Z,1970-01-01T00:00:14.640Z,complete,case107:frames348-366,Kallax_Shelf_Drawer/0020_oak_floor_05_02_2019_08_19_12_58,0.720,348,366,18
107,attach drawer side panel,1970-01-01T00:00:14.640Z,1970-01-01T00:00:20.280Z,complete,case107:frames366-507,Kallax_Shelf_Drawer/0020_oak_floor_05_02_2019_08_19_12_58,5.640,366,507,141
107,pick up bottom panel,1970-01-01T00:00:20.280Z,1970-01-01T00:00:21.680Z,complete,case107:frames507-542,Kallax_Shelf_Drawer/0020_oak_floor_05_02_2019_08_19_12_58,1.400,507,542,35
107,slide bottom of drawer,1970-01-01T00:00:21.680Z,1970-01-01T00:00:28.640Z,complete,case107:frames542-716,Kallax_Shelf_Drawer/0020_oak_floor_05_02_2019_08_19_12_58,6.960,542,716,174
107,pick up back panel,1970-01-01T00:00:28.640Z,1970-01-01T00:00:30.480Z,complete,case107:frames716-762,Kallax_Shelf_Drawer/0020_oak_floor_05_02_2019_08_19_12_58,1.840,716,762,46
107,attach drawer back panel,1970-01-01T00:00:30.480Z,1970-01-01T00:00:40.880Z,complete,case107:frames762-1022,Kallax_Shelf_Drawer/0020_oak_floor_05_02_2019_08_19_12_58,10.400,762,1022,260
107,pick up pin,1970-01-01T00:00:41.560Z,1970-01-01T00:00:42.920Z,complete,case107:frames1039-1073,Kallax_Shelf_Drawer/0020_oak_floor_05_02_2019_08_19_12_58,1.360,1039,1073,34
107,insert drawer pin,1970-01-01T00:00:42.920Z,1970-01-01T00:00:44.360Z,complete,case107:frames1073-1109,Kallax_Shelf_Drawer/0020_oak_floor_05_02_2019_08_19_12_58,1.440,1073,1109,36
107,pick up pin,1970-01-01T00:00:44.360Z,1970-01-01T00:00:46.600Z,complete,case107:frames1109-1165,Kallax_Shelf_Drawer/0020_oak_floor_05_02_2019_08_19_12_58,2.240,1109,1165,56
107,insert drawer pin,1970-01-01T00:00:46.600Z,1970-01-01T00:00:49.120Z,complete,case107:frames1165-1228,Kallax_Shelf_Drawer/0020_oak_floor_05_02_2019_08_19_12_58,2.520,1165,1228,63
107,lay down bottom panel,1970-01-01T00:00:49.120Z,1970-01-01T00:00:50.920Z,complete,case107:frames1228-1273,Kallax_Shelf_Drawer/0020_oak_floor_05_02_2019_08_19_12_58,1.800,1228,1273,45
108,pick up side panel,1970-01-01T00:00:04.240Z,1970-01-01T00:00:05.360Z,complete,case108:frames106-134,Kallax_Shelf_Drawer/0021_white_floor_05_02_2019_08_19_13_15,1.120,106,134,28
108,attach drawer side panel,1970-01-01T00:00:05.360Z,1970-01-01T00:00:11.360Z,complete,case108:frames134-284,Kallax_Shelf_Drawer/0021_white_floor_05_02_2019_08_19_13_15,6.000,134,284,150
108,pick up side panel,1970-01-01T00:00:11.840Z,1970-01-01T00:00:13.800Z,complete,case108:frames296-345,Kallax_Shelf_Drawer/0021_white_floor_05_02_2019_08_19_13_15,1.960,296,345,49
108,attach drawer side panel,1970-01-01T00:00:13.800Z,1970-01-01T00:00:23.360Z,complete,case108:frames345-584,Kallax_Shelf_Drawer/0021_white_floor_05_02_2019_08_19_13_15,9.560,345,584,239
108,other,1970-01-01T00:00:23.360Z,1970-01-01T00:00:37.440Z,complete,case108:frames584-936,Kallax_Shelf_Drawer/0021_white_floor_05_02_2019_08_19_13_15,14.080,584,936,352
108,attach drawer side panel,1970-01-01T00:00:37.440Z,1970-01-01T00:00:40.120Z,complete,case108:frames936-1003,Kallax_Shelf_Drawer/0021_white_floor_05_02_2019_08_19_13_15,2.680,936,1003,67
108,pick up side panel,1970-01-01T00:00:40.120Z,1970-01-01T00:00:42.640Z,complete,case108:frames1003-1066,Kallax_Shelf_Drawer/0021_white_floor_05_02_2019_08_19_13_15,2.520,1003,1066,63
108,attach drawer side panel,1970-01-01T00:00:42.640Z,1970-01-01T00:00:46.040Z,complete,case108:frames1066-1151,Kallax_Shelf_Drawer/0021_white_floor_05_02_2019_08_19_13_15,3.400,1066,1151,85
108,pick up bottom panel,1970-01-01T00:00:46.040Z,1970-01-01T00:00:48.840Z,complete,case108:frames1151-1221,Kallax_Shelf_Drawer/0021_white_floor_05_02_2019_08_19_13_15,2.800,1151,1221,70
108,slide bottom of drawer,1970-01-01T00:00:48.840Z,1970-01-01T00:00:57.160Z,complete,case108:frames1221-1429,Kallax_Shelf_Drawer/0021_white_floor_05_02_2019_08_19_13_15,8.320,1221,1429,208
108,attach drawer back panel,1970-01-01T00:00:57.160Z,1970-01-01T00:01:41.920Z,complete,case108:frames1429-2548,Kallax_Shelf_Drawer/0021_white_floor_05_02_2019_08_19_13_15,44.760,1429,2548,1119
108,pick up pin,1970-01-01T00:01:41.920Z,1970-01-01T00:01:43.640Z,complete,case108:frames2548-2591,Kallax_Shelf_Drawer/0021_white_floor_05_02_2019_08_19_13_15,1.720,2548,2591,43
108,insert drawer pin,1970-01-01T00:01:43.640Z,1970-01-01T00:01:44.760Z,complete,case108:frames2591-2619,Kallax_Shelf_Drawer/0021_white_floor_05_02_2019_08_19_13_15,1.120,2591,2619,28
108,pick up pin,1970-01-01T00:01:44.760Z,1970-01-01T00:01:45.960Z,complete,case108:frames2619-2649,Kallax_Shelf_Drawer/0021_white_floor_05_02_2019_08_19_13_15,1.200,2619,2649,30
108,insert drawer pin,1970-01-01T00:01:45.960Z,1970-01-01T00:01:47.760Z,complete,case108:frames2649-2694,Kallax_Shelf_Drawer/0021_white_floor_05_02_2019_08_19_13_15,1.800,2649,2694,45
108,position the drawer right side up,1970-01-01T00:01:47.760Z,1970-01-01T00:01:49.200Z,complete,case108:frames2694-2730,Kallax_Shelf_Drawer/0021_white_floor_05_02_2019_08_19_13_15,1.440,2694,2730,36
109,pick up bottom panel,1970-01-01T00:00:03.760Z,1970-01-01T00:00:05.240Z,complete,case109:frames94-131,Kallax_Shelf_Drawer/0008_black_floor_08_04_2019_08_28_11_49,1.480,94,131,37
109,lay down bottom panel,1970-01-01T00:00:05.240Z,1970-01-01T00:00:05.800Z,complete,case109:frames131-145,Kallax_Shelf_Drawer/0008_black_floor_08_04_2019_08_28_11_49,0.560,131,145,14
109,pick up side panel,1970-01-01T00:00:05.800Z,1970-01-01T00:00:07.520Z,complete,case109:frames145-188,Kallax_Shelf_Drawer/0008_black_floor_08_04_2019_08_28_11_49,1.720,145,188,43
109,attach drawer side panel,1970-01-01T00:00:07.520Z,1970-01-01T00:00:12.760Z,complete,case109:frames188-319,Kallax_Shelf_Drawer/0008_black_floor_08_04_2019_08_28_11_49,5.240,188,319,131
109,pick up side panel,1970-01-01T00:00:12.760Z,1970-01-01T00:00:15.000Z,complete,case109:frames319-375,Kallax_Shelf_Drawer/0008_black_floor_08_04_2019_08_28_11_49,2.240,319,375,56
109,attach drawer side panel,1970-01-01T00:00:15.000Z,1970-01-01T00:00:23.360Z,complete,case109:frames375-584,Kallax_Shelf_Drawer/0008_black_floor_08_04_2019_08_28_11_49,8.360,375,584,209
109,pick up bottom panel,1970-01-01T00:00:23.360Z,1970-01-01T00:00:26.360Z,complete,case109:frames584-659,Kallax_Shelf_Drawer/0008_black_floor_08_04_2019_08_28_11_49,3.000,584,659,75
109,slide bottom of drawer,1970-01-01T00:00:26.360Z,1970-01-01T00:00:34.080Z,complete,case109:frames659-852,Kallax_Shelf_Drawer/0008_black_floor_08_04_2019_08_28_11_49,7.720,659,852,193
109,pick up front panel,1970-01-01T00:00:38.600Z,1970-01-01T00:00:40.200Z,complete,case109:frames965-1005,Kallax_Shelf_Drawer/0008_black_floor_08_04_2019_08_28_11_49,1.600,965,1005,40
109,align side panel holes with front panel dowels,1970-01-01T00:00:40.200Z,1970-01-01T00:01:04.120Z,complete,case109:frames1005-1603,Kallax_Shelf_Drawer/0008_black_floor_08_04_2019_08_28_11_49,23.920,1005,1603,598
109,pick up pin,1970-01-01T00:01:08.720Z,1970-01-01T00:01:09.560Z,complete,case109:frames1718-1739,Kallax_Shelf_Drawer/0008_black_floor_08_04_2019_08_28_11_49,0.840,1718,1739,21
109,insert drawer pin,1970-01-01T00:01:09.560Z,1970-01-01T00:01:19.760Z,complete,case109:frames1739-1994,Kallax_Shelf_Drawer/0008_black_floor_08_04_2019_08_28_11_49,10.200,1739,1994,255
11,pick up leg,1970-01-01T00:00:03.280Z,1970-01-01T00:00:05.200Z,complete,case11:frames82-130,Lack_TV_Bench/0020_black_floor_05_02_2019_08_19_12_51,1.920,82,130,48
11,align leg screw with table thread,1970-01-01T00:00:05.200Z,1970-01-01T00:00:08.080Z,complete,case11:frames130-202,Lack_TV_Bench/0020_black_floor_05_02_2019_08_19_12_51,2.880,130,202,72
11,spin leg,1970-01-01T00:00:08.080Z,1970-01-01T00:00:20.840Z,complete,case11:frames202-521,Lack_TV_Bench/0020_black_floor_05_02_2019_08_19_12_51,12.760,202,521,319
11,pick up leg,1970-01-01T00:00:20.840Z,1970-01-01T00:00:22.240Z,complete,case11:frames521-556,Lack_TV_Bench/0020_black_floor_05_02_2019_08_19_12_51,1.400,521,556,35
11,align leg screw with table thread,1970-01-01T00:00:22.240Z,1970-01-01T00:00:24.840Z,complete,case11:frames556-621,Lack_TV_Bench/0020_black_floor_05_02_2019_08_19_12_51,2.600,556,621,65
11,spin leg,1970-01-01T00:00:24.840Z,1970-01-01T00:00:40.040Z,complete,case11:frames621-1001,Lack_TV_Bench/0020_black_floor_05_02_2019_08_19_12_51,15.200,621,1001,380
11,pick up leg,1970-01-01T00:00:40.040Z,1970-01-01T00:00:43.200Z,complete,case11:frames1001-1080,Lack_TV_Bench/0020_black_floor_05_02_2019_08_19_12_51,3.160,1001,1080,79
11,align leg screw with table thread,1970-01-01T00:00:43.200Z,1970-01-01T00:00:45.800Z,complete,case11:frames1080-1145,Lack_TV_Bench/0020_black_floor_05_02_2019_08_19_12_51,2.600,1080,1145,65
11,spin leg,1970-01-01T00:00:45.800Z,1970-01-01T00:01:02.400Z,complete,case11:frames1145-1560,Lack_TV_Bench/0020_black_floor_05_02_2019_08_19_12_51,16.600,1145,1560,415
11,pick up leg,1970-01-01T00:01:02.400Z,1970-01-01T00:01:05.280Z,complete,case11:frames1560-1632,Lack_TV_Bench/0020_black_floor_05_02_2019_08_19_12_51,2.880,1560,1632,72
11,align leg screw with table thread,1970-01-01T00:01:05.280Z,1970-01-01T00:01:08.040Z,complete,case11:frames1632-1701,Lack_TV_Bench/0020_black_floor_05_02_2019_08_19_12_51,2.760,1632,1701,69
11,spin leg,1970-01-01T00:01:08.040Z,1970-01-01T00:01:20.240Z,complete,case11:frames1701-2006,Lack_TV_Bench/0020_black_floor_05_02_2019_08_19_12_51,12.200,1701,2006,305
11,flip table,1970-01-01T00:01:23.120Z,1970-01-01T00:01:27.640Z,complete,case11:frames2078-2191,Lack_TV_Bench/0020_black_floor_05_02_2019_08_19_12_51,4.520,2078,2191,113
11,pick up shelf,1970-01-01T00:01:27.640Z,1970-01-01T00:01:30.400Z,complete,case11:frames2191-2260,Lack_TV_Bench/0020_black_floor_05_02_2019_08_19_12_51,2.760,2191,2260,69
11,attach shelf to table,1970-01-01T00:01:30.400Z,1970-01-01T00:01:44.920Z,complete,case11:frames2260-2623,Lack_TV_Bench/0020_black_floor_05_02_2019_08_19_12_51,14.520,2260,2623,363
110,pick up back panel,1970-01-01T00:00:05.560Z,1970-01-01T00:00:05.600Z,complete,case110:frames139-140,Kallax_Shelf_Drawer/0012_white_table_04_02_2019_08_20_11_52,0.040,139,140,1
110,pick up side panel,1970-01-01T00:00:05.600Z,1970-01-01T00:00:11.840Z,complete,case110:frames140-296,Kallax_Shelf_Drawer/0012_white_table_04_02_2019_08_20_11_52,6.240,140,296,156
110,pick up front panel,1970-01-01T00:00:11.840Z,1970-01-01T00:00:17.080Z,complete,case110:frames296-427,Kallax_Shelf_Drawer/0012_white_table_04_02_2019_08_20_11_52,5.240,296,427,131
110,pick up side panel,1970-01-01T00:00:17.080Z,1970-01-01T00:00:23.320Z,complete,case110:frames427-583,Kallax_Shelf_Drawer/0012_white_table_04_02_2019_08_20_11_52,6.240,427,583,156
110,align side panel holes with front panel dowels,1970-01-01T00:00:23.320Z,1970-01-01T00:00:25.160Z,complete,case110:frames583-629,Kallax_Shelf_Drawer/0012_white_table_04_02_2019_08_20_11_52,1.840,583,629,46
110,attach drawer side panel,1970-01-01T00:00:25.160Z,1970-01-01T00:00:27.560Z,complete,case110:frames629-689,Kallax_Shelf_Drawer/0012_white_table_04_02_2019_08_20_11_52,2.400,629,689,60
110,pick up side panel,1970-01-01T00:00:30.000Z,1970-01-01T00:00:35.800Z,complete,case110:frames750-895,Kallax_Shelf_Drawer/0012_white_table_04_02_2019_08_20_11_52,5.800,750,895,145
110,align side panel holes with front panel dowels,1970-01-01T00:00:35.800Z,1970-01-01T00:00:40.200Z,complete,case110:frames895-1005,Kallax_Shelf_Drawer/0012_white_table_04_02_2019_08_20_11_52,4.400,895,1005,110
110,attach drawer side panel,1970-01-01T00:00:40.200Z,1970-01-01T00:00:43.400Z,complete,case110:frames1005-1085,Kallax_Shelf_Drawer/0012_white_table_04_02_2019_08_20_11_52,3.200,1005,1085,80
110,pick up bottom panel,1970-01-01T00:00:48.360Z,1970-01-01T00:00:52.520Z,complete,case110:frames1209-1313,Kallax_Shelf_Drawer/0012_white_table_04_02_2019_08_20_11_52,4.160,1209,1313,104
110,slide bottom of drawer,1970-01-01T00:00:52.520Z,1970-01-01T00:01:02.680Z,complete,case110:frames1313-1567,Kallax_Shelf_Drawer/0012_white_table_04_02_2019_08_20_11_52,10.160,1313,1567,254
110,pick up back panel,1970-01-01T00:01:04.160Z,1970-01-01T00:01:13.440Z,complete,case110:frames1604-1836,Kallax_Shelf_Drawer/0012_white_table_04_02_2019_08_20_11_52,9.280,1604,1836,232
110,attach drawer back panel,1970-01-01T00:01:13.440Z,1970-01-01T00:01:35.480Z,complete,case110:frames1836-2387,Kallax_Shelf_Drawer/0012_white_table_04_02_2019_08_20_11_52,22.040,1836,2387,551
110,pick up pin,1970-01-01T00:01:36.280Z,1970-01-01T00:01:47.400Z,complete,case110:frames2407-2685,Kallax_Shelf_Drawer/0012_white_table_04_02_2019_08_20_11_52,11.120,2407,2685,278
110,insert drawer pin,1970-01-01T00:01:47.400Z,1970-01-01T00:01:48.600Z,complete,case110:frames2685-2715,Kallax_Shelf_Drawer/0012_white_table_04_02_2019_08_20_11_52,1.200,2685,2715,30
110,position the drawer right side up,1970-01-01T00:01:48.600Z,1970-01-01T00:01:57.000Z,complete,case110:frames2715-2925,Kallax_Shelf_Drawer/0012_white_table_04_02_2019_08_20_11_52,8.400,2715,2925,210
111,pick up side panel,1970-01-01T00:00:01.720Z,1970-01-01T00:00:03.120Z,complete,case111:frames43-78,Kallax_Shelf_Drawer/0030_oak_table_04_02_2019_08_20_12_14,1.400,43,78,35
111,align side panel holes with front panel dowels,1970-01-01T00:00:03.120Z,1970-01-01T00:00:06.600Z,complete,case111:frames78-165,Kallax_Shelf_Drawer/0030_oak_table_04_02_2019_08_20_12_14,3.480,78,165,87
111,attach drawer side panel,1970-01-01T00:00:06.600Z,1970-01-01T00:00:08.280Z,complete,case111:frames165-207,Kallax_Shelf_Drawer/0030_oak_table_04_02_2019_08_20_12_14,1.680,165,207,42
111,pick up side panel,1970-01-01T00:00:08.280Z,1970-01-01T00:00:09.680Z,complete,case111:frames207-242,Kallax_Shelf_Drawer/0030_oak_table_04_02_2019_08_20_12_14,1.400,207,242,35
111,align side panel holes with front panel dowels,1970-01-01T00:00:09.680Z,1970-01-01T00:00:15.360Z,complete,case111:frames242-384,Kallax_Shelf_Drawer/0030_oak_table_04_02_2019_08_20_12_14,5.680,242,384,142
111,attach drawer side panel,1970-01-01T00:00:15.360Z,1970-01-01T00:00:16.720Z,complete,case111:frames384-418,Kallax_Shelf_Drawer/0030_oak_table_04_02_2019_08_20_12_14,1.360,384,418,34
111,pick up bottom panel,1970-01-01T00:00:16.720Z,1970-01-01T00:00:18.800Z,complete,case111:frames418-470,Kallax_Shelf_Drawer/0030_oak_table_04_02_2019_08_20_12_14,2.080,418,470,52
111,slide bottom of drawer,1970-01-01T00:00:18.800Z,1970-01-01T00:00:24.520Z,complete,case111:frames470-613,Kallax_Shelf_Drawer/0030_oak_table_04_02_2019_08_20_12_14,5.720,470,613,143
111,pick up back panel,1970-01-01T00:00:24.520Z,1970-01-01T00:00:25.680Z,complete,case111:frames613-642,Kallax_Shelf_Drawer/0030_oak_table_04_02_2019_08_20_12_14,1.160,613,642,29
111,attach drawer back panel,1970-01-01T00:00:25.680Z,1970-01-01T00:00:31.360Z,complete,case111:frames642-784,Kallax_Shelf_Drawer/0030_oak_table_04_02_2019_08_20_12_14,5.680,642,784,142
111,pick up pin,1970-01-01T00:00:31.360Z,1970-01-01T00:00:32.920Z,complete,case111:frames784-823,Kallax_Shelf_Drawer/0030_oak_table_04_02_2019_08_20_12_14,1.560,784,823,39
111,insert drawer pin,1970-01-01T00:00:32.920Z,1970-01-01T00:00:38.560Z,complete,case111:frames823-964,Kallax_Shelf_Drawer/0030_oak_table_04_02_2019_08_20_12_14,5.640,823,964,141
111,position the drawer right side up,1970-01-01T00:00:41.280Z,1970-01-01T00:00:44.400Z,complete,case111:frames1032-1110,Kallax_Shelf_Drawer/0030_oak_table_04_02_2019_08_20_12_14,3.120,1032,1110,78
112,pick up side panel,1970-01-01T00:00:02.200Z,1970-01-01T00:00:04.320Z,complete,case112:frames55-108,Kallax_Shelf_Drawer/0025_black_table_04_02_2019_08_20_13_51,2.120,55,108,53
112,attach drawer side panel,1970-01-01T00:00:04.800Z,1970-01-01T00:00:08.960Z,complete,case112:frames120-224,Kallax_Shelf_Drawer/0025_black_table_04_02_2019_08_20_13_51,4.160,120,224,104
112,pick up side panel,1970-01-01T00:00:09.240Z,1970-01-01T00:00:11.960Z,complete,case112:frames231-299,Kallax_Shelf_Drawer/0025_black_table_04_02_2019_08_20_13_51,2.720,231,299,68
112,attach drawer side panel,1970-01-01T00:00:11.960Z,1970-01-01T00:00:15.080Z,complete,case112:frames299-377,Kallax_Shelf_Drawer/0025_black_table_04_02_2019_08_20_13_51,3.120,299,377,78
112,pick up bottom panel,1970-01-01T00:00:15.080Z,1970-01-01T00:00:19.560Z,complete,case112:frames377-489,Kallax_Shelf_Drawer/0025_black_table_04_02_2019_08_20_13_51,4.480,377,489,112
112,slide bottom of drawer,1970-01-01T00:00:19.560Z,1970-01-01T00:00:23.080Z,complete,case112:frames489-577,Kallax_Shelf_Drawer/0025_black_table_04_02_2019_08_20_13_51,3.520,489,577,88
112,pick up back panel,1970-01-01T00:00:23.080Z,1970-01-01T00:00:24.760Z,complete,case112:frames577-619,Kallax_Shelf_Drawer/0025_black_table_04_02_2019_08_20_13_51,1.680,577,619,42
112,attach drawer back panel,1970-01-01T00:00:24.760Z,1970-01-01T00:00:32.800Z,complete,case112:frames619-820,Kallax_Shelf_Drawer/0025_black_table_04_02_2019_08_20_13_51,8.040,619,820,201
112,pick up pin,1970-01-01T00:00:33.880Z,1970-01-01T00:00:34.920Z,complete,case112:frames847-873,Kallax_Shelf_Drawer/0025_black_table_04_02_2019_08_20_13_51,1.040,847,873,26
112,insert drawer pin,1970-01-01T00:00:34.920Z,1970-01-01T00:00:39.200Z,complete,case112:frames873-980,Kallax_Shelf_Drawer/0025_black_table_04_02_2019_08_20_13_51,4.280,873,980,107
112,lay down bottom panel,1970-01-01T00:00:39.200Z,1970-01-01T00:00:42.600Z,complete,case112:frames980-1065,Kallax_Shelf_Drawer/0025_black_table_04_02_2019_08_20_13_51,3.400,980,1065,85
113,pick up side panel,1970-01-01T00:00:06.920Z,1970-01-01T00:00:08.400Z,complete,case113:frames173-210,Kallax_Shelf_Drawer/0014_black_floor_08_04_2019_08_28_11_12,1.480,173,210,37
113,align side panel holes with front panel dowels,1970-01-01T00:00:08.400Z,1970-01-01T00:00:14.400Z,complete,case113:frames210-360,Kallax_Shelf_Drawer/0014_black_floor_08_04_2019_08_28_11_12,6.000,210,360,150
113,pick up side panel,1970-01-01T00:00:14.800Z,1970-01-01T00:00:16.000Z,complete,case113:frames370-400,Kallax_Shelf_Drawer/0014_black_floor_08_04_2019_08_28_11_12,1.200,370,400,30
113,align side panel holes with front panel dowels,1970-01-01T00:00:16.000Z,1970-01-01T00:00:20.800Z,complete,case113:frames400-520,Kallax_Shelf_Drawer/0014_black_floor_08_04_2019_08_28_11_12,4.800,400,520,120
113,pick up bottom panel,1970-01-01T00:00:22.800Z,1970-01-01T00:00:24.000Z,complete,case113:frames570-600,Kallax_Shelf_Drawer/0014_black_floor_08_04_2019_08_28_11_12,1.200,570,600,30
113,position the drawer right side up,1970-01-01T00:00:25.600Z,1970-01-01T00:00:28.000Z,complete,case113:frames640-700,Kallax_Shelf_Drawer/0014_black_floor_08_04_2019_08_28_11_12,2.400,640,700,60
113,slide bottom of drawer,1970-01-01T00:00:28.000Z,1970-01-01T00:00:34.800Z,complete,case113:frames700-870,Kallax_Shelf_Drawer/0014_black_floor_08_04_2019_08_28_11_12,6.800,700,870,170
113,pick up back panel,1970-01-01T00:00:34.800Z,1970-01-01T00:00:35.200Z,complete,case113:frames870-880,Kallax_Shelf_Drawer/0014_black_floor_08_04_2019_08_28_11_12,0.400,870,880,10
113,attach drawer back panel,1970-01-01T00:00:36.400Z,1970-01-01T00:00:45.200Z,complete,case113:frames910-1130,Kallax_Shelf_Drawer/0014_black_floor_08_04_2019_08_28_11_12,8.800,910,1130,220
113,insert drawer pin,1970-01-01T00:00:49.880Z,1970-01-01T00:00:55.520Z,complete,case113:frames1247-1388,Kallax_Shelf_Drawer/0014_black_floor_08_04_2019_08_28_11_12,5.640,1247,1388,141
113,other,1970-01-01T00:00:57.000Z,1970-01-01T00:01:24.680Z,complete,case113:frames1425-2117,Kallax_Shelf_Drawer/0014_black_floor_08_04_2019_08_28_11_12,27.680,1425,2117,692
113,pick up side panel,1970-01-01T00:01:24.680Z,1970-01-01T00:01:26.120Z,complete,case113:frames2117-2153,Kallax_Shelf_Drawer/0014_black_floor_08_04_2019_08_28_11_12,1.440,2117,2153,36
113,align side panel holes with front panel dowels,1970-01-01T00:01:26.120Z,1970-01-01T00:01:27.720Z,complete,case113:frames2153-2193,Kallax_Shelf_Drawer/0014_black_floor_08_04_2019_08_28_11_12,1.600,2153,2193,40
113,attach drawer side panel,1970-01-01T00:01:27.720Z,1970-01-01T00:01:31.320Z,complete,case113:frames2193-2283,Kallax_Shelf_Drawer/0014_black_floor_08_04_2019_08_28_11_12,3.600,2193,2283,90
113,pick up side panel,1970-01-01T00:01:32.120Z,1970-01-01T00:01:33.320Z,complete,case113:frames2303-2333,Kallax_Shelf_Drawer/0014_black_floor_08_04_2019_08_28_11_12,1.200,2303,2333,30
113,align side panel holes with front panel dowels,1970-01-01T00:01:33.720Z,1970-01-01T00:01:34.920Z,complete,case113:frames2343-2373,Kallax_Shelf_Drawer/0014_black_floor_08_04_2019_08_28_11_12,1.200,2343,2373,30
113,attach drawer side panel,1970-01-01T00:01:34.920Z,1970-01-01T00:01:37.720Z,complete,case113:frames2373-2443,Kallax_Shelf_Drawer/0014_black_floor_08_04_2019_08_28_11_12,2.800,2373,2443,70
113,pick up bottom panel,1970-01-01T00:01:38.520Z,1970-01-01T00:01:38.920Z,complete,case113:frames2463-2473,Kallax_Shelf_Drawer/0014_black_floor_08_04_2019_08_28_11_12,0.400,2463,2473,10
113,slide bottom of drawer,1970-01-01T00:01:38.920Z,1970-01-01T00:01:48.120Z,complete,case113:frames2473-2703,Kallax_Shelf_Drawer/0014_black_floor_08_04_2019_08_28_11_12,9.200,2473,2703,230
113,pick up back panel,1970-01-01T00:01:48.920Z,1970-01-01T00:01:49.720Z,complete,case113:frames2723-2743,Kallax_Shelf_Drawer/0014_black_floor_08_04_2019_08_28_11_12,0.800,2723,2743,20
113,attach drawer back panel,1970-01-01T00:01:51.320Z,1970-01-01T00:01:57.320Z,complete,case113:frames2783-2933,Kallax_Shelf_Drawer/0014_black_floor_08_04_2019_08_28_11_12,6.000,2783,2933,150
113,insert drawer pin,1970-01-01T00:01:59.320Z,1970-01-01T00:02:06.120Z,complete,case113:frames2983-3153,Kallax_Shelf_Drawer/0014_black_floor_08_04_2019_08_28_11_12,6.800,2983,3153,170
114,pick up side panel,1970-01-01T00:00:02.280Z,1970-01-01T00:00:04.480Z,complete,case114:frames57-112,Kallax_Shelf_Drawer/0028_white_table_04_02_2019_08_20_10_56,2.200,57,112,55
114,align side panel holes with front panel dowels,1970-01-01T00:00:04.480Z,1970-01-01T00:00:05.880Z,complete,case114:frames112-147,Kallax_Shelf_Drawer/0028_white_table_04_02_2019_08_20_10_56,1.400,112,147,35
114,attach drawer side panel,1970-01-01T00:00:05.880Z,1970-01-01T00:00:06.680Z,complete,case114:frames147-167,Kallax_Shelf_Drawer/0028_white_table_04_02_2019_08_20_10_56,0.800,147,167,20
114,pick up side panel,1970-01-01T00:00:06.680Z,1970-01-01T00:00:08.880Z,complete,case114:frames167-222,Kallax_Shelf_Drawer/0028_white_table_04_02_2019_08_20_10_56,2.200,167,222,55
114,align side panel holes with front panel dowels,1970-01-01T00:00:08.880Z,1970-01-01T00:00:10.480Z,complete,case114:frames222-262,Kallax_Shelf_Drawer/0028_white_table_04_02_2019_08_20_10_56,1.600,222,262,40
114,attach drawer side panel,1970-01-01T00:00:10.480Z,1970-01-01T00:00:11.440Z,complete,case114:frames262-286,Kallax_Shelf_Drawer/0028_white_table_04_02_2019_08_20_10_56,0.960,262,286,24
114,pick up bottom panel,1970-01-01T00:00:11.440Z,1970-01-01T00:00:13.720Z,complete,case114:frames286-343,Kallax_Shelf_Drawer/0028_white_table_04_02_2019_08_20_10_56,2.280,286,343,57
114,slide bottom of drawer,1970-01-01T00:00:13.720Z,1970-01-01T00:00:19.320Z,complete,case114:frames343-483,Kallax_Shelf_Drawer/0028_white_table_04_02_2019_08_20_10_56,5.600,343,483,140
114,pick up back panel,1970-01-01T00:00:19.320Z,1970-01-01T00:00:26.280Z,complete,case114:frames483-657,Kallax_Shelf_Drawer/0028_white_table_04_02_2019_08_20_10_56,6.960,483,657,174
114,attach drawer back panel,1970-01-01T00:00:26.280Z,1970-01-01T00:00:55.800Z,complete,case114:frames657-1395,Kallax_Shelf_Drawer/0028_white_table_04_02_2019_08_20_10_56,29.520,657,1395,738
114,pick up pin,1970-01-01T00:00:55.800Z,1970-01-01T00:00:58.560Z,complete,case114:frames1395-1464,Kallax_Shelf_Drawer/0028_white_table_04_02_2019_08_20_10_56,2.760,1395,1464,69
114,insert drawer pin,1970-01-01T00:00:58.560Z,1970-01-01T00:00:59.640Z,complete,case114:frames1464-1491,Kallax_Shelf_Drawer/0028_white_table_04_02_2019_08_20_10_56,1.080,1464,1491,27
114,pick up pin,1970-01-01T00:00:59.640Z,1970-01-01T00:01:01.760Z,complete,case114:frames1491-1544,Kallax_Shelf_Drawer/0028_white_table_04_02_2019_08_20_10_56,2.120,1491,1544,53
114,insert drawer pin,1970-01-01T00:01:01.760Z,1970-01-01T00:01:04.800Z,complete,case114:frames1544-1620,Kallax_Shelf_Drawer/0028_white_table_04_02_2019_08_20_10_56,3.040,1544,1620,76
114,position the drawer right side up,1970-01-01T00:01:04.800Z,1970-01-01T00:01:06.880Z,complete,case114:frames1620-1672,Kallax_Shelf_Drawer/0028_white_table_04_02_2019_08_20_10_56,2.080,1620,1672,52
115,pick up side panel,1970-01-01T00:00:03.120Z,1970-01-01T00:00:05.480Z,complete,case115:frames78-137,Kallax_Shelf_Drawer/0039_white_floor_08_04_2019_08_28_10_41,2.360,78,137,59
115,pick up back panel,1970-01-01T00:00:05.680Z,1970-01-01T00:00:06.480Z,complete,case115:frames142-162,Kallax_Shelf_Drawer/0039_white_floor_08_04_2019_08_28_10_41,0.800,142,162,20
115,pick up front panel,1970-01-01T00:00:06.960Z,1970-01-01T00:00:09.960Z,complete,case115:frames174-249,Kallax_Shelf_Drawer/0039_white_floor_08_04_2019_08_28_10_41,3.000,174,249,75
115,pick up side panel,1970-01-01T00:00:09.960Z,1970-01-01T00:00:16.320Z,complete,case115:frames249-408,Kallax_Shelf_Drawer/0039_white_floor_08_04_2019_08_28_10_41,6.360,249,408,159
115,align side panel holes with front panel dowels,1970-01-01T00:00:16.320Z,1970-01-01T00:00:19.960Z,complete,case115:frames408-499,Kallax_Shelf_Drawer/0039_white_floor_08_04_2019_08_28_10_41,3.640,408,499,91
115,attach drawer side panel,1970-01-01T00:00:19.960Z,1970-01-01T00:00:21.440Z,complete,case115:frames499-536,Kallax_Shelf_Drawer/0039_white_floor_08_04_2019_08_28_10_41,1.480,499,536,37
115,pick up side panel,1970-01-01T00:00:21.640Z,1970-01-01T00:00:23.280Z,complete,case115:frames541-582,Kallax_Shelf_Drawer/0039_white_floor_08_04_2019_08_28_10_41,1.640,541,582,41
115,align side panel holes with front panel dowels,1970-01-01T00:00:23.280Z,1970-01-01T00:00:25.680Z,complete,case115:frames582-642,Kallax_Shelf_Drawer/0039_white_floor_08_04_2019_08_28_10_41,2.400,582,642,60
115,attach drawer side panel,1970-01-01T00:00:25.680Z,1970-01-01T00:00:29.360Z,complete,case115:frames642-734,Kallax_Shelf_Drawer/0039_white_floor_08_04_2019_08_28_10_41,3.680,642,734,92
115,pick up bottom panel,1970-01-01T00:00:31.720Z,1970-01-01T00:00:36.000Z,complete,case115:frames793-900,Kallax_Shelf_Drawer/0039_white_floor_08_04_2019_08_28_10_41,4.280,793,900,107
115,slide bottom of drawer,1970-01-01T00:00:36.000Z,1970-01-01T00:00:43.160Z,complete,case115:frames900-1079,Kallax_Shelf_Drawer/0039_white_floor_08_04_2019_08_28_10_41,7.160,900,1079,179
115,pick up back panel,1970-01-01T00:00:43.400Z,1970-01-01T00:00:45.680Z,complete,case115:frames1085-1142,Kallax_Shelf_Drawer/0039_white_floor_08_04_2019_08_28_10_41,2.280,1085,1142,57
115,attach drawer back panel,1970-01-01T00:00:45.680Z,1970-01-01T00:00:57.280Z,complete,case115:frames1142-1432,Kallax_Shelf_Drawer/0039_white_floor_08_04_2019_08_28_10_41,11.600,1142,1432,290
115,pick up pin,1970-01-01T00:00:57.280Z,1970-01-01T00:00:58.440Z,complete,case115:frames1432-1461,Kallax_Shelf_Drawer/0039_white_floor_08_04_2019_08_28_10_41,1.160,1432,1461,29
115,insert drawer pin,1970-01-01T00:00:58.440Z,1970-01-01T00:00:59.400Z,complete,case115:frames1461-1485,Kallax_Shelf_Drawer/0039_white_floor_08_04_2019_08_28_10_41,0.960,1461,1485,24
115,pick up pin,1970-01-01T00:00:59.400Z,1970-01-01T00:01:01.040Z,complete,case115:frames1485-1526,Kallax_Shelf_Drawer/0039_white_floor_08_04_2019_08_28_10_41,1.640,1485,1526,41
115,insert drawer pin,1970-01-01T00:01:01.040Z,1970-01-01T00:01:02.440Z,complete,case115:frames1526-1561,Kallax_Shelf_Drawer/0039_white_floor_08_04_2019_08_28_10_41,1.400,1526,1561,35
115,position the drawer right side up,1970-01-01T00:01:02.440Z,1970-01-01T00:01:07.760Z,complete,case115:frames1561-1694,Kallax_Shelf_Drawer/0039_white_floor_08_04_2019_08_28_10_41,5.320,1561,1694,133
116,pick up side panel,1970-01-01T00:00:03.000Z,1970-01-01T00:00:04.680Z,complete,case116:frames75-117,Kallax_Shelf_Drawer/0023_black_floor_05_02_2019_08_19_16_20,1.680,75,117,42
116,attach drawer side panel,1970-01-01T00:00:10.240Z,1970-01-01T00:00:17.360Z,complete,case116:frames256-434,Kallax_Shelf_Drawer/0023_black_floor_05_02_2019_08_19_16_20,7.120,256,434,178
116,pick up side panel,1970-01-01T00:00:17.560Z,1970-01-01T00:00:18.800Z,complete,case116:frames439-470,Kallax_Shelf_Drawer/0023_black_floor_05_02_2019_08_19_16_20,1.240,439,470,31
116,attach drawer side panel,1970-01-01T00:00:29.240Z,1970-01-01T00:00:32.480Z,complete,case116:frames731-812,Kallax_Shelf_Drawer/0023_black_floor_05_02_2019_08_19_16_20,3.240,731,812,81
116,pick up bottom panel,1970-01-01T00:00:33.360Z,1970-01-01T00:00:35.480Z,complete,case116:frames834-887,Kallax_Shelf_Drawer/0023_black_floor_05_02_2019_08_19_16_20,2.120,834,887,53
116,slide bottom of drawer,1970-01-01T00:00:36.480Z,1970-01-01T00:00:54.960Z,complete,case116:frames912-1374,Kallax_Shelf_Drawer/0023_black_floor_05_02_2019_08_19_16_20,18.480,912,1374,462
116,pick up back panel,1970-01-01T00:00:55.720Z,1970-01-01T00:00:57.520Z,complete,case116:frames1393-1438,Kallax_Shelf_Drawer/0023_black_floor_05_02_2019_08_19_16_20,1.800,1393,1438,45
116,attach drawer back panel,1970-01-01T00:01:00.080Z,1970-01-01T00:01:11.520Z,complete,case116:frames1502-1788,Kallax_Shelf_Drawer/0023_black_floor_05_02_2019_08_19_16_20,11.440,1502,1788,286
116,pick up pin,1970-01-01T00:01:11.520Z,1970-01-01T00:01:13.080Z,complete,case116:frames1788-1827,Kallax_Shelf_Drawer/0023_black_floor_05_02_2019_08_19_16_20,1.560,1788,1827,39
116,insert drawer pin,1970-01-01T00:01:13.080Z,1970-01-01T00:01:15.080Z,complete,case116:frames1827-1877,Kallax_Shelf_Drawer/0023_black_floor_05_02_2019_08_19_16_20,2.000,1827,1877,50
116,pick up pin,1970-01-01T00:01:15.640Z,1970-01-01T00:01:18.080Z,complete,case116:frames1891-1952,Kallax_Shelf_Drawer/0023_black_floor_05_02_2019_08_19_16_20,2.440,1891,1952,61
116,insert drawer pin,1970-01-01T00:01:18.200Z,1970-01-01T00:01:22.760Z,complete,case116:frames1955-2069,Kallax_Shelf_Drawer/0023_black_floor_05_02_2019_08_19_16_20,4.560,1955,2069,114
116,lay down bottom panel,1970-01-01T00:01:22.880Z,1970-01-01T00:01:25.560Z,complete,case116:frames2072-2139,Kallax_Shelf_Drawer/0023_black_floor_05_02_2019_08_19_16_20,2.680,2072,2139,67
12,flip table top,1970-01-01T00:00:02.640Z,1970-01-01T00:00:07.880Z,complete,case12:frames66-197,Lack_TV_Bench/0029_black_table_04_02_2019_08_20_11_30,5.240,66,197,131
12,pick up leg,1970-01-01T00:00:07.880Z,1970-01-01T00:00:08.960Z,complete,case12:frames197-224,Lack_TV_Bench/0029_black_table_04_02_2019_08_20_11_30,1.080,197,224,27
12,align leg screw with table thread,1970-01-01T00:00:08.960Z,1970-01-01T00:00:10.960Z,complete,case12:frames224-274,Lack_TV_Bench/0029_black_table_04_02_2019_08_20_11_30,2.000,224,274,50
12,spin leg,1970-01-01T00:00:10.960Z,1970-01-01T00:00:27.520Z,complete,case12:frames274-688,Lack_TV_Bench/0029_black_table_04_02_2019_08_20_11_30,16.560,274,688,414
12,pick up leg,1970-01-01T00:00:27.520Z,1970-01-01T00:00:28.840Z,complete,case12:frames688-721,Lack_TV_Bench/0029_black_table_04_02_2019_08_20_11_30,1.320,688,721,33
12,align leg screw with table thread,1970-01-01T00:00:28.840Z,1970-01-01T00:00:31.160Z,complete,case12:frames721-779,Lack_TV_Bench/0029_black_table_04_02_2019_08_20_11_30,2.320,721,779,58
12,spin leg,1970-01-01T00:00:31.160Z,1970-01-01T00:00:48.160Z,complete,case12:frames779-1204,Lack_TV_Bench/0029_black_table_04_02_2019_08_20_11_30,17.000,779,1204,425
12,pick up leg,1970-01-01T00:00:50.160Z,1970-01-01T00:00:51.200Z,complete,case12:frames1254-1280,Lack_TV_Bench/0029_black_table_04_02_2019_08_20_11_30,1.040,1254,1280,26
12,align leg screw with table thread,1970-01-01T00:00:51.200Z,1970-01-01T00:00:52.720Z,complete,case12:frames1280-1318,Lack_TV_Bench/0029_black_table_04_02_2019_08_20_11_30,1.520,1280,1318,38
12,spin leg,1970-01-01T00:00:52.720Z,1970-01-01T00:01:08.720Z,complete,case12:frames1318-1718,Lack_TV_Bench/0029_black_table_04_02_2019_08_20_11_30,16.000,1318,1718,400
12,align leg screw with table thread,1970-01-01T00:01:10.280Z,1970-01-01T00:01:12.240Z,complete,case12:frames1757-1806,Lack_TV_Bench/0029_black_table_04_02_2019_08_20_11_30,1.960,1757,1806,49
12,spin leg,1970-01-01T00:01:12.240Z,1970-01-01T00:01:29.760Z,complete,case12:frames1806-2244,Lack_TV_Bench/0029_black_table_04_02_2019_08_20_11_30,17.520,1806,2244,438
12,flip table,1970-01-01T00:01:29.760Z,1970-01-01T00:01:39.600Z,complete,case12:frames2244-2490,Lack_TV_Bench/0029_black_table_04_02_2019_08_20_11_30,9.840,2244,2490,246
12,other,1970-01-01T00:01:39.600Z,1970-01-01T00:01:45.720Z,complete,case12:frames2490-2643,Lack_TV_Bench/0029_black_table_04_02_2019_08_20_11_30,6.120,2490,2643,153
12,pick up shelf,1970-01-01T00:01:45.720Z,1970-01-01T00:01:47.720Z,complete,case12:frames2643-2693,Lack_TV_Bench/0029_black_table_04_02_2019_08_20_11_30,2.000,2643,2693,50
12,attach shelf to table,1970-01-01T00:01:47.720Z,1970-01-01T00:01:59.160Z,complete,case12:frames2693-2979,Lack_TV_Bench/0029_black_table_04_02_2019_08_20_11_30,11.440,2693,2979,286
12,other,1970-01-01T00:01:59.160Z,1970-01-01T00:02:01.320Z,complete,case12:frames2979-3033,Lack_TV_Bench/0029_black_table_04_02_2019_08_20_11_30,2.160,2979,3033,54
13,pick up leg,1970-01-01T00:00:02.280Z,1970-01-01T00:00:03.320Z,complete,case13:frames57-83,Lack_TV_Bench/0024_white_table_04_02_2019_08_20_11_15,1.040,57,83,26
13,align leg screw with table thread,1970-01-01T00:00:03.680Z,1970-01-01T00:00:05.360Z,complete,case13:frames92-134,Lack_TV_Bench/0024_white_table_04_02_2019_08_20_11_15,1.680,92,134,42
13,spin leg,1970-01-01T00:00:05.360Z,1970-01-01T00:00:20.040Z,complete,case13:frames134-501,Lack_TV_Bench/0024_white_table_04_02_2019_08_20_11_15,14.680,134,501,367
13,pick up leg,1970-01-01T00:00:20.440Z,1970-01-01T00:00:21.120Z,complete,case13:frames511-528,Lack_TV_Bench/0024_white_table_04_02_2019_08_20_11_15,0.680,511,528,17
13,align leg screw with table thread,1970-01-01T00:00:21.760Z,1970-01-01T00:00:22.400Z,complete,case13:frames544-560,Lack_TV_Bench/0024_white_table_04_02_2019_08_20_11_15,0.640,544,560,16
13,spin leg,1970-01-01T00:00:22.400Z,1970-01-01T00:00:34.520Z,complete,case13:frames560-863,Lack_TV_Bench/0024_white_table_04_02_2019_08_20_11_15,12.120,560,863,303
13,pick up leg,1970-01-01T00:00:35.120Z,1970-01-01T00:00:36.320Z,complete,case13:frames878-908,Lack_TV_Bench/0024_white_table_04_02_2019_08_20_11_15,1.200,878,908,30
13,spin leg,1970-01-01T00:00:37.360Z,1970-01-01T00:00:55.760Z,complete,case13:frames934-1394,Lack_TV_Bench/0024_white_table_04_02_2019_08_20_11_15,18.400,934,1394,460
13,pick up leg,1970-01-01T00:00:56.320Z,1970-01-01T00:00:57.560Z,complete,case13:frames1408-1439,Lack_TV_Bench/0024_white_table_04_02_2019_08_20_11_15,1.240,1408,1439,31
13,align leg screw with table thread,1970-01-01T00:00:58.200Z,1970-01-01T00:00:58.440Z,complete,case13:frames1455-1461,Lack_TV_Bench/0024_white_table_04_02_2019_08_20_11_15,0.240,1455,1461,6
13,spin leg,1970-01-01T00:00:58.440Z,1970-01-01T00:01:14.440Z,complete,case13:frames1461-1861,Lack_TV_Bench/0024_white_table_04_02_2019_08_20_11_15,16.000,1461,1861,400
13,flip table,1970-01-01T00:01:16.040Z,1970-01-01T00:01:20.320Z,complete,case13:frames1901-2008,Lack_TV_Bench/0024_white_table_04_02_2019_08_20_11_15,4.280,1901,2008,107
13,pick up shelf,1970-01-01T00:01:21.720Z,1970-01-01T00:01:23.800Z,complete,case13:frames2043-2095,Lack_TV_Bench/0024_white_table_04_02_2019_08_20_11_15,2.080,2043,2095,52
13,attach shelf to table,1970-01-01T00:01:25.440Z,1970-01-01T00:01:31.600Z,complete,case13:frames2136-2290,Lack_TV_Bench/0024_white_table_04_02_2019_08_20_11_15,6.160,2136,2290,154
14,pick up leg,1970-01-01T00:00:02.360Z,1970-01-01T00:00:03.840Z,complete,case14:frames59-96,Lack_TV_Bench/0014_white_floor_05_02_2019_08_19_12_37,1.480,59,96,37
14,align leg screw with table thread,1970-01-01T00:00:03.840Z,1970-01-01T00:00:05.800Z,complete,case14:frames96-145,Lack_TV_Bench/0014_white_floor_05_02_2019_08_19_12_37,1.960,96,145,49
14,spin leg,1970-01-01T00:00:05.800Z,1970-01-01T00:00:14.400Z,complete,case14:frames145-360,Lack_TV_Bench/0014_white_floor_05_02_2019_08_19_12_37,8.600,145,360,215
14,tighten leg,1970-01-01T00:00:14.400Z,1970-01-01T00:00:23.880Z,complete,case14:frames360-597,Lack_TV_Bench/0014_white_floor_05_02_2019_08_19_12_37,9.480,360,597,237
14,pick up leg,1970-01-01T00:00:24.000Z,1970-01-01T00:00:24.960Z,complete,case14:frames600-624,Lack_TV_Bench/0014_white_floor_05_02_2019_08_19_12_37,0.960,600,624,24
14,align leg screw with table thread,1970-01-01T00:00:25.200Z,1970-01-01T00:00:26.520Z,complete,case14:frames630-663,Lack_TV_Bench/0014_white_floor_05_02_2019_08_19_12_37,1.320,630,663,33
14,spin leg,1970-01-01T00:00:26.520Z,1970-01-01T00:00:42.480Z,complete,case14:frames663-1062,Lack_TV_Bench/0014_white_floor_05_02_2019_08_19_12_37,15.960,663,1062,399
14,pick up leg,1970-01-01T00:00:42.880Z,1970-01-01T00:00:44.200Z,complete,case14:frames1072-1105,Lack_TV_Bench/0014_white_floor_05_02_2019_08_19_12_37,1.320,1072,1105,33
14,align leg screw with table thread,1970-01-01T00:00:44.880Z,1970-01-01T00:00:46.600Z,complete,case14:frames1122-1165,Lack_TV_Bench/0014_white_floor_05_02_2019_08_19_12_37,1.720,1122,1165,43
14,spin leg,1970-01-01T00:00:46.600Z,1970-01-01T00:00:58.600Z,complete,case14:frames1165-1465,Lack_TV_Bench/0014_white_floor_05_02_2019_08_19_12_37,12.000,1165,1465,300
14,pick up leg,1970-01-01T00:00:59.800Z,1970-01-01T00:01:01.120Z,complete,case14:frames1495-1528,Lack_TV_Bench/0014_white_floor_05_02_2019_08_19_12_37,1.320,1495,1528,33
14,align leg screw with table thread,1970-01-01T00:01:01.640Z,1970-01-01T00:01:03.600Z,complete,case14:frames1541-1590,Lack_TV_Bench/0014_white_floor_05_02_2019_08_19_12_37,1.960,1541,1590,49
14,spin leg,1970-01-01T00:01:03.600Z,1970-01-01T00:01:19.440Z,complete,case14:frames1590-1986,Lack_TV_Bench/0014_white_floor_05_02_2019_08_19_12_37,15.840,1590,1986,396
14,flip table,1970-01-01T00:01:19.440Z,1970-01-01T00:01:23.680Z,complete,case14:frames1986-2092,Lack_TV_Bench/0014_white_floor_05_02_2019_08_19_12_37,4.240,1986,2092,106
14,pick up shelf,1970-01-01T00:01:24.600Z,1970-01-01T00:01:27.120Z,complete,case14:frames2115-2178,Lack_TV_Bench/0014_white_floor_05_02_2019_08_19_12_37,2.520,2115,2178,63
14,attach shelf to table,1970-01-01T00:01:27.120Z,1970-01-01T00:01:33.840Z,complete,case14:frames2178-2346,Lack_TV_Bench/0014_white_floor_05_02_2019_08_19_12_37,6.720,2178,2346,168
15,pick up leg,1970-01-01T00:00:02.800Z,1970-01-01T00:00:03.480Z,complete,case15:frames70-87,Lack_TV_Bench/0007_white_floor_08_04_2019_08_28_10_47,0.680,70,87,17
15,align leg screw with table thread,1970-01-01T00:00:03.480Z,1970-01-01T00:00:04.800Z,complete,case15:frames87-120,Lack_TV_Bench/0007_white_floor_08_04_2019_08_28_10_47,1.320,87,120,33
15,spin leg,1970-01-01T00:00:04.800Z,1970-01-01T00:00:14.400Z,complete,case15:frames120-360,Lack_TV_Bench/0007_white_floor_08_04_2019_08_28_10_47,9.600,120,360,240
15,tighten leg,1970-01-01T00:00:15.200Z,1970-01-01T00:00:17.080Z,complete,case15:frames380-427,Lack_TV_Bench/0007_white_floor_08_04_2019_08_28_10_47,1.880,380,427,47
15,pick up leg,1970-01-01T00:00:17.720Z,1970-01-01T00:00:18.440Z,complete,case15:frames443-461,Lack_TV_Bench/0007_white_floor_08_04_2019_08_28_10_47,0.720,443,461,18
15,align leg screw with table thread,1970-01-01T00:00:18.440Z,1970-01-01T00:00:20.640Z,complete,case15:frames461-516,Lack_TV_Bench/0007_white_floor_08_04_2019_08_28_10_47,2.200,461,516,55
15,tighten leg,1970-01-01T00:00:20.640Z,1970-01-01T00:00:21.320Z,complete,case15:frames516-533,Lack_TV_Bench/0007_white_floor_08_04_2019_08_28_10_47,0.680,516,533,17
15,spin leg,1970-01-01T00:00:21.320Z,1970-01-01T00:00:33.080Z,complete,case15:frames533-827,Lack_TV_Bench/0007_white_floor_08_04_2019_08_28_10_47,11.760,533,827,294
15,push table,1970-01-01T00:00:33.080Z,1970-01-01T00:00:34.120Z,complete,case15:frames827-853,Lack_TV_Bench/0007_white_floor_08_04_2019_08_28_10_47,1.040,827,853,26
15,pick up leg,1970-01-01T00:00:34.600Z,1970-01-01T00:00:35.600Z,complete,case15:frames865-890,Lack_TV_Bench/0007_white_floor_08_04_2019_08_28_10_47,1.000,865,890,25
15,align leg screw with table thread,1970-01-01T00:00:35.600Z,1970-01-01T00:00:37.120Z,complete,case15:frames890-928,Lack_TV_Bench/0007_white_floor_08_04_2019_08_28_10_47,1.520,890,928,38
15,spin leg,1970-01-01T00:00:37.120Z,1970-01-01T00:00:44.920Z,complete,case15:frames928-1123,Lack_TV_Bench/0007_white_floor_08_04_2019_08_28_10_47,7.800,928,1123,195
15,tighten leg,1970-01-01T00:00:45.400Z,1970-01-01T00:00:46.400Z,complete,case15:frames1135-1160,Lack_TV_Bench/0007_white_floor_08_04_2019_08_28_10_47,1.000,1135,1160,25
15,pick up leg,1970-01-01T00:00:46.840Z,1970-01-01T00:00:47.800Z,complete,case15:frames1171-1195,Lack_TV_Bench/0007_white_floor_08_04_2019_08_28_10_47,0.960,1171,1195,24
15,align leg screw with table thread,1970-01-01T00:00:47.800Z,1970-01-01T00:00:48.920Z,complete,case15:frames1195-1223,Lack_TV_Bench/0007_white_floor_08_04_2019_08_28_10_47,1.120,1195,1223,28
15,spin leg,1970-01-01T00:00:48.920Z,1970-01-01T00:00:59.360Z,complete,case15:frames1223-1484,Lack_TV_Bench/0007_white_floor_08_04_2019_08_28_10_47,10.440,1223,1484,261
15,tighten leg,1970-01-01T00:01:00.000Z,1970-01-01T00:01:01.120Z,complete,case15:frames1500-1528,Lack_TV_Bench/0007_white_floor_08_04_2019_08_28_10_47,1.120,1500,1528,28
15,flip table,1970-01-01T00:01:03.760Z,1970-01-01T00:01:07.720Z,complete,case15:frames1594-1693,Lack_TV_Bench/0007_white_floor_08_04_2019_08_28_10_47,3.960,1594,1693,99
15,pick up shelf,1970-01-01T00:01:08.960Z,1970-01-01T00:01:11.240Z,complete,case15:frames1724-1781,Lack_TV_Bench/0007_white_floor_08_04_2019_08_28_10_47,2.280,1724,1781,57
15,attach shelf to table,1970-01-01T00:01:12.400Z,1970-01-01T00:01:20.040Z,complete,case15:frames1810-2001,Lack_TV_Bench/0007_white_floor_08_04_2019_08_28_10_47,7.640,1810,2001,191
16,flip table top,1970-01-01T00:00:02.600Z,1970-01-01T00:00:06.000Z,complete,case16:frames65-150,Lack_TV_Bench/0030_white_table_04_02_2019_08_20_12_08,3.400,65,150,85
16,pick up leg,1970-01-01T00:00:06.000Z,1970-01-01T00:00:07.920Z,complete,case16:frames150-198,Lack_TV_Bench/0030_white_table_04_02_2019_08_20_12_08,1.920,150,198,48
16,spin leg,1970-01-01T00:00:07.920Z,1970-01-01T00:00:20.040Z,complete,case16:frames198-501,Lack_TV_Bench/0030_white_table_04_02_2019_08_20_12_08,12.120,198,501,303
16,tighten leg,1970-01-01T00:00:20.040Z,1970-01-01T00:00:24.680Z,complete,case16:frames501-617,Lack_TV_Bench/0030_white_table_04_02_2019_08_20_12_08,4.640,501,617,116
16,pick up leg,1970-01-01T00:00:27.440Z,1970-01-01T00:00:30.960Z,complete,case16:frames686-774,Lack_TV_Bench/0030_white_table_04_02_2019_08_20_12_08,3.520,686,774,88
16,spin leg,1970-01-01T00:00:30.960Z,1970-01-01T00:00:41.360Z,complete,case16:frames774-1034,Lack_TV_Bench/0030_white_table_04_02_2019_08_20_12_08,10.400,774,1034,260
16,pick up leg,1970-01-01T00:00:50.760Z,1970-01-01T00:01:04.800Z,complete,case16:frames1269-1620,Lack_TV_Bench/0030_white_table_04_02_2019_08_20_12_08,14.040,1269,1620,351
16,spin leg,1970-01-01T00:01:10.680Z,1970-01-01T00:01:25.560Z,complete,case16:frames1767-2139,Lack_TV_Bench/0030_white_table_04_02_2019_08_20_12_08,14.880,1767,2139,372
16,flip table,1970-01-01T00:01:27.320Z,1970-01-01T00:01:32.240Z,complete,case16:frames2183-2306,Lack_TV_Bench/0030_white_table_04_02_2019_08_20_12_08,4.920,2183,2306,123
16,pick up shelf,1970-01-01T00:01:32.240Z,1970-01-01T00:01:34.560Z,complete,case16:frames2306-2364,Lack_TV_Bench/0030_white_table_04_02_2019_08_20_12_08,2.320,2306,2364,58
16,attach shelf to table,1970-01-01T00:01:34.560Z,1970-01-01T00:01:44.400Z,complete,case16:frames2364-2610,Lack_TV_Bench/0030_white_table_04_02_2019_08_20_12_08,9.840,2364,2610,246
17,other,1970-01-01T00:00:00.000Z,1970-01-01T00:00:05.920Z,complete,case17:frames0-148,Lack_TV_Bench/0021_white_floor_05_02_2019_08_19_13_08,5.920,0,148,148
17,pick up leg,1970-01-01T00:00:05.920Z,1970-01-01T00:00:07.320Z,complete,case17:frames148-183,Lack_TV_Bench/0021_white_floor_05_02_2019_08_19_13_08,1.400,148,183,35
17,align leg screw with table thread,1970-01-01T00:00:07.320Z,1970-01-01T00:00:10.520Z,complete,case17:frames183-263,Lack_TV_Bench/0021_white_floor_05_02_2019_08_19_13_08,3.200,183,263,80
17,spin leg,1970-01-01T00:00:10.520Z,1970-01-01T00:00:22.520Z,complete,case17:frames263-563,Lack_TV_Bench/0021_white_floor_05_02_2019_08_19_13_08,12.000,263,563,300
17,pick up leg,1970-01-01T00:00:22.520Z,1970-01-01T00:00:26.840Z,complete,case17:frames563-671,Lack_TV_Bench/0021_white_floor_05_02_2019_08_19_13_08,4.320,563,671,108
17,align leg screw with table thread,1970-01-01T00:00:26.840Z,1970-01-01T00:00:28.920Z,complete,case17:frames671-723,Lack_TV_Bench/0021_white_floor_05_02_2019_08_19_13_08,2.080,671,723,52
17,spin leg,1970-01-01T00:00:28.920Z,1970-01-01T00:00:44.480Z,complete,case17:frames723-1112,Lack_TV_Bench/0021_white_floor_05_02_2019_08_19_13_08,15.560,723,1112,389
17,push table,1970-01-01T00:00:44.480Z,1970-01-01T00:00:45.080Z,complete,case17:frames1112-1127,Lack_TV_Bench/0021_white_floor_05_02_2019_08_19_13_08,0.600,1112,1127,15
17,pick up leg,1970-01-01T00:00:45.080Z,1970-01-01T00:00:47.880Z,complete,case17:frames1127-1197,Lack_TV_Bench/0021_white_floor_05_02_2019_08_19_13_08,2.800,1127,1197,70
17,align leg screw with table thread,1970-01-01T00:00:47.880Z,1970-01-01T00:00:50.560Z,complete,case17:frames1197-1264,Lack_TV_Bench/0021_white_floor_05_02_2019_08_19_13_08,2.680,1197,1264,67
17,spin leg,1970-01-01T00:00:50.560Z,1970-01-01T00:01:03.280Z,complete,case17:frames1264-1582,Lack_TV_Bench/0021_white_floor_05_02_2019_08_19_13_08,12.720,1264,1582,318
17,tighten leg,1970-01-01T00:01:03.280Z,1970-01-01T00:01:06.560Z,complete,case17:frames1582-1664,Lack_TV_Bench/0021_white_floor_05_02_2019_08_19_13_08,3.280,1582,1664,82
17,pick up leg,1970-01-01T00:01:06.560Z,1970-01-01T00:01:09.080Z,complete,case17:frames1664-1727,Lack_TV_Bench/0021_white_floor_05_02_2019_08_19_13_08,2.520,1664,1727,63
17,align leg screw with table thread,1970-01-01T00:01:09.080Z,1970-01-01T00:01:11.280Z,complete,case17:frames1727-1782,Lack_TV_Bench/0021_white_floor_05_02_2019_08_19_13_08,2.200,1727,1782,55
17,spin leg,1970-01-01T00:01:11.280Z,1970-01-01T00:01:23.440Z,complete,case17:frames1782-2086,Lack_TV_Bench/0021_white_floor_05_02_2019_08_19_13_08,12.160,1782,2086,304
17,tighten leg,1970-01-01T00:01:23.440Z,1970-01-01T00:01:28.640Z,complete,case17:frames2086-2216,Lack_TV_Bench/0021_white_floor_05_02_2019_08_19_13_08,5.200,2086,2216,130
17,flip table,1970-01-01T00:01:28.640Z,1970-01-01T00:01:37.520Z,complete,case17:frames2216-2438,Lack_TV_Bench/0021_white_floor_05_02_2019_08_19_13_08,8.880,2216,2438,222
17,pick up shelf,1970-01-01T00:01:37.520Z,1970-01-01T00:01:42.720Z,complete,case17:frames2438-2568,Lack_TV_Bench/0021_white_floor_05_02_2019_08_19_13_08,5.200,2438,2568,130
17,attach shelf to table,1970-01-01T00:01:42.720Z,1970-01-01T00:01:54.000Z,complete,case17:frames2568-2850,Lack_TV_Bench/0021_white_floor_05_02_2019_08_19_13_08,11.280,2568,2850,282
17,other,1970-01-01T00:01:54.000Z,1970-01-01T00:01:56.360Z,complete,case17:frames2850-2909,Lack_TV_Bench/0021_white_floor_05_02_2019_08_19_13_08,2.360,2850,2909,59
18,flip table top,1970-01-01T00:00:03.640Z,1970-01-01T00:00:06.040Z,complete,case18:frames91-151,Lack_TV_Bench/0039_white_floor_08_04_2019_08_28_10_38,2.400,91,151,60
18,pick up leg,1970-01-01T00:00:06.400Z,1970-01-01T00:00:07.520Z,complete,case18:frames160-188,Lack_TV_Bench/0039_white_floor_08_04_2019_08_28_10_38,1.120,160,188,28
18,align leg screw with table thread,1970-01-01T00:00:08.440Z,1970-01-01T00:00:09.320Z,complete,case18:frames211-233,Lack_TV_Bench/0039_white_floor_08_04_2019_08_28_10_38,0.880,211,233,22
18,spin leg,1970-01-01T00:00:09.320Z,1970-01-01T00:00:18.440Z,complete,case18:frames233-461,Lack_TV_Bench/0039_white_floor_08_04_2019_08_28_10_38,9.120,233,461,228
18,tighten leg,1970-01-01T00:00:18.440Z,1970-01-01T00:00:20.680Z,complete,case18:frames461-517,Lack_TV_Bench/0039_white_floor_08_04_2019_08_28_10_38,2.240,461,517,56
18,pick up leg,1970-01-01T00:00:21.040Z,1970-01-01T00:00:21.880Z,complete,case18:frames526-547,Lack_TV_Bench/0039_white_floor_08_04_2019_08_28_10_38,0.840,526,547,21
18,align leg screw with table thread,1970-01-01T00:00:23.360Z,1970-01-01T00:00:24.040Z,complete,case18:frames584-601,Lack_TV_Bench/0039_white_floor_08_04_2019_08_28_10_38,0.680,584,601,17
18,spin leg,1970-01-01T00:00:24.040Z,1970-01-01T00:00:34.440Z,complete,case18:frames601-861,Lack_TV_Bench/0039_white_floor_08_04_2019_08_28_10_38,10.400,601,861,260
18,tighten leg,1970-01-01T00:00:34.440Z,1970-01-01T00:00:38.680Z,complete,case18:frames861-967,Lack_TV_Bench/0039_white_floor_08_04_2019_08_28_10_38,4.240,861,967,106
18,pick up leg,1970-01-01T00:00:39.160Z,1970-01-01T00:00:40.000Z,complete,case18:frames979-1000,Lack_TV_Bench/0039_white_floor_08_04_2019_08_28_10_38,0.840,979,1000,21
18,align leg screw with table thread,1970-01-01T00:00:41.000Z,1970-01-01T00:00:41.600Z,complete,case18:frames1025-1040,Lack_TV_Bench/0039_white_floor_08_04_2019_08_28_10_38,0.600,1025,1040,15
18,spin leg,1970-01-01T00:00:41.600Z,1970-01-01T00:00:51.600Z,complete,case18:frames1040-1290,Lack_TV_Bench/0039_white_floor_08_04_2019_08_28_10_38,10.000,1040,1290,250
18,tighten leg,1970-01-01T00:00:51.600Z,1970-01-01T00:00:53.760Z,complete,case18:frames1290-1344,Lack_TV_Bench/0039_white_floor_08_04_2019_08_28_10_38,2.160,1290,1344,54
18,pick up leg,1970-01-01T00:00:53.840Z,1970-01-01T00:00:54.360Z,complete,case18:frames1346-1359,Lack_TV_Bench/0039_white_floor_08_04_2019_08_28_10_38,0.520,1346,1359,13
18,align leg screw with table thread,1970-01-01T00:00:54.800Z,1970-01-01T00:00:56.200Z,complete,case18:frames1370-1405,Lack_TV_Bench/0039_white_floor_08_04_2019_08_28_10_38,1.400,1370,1405,35
18,spin leg,1970-01-01T00:00:56.200Z,1970-01-01T00:01:06.560Z,complete,case18:frames1405-1664,Lack_TV_Bench/0039_white_floor_08_04_2019_08_28_10_38,10.360,1405,1664,259
18,tighten leg,1970-01-01T00:01:06.560Z,1970-01-01T00:01:08.920Z,complete,case18:frames1664-1723,Lack_TV_Bench/0039_white_floor_08_04_2019_08_28_10_38,2.360,1664,1723,59
18,flip table,1970-01-01T00:01:09.840Z,1970-01-01T00:01:14.160Z,complete,case18:frames1746-1854,Lack_TV_Bench/0039_white_floor_08_04_2019_08_28_10_38,4.320,1746,1854,108
18,pick up shelf,1970-01-01T00:01:14.960Z,1970-01-01T00:01:16.120Z,complete,case18:frames1874-1903,Lack_TV_Bench/0039_white_floor_08_04_2019_08_28_10_38,1.160,1874,1903,29
18,attach shelf to table,1970-01-01T00:01:18.400Z,1970-01-01T00:01:24.440Z,complete,case18:frames1960-2111,Lack_TV_Bench/0039_white_floor_08_04_2019_08_28_10_38,6.040,1960,2111,151
18,rotate table,1970-01-01T00:01:24.680Z,1970-01-01T00:01:27.000Z,complete,case18:frames2117-2175,Lack_TV_Bench/0039_white_floor_08_04_2019_08_28_10_38,2.320,2117,2175,58
19,pick up table top,1970-01-01T00:00:02.840Z,1970-01-01T00:00:06.680Z,complete,case19:frames71-167,Lack_TV_Bench/0028_black_table_04_02_2019_08_20_11_05,3.840,71,167,96
19,pick up leg,1970-01-01T00:00:07.280Z,1970-01-01T00:00:07.840Z,complete,case19:frames182-196,Lack_TV_Bench/0028_black_table_04_02_2019_08_20_11_05,0.560,182,196,14
19,align leg screw with table thread,1970-01-01T00:00:07.840Z,1970-01-01T00:00:09.720Z,complete,case19:frames196-243,Lack_TV_Bench/0028_black_table_04_02_2019_08_20_11_05,1.880,196,243,47
19,spin leg,1970-01-01T00:00:09.720Z,1970-01-01T00:00:29.880Z,complete,case19:frames243-747,Lack_TV_Bench/0028_black_table_04_02_2019_08_20_11_05,20.160,243,747,504
19,pick up leg,1970-01-01T00:00:30.840Z,1970-01-01T00:00:32.000Z,complete,case19:frames771-800,Lack_TV_Bench/0028_black_table_04_02_2019_08_20_11_05,1.160,771,800,29
19,spin leg,1970-01-01T00:00:32.000Z,1970-01-01T00:00:35.640Z,complete,case19:frames800-891,Lack_TV_Bench/0028_black_table_04_02_2019_08_20_11_05,3.640,800,891,91
19,pick up leg,1970-01-01T00:00:35.640Z,1970-01-01T00:00:38.120Z,complete,case19:frames891-953,Lack_TV_Bench/0028_black_table_04_02_2019_08_20_11_05,2.480,891,953,62
19,align leg screw with table thread,1970-01-01T00:00:38.120Z,1970-01-01T00:00:38.360Z,complete,case19:frames953-959,Lack_TV_Bench/0028_black_table_04_02_2019_08_20_11_05,0.240,953,959,6
19,spin leg,1970-01-01T00:00:38.360Z,1970-01-01T00:01:06.800Z,complete,case19:frames959-1670,Lack_TV_Bench/0028_black_table_04_02_2019_08_20_11_05,28.440,959,1670,711
19,pick up leg,1970-01-01T00:01:07.760Z,1970-01-01T00:01:10.280Z,complete,case19:frames1694-1757,Lack_TV_Bench/0028_black_table_04_02_2019_08_20_11_05,2.520,1694,1757,63
19,align leg screw with table thread,1970-01-01T00:01:10.280Z,1970-01-01T00:01:11.120Z,complete,case19:frames1757-1778,Lack_TV_Bench/0028_black_table_04_02_2019_08_20_11_05,0.840,1757,1778,21
19,spin leg,1970-01-01T00:01:11.120Z,1970-01-01T00:01:34.560Z,complete,case19:frames1778-2364,Lack_TV_Bench/0028_black_table_04_02_2019_08_20_11_05,23.440,1778,2364,586
19,pick up leg,1970-01-01T00:01:35.560Z,1970-01-01T00:01:37.440Z,complete,case19:frames2389-2436,Lack_TV_Bench/0028_black_table_04_02_2019_08_20_11_05,1.880,2389,2436,47
19,align leg screw with table thread,1970-01-01T00:01:37.440Z,1970-01-01T00:01:38.560Z,complete,case19:frames2436-2464,Lack_TV_Bench/0028_black_table_04_02_2019_08_20_11_05,1.120,2436,2464,28
19,spin leg,1970-01-01T00:01:38.560Z,1970-01-01T00:01:59.880Z,complete,case19:frames2464-2997,Lack_TV_Bench/0028_black_table_04_02_2019_08_20_11_05,21.320,2464,2997,533
19,flip table,1970-01-01T00:02:01.960Z,1970-01-01T00:02:06.320Z,complete,case19:frames3049-3158,Lack_TV_Bench/0028_black_table_04_02_2019_08_20_11_05,4.360,3049,3158,109
19,pick up shelf,1970-01-01T00:02:07.200Z,1970-01-01T00:02:09.760Z,complete,case19:frames3180-3244,Lack_TV_Bench/0028_black_table_04_02_2019_08_20_11_05,2.560,3180,3244,64
19,attach shelf to table,1970-01-01T00:02:09.760Z,1970-01-01T00:02:20.440Z,complete,case19:frames3244-3511,Lack_TV_Bench/0028_black_table_04_02_2019_08_20_11_05,10.680,3244,3511,267
2,other,1970-01-01T00:00:00.000Z,1970-01-01T00:00:03.000Z,complete,case2:frames0-75,Lack_TV_Bench/0006_black_floor_05_02_2019_08_19_16_26,3.000,0,75,75
2,pick up leg,1970-01-01T00:00:03.000Z,1970-01-01T00:00:04.160Z,complete,case2:frames75-104,Lack_TV_Bench/0006_black_floor_05_02_2019_08_19_16_26,1.160,75,104,29
2,align leg screw with table thread,1970-01-01T00:00:04.160Z,1970-01-01T00:00:05.520Z,complete,case2:frames104-138,Lack_TV_Bench/0006_black_floor_05_02_2019_08_19_16_26,1.360,104,138,34
2,spin leg,1970-01-01T00:00:05.520Z,1970-01-01T00:00:21.640Z,complete,case2:frames138-541,Lack_TV_Bench/0006_black_floor_05_02_2019_08_19_16_26,16.120,138,541,403
2,pick up leg,1970-01-01T00:00:21.640Z,1970-01-01T00:00:23.080Z,complete,case2:frames541-577,Lack_TV_Bench/0006_black_floor_05_02_2019_08_19_16_26,1.440,541,577,36
2,align leg screw with table thread,1970-01-01T00:00:23.080Z,1970-01-01T00:00:25.800Z,complete,case2:frames577-645,Lack_TV_Bench/0006_black_floor_05_02_2019_08_19_16_26,2.720,577,645,68
2,spin leg,1970-01-01T00:00:25.800Z,1970-01-01T00:00:42.040Z,complete,case2:frames645-1051,Lack_TV_Bench/0006_black_floor_05_02_2019_08_19_16_26,16.240,645,1051,406
2,pick up leg,1970-01-01T00:00:42.040Z,1970-01-01T00:00:45.360Z,complete,case2:frames1051-1134,Lack_TV_Bench/0006_black_floor_05_02_2019_08_19_16_26,3.320,1051,1134,83
2,align leg screw with table thread,1970-01-01T00:00:45.360Z,1970-01-01T00:00:47.960Z,complete,case2:frames1134-1199,Lack_TV_Bench/0006_black_floor_05_02_2019_08_19_16_26,2.600,1134,1199,65
2,spin leg,1970-01-01T00:00:47.960Z,1970-01-01T00:01:06.240Z,complete,case2:frames1199-1656,Lack_TV_Bench/0006_black_floor_05_02_2019_08_19_16_26,18.280,1199,1656,457
2,pick up leg,1970-01-01T00:01:06.240Z,1970-01-01T00:01:07.720Z,complete,case2:frames1656-1693,Lack_TV_Bench/0006_black_floor_05_02_2019_08_19_16_26,1.480,1656,1693,37
2,align leg screw with table thread,1970-01-01T00:01:07.720Z,1970-01-01T00:01:09.960Z,complete,case2:frames1693-1749,Lack_TV_Bench/0006_black_floor_05_02_2019_08_19_16_26,2.240,1693,1749,56
2,spin leg,1970-01-01T00:01:09.960Z,1970-01-01T00:01:22.320Z,complete,case2:frames1749-2058,Lack_TV_Bench/0006_black_floor_05_02_2019_08_19_16_26,12.360,1749,2058,309
2,tighten leg,1970-01-01T00:01:22.320Z,1970-01-01T00:01:27.320Z,complete,case2:frames2058-2183,Lack_TV_Bench/0006_black_floor_05_02_2019_08_19_16_26,5.000,2058,2183,125
2,flip table,1970-01-01T00:01:27.320Z,1970-01-01T00:01:34.480Z,complete,case2:frames2183-2362,Lack_TV_Bench/0006_black_floor_05_02_2019_08_19_16_26,7.160,2183,2362,179
2,pick up shelf,1970-01-01T00:01:34.480Z,1970-01-01T00:01:39.320Z,complete,case2:frames2362-2483,Lack_TV_Bench/0006_black_floor_05_02_2019_08_19_16_26,4.840,2362,2483,121
2,attach shelf to table,1970-01-01T00:01:39.320Z,1970-01-01T00:01:53.960Z,complete,case2:frames2483-2849,Lack_TV_Bench/0006_black_floor_05_02_2019_08_19_16_26,14.640,2483,2849,366
20,flip table top,1970-01-01T00:00:02.480Z,1970-01-01T00:00:04.880Z,complete,case20:frames62-122,Lack_TV_Bench/0041_black_floor_08_04_2019_08_28_12_18,2.400,62,122,60
20,align leg screw with table thread,1970-01-01T00:00:07.440Z,1970-01-01T00:00:08.520Z,complete,case20:frames186-213,Lack_TV_Bench/0041_black_floor_08_04_2019_08_28_12_18,1.080,186,213,27
20,spin leg,1970-01-01T00:00:08.520Z,1970-01-01T00:00:19.720Z,complete,case20:frames213-493,Lack_TV_Bench/0041_black_floor_08_04_2019_08_28_12_18,11.200,213,493,280
20,tighten leg,1970-01-01T00:00:19.720Z,1970-01-01T00:00:21.320Z,complete,case20:frames493-533,Lack_TV_Bench/0041_black_floor_08_04_2019_08_28_12_18,1.600,493,533,40
20,pick up leg,1970-01-01T00:00:21.320Z,1970-01-01T00:00:22.720Z,complete,case20:frames533-568,Lack_TV_Bench/0041_black_floor_08_04_2019_08_28_12_18,1.400,533,568,35
20,align leg screw with table thread,1970-01-01T00:00:22.720Z,1970-01-01T00:00:24.400Z,complete,case20:frames568-610,Lack_TV_Bench/0041_black_floor_08_04_2019_08_28_12_18,1.680,568,610,42
20,spin leg,1970-01-01T00:00:24.400Z,1970-01-01T00:00:35.160Z,complete,case20:frames610-879,Lack_TV_Bench/0041_black_floor_08_04_2019_08_28_12_18,10.760,610,879,269
20,tighten leg,1970-01-01T00:00:35.160Z,1970-01-01T00:00:40.000Z,complete,case20:frames879-1000,Lack_TV_Bench/0041_black_floor_08_04_2019_08_28_12_18,4.840,879,1000,121
20,pick up leg,1970-01-01T00:00:40.000Z,1970-01-01T00:00:42.040Z,complete,case20:frames1000-1051,Lack_TV_Bench/0041_black_floor_08_04_2019_08_28_12_18,2.040,1000,1051,51
20,align leg screw with table thread,1970-01-01T00:00:42.040Z,1970-01-01T00:00:43.240Z,complete,case20:frames1051-1081,Lack_TV_Bench/0041_black_floor_08_04_2019_08_28_12_18,1.200,1051,1081,30
20,spin leg,1970-01-01T00:00:43.240Z,1970-01-01T00:00:56.640Z,complete,case20:frames1081-1416,Lack_TV_Bench/0041_black_floor_08_04_2019_08_28_12_18,13.400,1081,1416,335
20,pick up leg,1970-01-01T00:00:56.680Z,1970-01-01T00:00:59.960Z,complete,case20:frames1417-1499,Lack_TV_Bench/0041_black_floor_08_04_2019_08_28_12_18,3.280,1417,1499,82
20,align leg screw with table thread,1970-01-01T00:00:59.960Z,1970-01-01T00:01:01.600Z,complete,case20:frames1499-1540,Lack_TV_Bench/0041_black_floor_08_04_2019_08_28_12_18,1.640,1499,1540,41
20,spin leg,1970-01-01T00:01:01.600Z,1970-01-01T00:01:18.960Z,complete,case20:frames1540-1974,Lack_TV_Bench/0041_black_floor_08_04_2019_08_28_12_18,17.360,1540,1974,434
20,tighten leg,1970-01-01T00:01:18.960Z,1970-01-01T00:01:22.040Z,complete,case20:frames1974-2051,Lack_TV_Bench/0041_black_floor_08_04_2019_08_28_12_18,3.080,1974,2051,77
20,flip table,1970-01-01T00:01:22.040Z,1970-01-01T00:01:25.720Z,complete,case20:frames2051-2143,Lack_TV_Bench/0041_black_floor_08_04_2019_08_28_12_18,3.680,2051,2143,92
20,pick up shelf,1970-01-01T00:01:25.840Z,1970-01-01T00:01:30.720Z,complete,case20:frames2146-2268,Lack_TV_Bench/0041_black_floor_08_04_2019_08_28_12_18,4.880,2146,2268,122
20,attach shelf to table,1970-01-01T00:01:30.720Z,1970-01-01T00:01:38.960Z,complete,case20:frames2268-2474,Lack_TV_Bench/0041_black_floor_08_04_2019_08_28_12_18,8.240,2268,2474,206
21,pick up leg,1970-01-01T00:00:01.600Z,1970-01-01T00:00:03.600Z,complete,case21:frames40-90,Lack_TV_Bench/0001_black_floor_05_02_2019_08_19_16_48,2.000,40,90,50
21,align leg screw with table thread,1970-01-01T00:00:03.600Z,1970-01-01T00:00:06.360Z,complete,case21:frames90-159,Lack_TV_Bench/0001_black_floor_05_02_2019_08_19_16_48,2.760,90,159,69
21,spin leg,1970-01-01T00:00:06.360Z,1970-01-01T00:00:24.280Z,complete,case21:frames159-607,Lack_TV_Bench/0001_black_floor_05_02_2019_08_19_16_48,17.920,159,607,448
21,pick up leg,1970-01-01T00:00:24.280Z,1970-01-01T00:00:26.280Z,complete,case21:frames607-657,Lack_TV_Bench/0001_black_floor_05_02_2019_08_19_16_48,2.000,607,657,50
21,align leg screw with table thread,1970-01-01T00:00:26.280Z,1970-01-01T00:00:28.440Z,complete,case21:frames657-711,Lack_TV_Bench/0001_black_floor_05_02_2019_08_19_16_48,2.160,657,711,54
21,spin leg,1970-01-01T00:00:28.440Z,1970-01-01T00:00:49.080Z,complete,case21:frames711-1227,Lack_TV_Bench/0001_black_floor_05_02_2019_08_19_16_48,20.640,711,1227,516
21,pick up leg,1970-01-01T00:00:49.080Z,1970-01-01T00:00:50.680Z,complete,case21:frames1227-1267,Lack_TV_Bench/0001_black_floor_05_02_2019_08_19_16_48,1.600,1227,1267,40
21,align leg screw with table thread,1970-01-01T00:00:50.680Z,1970-01-01T00:00:53.160Z,complete,case21:frames1267-1329,Lack_TV_Bench/0001_black_floor_05_02_2019_08_19_16_48,2.480,1267,1329,62
21,spin leg,1970-01-01T00:00:53.160Z,1970-01-01T00:01:08.000Z,complete,case21:frames1329-1700,Lack_TV_Bench/0001_black_floor_05_02_2019_08_19_16_48,14.840,1329,1700,371
21,pick up leg,1970-01-01T00:01:08.000Z,1970-01-01T00:01:09.560Z,complete,case21:frames1700-1739,Lack_TV_Bench/0001_black_floor_05_02_2019_08_19_16_48,1.560,1700,1739,39
21,align leg screw with table thread,1970-01-01T00:01:09.560Z,1970-01-01T00:01:11.760Z,complete,case21:frames1739-1794,Lack_TV_Bench/0001_black_floor_05_02_2019_08_19_16_48,2.200,1739,1794,55
21,spin leg,1970-01-01T00:01:11.760Z,1970-01-01T00:01:30.560Z,complete,case21:frames1794-2264,Lack_TV_Bench/0001_black_floor_05_02_2019_08_19_16_48,18.800,1794,2264,470
21,rotate table,1970-01-01T00:01:30.560Z,1970-01-01T00:01:33.560Z,complete,case21:frames2264-2339,Lack_TV_Bench/0001_black_floor_05_02_2019_08_19_16_48,3.000,2264,2339,75
21,flip table,1970-01-01T00:01:33.560Z,1970-01-01T00:01:38.640Z,complete,case21:frames2339-2466,Lack_TV_Bench/0001_black_floor_05_02_2019_08_19_16_48,5.080,2339,2466,127
21,pick up shelf,1970-01-01T00:01:38.640Z,1970-01-01T00:01:41.520Z,complete,case21:frames2466-2538,Lack_TV_Bench/0001_black_floor_05_02_2019_08_19_16_48,2.880,2466,2538,72
21,attach shelf to table,1970-01-01T00:01:41.520Z,1970-01-01T00:01:52.200Z,complete,case21:frames2538-2805,Lack_TV_Bench/0001_black_floor_05_02_2019_08_19_16_48,10.680,2538,2805,267
22,flip table top,1970-01-01T00:00:00.160Z,1970-01-01T00:00:06.640Z,complete,case22:frames4-166,Lack_TV_Bench/0012_white_table_04_02_2019_08_20_11_45,6.480,4,166,162
22,pick up leg,1970-01-01T00:00:06.640Z,1970-01-01T00:00:09.160Z,complete,case22:frames166-229,Lack_TV_Bench/0012_white_table_04_02_2019_08_20_11_45,2.520,166,229,63
22,align leg screw with table thread,1970-01-01T00:00:09.160Z,1970-01-01T00:00:10.440Z,complete,case22:frames229-261,Lack_TV_Bench/0012_white_table_04_02_2019_08_20_11_45,1.280,229,261,32
22,spin leg,1970-01-01T00:00:10.440Z,1970-01-01T00:00:30.200Z,complete,case22:frames261-755,Lack_TV_Bench/0012_white_table_04_02_2019_08_20_11_45,19.760,261,755,494
22,pick up leg,1970-01-01T00:00:30.200Z,1970-01-01T00:00:32.560Z,complete,case22:frames755-814,Lack_TV_Bench/0012_white_table_04_02_2019_08_20_11_45,2.360,755,814,59
22,spin leg,1970-01-01T00:00:32.560Z,1970-01-01T00:00:53.240Z,complete,case22:frames814-1331,Lack_TV_Bench/0012_white_table_04_02_2019_08_20_11_45,20.680,814,1331,517
22,pick up leg,1970-01-01T00:00:53.240Z,1970-01-01T00:00:55.760Z,complete,case22:frames1331-1394,Lack_TV_Bench/0012_white_table_04_02_2019_08_20_11_45,2.520,1331,1394,63
22,align leg screw with table thread,1970-01-01T00:00:55.760Z,1970-01-01T00:00:58.080Z,complete,case22:frames1394-1452,Lack_TV_Bench/0012_white_table_04_02_2019_08_20_11_45,2.320,1394,1452,58
22,spin leg,1970-01-01T00:00:58.080Z,1970-01-01T00:01:19.320Z,complete,case22:frames1452-1983,Lack_TV_Bench/0012_white_table_04_02_2019_08_20_11_45,21.240,1452,1983,531
22,pick up leg,1970-01-01T00:01:19.320Z,1970-01-01T00:01:22.000Z,complete,case22:frames1983-2050,Lack_TV_Bench/0012_white_table_04_02_2019_08_20_11_45,2.680,1983,2050,67
22,align leg screw with table thread,1970-01-01T00:01:22.000Z,1970-01-01T00:01:23.960Z,complete,case22:frames2050-2099,Lack_TV_Bench/0012_white_table_04_02_2019_08_20_11_45,1.960,2050,2099,49
22,spin leg,1970-01-01T00:01:23.960Z,1970-01-01T00:01:46.440Z,complete,case22:frames2099-2661,Lack_TV_Bench/0012_white_table_04_02_2019_08_20_11_45,22.480,2099,2661,562
22,flip table,1970-01-01T00:01:46.440Z,1970-01-01T00:01:59.760Z,complete,case22:frames2661-2994,Lack_TV_Bench/0012_white_table_04_02_2019_08_20_11_45,13.320,2661,2994,333
22,pick up shelf,1970-01-01T00:01:59.760Z,1970-01-01T00:02:04.800Z,complete,case22:frames2994-3120,Lack_TV_Bench/0012_white_table_04_02_2019_08_20_11_45,5.040,2994,3120,126
22,flip shelf,1970-01-01T00:02:04.800Z,1970-01-01T00:02:06.600Z,complete,case22:frames3120-3165,Lack_TV_Bench/0012_white_table_04_02_2019_08_20_11_45,1.800,3120,3165,45
22,attach shelf to table,1970-01-01T00:02:06.600Z,1970-01-01T00:02:21.160Z,complete,case22:frames3165-3529,Lack_TV_Bench/0012_white_table_04_02_2019_08_20_11_45,14.560,3165,3529,364
23,pick up leg,1970-01-01T00:00:02.760Z,1970-01-01T00:00:03.880Z,complete,case23:frames69-97,Lack_TV_Bench/0024_white_floor_05_02_2019_08_19_17_01,1.120,69,97,28
23,align leg screw with table thread,1970-01-01T00:00:03.880Z,1970-01-01T00:00:05.760Z,complete,case23:frames97-144,Lack_TV_Bench/0024_white_floor_05_02_2019_08_19_17_01,1.880,97,144,47
23,spin leg,1970-01-01T00:00:05.760Z,1970-01-01T00:00:17.640Z,complete,case23:frames144-441,Lack_TV_Bench/0024_white_floor_05_02_2019_08_19_17_01,11.880,144,441,297
23,pick up leg,1970-01-01T00:00:17.640Z,1970-01-01T00:00:18.760Z,complete,case23:frames441-469,Lack_TV_Bench/0024_white_floor_05_02_2019_08_19_17_01,1.120,441,469,28
23,align leg screw with table thread,1970-01-01T00:00:20.800Z,1970-01-01T00:00:24.040Z,complete,case23:frames520-601,Lack_TV_Bench/0024_white_floor_05_02_2019_08_19_17_01,3.240,520,601,81
23,spin leg,1970-01-01T00:00:24.040Z,1970-01-01T00:00:37.560Z,complete,case23:frames601-939,Lack_TV_Bench/0024_white_floor_05_02_2019_08_19_17_01,13.520,601,939,338
23,pick up leg,1970-01-01T00:00:38.320Z,1970-01-01T00:00:39.200Z,complete,case23:frames958-980,Lack_TV_Bench/0024_white_floor_05_02_2019_08_19_17_01,0.880,958,980,22
23,align leg screw with table thread,1970-01-01T00:00:40.560Z,1970-01-01T00:00:42.680Z,complete,case23:frames1014-1067,Lack_TV_Bench/0024_white_floor_05_02_2019_08_19_17_01,2.120,1014,1067,53
23,spin leg,1970-01-01T00:00:42.680Z,1970-01-01T00:00:56.200Z,complete,case23:frames1067-1405,Lack_TV_Bench/0024_white_floor_05_02_2019_08_19_17_01,13.520,1067,1405,338
23,pick up leg,1970-01-01T00:00:57.080Z,1970-01-01T00:00:58.480Z,complete,case23:frames1427-1462,Lack_TV_Bench/0024_white_floor_05_02_2019_08_19_17_01,1.400,1427,1462,35
23,align leg screw with table thread,1970-01-01T00:00:59.960Z,1970-01-01T00:01:00.360Z,complete,case23:frames1499-1509,Lack_TV_Bench/0024_white_floor_05_02_2019_08_19_17_01,0.400,1499,1509,10
23,spin leg,1970-01-01T00:01:00.360Z,1970-01-01T00:01:12.720Z,complete,case23:frames1509-1818,Lack_TV_Bench/0024_white_floor_05_02_2019_08_19_17_01,12.360,1509,1818,309
23,flip table,1970-01-01T00:01:12.720Z,1970-01-01T00:01:18.360Z,complete,case23:frames1818-1959,Lack_TV_Bench/0024_white_floor_05_02_2019_08_19_17_01,5.640,1818,1959,141
23,pick up shelf,1970-01-01T00:01:18.640Z,1970-01-01T00:01:23.640Z,complete,case23:frames1966-2091,Lack_TV_Bench/0024_white_floor_05_02_2019_08_19_17_01,5.000,1966,2091,125
23,attach shelf to table,1970-01-01T00:01:23.640Z,1970-01-01T00:01:34.760Z,complete,case23:frames2091-2369,Lack_TV_Bench/0024_white_floor_05_02_2019_08_19_17_01,11.120,2091,2369,278
24,flip table top,1970-01-01T00:00:03.480Z,1970-01-01T00:00:05.800Z,complete,case24:frames87-145,Lack_TV_Bench/0025_white_floor_05_02_2019_08_19_17_14,2.320,87,145,58
24,pick up leg,1970-01-01T00:00:06.400Z,1970-01-01T00:00:07.520Z,complete,case24:frames160-188,Lack_TV_Bench/0025_white_floor_05_02_2019_08_19_17_14,1.120,160,188,28
24,align leg screw with table thread,1970-01-01T00:00:07.520Z,1970-01-01T00:00:09.040Z,complete,case24:frames188-226,Lack_TV_Bench/0025_white_floor_05_02_2019_08_19_17_14,1.520,188,226,38
24,spin leg,1970-01-01T00:00:09.040Z,1970-01-01T00:00:26.080Z,complete,case24:frames226-652,Lack_TV_Bench/0025_white_floor_05_02_2019_08_19_17_14,17.040,226,652,426
24,pick up leg,1970-01-01T00:00:26.560Z,1970-01-01T00:00:28.240Z,complete,case24:frames664-706,Lack_TV_Bench/0025_white_floor_05_02_2019_08_19_17_14,1.680,664,706,42
24,align leg screw with table thread,1970-01-01T00:00:28.240Z,1970-01-01T00:00:30.240Z,complete,case24:frames706-756,Lack_TV_Bench/0025_white_floor_05_02_2019_08_19_17_14,2.000,706,756,50
24,spin leg,1970-01-01T00:00:30.240Z,1970-01-01T00:00:46.760Z,complete,case24:frames756-1169,Lack_TV_Bench/0025_white_floor_05_02_2019_08_19_17_14,16.520,756,1169,413
24,pick up leg,1970-01-01T00:00:47.600Z,1970-01-01T00:00:48.840Z,complete,case24:frames1190-1221,Lack_TV_Bench/0025_white_floor_05_02_2019_08_19_17_14,1.240,1190,1221,31
24,align leg screw with table thread,1970-01-01T00:00:48.840Z,1970-01-01T00:00:51.000Z,complete,case24:frames1221-1275,Lack_TV_Bench/0025_white_floor_05_02_2019_08_19_17_14,2.160,1221,1275,54
24,spin leg,1970-01-01T00:00:51.000Z,1970-01-01T00:01:06.880Z,complete,case24:frames1275-1672,Lack_TV_Bench/0025_white_floor_05_02_2019_08_19_17_14,15.880,1275,1672,397
24,tighten leg,1970-01-01T00:01:07.040Z,1970-01-01T00:01:08.320Z,complete,case24:frames1676-1708,Lack_TV_Bench/0025_white_floor_05_02_2019_08_19_17_14,1.280,1676,1708,32
24,pick up leg,1970-01-01T00:01:08.800Z,1970-01-01T00:01:10.720Z,complete,case24:frames1720-1768,Lack_TV_Bench/0025_white_floor_05_02_2019_08_19_17_14,1.920,1720,1768,48
24,align leg screw with table thread,1970-01-01T00:01:10.720Z,1970-01-01T00:01:14.120Z,complete,case24:frames1768-1853,Lack_TV_Bench/0025_white_floor_05_02_2019_08_19_17_14,3.400,1768,1853,85
24,spin leg,1970-01-01T00:01:14.120Z,1970-01-01T00:01:35.120Z,complete,case24:frames1853-2378,Lack_TV_Bench/0025_white_floor_05_02_2019_08_19_17_14,21.000,1853,2378,525
24,pick up shelf,1970-01-01T00:01:36.840Z,1970-01-01T00:01:42.880Z,complete,case24:frames2421-2572,Lack_TV_Bench/0025_white_floor_05_02_2019_08_19_17_14,6.040,2421,2572,151
24,attach shelf to table,1970-01-01T00:01:42.880Z,1970-01-01T00:01:48.320Z,complete,case24:frames2572-2708,Lack_TV_Bench/0025_white_floor_05_02_2019_08_19_17_14,5.440,2572,2708,136
24,flip table,1970-01-01T00:01:51.000Z,1970-01-01T00:01:55.960Z,complete,case24:frames2775-2899,Lack_TV_Bench/0025_white_floor_05_02_2019_08_19_17_14,4.960,2775,2899,124
24,pick up shelf,1970-01-01T00:01:55.960Z,1970-01-01T00:01:57.280Z,complete,case24:frames2899-2932,Lack_TV_Bench/0025_white_floor_05_02_2019_08_19_17_14,1.320,2899,2932,33
24,attach shelf to table,1970-01-01T00:01:57.280Z,1970-01-01T00:02:05.320Z,complete,case24:frames2932-3133,Lack_TV_Bench/0025_white_floor_05_02_2019_08_19_17_14,8.040,2932,3133,201
25,flip table top,1970-01-01T00:00:02.160Z,1970-01-01T00:00:04.480Z,complete,case25:frames54-112,Lack_TV_Bench/0002_black_floor_05_02_2019_08_19_17_43,2.320,54,112,58
25,pick up leg,1970-01-01T00:00:05.040Z,1970-01-01T00:00:06.000Z,complete,case25:frames126-150,Lack_TV_Bench/0002_black_floor_05_02_2019_08_19_17_43,0.960,126,150,24
25,align leg screw with table thread,1970-01-01T00:00:06.920Z,1970-01-01T00:00:07.880Z,complete,case25:frames173-197,Lack_TV_Bench/0002_black_floor_05_02_2019_08_19_17_43,0.960,173,197,24
25,spin leg,1970-01-01T00:00:07.880Z,1970-01-01T00:00:15.640Z,complete,case25:frames197-391,Lack_TV_Bench/0002_black_floor_05_02_2019_08_19_17_43,7.760,197,391,194
25,tighten leg,1970-01-01T00:00:15.640Z,1970-01-01T00:00:22.560Z,complete,case25:frames391-564,Lack_TV_Bench/0002_black_floor_05_02_2019_08_19_17_43,6.920,391,564,173
25,pick up leg,1970-01-01T00:00:23.680Z,1970-01-01T00:00:24.760Z,complete,case25:frames592-619,Lack_TV_Bench/0002_black_floor_05_02_2019_08_19_17_43,1.080,592,619,27
25,align leg screw with table thread,1970-01-01T00:00:25.160Z,1970-01-01T00:00:26.920Z,complete,case25:frames629-673,Lack_TV_Bench/0002_black_floor_05_02_2019_08_19_17_43,1.760,629,673,44
25,spin leg,1970-01-01T00:00:26.920Z,1970-01-01T00:00:39.560Z,complete,case25:frames673-989,Lack_TV_Bench/0002_black_floor_05_02_2019_08_19_17_43,12.640,673,989,316
25,pick up leg,1970-01-01T00:00:40.240Z,1970-01-01T00:00:41.360Z,complete,case25:frames1006-1034,Lack_TV_Bench/0002_black_floor_05_02_2019_08_19_17_43,1.120,1006,1034,28
25,spin leg,1970-01-01T00:00:42.280Z,1970-01-01T00:00:57.680Z,complete,case25:frames1057-1442,Lack_TV_Bench/0002_black_floor_05_02_2019_08_19_17_43,15.400,1057,1442,385
25,rotate table,1970-01-01T00:00:58.080Z,1970-01-01T00:01:02.160Z,complete,case25:frames1452-1554,Lack_TV_Bench/0002_black_floor_05_02_2019_08_19_17_43,4.080,1452,1554,102
25,pick up leg,1970-01-01T00:01:02.160Z,1970-01-01T00:01:03.120Z,complete,case25:frames1554-1578,Lack_TV_Bench/0002_black_floor_05_02_2019_08_19_17_43,0.960,1554,1578,24
25,align leg screw with table thread,1970-01-01T00:01:04.480Z,1970-01-01T00:01:04.600Z,complete,case25:frames1612-1615,Lack_TV_Bench/0002_black_floor_05_02_2019_08_19_17_43,0.120,1612,1615,3
25,spin leg,1970-01-01T00:01:04.600Z,1970-01-01T00:01:19.160Z,complete,case25:frames1615-1979,Lack_TV_Bench/0002_black_floor_05_02_2019_08_19_17_43,14.560,1615,1979,364
25,flip table,1970-01-01T00:01:21.600Z,1970-01-01T00:01:25.960Z,complete,case25:frames2040-2149,Lack_TV_Bench/0002_black_floor_05_02_2019_08_19_17_43,4.360,2040,2149,109
25,pick up shelf,1970-01-01T00:01:26.360Z,1970-01-01T00:01:31.240Z,complete,case25:frames2159-2281,Lack_TV_Bench/0002_black_floor_05_02_2019_08_19_17_43,4.880,2159,2281,122
25,attach shelf to table,1970-01-01T00:01:31.240Z,1970-01-01T00:01:44.040Z,complete,case25:frames2281-2601,Lack_TV_Bench/0002_black_floor_05_02_2019_08_19_17_43,12.800,2281,2601,320
26,flip table top,1970-01-01T00:00:00.920Z,1970-01-01T00:00:06.080Z,complete,case26:frames23-152,Lack_TV_Bench/0006_black_table_04_02_2019_08_20_12_00,5.160,23,152,129
26,pick up leg,1970-01-01T00:00:06.560Z,1970-01-01T00:00:08.120Z,complete,case26:frames164-203,Lack_TV_Bench/0006_black_table_04_02_2019_08_20_12_00,1.560,164,203,39
26,align leg screw with table thread,1970-01-01T00:00:08.800Z,1970-01-01T00:00:11.280Z,complete,case26:frames220-282,Lack_TV_Bench/0006_black_table_04_02_2019_08_20_12_00,2.480,220,282,62
26,spin leg,1970-01-01T00:00:11.280Z,1970-01-01T00:00:29.600Z,complete,case26:frames282-740,Lack_TV_Bench/0006_black_table_04_02_2019_08_20_12_00,18.320,282,740,458
26,tighten leg,1970-01-01T00:00:29.600Z,1970-01-01T00:00:33.200Z,complete,case26:frames740-830,Lack_TV_Bench/0006_black_table_04_02_2019_08_20_12_00,3.600,740,830,90
26,pick up leg,1970-01-01T00:00:34.120Z,1970-01-01T00:00:35.440Z,complete,case26:frames853-886,Lack_TV_Bench/0006_black_table_04_02_2019_08_20_12_00,1.320,853,886,33
26,align leg screw with table thread,1970-01-01T00:00:36.360Z,1970-01-01T00:00:38.400Z,complete,case26:frames909-960,Lack_TV_Bench/0006_black_table_04_02_2019_08_20_12_00,2.040,909,960,51
26,spin leg,1970-01-01T00:00:38.400Z,1970-01-01T00:00:53.280Z,complete,case26:frames960-1332,Lack_TV_Bench/0006_black_table_04_02_2019_08_20_12_00,14.880,960,1332,372
26,tighten leg,1970-01-01T00:00:53.280Z,1970-01-01T00:01:19.720Z,complete,case26:frames1332-1993,Lack_TV_Bench/0006_black_table_04_02_2019_08_20_12_00,26.440,1332,1993,661
26,pick up leg,1970-01-01T00:01:21.080Z,1970-01-01T00:01:22.200Z,complete,case26:frames2027-2055,Lack_TV_Bench/0006_black_table_04_02_2019_08_20_12_00,1.120,2027,2055,28
26,align leg screw with table thread,1970-01-01T00:01:22.200Z,1970-01-01T00:01:24.920Z,complete,case26:frames2055-2123,Lack_TV_Bench/0006_black_table_04_02_2019_08_20_12_00,2.720,2055,2123,68
26,spin leg,1970-01-01T00:01:24.920Z,1970-01-01T00:01:43.640Z,complete,case26:frames2123-2591,Lack_TV_Bench/0006_black_table_04_02_2019_08_20_12_00,18.720,2123,2591,468
26,pick up leg,1970-01-01T00:01:43.880Z,1970-01-01T00:01:45.680Z,complete,case26:frames2597-2642,Lack_TV_Bench/0006_black_table_04_02_2019_08_20_12_00,1.800,2597,2642,45
26,align leg screw with table thread,1970-01-01T00:01:46.360Z,1970-01-01T00:01:48.400Z,complete,case26:frames2659-2710,Lack_TV_Bench/0006_black_table_04_02_2019_08_20_12_00,2.040,2659,2710,51
26,spin leg,1970-01-01T00:01:48.400Z,1970-01-01T00:02:06.680Z,complete,case26:frames2710-3167,Lack_TV_Bench/0006_black_table_04_02_2019_08_20_12_00,18.280,2710,3167,457
26,tighten leg,1970-01-01T00:02:06.680Z,1970-01-01T00:02:09.640Z,complete,case26:frames3167-3241,Lack_TV_Bench/0006_black_table_04_02_2019_08_20_12_00,2.960,3167,3241,74
26,flip table,1970-01-01T00:02:11.680Z,1970-01-01T00:02:18.880Z,complete,case26:frames3292-3472,Lack_TV_Bench/0006_black_table_04_02_2019_08_20_12_00,7.200,3292,3472,180
26,pick up shelf,1970-01-01T00:02:20.240Z,1970-01-01T00:02:22.720Z,complete,case26:frames3506-3568,Lack_TV_Bench/0006_black_table_04_02_2019_08_20_12_00,2.480,3506,3568,62
26,attach shelf to table,1970-01-01T00:02:22.720Z,1970-01-01T00:02:55.680Z,complete,case26:frames3568-4392,Lack_TV_Bench/0006_black_table_04_02_2019_08_20_12_00,32.960,3568,4392,824
27,pick up leg,1970-01-01T00:00:02.640Z,1970-01-01T00:00:03.960Z,complete,case27:frames66-99,Lack_TV_Bench/0027_white_table_04_02_2019_08_20_10_43,1.320,66,99,33
27,align leg screw with table thread,1970-01-01T00:00:03.960Z,1970-01-01T00:00:05.120Z,complete,case27:frames99-128,Lack_TV_Bench/0027_white_table_04_02_2019_08_20_10_43,1.160,99,128,29
27,spin leg,1970-01-01T00:00:05.120Z,1970-01-01T00:00:23.240Z,complete,case27:frames128-581,Lack_TV_Bench/0027_white_table_04_02_2019_08_20_10_43,18.120,128,581,453
27,pick up leg,1970-01-01T00:00:24.040Z,1970-01-01T00:00:25.360Z,complete,case27:frames601-634,Lack_TV_Bench/0027_white_table_04_02_2019_08_20_10_43,1.320,601,634,33
27,align leg screw with table thread,1970-01-01T00:00:25.360Z,1970-01-01T00:00:26.840Z,complete,case27:frames634-671,Lack_TV_Bench/0027_white_table_04_02_2019_08_20_10_43,1.480,634,671,37
27,spin leg,1970-01-01T00:00:26.840Z,1970-01-01T00:00:43.320Z,complete,case27:frames671-1083,Lack_TV_Bench/0027_white_table_04_02_2019_08_20_10_43,16.480,671,1083,412
27,pick up leg,1970-01-01T00:00:44.120Z,1970-01-01T00:00:45.440Z,complete,case27:frames1103-1136,Lack_TV_Bench/0027_white_table_04_02_2019_08_20_10_43,1.320,1103,1136,33
27,align leg screw with table thread,1970-01-01T00:00:46.280Z,1970-01-01T00:00:48.240Z,complete,case27:frames1157-1206,Lack_TV_Bench/0027_white_table_04_02_2019_08_20_10_43,1.960,1157,1206,49
27,spin leg,1970-01-01T00:00:48.240Z,1970-01-01T00:01:13.800Z,complete,case27:frames1206-1845,Lack_TV_Bench/0027_white_table_04_02_2019_08_20_10_43,25.560,1206,1845,639
27,pick up leg,1970-01-01T00:01:14.120Z,1970-01-01T00:01:15.920Z,complete,case27:frames1853-1898,Lack_TV_Bench/0027_white_table_04_02_2019_08_20_10_43,1.800,1853,1898,45
27,align leg screw with table thread,1970-01-01T00:01:16.920Z,1970-01-01T00:01:18.080Z,complete,case27:frames1923-1952,Lack_TV_Bench/0027_white_table_04_02_2019_08_20_10_43,1.160,1923,1952,29
27,spin leg,1970-01-01T00:01:18.080Z,1970-01-01T00:01:39.640Z,complete,case27:frames1952-2491,Lack_TV_Bench/0027_white_table_04_02_2019_08_20_10_43,21.560,1952,2491,539
27,flip table,1970-01-01T00:01:40.440Z,1970-01-01T00:01:50.360Z,complete,case27:frames2511-2759,Lack_TV_Bench/0027_white_table_04_02_2019_08_20_10_43,9.920,2511,2759,248
27,pick up shelf,1970-01-01T00:01:51.000Z,1970-01-01T00:01:52.320Z,complete,case27:frames2775-2808,Lack_TV_Bench/0027_white_table_04_02_2019_08_20_10_43,1.320,2775,2808,33
27,attach shelf to table,1970-01-01T00:01:52.320Z,1970-01-01T00:02:09.280Z,complete,case27:frames2808-3232,Lack_TV_Bench/0027_white_table_04_02_2019_08_20_10_43,16.960,2808,3232,424
28,pick up leg,1970-01-01T00:00:02.960Z,1970-01-01T00:00:03.920Z,complete,case28:frames74-98,Lack_TV_Bench/0023_black_floor_05_02_2019_08_19_16_11,0.960,74,98,24
28,align leg screw with table thread,1970-01-01T00:00:04.200Z,1970-01-01T00:00:05.640Z,complete,case28:frames105-141,Lack_TV_Bench/0023_black_floor_05_02_2019_08_19_16_11,1.440,105,141,36
28,spin leg,1970-01-01T00:00:05.640Z,1970-01-01T00:00:23.400Z,complete,case28:frames141-585,Lack_TV_Bench/0023_black_floor_05_02_2019_08_19_16_11,17.760,141,585,444
28,tighten leg,1970-01-01T00:00:23.400Z,1970-01-01T00:00:25.640Z,complete,case28:frames585-641,Lack_TV_Bench/0023_black_floor_05_02_2019_08_19_16_11,2.240,585,641,56
28,pick up leg,1970-01-01T00:00:25.640Z,1970-01-01T00:00:27.240Z,complete,case28:frames641-681,Lack_TV_Bench/0023_black_floor_05_02_2019_08_19_16_11,1.600,641,681,40
28,align leg screw with table thread,1970-01-01T00:00:27.240Z,1970-01-01T00:00:29.840Z,complete,case28:frames681-746,Lack_TV_Bench/0023_black_floor_05_02_2019_08_19_16_11,2.600,681,746,65
28,spin leg,1970-01-01T00:00:29.840Z,1970-01-01T00:00:50.120Z,complete,case28:frames746-1253,Lack_TV_Bench/0023_black_floor_05_02_2019_08_19_16_11,20.280,746,1253,507
28,tighten leg,1970-01-01T00:00:50.120Z,1970-01-01T00:00:54.040Z,complete,case28:frames1253-1351,Lack_TV_Bench/0023_black_floor_05_02_2019_08_19_16_11,3.920,1253,1351,98
28,pick up leg,1970-01-01T00:00:54.040Z,1970-01-01T00:00:57.120Z,complete,case28:frames1351-1428,Lack_TV_Bench/0023_black_floor_05_02_2019_08_19_16_11,3.080,1351,1428,77
28,align leg screw with table thread,1970-01-01T00:00:57.120Z,1970-01-01T00:00:59.680Z,complete,case28:frames1428-1492,Lack_TV_Bench/0023_black_floor_05_02_2019_08_19_16_11,2.560,1428,1492,64
28,spin leg,1970-01-01T00:00:59.680Z,1970-01-01T00:01:18.600Z,complete,case28:frames1492-1965,Lack_TV_Bench/0023_black_floor_05_02_2019_08_19_16_11,18.920,1492,1965,473
28,pick up leg,1970-01-01T00:01:18.600Z,1970-01-01T00:01:21.480Z,complete,case28:frames1965-2037,Lack_TV_Bench/0023_black_floor_05_02_2019_08_19_16_11,2.880,1965,2037,72
28,spin leg,1970-01-01T00:01:21.480Z,1970-01-01T00:01:50.280Z,complete,case28:frames2037-2757,Lack_TV_Bench/0023_black_floor_05_02_2019_08_19_16_11,28.800,2037,2757,720
28,flip table,1970-01-01T00:01:52.560Z,1970-01-01T00:01:58.680Z,complete,case28:frames2814-2967,Lack_TV_Bench/0023_black_floor_05_02_2019_08_19_16_11,6.120,2814,2967,153
28,pick up shelf,1970-01-01T00:02:01.960Z,1970-01-01T00:02:06.360Z,complete,case28:frames3049-3159,Lack_TV_Bench/0023_black_floor_05_02_2019_08_19_16_11,4.400,3049,3159,110
28,attach shelf to table,1970-01-01T00:02:06.520Z,1970-01-01T00:02:21.840Z,complete,case28:frames3163-3546,Lack_TV_Bench/0023_black_floor_05_02_2019_08_19_16_11,15.320,3163,3546,383
29,pick up leg,1970-01-01T00:00:05.080Z,1970-01-01T00:00:06.240Z,complete,case29:frames127-156,Lack_Coffee_Table/0039_white_floor_08_04_2019_08_28_10_35,1.160,127,156,29
29,lay down leg,1970-01-01T00:00:06.280Z,1970-01-01T00:00:07.240Z,complete,case29:frames157-181,Lack_Coffee_Table/0039_white_floor_08_04_2019_08_28_10_35,0.960,157,181,24
29,flip table top,1970-01-01T00:00:07.720Z,1970-01-01T00:00:11.000Z,complete,case29:frames193-275,Lack_Coffee_Table/0039_white_floor_08_04_2019_08_28_10_35,3.280,193,275,82
29,pick up leg,1970-01-01T00:00:11.160Z,1970-01-01T00:00:12.440Z,complete,case29:frames279-311,Lack_Coffee_Table/0039_white_floor_08_04_2019_08_28_10_35,1.280,279,311,32
29,align leg screw with table thread,1970-01-01T00:00:12.480Z,1970-01-01T00:00:14.000Z,complete,case29:frames312-350,Lack_Coffee_Table/0039_white_floor_08_04_2019_08_28_10_35,1.520,312,350,38
29,spin leg,1970-01-01T00:00:14.040Z,1970-01-01T00:00:31.960Z,complete,case29:frames351-799,Lack_Coffee_Table/0039_white_floor_08_04_2019_08_28_10_35,17.920,351,799,448
29,pick up leg,1970-01-01T00:00:33.040Z,1970-01-01T00:00:33.840Z,complete,case29:frames826-846,Lack_Coffee_Table/0039_white_floor_08_04_2019_08_28_10_35,0.800,826,846,20
29,align leg screw with table thread,1970-01-01T00:00:33.840Z,1970-01-01T00:00:35.360Z,complete,case29:frames846-884,Lack_Coffee_Table/0039_white_floor_08_04_2019_08_28_10_35,1.520,846,884,38
29,spin leg,1970-01-01T00:00:35.360Z,1970-01-01T00:00:48.040Z,complete,case29:frames884-1201,Lack_Coffee_Table/0039_white_floor_08_04_2019_08_28_10_35,12.680,884,1201,317
29,pick up leg,1970-01-01T00:00:48.360Z,1970-01-01T00:00:49.640Z,complete,case29:frames1209-1241,Lack_Coffee_Table/0039_white_floor_08_04_2019_08_28_10_35,1.280,1209,1241,32
29,align leg screw with table thread,1970-01-01T00:00:49.640Z,1970-01-01T00:00:53.040Z,complete,case29:frames1241-1326,Lack_Coffee_Table/0039_white_floor_08_04_2019_08_28_10_35,3.400,1241,1326,85
29,spin leg,1970-01-01T00:00:53.040Z,1970-01-01T00:01:03.560Z,complete,case29:frames1326-1589,Lack_Coffee_Table/0039_white_floor_08_04_2019_08_28_10_35,10.520,1326,1589,263
29,pick up leg,1970-01-01T00:01:03.840Z,1970-01-01T00:01:05.240Z,complete,case29:frames1596-1631,Lack_Coffee_Table/0039_white_floor_08_04_2019_08_28_10_35,1.400,1596,1631,35
29,align leg screw with table thread,1970-01-01T00:01:05.240Z,1970-01-01T00:01:08.040Z,complete,case29:frames1631-1701,Lack_Coffee_Table/0039_white_floor_08_04_2019_08_28_10_35,2.800,1631,1701,70
29,spin leg,1970-01-01T00:01:08.040Z,1970-01-01T00:01:21.960Z,complete,case29:frames1701-2049,Lack_Coffee_Table/0039_white_floor_08_04_2019_08_28_10_35,13.920,1701,2049,348
29,flip shelf,1970-01-01T00:01:23.280Z,1970-01-01T00:01:27.200Z,complete,case29:frames2082-2180,Lack_Coffee_Table/0039_white_floor_08_04_2019_08_28_10_35,3.920,2082,2180,98
29,pick up shelf,1970-01-01T00:01:27.200Z,1970-01-01T00:01:28.920Z,complete,case29:frames2180-2223,Lack_Coffee_Table/0039_white_floor_08_04_2019_08_28_10_35,1.720,2180,2223,43
29,lay down shelf,1970-01-01T00:01:29.720Z,1970-01-01T00:01:31.880Z,complete,case29:frames2243-2297,Lack_Coffee_Table/0039_white_floor_08_04_2019_08_28_10_35,2.160,2243,2297,54
29,flip table,1970-01-01T00:01:31.880Z,1970-01-01T00:01:38.560Z,complete,case29:frames2297-2464,Lack_Coffee_Table/0039_white_floor_08_04_2019_08_28_10_35,6.680,2297,2464,167
29,flip shelf,1970-01-01T00:01:38.560Z,1970-01-01T00:01:41.320Z,complete,case29:frames2464-2533,Lack_Coffee_Table/0039_white_floor_08_04_2019_08_28_10_35,2.760,2464,2533,69
29,attach shelf to table,1970-01-01T00:01:41.320Z,1970-01-01T00:01:54.320Z,complete,case29:frames2533-2858,Lack_Coffee_Table/0039_white_floor_08_04_2019_08_28_10_35,13.000,2533,2858,325
3,pick up table top,1970-01-01T00:00:07.040Z,1970-01-01T00:00:10.040Z,complete,case3:frames176-251,Lack_TV_Bench/0040_white_floor_08_04_2019_08_28_11_55,3.000,176,251,75
3,flip table top,1970-01-01T00:00:10.040Z,1970-01-01T00:00:15.480Z,complete,case3:frames251-387,Lack_TV_Bench/0040_white_floor_08_04_2019_08_28_11_55,5.440,251,387,136
3,lay down table top,1970-01-01T00:00:15.480Z,1970-01-01T00:00:18.720Z,complete,case3:frames387-468,Lack_TV_Bench/0040_white_floor_08_04_2019_08_28_11_55,3.240,387,468,81
3,pick up leg,1970-01-01T00:00:18.720Z,1970-01-01T00:00:20.520Z,complete,case3:frames468-513,Lack_TV_Bench/0040_white_floor_08_04_2019_08_28_11_55,1.800,468,513,45
3,align leg screw with table thread,1970-01-01T00:00:20.520Z,1970-01-01T00:00:23.720Z,complete,case3:frames513-593,Lack_TV_Bench/0040_white_floor_08_04_2019_08_28_11_55,3.200,513,593,80
3,spin leg,1970-01-01T00:00:23.720Z,1970-01-01T00:00:40.240Z,complete,case3:frames593-1006,Lack_TV_Bench/0040_white_floor_08_04_2019_08_28_11_55,16.520,593,1006,413
3,pick up leg,1970-01-01T00:00:40.240Z,1970-01-01T00:00:43.640Z,complete,case3:frames1006-1091,Lack_TV_Bench/0040_white_floor_08_04_2019_08_28_11_55,3.400,1006,1091,85
3,align leg screw with table thread,1970-01-01T00:00:43.640Z,1970-01-01T00:00:50.480Z,complete,case3:frames1091-1262,Lack_TV_Bench/0040_white_floor_08_04_2019_08_28_11_55,6.840,1091,1262,171
3,spin leg,1970-01-01T00:00:50.480Z,1970-01-01T00:01:09.000Z,complete,case3:frames1262-1725,Lack_TV_Bench/0040_white_floor_08_04_2019_08_28_11_55,18.520,1262,1725,463
3,align leg screw with table thread,1970-01-01T00:01:09.000Z,1970-01-01T00:01:16.240Z,complete,case3:frames1725-1906,Lack_TV_Bench/0040_white_floor_08_04_2019_08_28_11_55,7.240,1725,1906,181
3,pick up leg,1970-01-01T00:01:18.440Z,1970-01-01T00:01:20.480Z,complete,case3:frames1961-2012,Lack_TV_Bench/0040_white_floor_08_04_2019_08_28_11_55,2.040,1961,2012,51
3,align leg screw with table thread,1970-01-01T00:01:20.480Z,1970-01-01T00:01:23.480Z,complete,case3:frames2012-2087,Lack_TV_Bench/0040_white_floor_08_04_2019_08_28_11_55,3.000,2012,2087,75
3,spin leg,1970-01-01T00:01:23.480Z,1970-01-01T00:01:36.360Z,complete,case3:frames2087-2409,Lack_TV_Bench/0040_white_floor_08_04_2019_08_28_11_55,12.880,2087,2409,322
3,pick up leg,1970-01-01T00:01:36.360Z,1970-01-01T00:01:42.800Z,complete,case3:frames2409-2570,Lack_TV_Bench/0040_white_floor_08_04_2019_08_28_11_55,6.440,2409,2570,161
3,align leg screw with table thread,1970-01-01T00:01:42.800Z,1970-01-01T00:01:46.000Z,complete,case3:frames2570-2650,Lack_TV_Bench/0040_white_floor_08_04_2019_08_28_11_55,3.200,2570,2650,80
3,spin leg,1970-01-01T00:01:46.000Z,1970-01-01T00:02:00.720Z,complete,case3:frames2650-3018,Lack_TV_Bench/0040_white_floor_08_04_2019_08_28_11_55,14.720,2650,3018,368
3,flip table,1970-01-01T00:02:09.960Z,1970-01-01T00:02:18.400Z,complete,case3:frames3249-3460,Lack_TV_Bench/0040_white_floor_08_04_2019_08_28_11_55,8.440,3249,3460,211
3,pick up shelf,1970-01-01T00:02:18.400Z,1970-01-01T00:02:22.240Z,complete,case3:frames3460-3556,Lack_TV_Bench/0040_white_floor_08_04_2019_08_28_11_55,3.840,3460,3556,96
3,attach shelf to table,1970-01-01T00:02:22.240Z,1970-01-01T00:02:36.320Z,complete,case3:frames3556-3908,Lack_TV_Bench/0040_white_floor_08_04_2019_08_28_11_55,14.080,3556,3908,352
30,flip table top,1970-01-01T00:00:02.200Z,1970-01-01T00:00:08.400Z,complete,case30:frames55-210,Lack_Coffee_Table/0004_white_floor_08_04_2019_08_28_11_04,6.200,55,210,155
30,pick up leg,1970-01-01T00:00:08.400Z,1970-01-01T00:00:10.920Z,complete,case30:frames210-273,Lack_Coffee_Table/0004_white_floor_08_04_2019_08_28_11_04,2.520,210,273,63
30,spin leg,1970-01-01T00:00:10.920Z,1970-01-01T00:00:23.720Z,complete,case30:frames273-593,Lack_Coffee_Table/0004_white_floor_08_04_2019_08_28_11_04,12.800,273,593,320
30,pick up leg,1970-01-01T00:00:23.720Z,1970-01-01T00:00:26.920Z,complete,case30:frames593-673,Lack_Coffee_Table/0004_white_floor_08_04_2019_08_28_11_04,3.200,593,673,80
30,spin leg,1970-01-01T00:00:26.920Z,1970-01-01T00:00:43.400Z,complete,case30:frames673-1085,Lack_Coffee_Table/0004_white_floor_08_04_2019_08_28_11_04,16.480,673,1085,412
30,pick up leg,1970-01-01T00:00:43.400Z,1970-01-01T00:00:47.600Z,complete,case30:frames1085-1190,Lack_Coffee_Table/0004_white_floor_08_04_2019_08_28_11_04,4.200,1085,1190,105
30,spin leg,1970-01-01T00:00:47.600Z,1970-01-01T00:01:00.560Z,complete,case30:frames1190-1514,Lack_Coffee_Table/0004_white_floor_08_04_2019_08_28_11_04,12.960,1190,1514,324
30,pick up leg,1970-01-01T00:01:00.560Z,1970-01-01T00:01:03.600Z,complete,case30:frames1514-1590,Lack_Coffee_Table/0004_white_floor_08_04_2019_08_28_11_04,3.040,1514,1590,76
30,spin leg,1970-01-01T00:01:03.600Z,1970-01-01T00:01:16.880Z,complete,case30:frames1590-1922,Lack_Coffee_Table/0004_white_floor_08_04_2019_08_28_11_04,13.280,1590,1922,332
30,flip table,1970-01-01T00:01:23.280Z,1970-01-01T00:01:28.160Z,complete,case30:frames2082-2204,Lack_Coffee_Table/0004_white_floor_08_04_2019_08_28_11_04,4.880,2082,2204,122
30,pick up shelf,1970-01-01T00:01:41.800Z,1970-01-01T00:01:47.840Z,complete,case30:frames2545-2696,Lack_Coffee_Table/0004_white_floor_08_04_2019_08_28_11_04,6.040,2545,2696,151
30,attach shelf to table,1970-01-01T00:01:47.840Z,1970-01-01T00:02:07.720Z,complete,case30:frames2696-3193,Lack_Coffee_Table/0004_white_floor_08_04_2019_08_28_11_04,19.880,2696,3193,497
31,flip table top,1970-01-01T00:00:02.600Z,1970-01-01T00:00:11.000Z,complete,case31:frames65-275,Lack_Coffee_Table/0012_black_table_04_02_2019_08_20_11_49,8.400,65,275,210
31,pick up leg,1970-01-01T00:00:11.000Z,1970-01-01T00:00:13.200Z,complete,case31:frames275-330,Lack_Coffee_Table/0012_black_table_04_02_2019_08_20_11_49,2.200,275,330,55
31,align leg screw with table thread,1970-01-01T00:00:13.200Z,1970-01-01T00:00:14.600Z,complete,case31:frames330-365,Lack_Coffee_Table/0012_black_table_04_02_2019_08_20_11_49,1.400,330,365,35
31,spin leg,1970-01-01T00:00:14.600Z,1970-01-01T00:00:37.240Z,complete,case31:frames365-931,Lack_Coffee_Table/0012_black_table_04_02_2019_08_20_11_49,22.640,365,931,566
31,tighten leg,1970-01-01T00:00:37.240Z,1970-01-01T00:00:43.640Z,complete,case31:frames931-1091,Lack_Coffee_Table/0012_black_table_04_02_2019_08_20_11_49,6.400,931,1091,160
31,pick up leg,1970-01-01T00:00:43.640Z,1970-01-01T00:00:45.040Z,complete,case31:frames1091-1126,Lack_Coffee_Table/0012_black_table_04_02_2019_08_20_11_49,1.400,1091,1126,35
31,align leg screw with table thread,1970-01-01T00:00:45.040Z,1970-01-01T00:00:47.440Z,complete,case31:frames1126-1186,Lack_Coffee_Table/0012_black_table_04_02_2019_08_20_11_49,2.400,1126,1186,60
31,spin leg,1970-01-01T00:00:47.440Z,1970-01-01T00:01:08.640Z,complete,case31:frames1186-1716,Lack_Coffee_Table/0012_black_table_04_02_2019_08_20_11_49,21.200,1186,1716,530
31,pick up leg,1970-01-01T00:01:08.640Z,1970-01-01T00:01:11.040Z,complete,case31:frames1716-1776,Lack_Coffee_Table/0012_black_table_04_02_2019_08_20_11_49,2.400,1716,1776,60
31,align leg screw with table thread,1970-01-01T00:01:11.040Z,1970-01-01T00:01:13.640Z,complete,case31:frames1776-1841,Lack_Coffee_Table/0012_black_table_04_02_2019_08_20_11_49,2.600,1776,1841,65
31,spin leg,1970-01-01T00:01:13.640Z,1970-01-01T00:01:40.480Z,complete,case31:frames1841-2512,Lack_Coffee_Table/0012_black_table_04_02_2019_08_20_11_49,26.840,1841,2512,671
31,pick up leg,1970-01-01T00:01:40.680Z,1970-01-01T00:01:42.480Z,complete,case31:frames2517-2562,Lack_Coffee_Table/0012_black_table_04_02_2019_08_20_11_49,1.800,2517,2562,45
31,align leg screw with table thread,1970-01-01T00:01:42.480Z,1970-01-01T00:01:44.880Z,complete,case31:frames2562-2622,Lack_Coffee_Table/0012_black_table_04_02_2019_08_20_11_49,2.400,2562,2622,60
31,spin leg,1970-01-01T00:01:44.880Z,1970-01-01T00:02:04.680Z,complete,case31:frames2622-3117,Lack_Coffee_Table/0012_black_table_04_02_2019_08_20_11_49,19.800,2622,3117,495
31,flip table,1970-01-01T00:02:04.680Z,1970-01-01T00:02:14.520Z,complete,case31:frames3117-3363,Lack_Coffee_Table/0012_black_table_04_02_2019_08_20_11_49,9.840,3117,3363,246
31,pick up shelf,1970-01-01T00:02:14.520Z,1970-01-01T00:02:18.120Z,complete,case31:frames3363-3453,Lack_Coffee_Table/0012_black_table_04_02_2019_08_20_11_49,3.600,3363,3453,90
31,attach shelf to table,1970-01-01T00:02:18.120Z,1970-01-01T00:02:37.120Z,complete,case31:frames3453-3928,Lack_Coffee_Table/0012_black_table_04_02_2019_08_20_11_49,19.000,3453,3928,475
32,pick up leg,1970-01-01T00:00:04.120Z,1970-01-01T00:00:06.840Z,complete,case32:frames103-171,Lack_Coffee_Table/0021_oak_floor_05_02_2019_08_19_13_11,2.720,103,171,68
32,align leg screw with table thread,1970-01-01T00:00:06.840Z,1970-01-01T00:00:07.160Z,complete,case32:frames171-179,Lack_Coffee_Table/0021_oak_floor_05_02_2019_08_19_13_11,0.320,171,179,8
32,spin leg,1970-01-01T00:00:07.160Z,1970-01-01T00:00:21.520Z,complete,case32:frames179-538,Lack_Coffee_Table/0021_oak_floor_05_02_2019_08_19_13_11,14.360,179,538,359
32,pick up leg,1970-01-01T00:00:21.520Z,1970-01-01T00:00:24.840Z,complete,case32:frames538-621,Lack_Coffee_Table/0021_oak_floor_05_02_2019_08_19_13_11,3.320,538,621,83
32,align leg screw with table thread,1970-01-01T00:00:24.840Z,1970-01-01T00:00:27.440Z,complete,case32:frames621-686,Lack_Coffee_Table/0021_oak_floor_05_02_2019_08_19_13_11,2.600,621,686,65
32,spin leg,1970-01-01T00:00:27.440Z,1970-01-01T00:00:40.920Z,complete,case32:frames686-1023,Lack_Coffee_Table/0021_oak_floor_05_02_2019_08_19_13_11,13.480,686,1023,337
32,pick up leg,1970-01-01T00:00:44.480Z,1970-01-01T00:00:46.240Z,complete,case32:frames1112-1156,Lack_Coffee_Table/0021_oak_floor_05_02_2019_08_19_13_11,1.760,1112,1156,44
32,align leg screw with table thread,1970-01-01T00:00:46.240Z,1970-01-01T00:00:46.960Z,complete,case32:frames1156-1174,Lack_Coffee_Table/0021_oak_floor_05_02_2019_08_19_13_11,0.720,1156,1174,18
32,spin leg,1970-01-01T00:00:46.960Z,1970-01-01T00:01:01.240Z,complete,case32:frames1174-1531,Lack_Coffee_Table/0021_oak_floor_05_02_2019_08_19_13_11,14.280,1174,1531,357
32,pick up leg,1970-01-01T00:01:01.240Z,1970-01-01T00:01:06.600Z,complete,case32:frames1531-1665,Lack_Coffee_Table/0021_oak_floor_05_02_2019_08_19_13_11,5.360,1531,1665,134
32,align leg screw with table thread,1970-01-01T00:01:06.600Z,1970-01-01T00:01:07.640Z,complete,case32:frames1665-1691,Lack_Coffee_Table/0021_oak_floor_05_02_2019_08_19_13_11,1.040,1665,1691,26
32,spin leg,1970-01-01T00:01:07.640Z,1970-01-01T00:01:31.120Z,complete,case32:frames1691-2278,Lack_Coffee_Table/0021_oak_floor_05_02_2019_08_19_13_11,23.480,1691,2278,587
32,flip table,1970-01-01T00:01:31.120Z,1970-01-01T00:01:36.800Z,complete,case32:frames2278-2420,Lack_Coffee_Table/0021_oak_floor_05_02_2019_08_19_13_11,5.680,2278,2420,142
32,pick up shelf,1970-01-01T00:01:36.800Z,1970-01-01T00:01:46.840Z,complete,case32:frames2420-2671,Lack_Coffee_Table/0021_oak_floor_05_02_2019_08_19_13_11,10.040,2420,2671,251
32,attach shelf to table,1970-01-01T00:01:46.840Z,1970-01-01T00:02:06.520Z,complete,case32:frames2671-3163,Lack_Coffee_Table/0021_oak_floor_05_02_2019_08_19_13_11,19.680,2671,3163,492
33,pick up leg,1970-01-01T00:00:02.280Z,1970-01-01T00:00:03.880Z,complete,case33:frames57-97,Lack_Coffee_Table/0008_black_floor_08_04_2019_08_28_11_29,1.600,57,97,40
33,spin leg,1970-01-01T00:00:03.880Z,1970-01-01T00:00:16.040Z,complete,case33:frames97-401,Lack_Coffee_Table/0008_black_floor_08_04_2019_08_28_11_29,12.160,97,401,304
33,pick up leg,1970-01-01T00:00:16.040Z,1970-01-01T00:00:19.720Z,complete,case33:frames401-493,Lack_Coffee_Table/0008_black_floor_08_04_2019_08_28_11_29,3.680,401,493,92
33,spin leg,1970-01-01T00:00:20.600Z,1970-01-01T00:00:29.240Z,complete,case33:frames515-731,Lack_Coffee_Table/0008_black_floor_08_04_2019_08_28_11_29,8.640,515,731,216
33,rotate table,1970-01-01T00:00:29.920Z,1970-01-01T00:00:36.960Z,complete,case33:frames748-924,Lack_Coffee_Table/0008_black_floor_08_04_2019_08_28_11_29,7.040,748,924,176
33,spin leg,1970-01-01T00:00:36.960Z,1970-01-01T00:00:49.120Z,complete,case33:frames924-1228,Lack_Coffee_Table/0008_black_floor_08_04_2019_08_28_11_29,12.160,924,1228,304
33,rotate table,1970-01-01T00:00:53.520Z,1970-01-01T00:00:55.440Z,complete,case33:frames1338-1386,Lack_Coffee_Table/0008_black_floor_08_04_2019_08_28_11_29,1.920,1338,1386,48
33,pick up leg,1970-01-01T00:00:55.440Z,1970-01-01T00:00:57.040Z,complete,case33:frames1386-1426,Lack_Coffee_Table/0008_black_floor_08_04_2019_08_28_11_29,1.600,1386,1426,40
33,spin leg,1970-01-01T00:00:57.040Z,1970-01-01T00:01:04.800Z,complete,case33:frames1426-1620,Lack_Coffee_Table/0008_black_floor_08_04_2019_08_28_11_29,7.760,1426,1620,194
33,rotate table,1970-01-01T00:01:13.240Z,1970-01-01T00:01:16.760Z,complete,case33:frames1831-1919,Lack_Coffee_Table/0008_black_floor_08_04_2019_08_28_11_29,3.520,1831,1919,88
33,flip table,1970-01-01T00:01:16.760Z,1970-01-01T00:01:24.320Z,complete,case33:frames1919-2108,Lack_Coffee_Table/0008_black_floor_08_04_2019_08_28_11_29,7.560,1919,2108,189
33,attach shelf to table,1970-01-01T00:01:24.320Z,1970-01-01T00:01:59.000Z,complete,case33:frames2108-2975,Lack_Coffee_Table/0008_black_floor_08_04_2019_08_28_11_29,34.680,2108,2975,867
34,flip table top,1970-01-01T00:00:02.960Z,1970-01-01T00:00:06.720Z,complete,case34:frames74-168,Lack_Coffee_Table/0025_oak_floor_05_02_2019_08_19_17_17,3.760,74,168,94
34,pick up leg,1970-01-01T00:00:07.280Z,1970-01-01T00:00:07.880Z,complete,case34:frames182-197,Lack_Coffee_Table/0025_oak_floor_05_02_2019_08_19_17_17,0.600,182,197,15
34,spin leg,1970-01-01T00:00:09.680Z,1970-01-01T00:00:24.640Z,complete,case34:frames242-616,Lack_Coffee_Table/0025_oak_floor_05_02_2019_08_19_17_17,14.960,242,616,374
34,pick up leg,1970-01-01T00:00:26.040Z,1970-01-01T00:00:26.800Z,complete,case34:frames651-670,Lack_Coffee_Table/0025_oak_floor_05_02_2019_08_19_17_17,0.760,651,670,19
34,spin leg,1970-01-01T00:00:28.800Z,1970-01-01T00:00:45.360Z,complete,case34:frames720-1134,Lack_Coffee_Table/0025_oak_floor_05_02_2019_08_19_17_17,16.560,720,1134,414
34,pick up leg,1970-01-01T00:00:47.120Z,1970-01-01T00:00:47.520Z,complete,case34:frames1178-1188,Lack_Coffee_Table/0025_oak_floor_05_02_2019_08_19_17_17,0.400,1178,1188,10
34,spin leg,1970-01-01T00:00:50.680Z,1970-01-01T00:01:04.480Z,complete,case34:frames1267-1612,Lack_Coffee_Table/0025_oak_floor_05_02_2019_08_19_17_17,13.800,1267,1612,345
34,pick up leg,1970-01-01T00:01:06.040Z,1970-01-01T00:01:07.800Z,complete,case34:frames1651-1695,Lack_Coffee_Table/0025_oak_floor_05_02_2019_08_19_17_17,1.760,1651,1695,44
34,spin leg,1970-01-01T00:01:09.200Z,1970-01-01T00:01:29.720Z,complete,case34:frames1730-2243,Lack_Coffee_Table/0025_oak_floor_05_02_2019_08_19_17_17,20.520,1730,2243,513
34,flip table,1970-01-01T00:01:30.480Z,1970-01-01T00:01:35.800Z,complete,case34:frames2262-2395,Lack_Coffee_Table/0025_oak_floor_05_02_2019_08_19_17_17,5.320,2262,2395,133
34,pick up shelf,1970-01-01T00:01:37.600Z,1970-01-01T00:01:41.920Z,complete,case34:frames2440-2548,Lack_Coffee_Table/0025_oak_floor_05_02_2019_08_19_17_17,4.320,2440,2548,108
34,flip table,1970-01-01T00:01:51.960Z,1970-01-01T00:01:57.680Z,complete,case34:frames2799-2942,Lack_Coffee_Table/0025_oak_floor_05_02_2019_08_19_17_17,5.720,2799,2942,143
34,tighten leg,1970-01-01T00:01:59.080Z,1970-01-01T00:02:08.360Z,complete,case34:frames2977-3209,Lack_Coffee_Table/0025_oak_floor_05_02_2019_08_19_17_17,9.280,2977,3209,232
34,flip table,1970-01-01T00:02:09.720Z,1970-01-01T00:02:15.240Z,complete,case34:frames3243-3381,Lack_Coffee_Table/0025_oak_floor_05_02_2019_08_19_17_17,5.520,3243,3381,138
34,pick up shelf,1970-01-01T00:02:15.840Z,1970-01-01T00:02:20.360Z,complete,case34:frames3396-3509,Lack_Coffee_Table/0025_oak_floor_05_02_2019_08_19_17_17,4.520,3396,3509,113
34,attach shelf to table,1970-01-01T00:02:20.960Z,1970-01-01T00:02:32.400Z,complete,case34:frames3524-3810,Lack_Coffee_Table/0025_oak_floor_05_02_2019_08_19_17_17,11.440,3524,3810,286
35,pick up leg,1970-01-01T00:00:00.640Z,1970-01-01T00:00:01.800Z,complete,case35:frames16-45,Lack_Coffee_Table/0021_black_table_04_02_2019_08_20_13_54,1.160,16,45,29
35,align leg screw with table thread,1970-01-01T00:00:02.800Z,1970-01-01T00:00:04.240Z,complete,case35:frames70-106,Lack_Coffee_Table/0021_black_table_04_02_2019_08_20_13_54,1.440,70,106,36
35,spin leg,1970-01-01T00:00:04.240Z,1970-01-01T00:00:15.880Z,complete,case35:frames106-397,Lack_Coffee_Table/0021_black_table_04_02_2019_08_20_13_54,11.640,106,397,291
35,pick up leg,1970-01-01T00:00:17.000Z,1970-01-01T00:00:18.160Z,complete,case35:frames425-454,Lack_Coffee_Table/0021_black_table_04_02_2019_08_20_13_54,1.160,425,454,29
35,align leg screw with table thread,1970-01-01T00:00:18.160Z,1970-01-01T00:00:19.920Z,complete,case35:frames454-498,Lack_Coffee_Table/0021_black_table_04_02_2019_08_20_13_54,1.760,454,498,44
35,spin leg,1970-01-01T00:00:19.920Z,1970-01-01T00:00:33.560Z,complete,case35:frames498-839,Lack_Coffee_Table/0021_black_table_04_02_2019_08_20_13_54,13.640,498,839,341
35,tighten leg,1970-01-01T00:00:33.560Z,1970-01-01T00:00:36.960Z,complete,case35:frames839-924,Lack_Coffee_Table/0021_black_table_04_02_2019_08_20_13_54,3.400,839,924,85
35,spin leg,1970-01-01T00:00:37.520Z,1970-01-01T00:00:40.920Z,complete,case35:frames938-1023,Lack_Coffee_Table/0021_black_table_04_02_2019_08_20_13_54,3.400,938,1023,85
35,pick up leg,1970-01-01T00:00:44.160Z,1970-01-01T00:00:45.960Z,complete,case35:frames1104-1149,Lack_Coffee_Table/0021_black_table_04_02_2019_08_20_13_54,1.800,1104,1149,45
35,align leg screw with table thread,1970-01-01T00:00:45.960Z,1970-01-01T00:00:47.280Z,complete,case35:frames1149-1182,Lack_Coffee_Table/0021_black_table_04_02_2019_08_20_13_54,1.320,1149,1182,33
35,spin leg,1970-01-01T00:00:47.280Z,1970-01-01T00:01:00.400Z,complete,case35:frames1182-1510,Lack_Coffee_Table/0021_black_table_04_02_2019_08_20_13_54,13.120,1182,1510,328
35,tighten leg,1970-01-01T00:01:00.400Z,1970-01-01T00:01:06.920Z,complete,case35:frames1510-1673,Lack_Coffee_Table/0021_black_table_04_02_2019_08_20_13_54,6.520,1510,1673,163
35,pick up leg,1970-01-01T00:01:07.720Z,1970-01-01T00:01:09.200Z,complete,case35:frames1693-1730,Lack_Coffee_Table/0021_black_table_04_02_2019_08_20_13_54,1.480,1693,1730,37
35,align leg screw with table thread,1970-01-01T00:01:09.200Z,1970-01-01T00:01:11.520Z,complete,case35:frames1730-1788,Lack_Coffee_Table/0021_black_table_04_02_2019_08_20_13_54,2.320,1730,1788,58
35,spin leg,1970-01-01T00:01:11.520Z,1970-01-01T00:01:36.360Z,complete,case35:frames1788-2409,Lack_Coffee_Table/0021_black_table_04_02_2019_08_20_13_54,24.840,1788,2409,621
35,tighten leg,1970-01-01T00:01:36.360Z,1970-01-01T00:01:40.120Z,complete,case35:frames2409-2503,Lack_Coffee_Table/0021_black_table_04_02_2019_08_20_13_54,3.760,2409,2503,94
35,flip table,1970-01-01T00:01:43.720Z,1970-01-01T00:01:49.960Z,complete,case35:frames2593-2749,Lack_Coffee_Table/0021_black_table_04_02_2019_08_20_13_54,6.240,2593,2749,156
35,pick up shelf,1970-01-01T00:01:50.920Z,1970-01-01T00:01:54.360Z,complete,case35:frames2773-2859,Lack_Coffee_Table/0021_black_table_04_02_2019_08_20_13_54,3.440,2773,2859,86
35,attach shelf to table,1970-01-01T00:01:54.360Z,1970-01-01T00:02:06.800Z,complete,case35:frames2859-3170,Lack_Coffee_Table/0021_black_table_04_02_2019_08_20_13_54,12.440,2859,3170,311
36,pick up leg,1970-01-01T00:00:00.000Z,1970-01-01T00:00:02.880Z,complete,case36:frames0-72,Lack_Coffee_Table/0023_black_floor_05_02_2019_08_19_16_14,2.880,0,72,72
36,align leg screw with table thread,1970-01-01T00:00:02.880Z,1970-01-01T00:00:04.560Z,complete,case36:frames72-114,Lack_Coffee_Table/0023_black_floor_05_02_2019_08_19_16_14,1.680,72,114,42
36,spin leg,1970-01-01T00:00:04.560Z,1970-01-01T00:00:23.240Z,complete,case36:frames114-581,Lack_Coffee_Table/0023_black_floor_05_02_2019_08_19_16_14,18.680,114,581,467
36,pick up leg,1970-01-01T00:00:24.320Z,1970-01-01T00:00:27.600Z,complete,case36:frames608-690,Lack_Coffee_Table/0023_black_floor_05_02_2019_08_19_16_14,3.280,608,690,82
36,align leg screw with table thread,1970-01-01T00:00:27.600Z,1970-01-01T00:00:29.080Z,complete,case36:frames690-727,Lack_Coffee_Table/0023_black_floor_05_02_2019_08_19_16_14,1.480,690,727,37
36,spin leg,1970-01-01T00:00:29.480Z,1970-01-01T00:00:44.640Z,complete,case36:frames737-1116,Lack_Coffee_Table/0023_black_floor_05_02_2019_08_19_16_14,15.160,737,1116,379
36,pick up leg,1970-01-01T00:00:48.840Z,1970-01-01T00:00:50.120Z,complete,case36:frames1221-1253,Lack_Coffee_Table/0023_black_floor_05_02_2019_08_19_16_14,1.280,1221,1253,32
36,align leg screw with table thread,1970-01-01T00:00:50.120Z,1970-01-01T00:00:51.640Z,complete,case36:frames1253-1291,Lack_Coffee_Table/0023_black_floor_05_02_2019_08_19_16_14,1.520,1253,1291,38
36,spin leg,1970-01-01T00:00:51.640Z,1970-01-01T00:01:11.920Z,complete,case36:frames1291-1798,Lack_Coffee_Table/0023_black_floor_05_02_2019_08_19_16_14,20.280,1291,1798,507
36,tighten leg,1970-01-01T00:01:11.920Z,1970-01-01T00:01:13.080Z,complete,case36:frames1798-1827,Lack_Coffee_Table/0023_black_floor_05_02_2019_08_19_16_14,1.160,1798,1827,29
36,pick up leg,1970-01-01T00:01:16.600Z,1970-01-01T00:01:17.760Z,complete,case36:frames1915-1944,Lack_Coffee_Table/0023_black_floor_05_02_2019_08_19_16_14,1.160,1915,1944,29
36,align leg screw with table thread,1970-01-01T00:01:17.760Z,1970-01-01T00:01:21.880Z,complete,case36:frames1944-2047,Lack_Coffee_Table/0023_black_floor_05_02_2019_08_19_16_14,4.120,1944,2047,103
36,spin leg,1970-01-01T00:01:21.880Z,1970-01-01T00:01:43.200Z,complete,case36:frames2047-2580,Lack_Coffee_Table/0023_black_floor_05_02_2019_08_19_16_14,21.320,2047,2580,533
36,flip table,1970-01-01T00:01:48.360Z,1970-01-01T00:01:54.840Z,complete,case36:frames2709-2871,Lack_Coffee_Table/0023_black_floor_05_02_2019_08_19_16_14,6.480,2709,2871,162
36,pick up shelf,1970-01-01T00:02:00.000Z,1970-01-01T00:02:06.800Z,complete,case36:frames3000-3170,Lack_Coffee_Table/0023_black_floor_05_02_2019_08_19_16_14,6.800,3000,3170,170
36,attach shelf to table,1970-01-01T00:02:06.800Z,1970-01-01T00:02:29.880Z,complete,case36:frames3170-3747,Lack_Coffee_Table/0023_black_floor_05_02_2019_08_19_16_14,23.080,3170,3747,577
37,pick up leg,1970-01-01T00:00:01.920Z,1970-01-01T00:00:02.880Z,complete,case37:frames48-72,Lack_Coffee_Table/0036_oak_floor_08_04_2019_08_28_12_14,0.960,48,72,24
37,spin leg,1970-01-01T00:00:02.880Z,1970-01-01T00:00:15.960Z,complete,case37:frames72-399,Lack_Coffee_Table/0036_oak_floor_08_04_2019_08_28_12_14,13.080,72,399,327
37,pick up leg,1970-01-01T00:00:15.960Z,1970-01-01T00:00:17.760Z,complete,case37:frames399-444,Lack_Coffee_Table/0036_oak_floor_08_04_2019_08_28_12_14,1.800,399,444,45
37,spin leg,1970-01-01T00:00:17.760Z,1970-01-01T00:00:30.000Z,complete,case37:frames444-750,Lack_Coffee_Table/0036_oak_floor_08_04_2019_08_28_12_14,12.240,444,750,306
37,pick up leg,1970-01-01T00:00:30.000Z,1970-01-01T00:00:31.560Z,complete,case37:frames750-789,Lack_Coffee_Table/0036_oak_floor_08_04_2019_08_28_12_14,1.560,750,789,39
37,spin leg,1970-01-01T00:00:31.560Z,1970-01-01T00:00:44.520Z,complete,case37:frames789-1113,Lack_Coffee_Table/0036_oak_floor_08_04_2019_08_28_12_14,12.960,789,1113,324
37,tighten leg,1970-01-01T00:00:44.520Z,1970-01-01T00:00:49.120Z,complete,case37:frames1113-1228,Lack_Coffee_Table/0036_oak_floor_08_04_2019_08_28_12_14,4.600,1113,1228,115
37,pick up leg,1970-01-01T00:00:50.320Z,1970-01-01T00:00:53.080Z,complete,case37:frames1258-1327,Lack_Coffee_Table/0036_oak_floor_08_04_2019_08_28_12_14,2.760,1258,1327,69
37,spin leg,1970-01-01T00:00:53.080Z,1970-01-01T00:01:01.960Z,complete,case37:frames1327-1549,Lack_Coffee_Table/0036_oak_floor_08_04_2019_08_28_12_14,8.880,1327,1549,222
37,tighten leg,1970-01-01T00:01:09.760Z,1970-01-01T00:01:12.160Z,complete,case37:frames1744-1804,Lack_Coffee_Table/0036_oak_floor_08_04_2019_08_28_12_14,2.400,1744,1804,60
37,flip table,1970-01-01T00:01:12.160Z,1970-01-01T00:01:19.480Z,complete,case37:frames1804-1987,Lack_Coffee_Table/0036_oak_floor_08_04_2019_08_28_12_14,7.320,1804,1987,183
37,pick up shelf,1970-01-01T00:01:19.480Z,1970-01-01T00:01:22.360Z,complete,case37:frames1987-2059,Lack_Coffee_Table/0036_oak_floor_08_04_2019_08_28_12_14,2.880,1987,2059,72
37,attach shelf to table,1970-01-01T00:01:22.360Z,1970-01-01T00:01:33.880Z,complete,case37:frames2059-2347,Lack_Coffee_Table/0036_oak_floor_08_04_2019_08_28_12_14,11.520,2059,2347,288
39,pick up leg,1970-01-01T00:00:00.880Z,1970-01-01T00:00:03.040Z,complete,case39:frames22-76,Lack_Coffee_Table/0040_oak_floor_08_04_2019_08_28_11_58,2.160,22,76,54
39,flip table top,1970-01-01T00:00:10.400Z,1970-01-01T00:00:21.640Z,complete,case39:frames260-541,Lack_Coffee_Table/0040_oak_floor_08_04_2019_08_28_11_58,11.240,260,541,281
39,pick up leg,1970-01-01T00:00:23.800Z,1970-01-01T00:00:25.520Z,complete,case39:frames595-638,Lack_Coffee_Table/0040_oak_floor_08_04_2019_08_28_11_58,1.720,595,638,43
39,spin leg,1970-01-01T00:00:28.120Z,1970-01-01T00:00:42.000Z,complete,case39:frames703-1050,Lack_Coffee_Table/0040_oak_floor_08_04_2019_08_28_11_58,13.880,703,1050,347
39,pick up leg,1970-01-01T00:00:43.920Z,1970-01-01T00:00:46.320Z,complete,case39:frames1098-1158,Lack_Coffee_Table/0040_oak_floor_08_04_2019_08_28_11_58,2.400,1098,1158,60
39,spin leg,1970-01-01T00:00:47.600Z,1970-01-01T00:01:00.360Z,complete,case39:frames1190-1509,Lack_Coffee_Table/0040_oak_floor_08_04_2019_08_28_11_58,12.760,1190,1509,319
39,tighten leg,1970-01-01T00:01:00.360Z,1970-01-01T00:01:04.920Z,complete,case39:frames1509-1623,Lack_Coffee_Table/0040_oak_floor_08_04_2019_08_28_11_58,4.560,1509,1623,114
39,pick up leg,1970-01-01T00:01:04.920Z,1970-01-01T00:01:06.000Z,complete,case39:frames1623-1650,Lack_Coffee_Table/0040_oak_floor_08_04_2019_08_28_11_58,1.080,1623,1650,27
39,spin leg,1970-01-01T00:01:09.040Z,1970-01-01T00:01:27.880Z,complete,case39:frames1726-2197,Lack_Coffee_Table/0040_oak_floor_08_04_2019_08_28_11_58,18.840,1726,2197,471
39,pick up leg,1970-01-01T00:01:27.880Z,1970-01-01T00:01:30.680Z,complete,case39:frames2197-2267,Lack_Coffee_Table/0040_oak_floor_08_04_2019_08_28_11_58,2.800,2197,2267,70
39,spin leg,1970-01-01T00:01:33.040Z,1970-01-01T00:01:54.920Z,complete,case39:frames2326-2873,Lack_Coffee_Table/0040_oak_floor_08_04_2019_08_28_11_58,21.880,2326,2873,547
39,tighten leg,1970-01-01T00:01:54.920Z,1970-01-01T00:01:58.800Z,complete,case39:frames2873-2970,Lack_Coffee_Table/0040_oak_floor_08_04_2019_08_28_11_58,3.880,2873,2970,97
39,flip table,1970-01-01T00:02:02.040Z,1970-01-01T00:02:09.840Z,complete,case39:frames3051-3246,Lack_Coffee_Table/0040_oak_floor_08_04_2019_08_28_11_58,7.800,3051,3246,195
39,pick up shelf,1970-01-01T00:02:11.800Z,1970-01-01T00:02:22.600Z,complete,case39:frames3295-3565,Lack_Coffee_Table/0040_oak_floor_08_04_2019_08_28_11_58,10.800,3295,3565,270
39,attach shelf to table,1970-01-01T00:02:22.600Z,1970-01-01T00:02:45.120Z,complete,case39:frames3565-4128,Lack_Coffee_Table/0040_oak_floor_08_04_2019_08_28_11_58,22.520,3565,4128,563
4,flip table top,1970-01-01T00:00:04.920Z,1970-01-01T00:00:07.120Z,complete,case4:frames123-178,Lack_TV_Bench/0006_white_floor_08_04_2019_08_28_12_08,2.200,123,178,55
4,pick up leg,1970-01-01T00:00:07.120Z,1970-01-01T00:00:09.720Z,complete,case4:frames178-243,Lack_TV_Bench/0006_white_floor_08_04_2019_08_28_12_08,2.600,178,243,65
4,align leg screw with table thread,1970-01-01T00:00:09.720Z,1970-01-01T00:00:12.080Z,complete,case4:frames243-302,Lack_TV_Bench/0006_white_floor_08_04_2019_08_28_12_08,2.360,243,302,59
4,spin leg,1970-01-01T00:00:12.080Z,1970-01-01T00:00:23.600Z,complete,case4:frames302-590,Lack_TV_Bench/0006_white_floor_08_04_2019_08_28_12_08,11.520,302,590,288
4,pick up leg,1970-01-01T00:00:23.600Z,1970-01-01T00:00:25.320Z,complete,case4:frames590-633,Lack_TV_Bench/0006_white_floor_08_04_2019_08_28_12_08,1.720,590,633,43
4,align leg screw with table thread,1970-01-01T00:00:25.320Z,1970-01-01T00:00:26.920Z,complete,case4:frames633-673,Lack_TV_Bench/0006_white_floor_08_04_2019_08_28_12_08,1.600,633,673,40
4,spin leg,1970-01-01T00:00:26.920Z,1970-01-01T00:00:38.560Z,complete,case4:frames673-964,Lack_TV_Bench/0006_white_floor_08_04_2019_08_28_12_08,11.640,673,964,291
4,pick up leg,1970-01-01T00:00:38.560Z,1970-01-01T00:00:42.760Z,complete,case4:frames964-1069,Lack_TV_Bench/0006_white_floor_08_04_2019_08_28_12_08,4.200,964,1069,105
4,align leg screw with table thread,1970-01-01T00:00:42.760Z,1970-01-01T00:00:43.560Z,complete,case4:frames1069-1089,Lack_TV_Bench/0006_white_floor_08_04_2019_08_28_12_08,0.800,1069,1089,20
4,spin leg,1970-01-01T00:00:43.560Z,1970-01-01T00:00:57.200Z,complete,case4:frames1089-1430,Lack_TV_Bench/0006_white_floor_08_04_2019_08_28_12_08,13.640,1089,1430,341
4,pick up leg,1970-01-01T00:00:57.200Z,1970-01-01T00:01:00.600Z,complete,case4:frames1430-1515,Lack_TV_Bench/0006_white_floor_08_04_2019_08_28_12_08,3.400,1430,1515,85
4,align leg screw with table thread,1970-01-01T00:01:00.600Z,1970-01-01T00:01:01.920Z,complete,case4:frames1515-1548,Lack_TV_Bench/0006_white_floor_08_04_2019_08_28_12_08,1.320,1515,1548,33
4,spin leg,1970-01-01T00:01:01.920Z,1970-01-01T00:01:17.640Z,complete,case4:frames1548-1941,Lack_TV_Bench/0006_white_floor_08_04_2019_08_28_12_08,15.720,1548,1941,393
4,flip table,1970-01-01T00:01:17.640Z,1970-01-01T00:01:22.760Z,complete,case4:frames1941-2069,Lack_TV_Bench/0006_white_floor_08_04_2019_08_28_12_08,5.120,1941,2069,128
4,pick up shelf,1970-01-01T00:01:22.760Z,1970-01-01T00:01:28.800Z,complete,case4:frames2069-2220,Lack_TV_Bench/0006_white_floor_08_04_2019_08_28_12_08,6.040,2069,2220,151
40,flip table top,1970-01-01T00:00:04.120Z,1970-01-01T00:00:06.920Z,complete,case40:frames103-173,Lack_Coffee_Table/0007_white_floor_08_04_2019_08_28_10_49,2.800,103,173,70
40,pick up leg,1970-01-01T00:00:08.920Z,1970-01-01T00:00:10.040Z,complete,case40:frames223-251,Lack_Coffee_Table/0007_white_floor_08_04_2019_08_28_10_49,1.120,223,251,28
40,align leg screw with table thread,1970-01-01T00:00:11.200Z,1970-01-01T00:00:12.040Z,complete,case40:frames280-301,Lack_Coffee_Table/0007_white_floor_08_04_2019_08_28_10_49,0.840,280,301,21
40,spin leg,1970-01-01T00:00:12.040Z,1970-01-01T00:00:25.200Z,complete,case40:frames301-630,Lack_Coffee_Table/0007_white_floor_08_04_2019_08_28_10_49,13.160,301,630,329
40,pick up leg,1970-01-01T00:00:25.200Z,1970-01-01T00:00:26.640Z,complete,case40:frames630-666,Lack_Coffee_Table/0007_white_floor_08_04_2019_08_28_10_49,1.440,630,666,36
40,align leg screw with table thread,1970-01-01T00:00:26.640Z,1970-01-01T00:00:28.480Z,complete,case40:frames666-712,Lack_Coffee_Table/0007_white_floor_08_04_2019_08_28_10_49,1.840,666,712,46
40,spin leg,1970-01-01T00:00:28.480Z,1970-01-01T00:00:40.640Z,complete,case40:frames712-1016,Lack_Coffee_Table/0007_white_floor_08_04_2019_08_28_10_49,12.160,712,1016,304
40,pick up leg,1970-01-01T00:00:40.640Z,1970-01-01T00:00:42.480Z,complete,case40:frames1016-1062,Lack_Coffee_Table/0007_white_floor_08_04_2019_08_28_10_49,1.840,1016,1062,46
40,align leg screw with table thread,1970-01-01T00:00:43.200Z,1970-01-01T00:00:44.760Z,complete,case40:frames1080-1119,Lack_Coffee_Table/0007_white_floor_08_04_2019_08_28_10_49,1.560,1080,1119,39
40,spin leg,1970-01-01T00:00:44.760Z,1970-01-01T00:00:59.320Z,complete,case40:frames1119-1483,Lack_Coffee_Table/0007_white_floor_08_04_2019_08_28_10_49,14.560,1119,1483,364
40,pick up leg,1970-01-01T00:00:59.320Z,1970-01-01T00:01:00.760Z,complete,case40:frames1483-1519,Lack_Coffee_Table/0007_white_floor_08_04_2019_08_28_10_49,1.440,1483,1519,36
40,align leg screw with table thread,1970-01-01T00:01:00.760Z,1970-01-01T00:01:03.880Z,complete,case40:frames1519-1597,Lack_Coffee_Table/0007_white_floor_08_04_2019_08_28_10_49,3.120,1519,1597,78
40,spin leg,1970-01-01T00:01:03.880Z,1970-01-01T00:01:15.920Z,complete,case40:frames1597-1898,Lack_Coffee_Table/0007_white_floor_08_04_2019_08_28_10_49,12.040,1597,1898,301
40,flip table,1970-01-01T00:01:15.920Z,1970-01-01T00:01:21.840Z,complete,case40:frames1898-2046,Lack_Coffee_Table/0007_white_floor_08_04_2019_08_28_10_49,5.920,1898,2046,148
40,pick up shelf,1970-01-01T00:01:24.120Z,1970-01-01T00:01:26.960Z,complete,case40:frames2103-2174,Lack_Coffee_Table/0007_white_floor_08_04_2019_08_28_10_49,2.840,2103,2174,71
40,attach shelf to table,1970-01-01T00:01:26.960Z,1970-01-01T00:01:49.040Z,complete,case40:frames2174-2726,Lack_Coffee_Table/0007_white_floor_08_04_2019_08_28_10_49,22.080,2174,2726,552
41,flip table top,1970-01-01T00:00:01.080Z,1970-01-01T00:00:07.520Z,complete,case41:frames27-188,Lack_Coffee_Table/0028_black_table_04_02_2019_08_20_11_01,6.440,27,188,161
41,pick up leg,1970-01-01T00:00:07.520Z,1970-01-01T00:00:08.240Z,complete,case41:frames188-206,Lack_Coffee_Table/0028_black_table_04_02_2019_08_20_11_01,0.720,188,206,18
41,align leg screw with table thread,1970-01-01T00:00:08.800Z,1970-01-01T00:00:10.400Z,complete,case41:frames220-260,Lack_Coffee_Table/0028_black_table_04_02_2019_08_20_11_01,1.600,220,260,40
41,spin leg,1970-01-01T00:00:10.400Z,1970-01-01T00:00:27.800Z,complete,case41:frames260-695,Lack_Coffee_Table/0028_black_table_04_02_2019_08_20_11_01,17.400,260,695,435
41,pick up leg,1970-01-01T00:00:28.880Z,1970-01-01T00:00:30.160Z,complete,case41:frames722-754,Lack_Coffee_Table/0028_black_table_04_02_2019_08_20_11_01,1.280,722,754,32
41,align leg screw with table thread,1970-01-01T00:00:30.160Z,1970-01-01T00:00:33.200Z,complete,case41:frames754-830,Lack_Coffee_Table/0028_black_table_04_02_2019_08_20_11_01,3.040,754,830,76
41,spin leg,1970-01-01T00:00:33.200Z,1970-01-01T00:00:51.120Z,complete,case41:frames830-1278,Lack_Coffee_Table/0028_black_table_04_02_2019_08_20_11_01,17.920,830,1278,448
41,pick up leg,1970-01-01T00:00:52.760Z,1970-01-01T00:00:54.000Z,complete,case41:frames1319-1350,Lack_Coffee_Table/0028_black_table_04_02_2019_08_20_11_01,1.240,1319,1350,31
41,align leg screw with table thread,1970-01-01T00:00:54.000Z,1970-01-01T00:00:55.440Z,complete,case41:frames1350-1386,Lack_Coffee_Table/0028_black_table_04_02_2019_08_20_11_01,1.440,1350,1386,36
41,spin leg,1970-01-01T00:00:55.440Z,1970-01-01T00:01:17.880Z,complete,case41:frames1386-1947,Lack_Coffee_Table/0028_black_table_04_02_2019_08_20_11_01,22.440,1386,1947,561
41,pick up leg,1970-01-01T00:01:17.880Z,1970-01-01T00:01:18.960Z,complete,case41:frames1947-1974,Lack_Coffee_Table/0028_black_table_04_02_2019_08_20_11_01,1.080,1947,1974,27
41,align leg screw with table thread,1970-01-01T00:01:18.960Z,1970-01-01T00:01:20.920Z,complete,case41:frames1974-2023,Lack_Coffee_Table/0028_black_table_04_02_2019_08_20_11_01,1.960,1974,2023,49
41,spin leg,1970-01-01T00:01:20.920Z,1970-01-01T00:01:39.560Z,complete,case41:frames2023-2489,Lack_Coffee_Table/0028_black_table_04_02_2019_08_20_11_01,18.640,2023,2489,466
41,pick up shelf,1970-01-01T00:01:40.640Z,1970-01-01T00:01:43.160Z,complete,case41:frames2516-2579,Lack_Coffee_Table/0028_black_table_04_02_2019_08_20_11_01,2.520,2516,2579,63
41,lay down shelf,1970-01-01T00:01:50.520Z,1970-01-01T00:01:53.560Z,complete,case41:frames2763-2839,Lack_Coffee_Table/0028_black_table_04_02_2019_08_20_11_01,3.040,2763,2839,76
41,flip table,1970-01-01T00:01:54.280Z,1970-01-01T00:02:03.440Z,complete,case41:frames2857-3086,Lack_Coffee_Table/0028_black_table_04_02_2019_08_20_11_01,9.160,2857,3086,229
41,attach shelf to table,1970-01-01T00:02:03.440Z,1970-01-01T00:02:18.160Z,complete,case41:frames3086-3454,Lack_Coffee_Table/0028_black_table_04_02_2019_08_20_11_01,14.720,3086,3454,368
42,flip table top,1970-01-01T00:00:00.000Z,1970-01-01T00:00:11.000Z,complete,case42:frames0-275,Lack_Coffee_Table/0023_black_table_04_02_2019_08_20_14_06,11.000,0,275,275
42,pick up leg,1970-01-01T00:00:11.000Z,1970-01-01T00:00:12.560Z,complete,case42:frames275-314,Lack_Coffee_Table/0023_black_table_04_02_2019_08_20_14_06,1.560,275,314,39
42,align leg screw with table thread,1970-01-01T00:00:12.560Z,1970-01-01T00:00:14.360Z,complete,case42:frames314-359,Lack_Coffee_Table/0023_black_table_04_02_2019_08_20_14_06,1.800,314,359,45
42,spin leg,1970-01-01T00:00:14.360Z,1970-01-01T00:00:32.760Z,complete,case42:frames359-819,Lack_Coffee_Table/0023_black_table_04_02_2019_08_20_14_06,18.400,359,819,460
42,pick up leg,1970-01-01T00:00:33.880Z,1970-01-01T00:00:35.920Z,complete,case42:frames847-898,Lack_Coffee_Table/0023_black_table_04_02_2019_08_20_14_06,2.040,847,898,51
42,align leg screw with table thread,1970-01-01T00:00:35.920Z,1970-01-01T00:00:38.600Z,complete,case42:frames898-965,Lack_Coffee_Table/0023_black_table_04_02_2019_08_20_14_06,2.680,898,965,67
42,spin leg,1970-01-01T00:00:38.600Z,1970-01-01T00:00:55.880Z,complete,case42:frames965-1397,Lack_Coffee_Table/0023_black_table_04_02_2019_08_20_14_06,17.280,965,1397,432
42,tighten leg,1970-01-01T00:00:55.880Z,1970-01-01T00:01:04.640Z,complete,case42:frames1397-1616,Lack_Coffee_Table/0023_black_table_04_02_2019_08_20_14_06,8.760,1397,1616,219
42,pick up leg,1970-01-01T00:01:07.800Z,1970-01-01T00:01:09.600Z,complete,case42:frames1695-1740,Lack_Coffee_Table/0023_black_table_04_02_2019_08_20_14_06,1.800,1695,1740,45
42,align leg screw with table thread,1970-01-01T00:01:09.600Z,1970-01-01T00:01:12.960Z,complete,case42:frames1740-1824,Lack_Coffee_Table/0023_black_table_04_02_2019_08_20_14_06,3.360,1740,1824,84
42,spin leg,1970-01-01T00:01:12.960Z,1970-01-01T00:01:27.520Z,complete,case42:frames1824-2188,Lack_Coffee_Table/0023_black_table_04_02_2019_08_20_14_06,14.560,1824,2188,364
42,tighten leg,1970-01-01T00:01:27.520Z,1970-01-01T00:01:33.840Z,complete,case42:frames2188-2346,Lack_Coffee_Table/0023_black_table_04_02_2019_08_20_14_06,6.320,2188,2346,158
42,pick up leg,1970-01-01T00:01:37.400Z,1970-01-01T00:01:39.200Z,complete,case42:frames2435-2480,Lack_Coffee_Table/0023_black_table_04_02_2019_08_20_14_06,1.800,2435,2480,45
42,align leg screw with table thread,1970-01-01T00:01:39.200Z,1970-01-01T00:01:41.920Z,complete,case42:frames2480-2548,Lack_Coffee_Table/0023_black_table_04_02_2019_08_20_14_06,2.720,2480,2548,68
42,rotate table,1970-01-01T00:01:41.920Z,1970-01-01T00:01:44.840Z,complete,case42:frames2548-2621,Lack_Coffee_Table/0023_black_table_04_02_2019_08_20_14_06,2.920,2548,2621,73
42,align leg screw with table thread,1970-01-01T00:01:44.840Z,1970-01-01T00:01:46.600Z,complete,case42:frames2621-2665,Lack_Coffee_Table/0023_black_table_04_02_2019_08_20_14_06,1.760,2621,2665,44
42,spin leg,1970-01-01T00:01:46.600Z,1970-01-01T00:02:05.040Z,complete,case42:frames2665-3126,Lack_Coffee_Table/0023_black_table_04_02_2019_08_20_14_06,18.440,2665,3126,461
42,flip table,1970-01-01T00:02:07.720Z,1970-01-01T00:02:19.840Z,complete,case42:frames3193-3496,Lack_Coffee_Table/0023_black_table_04_02_2019_08_20_14_06,12.120,3193,3496,303
42,pick up shelf,1970-01-01T00:02:20.960Z,1970-01-01T00:02:24.120Z,complete,case42:frames3524-3603,Lack_Coffee_Table/0023_black_table_04_02_2019_08_20_14_06,3.160,3524,3603,79
42,attach shelf to table,1970-01-01T00:02:24.120Z,1970-01-01T00:02:53.280Z,complete,case42:frames3603-4332,Lack_Coffee_Table/0023_black_table_04_02_2019_08_20_14_06,29.160,3603,4332,729
43,pick up leg,1970-01-01T00:00:01.120Z,1970-01-01T00:00:02.040Z,complete,case43:frames28-51,Lack_Coffee_Table/0031_oak_table_04_02_2019_08_20_14_23,0.920,28,51,23
43,align leg screw with table thread,1970-01-01T00:00:02.040Z,1970-01-01T00:00:03.840Z,complete,case43:frames51-96,Lack_Coffee_Table/0031_oak_table_04_02_2019_08_20_14_23,1.800,51,96,45
43,spin leg,1970-01-01T00:00:04.040Z,1970-01-01T00:00:17.000Z,complete,case43:frames101-425,Lack_Coffee_Table/0031_oak_table_04_02_2019_08_20_14_23,12.960,101,425,324
43,pick up leg,1970-01-01T00:00:17.880Z,1970-01-01T00:00:19.080Z,complete,case43:frames447-477,Lack_Coffee_Table/0031_oak_table_04_02_2019_08_20_14_23,1.200,447,477,30
43,align leg screw with table thread,1970-01-01T00:00:19.080Z,1970-01-01T00:00:22.760Z,complete,case43:frames477-569,Lack_Coffee_Table/0031_oak_table_04_02_2019_08_20_14_23,3.680,477,569,92
43,spin leg,1970-01-01T00:00:23.120Z,1970-01-01T00:00:37.120Z,complete,case43:frames578-928,Lack_Coffee_Table/0031_oak_table_04_02_2019_08_20_14_23,14.000,578,928,350
43,tighten leg,1970-01-01T00:00:37.280Z,1970-01-01T00:00:38.880Z,complete,case43:frames932-972,Lack_Coffee_Table/0031_oak_table_04_02_2019_08_20_14_23,1.600,932,972,40
43,pick up leg,1970-01-01T00:00:40.520Z,1970-01-01T00:00:41.920Z,complete,case43:frames1013-1048,Lack_Coffee_Table/0031_oak_table_04_02_2019_08_20_14_23,1.400,1013,1048,35
43,align leg screw with table thread,1970-01-01T00:00:41.920Z,1970-01-01T00:00:44.560Z,complete,case43:frames1048-1114,Lack_Coffee_Table/0031_oak_table_04_02_2019_08_20_14_23,2.640,1048,1114,66
43,spin leg,1970-01-01T00:00:44.560Z,1970-01-01T00:01:00.800Z,complete,case43:frames1114-1520,Lack_Coffee_Table/0031_oak_table_04_02_2019_08_20_14_23,16.240,1114,1520,406
43,tighten leg,1970-01-01T00:01:01.640Z,1970-01-01T00:01:01.960Z,complete,case43:frames1541-1549,Lack_Coffee_Table/0031_oak_table_04_02_2019_08_20_14_23,0.320,1541,1549,8
43,rotate table,1970-01-01T00:01:01.960Z,1970-01-01T00:01:02.200Z,complete,case43:frames1549-1555,Lack_Coffee_Table/0031_oak_table_04_02_2019_08_20_14_23,0.240,1549,1555,6
43,tighten leg,1970-01-01T00:01:02.200Z,1970-01-01T00:01:04.000Z,complete,case43:frames1555-1600,Lack_Coffee_Table/0031_oak_table_04_02_2019_08_20_14_23,1.800,1555,1600,45
43,rotate table,1970-01-01T00:01:04.000Z,1970-01-01T00:01:04.520Z,complete,case43:frames1600-1613,Lack_Coffee_Table/0031_oak_table_04_02_2019_08_20_14_23,0.520,1600,1613,13
43,tighten leg,1970-01-01T00:01:04.520Z,1970-01-01T00:01:04.640Z,complete,case43:frames1613-1616,Lack_Coffee_Table/0031_oak_table_04_02_2019_08_20_14_23,0.120,1613,1616,3
43,pick up leg,1970-01-01T00:01:05.640Z,1970-01-01T00:01:06.840Z,complete,case43:frames1641-1671,Lack_Coffee_Table/0031_oak_table_04_02_2019_08_20_14_23,1.200,1641,1671,30
43,align leg screw with table thread,1970-01-01T00:01:06.840Z,1970-01-01T00:01:07.400Z,complete,case43:frames1671-1685,Lack_Coffee_Table/0031_oak_table_04_02_2019_08_20_14_23,0.560,1671,1685,14
43,rotate table,1970-01-01T00:01:07.400Z,1970-01-01T00:01:07.920Z,complete,case43:frames1685-1698,Lack_Coffee_Table/0031_oak_table_04_02_2019_08_20_14_23,0.520,1685,1698,13
43,align leg screw with table thread,1970-01-01T00:01:07.920Z,1970-01-01T00:01:08.480Z,complete,case43:frames1698-1712,Lack_Coffee_Table/0031_oak_table_04_02_2019_08_20_14_23,0.560,1698,1712,14
43,spin leg,1970-01-01T00:01:08.480Z,1970-01-01T00:01:23.680Z,complete,case43:frames1712-2092,Lack_Coffee_Table/0031_oak_table_04_02_2019_08_20_14_23,15.200,1712,2092,380
43,rotate table,1970-01-01T00:01:26.080Z,1970-01-01T00:01:26.960Z,complete,case43:frames2152-2174,Lack_Coffee_Table/0031_oak_table_04_02_2019_08_20_14_23,0.880,2152,2174,22
43,tighten leg,1970-01-01T00:01:26.960Z,1970-01-01T00:01:28.560Z,complete,case43:frames2174-2214,Lack_Coffee_Table/0031_oak_table_04_02_2019_08_20_14_23,1.600,2174,2214,40
43,rotate table,1970-01-01T00:01:29.680Z,1970-01-01T00:01:30.000Z,complete,case43:frames2242-2250,Lack_Coffee_Table/0031_oak_table_04_02_2019_08_20_14_23,0.320,2242,2250,8
43,flip table,1970-01-01T00:01:30.440Z,1970-01-01T00:01:36.960Z,complete,case43:frames2261-2424,Lack_Coffee_Table/0031_oak_table_04_02_2019_08_20_14_23,6.520,2261,2424,163
43,pick up shelf,1970-01-01T00:01:38.240Z,1970-01-01T00:01:39.840Z,complete,case43:frames2456-2496,Lack_Coffee_Table/0031_oak_table_04_02_2019_08_20_14_23,1.600,2456,2496,40
43,attach shelf to table,1970-01-01T00:01:39.840Z,1970-01-01T00:01:50.640Z,complete,case43:frames2496-2766,Lack_Coffee_Table/0031_oak_table_04_02_2019_08_20_14_23,10.800,2496,2766,270
44,spin leg,1970-01-01T00:00:09.080Z,1970-01-01T00:00:24.360Z,complete,case44:frames227-609,Lack_Coffee_Table/0020_white_floor_05_02_2019_08_19_12_55,15.280,227,609,382
44,tighten leg,1970-01-01T00:00:24.360Z,1970-01-01T00:00:28.080Z,complete,case44:frames609-702,Lack_Coffee_Table/0020_white_floor_05_02_2019_08_19_12_55,3.720,609,702,93
44,pick up leg,1970-01-01T00:00:28.080Z,1970-01-01T00:00:31.000Z,complete,case44:frames702-775,Lack_Coffee_Table/0020_white_floor_05_02_2019_08_19_12_55,2.920,702,775,73
44,align leg screw with table thread,1970-01-01T00:00:31.000Z,1970-01-01T00:00:33.600Z,complete,case44:frames775-840,Lack_Coffee_Table/0020_white_floor_05_02_2019_08_19_12_55,2.600,775,840,65
44,spin leg,1970-01-01T00:00:33.600Z,1970-01-01T00:00:51.120Z,complete,case44:frames840-1278,Lack_Coffee_Table/0020_white_floor_05_02_2019_08_19_12_55,17.520,840,1278,438
44,tighten leg,1970-01-01T00:00:51.120Z,1970-01-01T00:00:53.080Z,complete,case44:frames1278-1327,Lack_Coffee_Table/0020_white_floor_05_02_2019_08_19_12_55,1.960,1278,1327,49
44,other,1970-01-01T00:00:53.080Z,1970-01-01T00:00:57.280Z,complete,case44:frames1327-1432,Lack_Coffee_Table/0020_white_floor_05_02_2019_08_19_12_55,4.200,1327,1432,105
44,pick up leg,1970-01-01T00:00:58.520Z,1970-01-01T00:00:59.880Z,complete,case44:frames1463-1497,Lack_Coffee_Table/0020_white_floor_05_02_2019_08_19_12_55,1.360,1463,1497,34
44,align leg screw with table thread,1970-01-01T00:00:59.880Z,1970-01-01T00:01:01.360Z,complete,case44:frames1497-1534,Lack_Coffee_Table/0020_white_floor_05_02_2019_08_19_12_55,1.480,1497,1534,37
44,spin leg,1970-01-01T00:01:01.360Z,1970-01-01T00:01:14.320Z,complete,case44:frames1534-1858,Lack_Coffee_Table/0020_white_floor_05_02_2019_08_19_12_55,12.960,1534,1858,324
44,pick up leg,1970-01-01T00:01:14.320Z,1970-01-01T00:01:16.120Z,complete,case44:frames1858-1903,Lack_Coffee_Table/0020_white_floor_05_02_2019_08_19_12_55,1.800,1858,1903,45
44,align leg screw with table thread,1970-01-01T00:01:16.120Z,1970-01-01T00:01:17.240Z,complete,case44:frames1903-1931,Lack_Coffee_Table/0020_white_floor_05_02_2019_08_19_12_55,1.120,1903,1931,28
44,spin leg,1970-01-01T00:01:17.240Z,1970-01-01T00:01:30.400Z,complete,case44:frames1931-2260,Lack_Coffee_Table/0020_white_floor_05_02_2019_08_19_12_55,13.160,1931,2260,329
44,flip table,1970-01-01T00:01:33.000Z,1970-01-01T00:01:39.000Z,complete,case44:frames2325-2475,Lack_Coffee_Table/0020_white_floor_05_02_2019_08_19_12_55,6.000,2325,2475,150
44,pick up shelf,1970-01-01T00:01:40.440Z,1970-01-01T00:01:42.880Z,complete,case44:frames2511-2572,Lack_Coffee_Table/0020_white_floor_05_02_2019_08_19_12_55,2.440,2511,2572,61
44,attach shelf to table,1970-01-01T00:01:42.880Z,1970-01-01T00:02:04.000Z,complete,case44:frames2572-3100,Lack_Coffee_Table/0020_white_floor_05_02_2019_08_19_12_55,21.120,2572,3100,528
45,flip table top,1970-01-01T00:00:02.120Z,1970-01-01T00:00:08.280Z,complete,case45:frames53-207,Lack_Coffee_Table/0024_oak_floor_05_02_2019_08_19_17_03,6.160,53,207,154
45,pick up leg,1970-01-01T00:00:08.600Z,1970-01-01T00:00:10.080Z,complete,case45:frames215-252,Lack_Coffee_Table/0024_oak_floor_05_02_2019_08_19_17_03,1.480,215,252,37
45,align leg screw with table thread,1970-01-01T00:00:10.080Z,1970-01-01T00:00:11.520Z,complete,case45:frames252-288,Lack_Coffee_Table/0024_oak_floor_05_02_2019_08_19_17_03,1.440,252,288,36
45,spin leg,1970-01-01T00:00:11.520Z,1970-01-01T00:00:26.320Z,complete,case45:frames288-658,Lack_Coffee_Table/0024_oak_floor_05_02_2019_08_19_17_03,14.800,288,658,370
45,pick up leg,1970-01-01T00:00:26.320Z,1970-01-01T00:00:28.920Z,complete,case45:frames658-723,Lack_Coffee_Table/0024_oak_floor_05_02_2019_08_19_17_03,2.600,658,723,65
45,align leg screw with table thread,1970-01-01T00:00:28.920Z,1970-01-01T00:00:31.360Z,complete,case45:frames723-784,Lack_Coffee_Table/0024_oak_floor_05_02_2019_08_19_17_03,2.440,723,784,61
45,spin leg,1970-01-01T00:00:31.360Z,1970-01-01T00:00:47.400Z,complete,case45:frames784-1185,Lack_Coffee_Table/0024_oak_floor_05_02_2019_08_19_17_03,16.040,784,1185,401
45,pick up leg,1970-01-01T00:00:47.400Z,1970-01-01T00:00:49.360Z,complete,case45:frames1185-1234,Lack_Coffee_Table/0024_oak_floor_05_02_2019_08_19_17_03,1.960,1185,1234,49
45,align leg screw with table thread,1970-01-01T00:00:49.360Z,1970-01-01T00:00:51.000Z,complete,case45:frames1234-1275,Lack_Coffee_Table/0024_oak_floor_05_02_2019_08_19_17_03,1.640,1234,1275,41
45,spin leg,1970-01-01T00:00:51.000Z,1970-01-01T00:01:07.560Z,complete,case45:frames1275-1689,Lack_Coffee_Table/0024_oak_floor_05_02_2019_08_19_17_03,16.560,1275,1689,414
45,pick up leg,1970-01-01T00:01:07.560Z,1970-01-01T00:01:10.000Z,complete,case45:frames1689-1750,Lack_Coffee_Table/0024_oak_floor_05_02_2019_08_19_17_03,2.440,1689,1750,61
45,align leg screw with table thread,1970-01-01T00:01:10.000Z,1970-01-01T00:01:12.120Z,complete,case45:frames1750-1803,Lack_Coffee_Table/0024_oak_floor_05_02_2019_08_19_17_03,2.120,1750,1803,53
45,spin leg,1970-01-01T00:01:12.120Z,1970-01-01T00:01:23.480Z,complete,case45:frames1803-2087,Lack_Coffee_Table/0024_oak_floor_05_02_2019_08_19_17_03,11.360,1803,2087,284
45,flip table,1970-01-01T00:01:23.960Z,1970-01-01T00:01:29.320Z,complete,case45:frames2099-2233,Lack_Coffee_Table/0024_oak_floor_05_02_2019_08_19_17_03,5.360,2099,2233,134
45,pick up shelf,1970-01-01T00:01:29.480Z,1970-01-01T00:01:33.880Z,complete,case45:frames2237-2347,Lack_Coffee_Table/0024_oak_floor_05_02_2019_08_19_17_03,4.400,2237,2347,110
45,attach shelf to table,1970-01-01T00:01:33.880Z,1970-01-01T00:02:05.680Z,complete,case45:frames2347-3142,Lack_Coffee_Table/0024_oak_floor_05_02_2019_08_19_17_03,31.800,2347,3142,795
46,pick up leg,1970-01-01T00:00:01.840Z,1970-01-01T00:00:04.120Z,complete,case46:frames46-103,Lack_Coffee_Table/0014_oak_floor_05_02_2019_08_19_12_40,2.280,46,103,57
46,spin leg,1970-01-01T00:00:04.920Z,1970-01-01T00:00:16.560Z,complete,case46:frames123-414,Lack_Coffee_Table/0014_oak_floor_05_02_2019_08_19_12_40,11.640,123,414,291
46,pick up leg,1970-01-01T00:00:16.960Z,1970-01-01T00:00:18.720Z,complete,case46:frames424-468,Lack_Coffee_Table/0014_oak_floor_05_02_2019_08_19_12_40,1.760,424,468,44
46,spin leg,1970-01-01T00:00:20.440Z,1970-01-01T00:00:33.160Z,complete,case46:frames511-829,Lack_Coffee_Table/0014_oak_floor_05_02_2019_08_19_12_40,12.720,511,829,318
46,pick up leg,1970-01-01T00:00:33.280Z,1970-01-01T00:00:34.600Z,complete,case46:frames832-865,Lack_Coffee_Table/0014_oak_floor_05_02_2019_08_19_12_40,1.320,832,865,33
46,spin leg,1970-01-01T00:00:37.120Z,1970-01-01T00:00:53.600Z,complete,case46:frames928-1340,Lack_Coffee_Table/0014_oak_floor_05_02_2019_08_19_12_40,16.480,928,1340,412
46,rotate table,1970-01-01T00:00:54.640Z,1970-01-01T00:00:57.280Z,complete,case46:frames1366-1432,Lack_Coffee_Table/0014_oak_floor_05_02_2019_08_19_12_40,2.640,1366,1432,66
46,pick up leg,1970-01-01T00:00:57.280Z,1970-01-01T00:00:58.240Z,complete,case46:frames1432-1456,Lack_Coffee_Table/0014_oak_floor_05_02_2019_08_19_12_40,0.960,1432,1456,24
46,rotate table,1970-01-01T00:00:58.240Z,1970-01-01T00:00:58.360Z,complete,case46:frames1456-1459,Lack_Coffee_Table/0014_oak_floor_05_02_2019_08_19_12_40,0.120,1456,1459,3
46,spin leg,1970-01-01T00:00:59.280Z,1970-01-01T00:01:15.320Z,complete,case46:frames1482-1883,Lack_Coffee_Table/0014_oak_floor_05_02_2019_08_19_12_40,16.040,1482,1883,401
46,flip table,1970-01-01T00:01:15.320Z,1970-01-01T00:01:22.520Z,complete,case46:frames1883-2063,Lack_Coffee_Table/0014_oak_floor_05_02_2019_08_19_12_40,7.200,1883,2063,180
46,pick up shelf,1970-01-01T00:01:25.680Z,1970-01-01T00:01:26.880Z,complete,case46:frames2142-2172,Lack_Coffee_Table/0014_oak_floor_05_02_2019_08_19_12_40,1.200,2142,2172,30
46,attach shelf to table,1970-01-01T00:01:28.480Z,1970-01-01T00:01:44.000Z,complete,case46:frames2212-2600,Lack_Coffee_Table/0014_oak_floor_05_02_2019_08_19_12_40,15.520,2212,2600,388
47,flip table top,1970-01-01T00:00:01.880Z,1970-01-01T00:00:07.760Z,complete,case47:frames47-194,Lack_Coffee_Table/0029_white_table_04_02_2019_08_20_11_33,5.880,47,194,147
47,pick up leg,1970-01-01T00:00:07.920Z,1970-01-01T00:00:08.480Z,complete,case47:frames198-212,Lack_Coffee_Table/0029_white_table_04_02_2019_08_20_11_33,0.560,198,212,14
47,align leg screw with table thread,1970-01-01T00:00:08.880Z,1970-01-01T00:00:10.000Z,complete,case47:frames222-250,Lack_Coffee_Table/0029_white_table_04_02_2019_08_20_11_33,1.120,222,250,28
47,spin leg,1970-01-01T00:00:10.000Z,1970-01-01T00:00:25.880Z,complete,case47:frames250-647,Lack_Coffee_Table/0029_white_table_04_02_2019_08_20_11_33,15.880,250,647,397
47,tighten leg,1970-01-01T00:00:25.880Z,1970-01-01T00:00:26.240Z,complete,case47:frames647-656,Lack_Coffee_Table/0029_white_table_04_02_2019_08_20_11_33,0.360,647,656,9
47,pick up leg,1970-01-01T00:00:26.640Z,1970-01-01T00:00:27.560Z,complete,case47:frames666-689,Lack_Coffee_Table/0029_white_table_04_02_2019_08_20_11_33,0.920,666,689,23
47,align leg screw with table thread,1970-01-01T00:00:28.320Z,1970-01-01T00:00:30.400Z,complete,case47:frames708-760,Lack_Coffee_Table/0029_white_table_04_02_2019_08_20_11_33,2.080,708,760,52
47,spin leg,1970-01-01T00:00:30.400Z,1970-01-01T00:00:44.960Z,complete,case47:frames760-1124,Lack_Coffee_Table/0029_white_table_04_02_2019_08_20_11_33,14.560,760,1124,364
47,spin leg,1970-01-01T00:00:46.080Z,1970-01-01T00:00:52.320Z,complete,case47:frames1152-1308,Lack_Coffee_Table/0029_white_table_04_02_2019_08_20_11_33,6.240,1152,1308,156
47,spin leg,1970-01-01T00:00:52.880Z,1970-01-01T00:00:54.960Z,complete,case47:frames1322-1374,Lack_Coffee_Table/0029_white_table_04_02_2019_08_20_11_33,2.080,1322,1374,52
47,rotate table,1970-01-01T00:00:54.960Z,1970-01-01T00:01:00.800Z,complete,case47:frames1374-1520,Lack_Coffee_Table/0029_white_table_04_02_2019_08_20_11_33,5.840,1374,1520,146
47,pick up leg,1970-01-01T00:01:01.000Z,1970-01-01T00:01:02.120Z,complete,case47:frames1525-1553,Lack_Coffee_Table/0029_white_table_04_02_2019_08_20_11_33,1.120,1525,1553,28
47,align leg screw with table thread,1970-01-01T00:01:02.880Z,1970-01-01T00:01:04.600Z,complete,case47:frames1572-1615,Lack_Coffee_Table/0029_white_table_04_02_2019_08_20_11_33,1.720,1572,1615,43
47,spin leg,1970-01-01T00:01:04.600Z,1970-01-01T00:01:23.640Z,complete,case47:frames1615-2091,Lack_Coffee_Table/0029_white_table_04_02_2019_08_20_11_33,19.040,1615,2091,476
47,pick up leg,1970-01-01T00:01:24.240Z,1970-01-01T00:01:25.560Z,complete,case47:frames2106-2139,Lack_Coffee_Table/0029_white_table_04_02_2019_08_20_11_33,1.320,2106,2139,33
47,align leg screw with table thread,1970-01-01T00:01:25.560Z,1970-01-01T00:01:27.240Z,complete,case47:frames2139-2181,Lack_Coffee_Table/0029_white_table_04_02_2019_08_20_11_33,1.680,2139,2181,42
47,spin leg,1970-01-01T00:01:27.240Z,1970-01-01T00:01:45.920Z,complete,case47:frames2181-2648,Lack_Coffee_Table/0029_white_table_04_02_2019_08_20_11_33,18.680,2181,2648,467
47,flip table,1970-01-01T00:01:45.920Z,1970-01-01T00:01:56.880Z,complete,case47:frames2648-2922,Lack_Coffee_Table/0029_white_table_04_02_2019_08_20_11_33,10.960,2648,2922,274
47,pick up shelf,1970-01-01T00:01:56.880Z,1970-01-01T00:02:00.680Z,complete,case47:frames2922-3017,Lack_Coffee_Table/0029_white_table_04_02_2019_08_20_11_33,3.800,2922,3017,95
47,attach shelf to table,1970-01-01T00:02:00.680Z,1970-01-01T00:02:25.960Z,complete,case47:frames3017-3649,Lack_Coffee_Table/0029_white_table_04_02_2019_08_20_11_33,25.280,3017,3649,632
48,pick up leg,1970-01-01T00:00:02.240Z,1970-01-01T00:00:04.480Z,complete,case48:frames56-112,Lack_Coffee_Table/0022_white_floor_05_02_2019_08_19_15_53,2.240,56,112,56
48,spin leg,1970-01-01T00:00:04.480Z,1970-01-01T00:00:23.320Z,complete,case48:frames112-583,Lack_Coffee_Table/0022_white_floor_05_02_2019_08_19_15_53,18.840,112,583,471
48,rotate table,1970-01-01T00:00:27.520Z,1970-01-01T00:00:29.480Z,complete,case48:frames688-737,Lack_Coffee_Table/0022_white_floor_05_02_2019_08_19_15_53,1.960,688,737,49
48,spin leg,1970-01-01T00:00:29.480Z,1970-01-01T00:00:56.160Z,complete,case48:frames737-1404,Lack_Coffee_Table/0022_white_floor_05_02_2019_08_19_15_53,26.680,737,1404,667
48,rotate table,1970-01-01T00:00:58.400Z,1970-01-01T00:01:02.880Z,complete,case48:frames1460-1572,Lack_Coffee_Table/0022_white_floor_05_02_2019_08_19_15_53,4.480,1460,1572,112
48,pick up leg,1970-01-01T00:01:02.880Z,1970-01-01T00:01:04.560Z,complete,case48:frames1572-1614,Lack_Coffee_Table/0022_white_floor_05_02_2019_08_19_15_53,1.680,1572,1614,42
48,spin leg,1970-01-01T00:01:04.560Z,1970-01-01T00:01:27.320Z,complete,case48:frames1614-2183,Lack_Coffee_Table/0022_white_floor_05_02_2019_08_19_15_53,22.760,1614,2183,569
48,pick up leg,1970-01-01T00:01:31.520Z,1970-01-01T00:01:38.840Z,complete,case48:frames2288-2471,Lack_Coffee_Table/0022_white_floor_05_02_2019_08_19_15_53,7.320,2288,2471,183
48,spin leg,1970-01-01T00:01:38.840Z,1970-01-01T00:02:20.400Z,complete,case48:frames2471-3510,Lack_Coffee_Table/0022_white_floor_05_02_2019_08_19_15_53,41.560,2471,3510,1039
48,flip table,1970-01-01T00:02:20.400Z,1970-01-01T00:02:41.720Z,complete,case48:frames3510-4043,Lack_Coffee_Table/0022_white_floor_05_02_2019_08_19_15_53,21.320,3510,4043,533
48,attach shelf to table,1970-01-01T00:02:41.720Z,1970-01-01T00:03:08.680Z,complete,case48:frames4043-4717,Lack_Coffee_Table/0022_white_floor_05_02_2019_08_19_15_53,26.960,4043,4717,674
49,push table top,1970-01-01T00:00:01.800Z,1970-01-01T00:00:06.160Z,complete,case49:frames45-154,Lack_Coffee_Table/0005_black_floor_08_04_2019_08_28_11_20,4.360,45,154,109
49,pick up leg,1970-01-01T00:00:06.160Z,1970-01-01T00:00:07.960Z,complete,case49:frames154-199,Lack_Coffee_Table/0005_black_floor_08_04_2019_08_28_11_20,1.800,154,199,45
49,align leg screw with table thread,1970-01-01T00:00:07.960Z,1970-01-01T00:00:12.600Z,complete,case49:frames199-315,Lack_Coffee_Table/0005_black_floor_08_04_2019_08_28_11_20,4.640,199,315,116
49,spin leg,1970-01-01T00:00:12.600Z,1970-01-01T00:00:26.240Z,complete,case49:frames315-656,Lack_Coffee_Table/0005_black_floor_08_04_2019_08_28_11_20,13.640,315,656,341
49,align leg screw with table thread,1970-01-01T00:00:26.240Z,1970-01-01T00:00:28.480Z,complete,case49:frames656-712,Lack_Coffee_Table/0005_black_floor_08_04_2019_08_28_11_20,2.240,656,712,56
49,spin leg,1970-01-01T00:00:28.480Z,1970-01-01T00:00:42.440Z,complete,case49:frames712-1061,Lack_Coffee_Table/0005_black_floor_08_04_2019_08_28_11_20,13.960,712,1061,349
49,pick up leg,1970-01-01T00:00:42.720Z,1970-01-01T00:00:44.680Z,complete,case49:frames1068-1117,Lack_Coffee_Table/0005_black_floor_08_04_2019_08_28_11_20,1.960,1068,1117,49
49,align leg screw with table thread,1970-01-01T00:00:44.680Z,1970-01-01T00:00:47.520Z,complete,case49:frames1117-1188,Lack_Coffee_Table/0005_black_floor_08_04_2019_08_28_11_20,2.840,1117,1188,71
49,spin leg,1970-01-01T00:00:47.520Z,1970-01-01T00:00:57.880Z,complete,case49:frames1188-1447,Lack_Coffee_Table/0005_black_floor_08_04_2019_08_28_11_20,10.360,1188,1447,259
49,pick up leg,1970-01-01T00:00:59.520Z,1970-01-01T00:01:02.520Z,complete,case49:frames1488-1563,Lack_Coffee_Table/0005_black_floor_08_04_2019_08_28_11_20,3.000,1488,1563,75
49,spin leg,1970-01-01T00:01:03.000Z,1970-01-01T00:01:16.640Z,complete,case49:frames1575-1916,Lack_Coffee_Table/0005_black_floor_08_04_2019_08_28_11_20,13.640,1575,1916,341
49,flip table,1970-01-01T00:01:17.400Z,1970-01-01T00:01:19.640Z,complete,case49:frames1935-1991,Lack_Coffee_Table/0005_black_floor_08_04_2019_08_28_11_20,2.240,1935,1991,56
49,spin leg,1970-01-01T00:01:23.240Z,1970-01-01T00:01:27.560Z,complete,case49:frames2081-2189,Lack_Coffee_Table/0005_black_floor_08_04_2019_08_28_11_20,4.320,2081,2189,108
49,flip table,1970-01-01T00:01:28.040Z,1970-01-01T00:01:31.920Z,complete,case49:frames2201-2298,Lack_Coffee_Table/0005_black_floor_08_04_2019_08_28_11_20,3.880,2201,2298,97
49,pick up shelf,1970-01-01T00:01:32.840Z,1970-01-01T00:01:35.840Z,complete,case49:frames2321-2396,Lack_Coffee_Table/0005_black_floor_08_04_2019_08_28_11_20,3.000,2321,2396,75
49,attach shelf to table,1970-01-01T00:01:35.840Z,1970-01-01T00:01:49.920Z,complete,case49:frames2396-2748,Lack_Coffee_Table/0005_black_floor_08_04_2019_08_28_11_20,14.080,2396,2748,352
5,flip table top,1970-01-01T00:00:03.800Z,1970-01-01T00:00:07.200Z,complete,case5:frames95-180,Lack_TV_Bench/0023_white_table_04_02_2019_08_20_14_02,3.400,95,180,85
5,pick up leg,1970-01-01T00:00:07.200Z,1970-01-01T00:00:08.800Z,complete,case5:frames180-220,Lack_TV_Bench/0023_white_table_04_02_2019_08_20_14_02,1.600,180,220,40
5,align leg screw with table thread,1970-01-01T00:00:08.800Z,1970-01-01T00:00:10.680Z,complete,case5:frames220-267,Lack_TV_Bench/0023_white_table_04_02_2019_08_20_14_02,1.880,220,267,47
5,spin leg,1970-01-01T00:00:10.680Z,1970-01-01T00:00:25.640Z,complete,case5:frames267-641,Lack_TV_Bench/0023_white_table_04_02_2019_08_20_14_02,14.960,267,641,374
5,pick up leg,1970-01-01T00:00:25.640Z,1970-01-01T00:00:29.840Z,complete,case5:frames641-746,Lack_TV_Bench/0023_white_table_04_02_2019_08_20_14_02,4.200,641,746,105
5,align leg screw with table thread,1970-01-01T00:00:29.840Z,1970-01-01T00:00:32.520Z,complete,case5:frames746-813,Lack_TV_Bench/0023_white_table_04_02_2019_08_20_14_02,2.680,746,813,67
5,spin leg,1970-01-01T00:00:32.520Z,1970-01-01T00:00:48.680Z,complete,case5:frames813-1217,Lack_TV_Bench/0023_white_table_04_02_2019_08_20_14_02,16.160,813,1217,404
5,tighten leg,1970-01-01T00:00:48.680Z,1970-01-01T00:00:53.280Z,complete,case5:frames1217-1332,Lack_TV_Bench/0023_white_table_04_02_2019_08_20_14_02,4.600,1217,1332,115
5,push table,1970-01-01T00:00:53.280Z,1970-01-01T00:00:55.080Z,complete,case5:frames1332-1377,Lack_TV_Bench/0023_white_table_04_02_2019_08_20_14_02,1.800,1332,1377,45
5,pick up leg,1970-01-01T00:00:55.080Z,1970-01-01T00:00:56.160Z,complete,case5:frames1377-1404,Lack_TV_Bench/0023_white_table_04_02_2019_08_20_14_02,1.080,1377,1404,27
5,align leg screw with table thread,1970-01-01T00:00:56.160Z,1970-01-01T00:00:58.880Z,complete,case5:frames1404-1472,Lack_TV_Bench/0023_white_table_04_02_2019_08_20_14_02,2.720,1404,1472,68
5,spin leg,1970-01-01T00:00:58.880Z,1970-01-01T00:01:21.000Z,complete,case5:frames1472-2025,Lack_TV_Bench/0023_white_table_04_02_2019_08_20_14_02,22.120,1472,2025,553
5,pick up leg,1970-01-01T00:01:21.000Z,1970-01-01T00:01:27.520Z,complete,case5:frames2025-2188,Lack_TV_Bench/0023_white_table_04_02_2019_08_20_14_02,6.520,2025,2188,163
5,align leg screw with table thread,1970-01-01T00:01:27.520Z,1970-01-01T00:01:29.720Z,complete,case5:frames2188-2243,Lack_TV_Bench/0023_white_table_04_02_2019_08_20_14_02,2.200,2188,2243,55
5,spin leg,1970-01-01T00:01:29.720Z,1970-01-01T00:01:59.160Z,complete,case5:frames2243-2979,Lack_TV_Bench/0023_white_table_04_02_2019_08_20_14_02,29.440,2243,2979,736
5,flip table,1970-01-01T00:01:59.160Z,1970-01-01T00:02:10.520Z,complete,case5:frames2979-3263,Lack_TV_Bench/0023_white_table_04_02_2019_08_20_14_02,11.360,2979,3263,284
5,pick up shelf,1970-01-01T00:02:10.520Z,1970-01-01T00:02:16.440Z,complete,case5:frames3263-3411,Lack_TV_Bench/0023_white_table_04_02_2019_08_20_14_02,5.920,3263,3411,148
5,attach shelf to table,1970-01-01T00:02:16.440Z,1970-01-01T00:02:35.200Z,complete,case5:frames3411-3880,Lack_TV_Bench/0023_white_table_04_02_2019_08_20_14_02,18.760,3411,3880,469
50,pick up leg,1970-01-01T00:00:02.120Z,1970-01-01T00:00:03.960Z,complete,case50:frames53-99,Lack_Coffee_Table/0041_oak_floor_08_04_2019_08_28_12_22,1.840,53,99,46
50,spin leg,1970-01-01T00:00:03.960Z,1970-01-01T00:00:13.800Z,complete,case50:frames99-345,Lack_Coffee_Table/0041_oak_floor_08_04_2019_08_28_12_22,9.840,99,345,246
50,pick up leg,1970-01-01T00:00:15.760Z,1970-01-01T00:00:16.920Z,complete,case50:frames394-423,Lack_Coffee_Table/0041_oak_floor_08_04_2019_08_28_12_22,1.160,394,423,29
50,spin leg,1970-01-01T00:00:16.920Z,1970-01-01T00:00:31.360Z,complete,case50:frames423-784,Lack_Coffee_Table/0041_oak_floor_08_04_2019_08_28_12_22,14.440,423,784,361
50,pick up leg,1970-01-01T00:00:32.840Z,1970-01-01T00:00:34.320Z,complete,case50:frames821-858,Lack_Coffee_Table/0041_oak_floor_08_04_2019_08_28_12_22,1.480,821,858,37
50,spin leg,1970-01-01T00:00:34.960Z,1970-01-01T00:00:52.360Z,complete,case50:frames874-1309,Lack_Coffee_Table/0041_oak_floor_08_04_2019_08_28_12_22,17.400,874,1309,435
50,pick up leg,1970-01-01T00:00:54.840Z,1970-01-01T00:00:56.640Z,complete,case50:frames1371-1416,Lack_Coffee_Table/0041_oak_floor_08_04_2019_08_28_12_22,1.800,1371,1416,45
50,spin leg,1970-01-01T00:00:56.640Z,1970-01-01T00:01:11.600Z,complete,case50:frames1416-1790,Lack_Coffee_Table/0041_oak_floor_08_04_2019_08_28_12_22,14.960,1416,1790,374
50,flip table,1970-01-01T00:01:12.720Z,1970-01-01T00:01:18.160Z,complete,case50:frames1818-1954,Lack_Coffee_Table/0041_oak_floor_08_04_2019_08_28_12_22,5.440,1818,1954,136
50,pick up shelf,1970-01-01T00:01:18.160Z,1970-01-01T00:01:19.960Z,complete,case50:frames1954-1999,Lack_Coffee_Table/0041_oak_floor_08_04_2019_08_28_12_22,1.800,1954,1999,45
50,attach shelf to table,1970-01-01T00:01:55.400Z,1970-01-01T00:02:04.280Z,complete,case50:frames2885-3107,Lack_Coffee_Table/0041_oak_floor_08_04_2019_08_28_12_22,8.880,2885,3107,222
51,rotate table,1970-01-01T00:00:02.480Z,1970-01-01T00:00:03.400Z,complete,case51:frames62-85,Lack_Coffee_Table/0024_oak_table_04_02_2019_08_20_11_19,0.920,62,85,23
51,pick up leg,1970-01-01T00:00:03.760Z,1970-01-01T00:00:05.520Z,complete,case51:frames94-138,Lack_Coffee_Table/0024_oak_table_04_02_2019_08_20_11_19,1.760,94,138,44
51,align leg screw with table thread,1970-01-01T00:00:05.560Z,1970-01-01T00:00:07.000Z,complete,case51:frames139-175,Lack_Coffee_Table/0024_oak_table_04_02_2019_08_20_11_19,1.440,139,175,36
51,spin leg,1970-01-01T00:00:07.080Z,1970-01-01T00:00:18.320Z,complete,case51:frames177-458,Lack_Coffee_Table/0024_oak_table_04_02_2019_08_20_11_19,11.240,177,458,281
51,pick up leg,1970-01-01T00:00:18.880Z,1970-01-01T00:00:19.800Z,complete,case51:frames472-495,Lack_Coffee_Table/0024_oak_table_04_02_2019_08_20_11_19,0.920,472,495,23
51,align leg screw with table thread,1970-01-01T00:00:19.840Z,1970-01-01T00:00:22.040Z,complete,case51:frames496-551,Lack_Coffee_Table/0024_oak_table_04_02_2019_08_20_11_19,2.200,496,551,55
51,spin leg,1970-01-01T00:00:22.080Z,1970-01-01T00:00:34.400Z,complete,case51:frames552-860,Lack_Coffee_Table/0024_oak_table_04_02_2019_08_20_11_19,12.320,552,860,308
51,lay down leg,1970-01-01T00:00:35.440Z,1970-01-01T00:00:36.400Z,complete,case51:frames886-910,Lack_Coffee_Table/0024_oak_table_04_02_2019_08_20_11_19,0.960,886,910,24
51,align leg screw with table thread,1970-01-01T00:00:37.240Z,1970-01-01T00:00:39.280Z,complete,case51:frames931-982,Lack_Coffee_Table/0024_oak_table_04_02_2019_08_20_11_19,2.040,931,982,51
51,spin leg,1970-01-01T00:00:39.320Z,1970-01-01T00:00:51.920Z,complete,case51:frames983-1298,Lack_Coffee_Table/0024_oak_table_04_02_2019_08_20_11_19,12.600,983,1298,315
51,pick up leg,1970-01-01T00:00:54.200Z,1970-01-01T00:00:55.360Z,complete,case51:frames1355-1384,Lack_Coffee_Table/0024_oak_table_04_02_2019_08_20_11_19,1.160,1355,1384,29
51,align leg screw with table thread,1970-01-01T00:00:55.920Z,1970-01-01T00:00:57.960Z,complete,case51:frames1398-1449,Lack_Coffee_Table/0024_oak_table_04_02_2019_08_20_11_19,2.040,1398,1449,51
51,spin leg,1970-01-01T00:00:58.000Z,1970-01-01T00:01:11.240Z,complete,case51:frames1450-1781,Lack_Coffee_Table/0024_oak_table_04_02_2019_08_20_11_19,13.240,1450,1781,331
51,flip table,1970-01-01T00:01:12.520Z,1970-01-01T00:01:18.520Z,complete,case51:frames1813-1963,Lack_Coffee_Table/0024_oak_table_04_02_2019_08_20_11_19,6.000,1813,1963,150
51,pick up shelf,1970-01-01T00:01:19.320Z,1970-01-01T00:01:23.640Z,complete,case51:frames1983-2091,Lack_Coffee_Table/0024_oak_table_04_02_2019_08_20_11_19,4.320,1983,2091,108
51,other,1970-01-01T00:01:23.680Z,1970-01-01T00:01:26.920Z,complete,case51:frames2092-2173,Lack_Coffee_Table/0024_oak_table_04_02_2019_08_20_11_19,3.240,2092,2173,81
51,attach shelf to table,1970-01-01T00:01:26.960Z,1970-01-01T00:01:51.280Z,complete,case51:frames2174-2782,Lack_Coffee_Table/0024_oak_table_04_02_2019_08_20_11_19,24.320,2174,2782,608
52,flip table top,1970-01-01T00:00:03.440Z,1970-01-01T00:00:11.760Z,complete,case52:frames86-294,Lack_Coffee_Table/0026_black_floor_05_02_2019_08_19_17_25,8.320,86,294,208
52,pick up leg,1970-01-01T00:00:11.760Z,1970-01-01T00:00:14.560Z,complete,case52:frames294-364,Lack_Coffee_Table/0026_black_floor_05_02_2019_08_19_17_25,2.800,294,364,70
52,align leg screw with table thread,1970-01-01T00:00:14.560Z,1970-01-01T00:00:16.680Z,complete,case52:frames364-417,Lack_Coffee_Table/0026_black_floor_05_02_2019_08_19_17_25,2.120,364,417,53
52,spin leg,1970-01-01T00:00:16.680Z,1970-01-01T00:00:33.600Z,complete,case52:frames417-840,Lack_Coffee_Table/0026_black_floor_05_02_2019_08_19_17_25,16.920,417,840,423
52,pick up leg,1970-01-01T00:00:35.520Z,1970-01-01T00:00:37.040Z,complete,case52:frames888-926,Lack_Coffee_Table/0026_black_floor_05_02_2019_08_19_17_25,1.520,888,926,38
52,align leg screw with table thread,1970-01-01T00:00:37.040Z,1970-01-01T00:00:38.320Z,complete,case52:frames926-958,Lack_Coffee_Table/0026_black_floor_05_02_2019_08_19_17_25,1.280,926,958,32
52,spin leg,1970-01-01T00:00:38.320Z,1970-01-01T00:01:04.640Z,complete,case52:frames958-1616,Lack_Coffee_Table/0026_black_floor_05_02_2019_08_19_17_25,26.320,958,1616,658
52,pick up leg,1970-01-01T00:01:06.560Z,1970-01-01T00:01:09.760Z,complete,case52:frames1664-1744,Lack_Coffee_Table/0026_black_floor_05_02_2019_08_19_17_25,3.200,1664,1744,80
52,align leg screw with table thread,1970-01-01T00:01:09.760Z,1970-01-01T00:01:11.680Z,complete,case52:frames1744-1792,Lack_Coffee_Table/0026_black_floor_05_02_2019_08_19_17_25,1.920,1744,1792,48
52,spin leg,1970-01-01T00:01:11.680Z,1970-01-01T00:01:36.320Z,complete,case52:frames1792-2408,Lack_Coffee_Table/0026_black_floor_05_02_2019_08_19_17_25,24.640,1792,2408,616
52,pick up leg,1970-01-01T00:01:37.600Z,1970-01-01T00:01:38.880Z,complete,case52:frames2440-2472,Lack_Coffee_Table/0026_black_floor_05_02_2019_08_19_17_25,1.280,2440,2472,32
52,align leg screw with table thread,1970-01-01T00:01:41.000Z,1970-01-01T00:01:44.000Z,complete,case52:frames2525-2600,Lack_Coffee_Table/0026_black_floor_05_02_2019_08_19_17_25,3.000,2525,2600,75
52,spin leg,1970-01-01T00:01:44.000Z,1970-01-01T00:02:06.280Z,complete,case52:frames2600-3157,Lack_Coffee_Table/0026_black_floor_05_02_2019_08_19_17_25,22.280,2600,3157,557
52,flip table,1970-01-01T00:02:09.280Z,1970-01-01T00:02:14.200Z,complete,case52:frames3232-3355,Lack_Coffee_Table/0026_black_floor_05_02_2019_08_19_17_25,4.920,3232,3355,123
52,pick up shelf,1970-01-01T00:02:14.200Z,1970-01-01T00:02:17.400Z,complete,case52:frames3355-3435,Lack_Coffee_Table/0026_black_floor_05_02_2019_08_19_17_25,3.200,3355,3435,80
52,attach shelf to table,1970-01-01T00:02:17.400Z,1970-01-01T00:02:45.840Z,complete,case52:frames3435-4146,Lack_Coffee_Table/0026_black_floor_05_02_2019_08_19_17_25,28.440,3435,4146,711
53,lay down table top,1970-01-01T00:00:00.000Z,1970-01-01T00:00:07.120Z,complete,case53:frames0-178,Lack_Coffee_Table/0002_white_floor_05_02_2019_08_19_17_47,7.120,0,178,178
53,pick up leg,1970-01-01T00:00:07.120Z,1970-01-01T00:00:08.760Z,complete,case53:frames178-219,Lack_Coffee_Table/0002_white_floor_05_02_2019_08_19_17_47,1.640,178,219,41
53,align leg screw with table thread,1970-01-01T00:00:08.760Z,1970-01-01T00:00:09.440Z,complete,case53:frames219-236,Lack_Coffee_Table/0002_white_floor_05_02_2019_08_19_17_47,0.680,219,236,17
53,spin leg,1970-01-01T00:00:09.440Z,1970-01-01T00:00:23.040Z,complete,case53:frames236-576,Lack_Coffee_Table/0002_white_floor_05_02_2019_08_19_17_47,13.600,236,576,340
53,pick up leg,1970-01-01T00:00:23.040Z,1970-01-01T00:00:27.000Z,complete,case53:frames576-675,Lack_Coffee_Table/0002_white_floor_05_02_2019_08_19_17_47,3.960,576,675,99
53,align leg screw with table thread,1970-01-01T00:00:27.000Z,1970-01-01T00:00:27.960Z,complete,case53:frames675-699,Lack_Coffee_Table/0002_white_floor_05_02_2019_08_19_17_47,0.960,675,699,24
53,spin leg,1970-01-01T00:00:27.960Z,1970-01-01T00:00:44.480Z,complete,case53:frames699-1112,Lack_Coffee_Table/0002_white_floor_05_02_2019_08_19_17_47,16.520,699,1112,413
53,pick up leg,1970-01-01T00:00:44.480Z,1970-01-01T00:00:49.040Z,complete,case53:frames1112-1226,Lack_Coffee_Table/0002_white_floor_05_02_2019_08_19_17_47,4.560,1112,1226,114
53,align leg screw with table thread,1970-01-01T00:00:49.040Z,1970-01-01T00:00:49.560Z,complete,case53:frames1226-1239,Lack_Coffee_Table/0002_white_floor_05_02_2019_08_19_17_47,0.520,1226,1239,13
53,spin leg,1970-01-01T00:00:49.560Z,1970-01-01T00:01:10.560Z,complete,case53:frames1239-1764,Lack_Coffee_Table/0002_white_floor_05_02_2019_08_19_17_47,21.000,1239,1764,525
53,pick up leg,1970-01-01T00:01:10.560Z,1970-01-01T00:01:16.720Z,complete,case53:frames1764-1918,Lack_Coffee_Table/0002_white_floor_05_02_2019_08_19_17_47,6.160,1764,1918,154
53,align leg screw with table thread,1970-01-01T00:01:16.720Z,1970-01-01T00:01:17.440Z,complete,case53:frames1918-1936,Lack_Coffee_Table/0002_white_floor_05_02_2019_08_19_17_47,0.720,1918,1936,18
53,spin leg,1970-01-01T00:01:17.440Z,1970-01-01T00:01:34.240Z,complete,case53:frames1936-2356,Lack_Coffee_Table/0002_white_floor_05_02_2019_08_19_17_47,16.800,1936,2356,420
53,pick up shelf,1970-01-01T00:01:34.240Z,1970-01-01T00:01:37.800Z,complete,case53:frames2356-2445,Lack_Coffee_Table/0002_white_floor_05_02_2019_08_19_17_47,3.560,2356,2445,89
53,flip table,1970-01-01T00:01:37.800Z,1970-01-01T00:01:44.320Z,complete,case53:frames2445-2608,Lack_Coffee_Table/0002_white_floor_05_02_2019_08_19_17_47,6.520,2445,2608,163
53,pick up shelf,1970-01-01T00:01:44.320Z,1970-01-01T00:01:48.360Z,complete,case53:frames2608-2709,Lack_Coffee_Table/0002_white_floor_05_02_2019_08_19_17_47,4.040,2608,2709,101
53,attach shelf to table,1970-01-01T00:01:48.360Z,1970-01-01T00:01:58.120Z,complete,case53:frames2709-2953,Lack_Coffee_Table/0002_white_floor_05_02_2019_08_19_17_47,9.760,2709,2953,244
53,tighten leg,1970-01-01T00:01:58.120Z,1970-01-01T00:02:01.960Z,complete,case53:frames2953-3049,Lack_Coffee_Table/0002_white_floor_05_02_2019_08_19_17_47,3.840,2953,3049,96
54,flip table top,1970-01-01T00:00:02.120Z,1970-01-01T00:00:06.880Z,complete,case54:frames53-172,Lack_Coffee_Table/0025_oak_table_04_02_2019_08_20_13_42,4.760,53,172,119
54,pick up leg,1970-01-01T00:00:06.880Z,1970-01-01T00:00:08.520Z,complete,case54:frames172-213,Lack_Coffee_Table/0025_oak_table_04_02_2019_08_20_13_42,1.640,172,213,41
54,align leg screw with table thread,1970-01-01T00:00:08.520Z,1970-01-01T00:00:10.480Z,complete,case54:frames213-262,Lack_Coffee_Table/0025_oak_table_04_02_2019_08_20_13_42,1.960,213,262,49
54,spin leg,1970-01-01T00:00:10.480Z,1970-01-01T00:00:24.720Z,complete,case54:frames262-618,Lack_Coffee_Table/0025_oak_table_04_02_2019_08_20_13_42,14.240,262,618,356
54,tighten leg,1970-01-01T00:00:24.720Z,1970-01-01T00:00:26.520Z,complete,case54:frames618-663,Lack_Coffee_Table/0025_oak_table_04_02_2019_08_20_13_42,1.800,618,663,45
54,pick up leg,1970-01-01T00:00:26.520Z,1970-01-01T00:00:27.360Z,complete,case54:frames663-684,Lack_Coffee_Table/0025_oak_table_04_02_2019_08_20_13_42,0.840,663,684,21
54,align leg screw with table thread,1970-01-01T00:00:27.360Z,1970-01-01T00:00:29.320Z,complete,case54:frames684-733,Lack_Coffee_Table/0025_oak_table_04_02_2019_08_20_13_42,1.960,684,733,49
54,spin leg,1970-01-01T00:00:29.320Z,1970-01-01T00:00:46.480Z,complete,case54:frames733-1162,Lack_Coffee_Table/0025_oak_table_04_02_2019_08_20_13_42,17.160,733,1162,429
54,pick up leg,1970-01-01T00:00:46.480Z,1970-01-01T00:00:49.760Z,complete,case54:frames1162-1244,Lack_Coffee_Table/0025_oak_table_04_02_2019_08_20_13_42,3.280,1162,1244,82
54,align leg screw with table thread,1970-01-01T00:00:49.760Z,1970-01-01T00:00:51.880Z,complete,case54:frames1244-1297,Lack_Coffee_Table/0025_oak_table_04_02_2019_08_20_13_42,2.120,1244,1297,53
54,spin leg,1970-01-01T00:00:51.880Z,1970-01-01T00:01:15.640Z,complete,case54:frames1297-1891,Lack_Coffee_Table/0025_oak_table_04_02_2019_08_20_13_42,23.760,1297,1891,594
54,pick up leg,1970-01-01T00:01:17.440Z,1970-01-01T00:01:18.240Z,complete,case54:frames1936-1956,Lack_Coffee_Table/0025_oak_table_04_02_2019_08_20_13_42,0.800,1936,1956,20
54,align leg screw with table thread,1970-01-01T00:01:18.240Z,1970-01-01T00:01:20.040Z,complete,case54:frames1956-2001,Lack_Coffee_Table/0025_oak_table_04_02_2019_08_20_13_42,1.800,1956,2001,45
54,spin leg,1970-01-01T00:01:20.040Z,1970-01-01T00:01:36.440Z,complete,case54:frames2001-2411,Lack_Coffee_Table/0025_oak_table_04_02_2019_08_20_13_42,16.400,2001,2411,410
54,tighten leg,1970-01-01T00:01:36.440Z,1970-01-01T00:01:43.320Z,complete,case54:frames2411-2583,Lack_Coffee_Table/0025_oak_table_04_02_2019_08_20_13_42,6.880,2411,2583,172
54,flip table,1970-01-01T00:01:43.320Z,1970-01-01T00:01:52.000Z,complete,case54:frames2583-2800,Lack_Coffee_Table/0025_oak_table_04_02_2019_08_20_13_42,8.680,2583,2800,217
54,pick up shelf,1970-01-01T00:01:53.280Z,1970-01-01T00:01:54.920Z,complete,case54:frames2832-2873,Lack_Coffee_Table/0025_oak_table_04_02_2019_08_20_13_42,1.640,2832,2873,41
54,attach shelf to table,1970-01-01T00:01:54.920Z,1970-01-01T00:02:06.880Z,complete,case54:frames2873-3172,Lack_Coffee_Table/0025_oak_table_04_02_2019_08_20_13_42,11.960,2873,3172,299
55,pick up leg,1970-01-01T00:00:01.920Z,1970-01-01T00:00:03.160Z,complete,case55:frames48-79,Lack_Coffee_Table/0030_white_table_04_02_2019_08_20_12_12,1.240,48,79,31
55,align leg screw with table thread,1970-01-01T00:00:03.160Z,1970-01-01T00:00:04.920Z,complete,case55:frames79-123,Lack_Coffee_Table/0030_white_table_04_02_2019_08_20_12_12,1.760,79,123,44
55,spin leg,1970-01-01T00:00:04.920Z,1970-01-01T00:00:20.200Z,complete,case55:frames123-505,Lack_Coffee_Table/0030_white_table_04_02_2019_08_20_12_12,15.280,123,505,382
55,tighten leg,1970-01-01T00:00:20.200Z,1970-01-01T00:00:28.600Z,complete,case55:frames505-715,Lack_Coffee_Table/0030_white_table_04_02_2019_08_20_12_12,8.400,505,715,210
55,pick up leg,1970-01-01T00:00:28.600Z,1970-01-01T00:00:31.800Z,complete,case55:frames715-795,Lack_Coffee_Table/0030_white_table_04_02_2019_08_20_12_12,3.200,715,795,80
55,align leg screw with table thread,1970-01-01T00:00:31.800Z,1970-01-01T00:00:33.080Z,complete,case55:frames795-827,Lack_Coffee_Table/0030_white_table_04_02_2019_08_20_12_12,1.280,795,827,32
55,spin leg,1970-01-01T00:00:33.080Z,1970-01-01T00:00:48.160Z,complete,case55:frames827-1204,Lack_Coffee_Table/0030_white_table_04_02_2019_08_20_12_12,15.080,827,1204,377
55,pick up leg,1970-01-01T00:00:48.160Z,1970-01-01T00:00:50.560Z,complete,case55:frames1204-1264,Lack_Coffee_Table/0030_white_table_04_02_2019_08_20_12_12,2.400,1204,1264,60
55,align leg screw with table thread,1970-01-01T00:00:50.560Z,1970-01-01T00:00:52.000Z,complete,case55:frames1264-1300,Lack_Coffee_Table/0030_white_table_04_02_2019_08_20_12_12,1.440,1264,1300,36
55,spin leg,1970-01-01T00:00:52.000Z,1970-01-01T00:01:04.400Z,complete,case55:frames1300-1610,Lack_Coffee_Table/0030_white_table_04_02_2019_08_20_12_12,12.400,1300,1610,310
55,pick up leg,1970-01-01T00:01:04.400Z,1970-01-01T00:01:07.880Z,complete,case55:frames1610-1697,Lack_Coffee_Table/0030_white_table_04_02_2019_08_20_12_12,3.480,1610,1697,87
55,align leg screw with table thread,1970-01-01T00:01:07.880Z,1970-01-01T00:01:09.960Z,complete,case55:frames1697-1749,Lack_Coffee_Table/0030_white_table_04_02_2019_08_20_12_12,2.080,1697,1749,52
55,spin leg,1970-01-01T00:01:09.960Z,1970-01-01T00:01:24.120Z,complete,case55:frames1749-2103,Lack_Coffee_Table/0030_white_table_04_02_2019_08_20_12_12,14.160,1749,2103,354
55,flip table,1970-01-01T00:01:24.120Z,1970-01-01T00:01:32.840Z,complete,case55:frames2103-2321,Lack_Coffee_Table/0030_white_table_04_02_2019_08_20_12_12,8.720,2103,2321,218
55,pick up shelf,1970-01-01T00:01:32.840Z,1970-01-01T00:01:37.120Z,complete,case55:frames2321-2428,Lack_Coffee_Table/0030_white_table_04_02_2019_08_20_12_12,4.280,2321,2428,107
55,attach shelf to table,1970-01-01T00:01:37.120Z,1970-01-01T00:02:00.040Z,complete,case55:frames2428-3001,Lack_Coffee_Table/0030_white_table_04_02_2019_08_20_12_12,22.920,2428,3001,573
56,flip table top,1970-01-01T00:00:01.080Z,1970-01-01T00:00:07.240Z,complete,case56:frames27-181,Lack_Coffee_Table/0001_black_floor_05_02_2019_08_19_16_51,6.160,27,181,154
56,pick up leg,1970-01-01T00:00:07.240Z,1970-01-01T00:00:09.560Z,complete,case56:frames181-239,Lack_Coffee_Table/0001_black_floor_05_02_2019_08_19_16_51,2.320,181,239,58
56,spin leg,1970-01-01T00:00:09.560Z,1970-01-01T00:00:25.680Z,complete,case56:frames239-642,Lack_Coffee_Table/0001_black_floor_05_02_2019_08_19_16_51,16.120,239,642,403
56,pick up leg,1970-01-01T00:00:25.680Z,1970-01-01T00:00:27.880Z,complete,case56:frames642-697,Lack_Coffee_Table/0001_black_floor_05_02_2019_08_19_16_51,2.200,642,697,55
56,align leg screw with table thread,1970-01-01T00:00:27.880Z,1970-01-01T00:00:30.720Z,complete,case56:frames697-768,Lack_Coffee_Table/0001_black_floor_05_02_2019_08_19_16_51,2.840,697,768,71
56,spin leg,1970-01-01T00:00:30.720Z,1970-01-01T00:00:50.120Z,complete,case56:frames768-1253,Lack_Coffee_Table/0001_black_floor_05_02_2019_08_19_16_51,19.400,768,1253,485
56,pick up leg,1970-01-01T00:00:50.120Z,1970-01-01T00:00:55.280Z,complete,case56:frames1253-1382,Lack_Coffee_Table/0001_black_floor_05_02_2019_08_19_16_51,5.160,1253,1382,129
56,align leg screw with table thread,1970-01-01T00:00:55.280Z,1970-01-01T00:00:57.800Z,complete,case56:frames1382-1445,Lack_Coffee_Table/0001_black_floor_05_02_2019_08_19_16_51,2.520,1382,1445,63
56,spin leg,1970-01-01T00:00:57.800Z,1970-01-01T00:01:16.440Z,complete,case56:frames1445-1911,Lack_Coffee_Table/0001_black_floor_05_02_2019_08_19_16_51,18.640,1445,1911,466
56,pick up leg,1970-01-01T00:01:16.440Z,1970-01-01T00:01:17.760Z,complete,case56:frames1911-1944,Lack_Coffee_Table/0001_black_floor_05_02_2019_08_19_16_51,1.320,1911,1944,33
56,align leg screw with table thread,1970-01-01T00:01:17.760Z,1970-01-01T00:01:21.120Z,complete,case56:frames1944-2028,Lack_Coffee_Table/0001_black_floor_05_02_2019_08_19_16_51,3.360,1944,2028,84
56,spin leg,1970-01-01T00:01:21.120Z,1970-01-01T00:01:34.280Z,complete,case56:frames2028-2357,Lack_Coffee_Table/0001_black_floor_05_02_2019_08_19_16_51,13.160,2028,2357,329
56,flip table,1970-01-01T00:01:34.280Z,1970-01-01T00:01:40.080Z,complete,case56:frames2357-2502,Lack_Coffee_Table/0001_black_floor_05_02_2019_08_19_16_51,5.800,2357,2502,145
56,pick up shelf,1970-01-01T00:01:40.080Z,1970-01-01T00:01:44.000Z,complete,case56:frames2502-2600,Lack_Coffee_Table/0001_black_floor_05_02_2019_08_19_16_51,3.920,2502,2600,98
56,attach shelf to table,1970-01-01T00:01:44.000Z,1970-01-01T00:01:59.520Z,complete,case56:frames2600-2988,Lack_Coffee_Table/0001_black_floor_05_02_2019_08_19_16_51,15.520,2600,2988,388
57,pick up leg,1970-01-01T00:00:02.200Z,1970-01-01T00:00:03.360Z,complete,case57:frames55-84,Lack_Coffee_Table/0027_white_table_04_02_2019_08_20_10_47,1.160,55,84,29
57,align leg screw with table thread,1970-01-01T00:00:03.680Z,1970-01-01T00:00:04.520Z,complete,case57:frames92-113,Lack_Coffee_Table/0027_white_table_04_02_2019_08_20_10_47,0.840,92,113,21
57,spin leg,1970-01-01T00:00:04.520Z,1970-01-01T00:00:21.160Z,complete,case57:frames113-529,Lack_Coffee_Table/0027_white_table_04_02_2019_08_20_10_47,16.640,113,529,416
57,tighten leg,1970-01-01T00:00:21.160Z,1970-01-01T00:00:21.920Z,complete,case57:frames529-548,Lack_Coffee_Table/0027_white_table_04_02_2019_08_20_10_47,0.760,529,548,19
57,spin leg,1970-01-01T00:00:21.920Z,1970-01-01T00:00:24.320Z,complete,case57:frames548-608,Lack_Coffee_Table/0027_white_table_04_02_2019_08_20_10_47,2.400,548,608,60
57,pick up leg,1970-01-01T00:00:25.400Z,1970-01-01T00:00:26.440Z,complete,case57:frames635-661,Lack_Coffee_Table/0027_white_table_04_02_2019_08_20_10_47,1.040,635,661,26
57,align leg screw with table thread,1970-01-01T00:00:26.920Z,1970-01-01T00:00:27.960Z,complete,case57:frames673-699,Lack_Coffee_Table/0027_white_table_04_02_2019_08_20_10_47,1.040,673,699,26
57,spin leg,1970-01-01T00:00:27.960Z,1970-01-01T00:00:39.360Z,complete,case57:frames699-984,Lack_Coffee_Table/0027_white_table_04_02_2019_08_20_10_47,11.400,699,984,285
57,pick up leg,1970-01-01T00:00:40.280Z,1970-01-01T00:00:41.520Z,complete,case57:frames1007-1038,Lack_Coffee_Table/0027_white_table_04_02_2019_08_20_10_47,1.240,1007,1038,31
57,align leg screw with table thread,1970-01-01T00:00:42.760Z,1970-01-01T00:00:43.840Z,complete,case57:frames1069-1096,Lack_Coffee_Table/0027_white_table_04_02_2019_08_20_10_47,1.080,1069,1096,27
57,spin leg,1970-01-01T00:00:43.840Z,1970-01-01T00:01:00.240Z,complete,case57:frames1096-1506,Lack_Coffee_Table/0027_white_table_04_02_2019_08_20_10_47,16.400,1096,1506,410
57,pick up leg,1970-01-01T00:01:01.800Z,1970-01-01T00:01:02.720Z,complete,case57:frames1545-1568,Lack_Coffee_Table/0027_white_table_04_02_2019_08_20_10_47,0.920,1545,1568,23
57,align leg screw with table thread,1970-01-01T00:01:03.960Z,1970-01-01T00:01:06.760Z,complete,case57:frames1599-1669,Lack_Coffee_Table/0027_white_table_04_02_2019_08_20_10_47,2.800,1599,1669,70
57,spin leg,1970-01-01T00:01:06.760Z,1970-01-01T00:01:23.320Z,complete,case57:frames1669-2083,Lack_Coffee_Table/0027_white_table_04_02_2019_08_20_10_47,16.560,1669,2083,414
57,tighten leg,1970-01-01T00:01:23.320Z,1970-01-01T00:01:24.440Z,complete,case57:frames2083-2111,Lack_Coffee_Table/0027_white_table_04_02_2019_08_20_10_47,1.120,2083,2111,28
57,flip table,1970-01-01T00:01:27.640Z,1970-01-01T00:01:37.200Z,complete,case57:frames2191-2430,Lack_Coffee_Table/0027_white_table_04_02_2019_08_20_10_47,9.560,2191,2430,239
57,pick up shelf,1970-01-01T00:01:39.080Z,1970-01-01T00:01:42.080Z,complete,case57:frames2477-2552,Lack_Coffee_Table/0027_white_table_04_02_2019_08_20_10_47,3.000,2477,2552,75
57,attach shelf to table,1970-01-01T00:01:47.000Z,1970-01-01T00:02:03.280Z,complete,case57:frames2675-3082,Lack_Coffee_Table/0027_white_table_04_02_2019_08_20_10_47,16.280,2675,3082,407
58,flip table top,1970-01-01T00:00:01.240Z,1970-01-01T00:00:07.360Z,complete,case58:frames31-184,Lack_Side_Table/0024_white_floor_05_02_2019_08_19_16_58,6.120,31,184,153
58,align leg screw with table thread,1970-01-01T00:00:09.000Z,1970-01-01T00:00:10.480Z,complete,case58:frames225-262,Lack_Side_Table/0024_white_floor_05_02_2019_08_19_16_58,1.480,225,262,37
58,spin leg,1970-01-01T00:00:10.480Z,1970-01-01T00:00:27.760Z,complete,case58:frames262-694,Lack_Side_Table/0024_white_floor_05_02_2019_08_19_16_58,17.280,262,694,432
58,spin leg,1970-01-01T00:00:28.080Z,1970-01-01T00:00:28.640Z,complete,case58:frames702-716,Lack_Side_Table/0024_white_floor_05_02_2019_08_19_16_58,0.560,702,716,14
58,pick up leg,1970-01-01T00:00:28.640Z,1970-01-01T00:00:31.120Z,complete,case58:frames716-778,Lack_Side_Table/0024_white_floor_05_02_2019_08_19_16_58,2.480,716,778,62
58,align leg screw with table thread,1970-01-01T00:00:31.120Z,1970-01-01T00:00:32.800Z,complete,case58:frames778-820,Lack_Side_Table/0024_white_floor_05_02_2019_08_19_16_58,1.680,778,820,42
58,spin leg,1970-01-01T00:00:32.800Z,1970-01-01T00:00:49.680Z,complete,case58:frames820-1242,Lack_Side_Table/0024_white_floor_05_02_2019_08_19_16_58,16.880,820,1242,422
58,spin leg,1970-01-01T00:00:52.400Z,1970-01-01T00:00:53.640Z,complete,case58:frames1310-1341,Lack_Side_Table/0024_white_floor_05_02_2019_08_19_16_58,1.240,1310,1341,31
58,spin leg,1970-01-01T00:00:54.400Z,1970-01-01T00:00:54.960Z,complete,case58:frames1360-1374,Lack_Side_Table/0024_white_floor_05_02_2019_08_19_16_58,0.560,1360,1374,14
58,pick up leg,1970-01-01T00:00:55.880Z,1970-01-01T00:00:56.800Z,complete,case58:frames1397-1420,Lack_Side_Table/0024_white_floor_05_02_2019_08_19_16_58,0.920,1397,1420,23
58,align leg screw with table thread,1970-01-01T00:00:56.800Z,1970-01-01T00:00:58.240Z,complete,case58:frames1420-1456,Lack_Side_Table/0024_white_floor_05_02_2019_08_19_16_58,1.440,1420,1456,36
58,spin leg,1970-01-01T00:00:58.240Z,1970-01-01T00:01:16.000Z,complete,case58:frames1456-1900,Lack_Side_Table/0024_white_floor_05_02_2019_08_19_16_58,17.760,1456,1900,444
58,align leg screw with table thread,1970-01-01T00:01:17.920Z,1970-01-01T00:01:19.600Z,complete,case58:frames1948-1990,Lack_Side_Table/0024_white_floor_05_02_2019_08_19_16_58,1.680,1948,1990,42
58,spin leg,1970-01-01T00:01:19.600Z,1970-01-01T00:01:39.080Z,complete,case58:frames1990-2477,Lack_Side_Table/0024_white_floor_05_02_2019_08_19_16_58,19.480,1990,2477,487
58,spin leg,1970-01-01T00:01:40.400Z,1970-01-01T00:01:42.080Z,complete,case58:frames2510-2552,Lack_Side_Table/0024_white_floor_05_02_2019_08_19_16_58,1.680,2510,2552,42
58,rotate table,1970-01-01T00:01:42.080Z,1970-01-01T00:01:45.760Z,complete,case58:frames2552-2644,Lack_Side_Table/0024_white_floor_05_02_2019_08_19_16_58,3.680,2552,2644,92
59,pick up leg,1970-01-01T00:00:02.000Z,1970-01-01T00:00:03.600Z,complete,case59:frames50-90,Lack_Side_Table/0024_black_table_04_02_2019_08_20_11_12,1.600,50,90,40
59,spin leg,1970-01-01T00:00:04.120Z,1970-01-01T00:00:18.680Z,complete,case59:frames103-467,Lack_Side_Table/0024_black_table_04_02_2019_08_20_11_12,14.560,103,467,364
59,spin leg,1970-01-01T00:00:21.200Z,1970-01-01T00:00:37.160Z,complete,case59:frames530-929,Lack_Side_Table/0024_black_table_04_02_2019_08_20_11_12,15.960,530,929,399
59,pick up leg,1970-01-01T00:00:37.640Z,1970-01-01T00:00:38.760Z,complete,case59:frames941-969,Lack_Side_Table/0024_black_table_04_02_2019_08_20_11_12,1.120,941,969,28
59,spin leg,1970-01-01T00:00:39.240Z,1970-01-01T00:00:51.000Z,complete,case59:frames981-1275,Lack_Side_Table/0024_black_table_04_02_2019_08_20_11_12,11.760,981,1275,294
59,pick up leg,1970-01-01T00:00:52.200Z,1970-01-01T00:00:52.920Z,complete,case59:frames1305-1323,Lack_Side_Table/0024_black_table_04_02_2019_08_20_11_12,0.720,1305,1323,18
59,spin leg,1970-01-01T00:00:53.920Z,1970-01-01T00:01:05.440Z,complete,case59:frames1348-1636,Lack_Side_Table/0024_black_table_04_02_2019_08_20_11_12,11.520,1348,1636,288
59,flip table,1970-01-01T00:01:08.040Z,1970-01-01T00:01:16.080Z,complete,case59:frames1701-1902,Lack_Side_Table/0024_black_table_04_02_2019_08_20_11_12,8.040,1701,1902,201
6,flip table top,1970-01-01T00:00:04.320Z,1970-01-01T00:00:06.560Z,complete,case6:frames108-164,Lack_TV_Bench/0004_white_floor_08_04_2019_08_28_10_56,2.240,108,164,56
6,pick up leg,1970-01-01T00:00:06.920Z,1970-01-01T00:00:07.680Z,complete,case6:frames173-192,Lack_TV_Bench/0004_white_floor_08_04_2019_08_28_10_56,0.760,173,192,19
6,align leg screw with table thread,1970-01-01T00:00:08.120Z,1970-01-01T00:00:09.320Z,complete,case6:frames203-233,Lack_TV_Bench/0004_white_floor_08_04_2019_08_28_10_56,1.200,203,233,30
6,spin leg,1970-01-01T00:00:09.320Z,1970-01-01T00:00:24.040Z,complete,case6:frames233-601,Lack_TV_Bench/0004_white_floor_08_04_2019_08_28_10_56,14.720,233,601,368
6,pick up leg,1970-01-01T00:00:24.920Z,1970-01-01T00:00:25.920Z,complete,case6:frames623-648,Lack_TV_Bench/0004_white_floor_08_04_2019_08_28_10_56,1.000,623,648,25
6,align leg screw with table thread,1970-01-01T00:00:26.840Z,1970-01-01T00:00:28.240Z,complete,case6:frames671-706,Lack_TV_Bench/0004_white_floor_08_04_2019_08_28_10_56,1.400,671,706,35
6,spin leg,1970-01-01T00:00:28.240Z,1970-01-01T00:00:40.000Z,complete,case6:frames706-1000,Lack_TV_Bench/0004_white_floor_08_04_2019_08_28_10_56,11.760,706,1000,294
6,tighten leg,1970-01-01T00:00:40.000Z,1970-01-01T00:00:42.040Z,complete,case6:frames1000-1051,Lack_TV_Bench/0004_white_floor_08_04_2019_08_28_10_56,2.040,1000,1051,51
6,pick up leg,1970-01-01T00:00:45.960Z,1970-01-01T00:00:46.120Z,complete,case6:frames1149-1153,Lack_TV_Bench/0004_white_floor_08_04_2019_08_28_10_56,0.160,1149,1153,4
6,align leg screw with table thread,1970-01-01T00:00:46.600Z,1970-01-01T00:00:47.480Z,complete,case6:frames1165-1187,Lack_TV_Bench/0004_white_floor_08_04_2019_08_28_10_56,0.880,1165,1187,22
6,spin leg,1970-01-01T00:00:47.480Z,1970-01-01T00:00:58.000Z,complete,case6:frames1187-1450,Lack_TV_Bench/0004_white_floor_08_04_2019_08_28_10_56,10.520,1187,1450,263
6,pick up leg,1970-01-01T00:00:58.480Z,1970-01-01T00:00:59.640Z,complete,case6:frames1462-1491,Lack_TV_Bench/0004_white_floor_08_04_2019_08_28_10_56,1.160,1462,1491,29
6,align leg screw with table thread,1970-01-01T00:01:00.240Z,1970-01-01T00:01:00.960Z,complete,case6:frames1506-1524,Lack_TV_Bench/0004_white_floor_08_04_2019_08_28_10_56,0.720,1506,1524,18
6,spin leg,1970-01-01T00:01:00.960Z,1970-01-01T00:01:12.720Z,complete,case6:frames1524-1818,Lack_TV_Bench/0004_white_floor_08_04_2019_08_28_10_56,11.760,1524,1818,294
6,flip table,1970-01-01T00:01:13.560Z,1970-01-01T00:01:17.840Z,complete,case6:frames1839-1946,Lack_TV_Bench/0004_white_floor_08_04_2019_08_28_10_56,4.280,1839,1946,107
6,pick up shelf,1970-01-01T00:01:18.440Z,1970-01-01T00:01:22.040Z,complete,case6:frames1961-2051,Lack_TV_Bench/0004_white_floor_08_04_2019_08_28_10_56,3.600,1961,2051,90
6,attach shelf to table,1970-01-01T00:01:22.960Z,1970-01-01T00:01:36.240Z,complete,case6:frames2074-2406,Lack_TV_Bench/0004_white_floor_08_04_2019_08_28_10_56,13.280,2074,2406,332
60,pick up table top,1970-01-01T00:00:00.000Z,1970-01-01T00:00:05.720Z,complete,case60:frames0-143,Lack_Side_Table/0031_oak_table_04_02_2019_08_20_14_13,5.720,0,143,143
60,lay down table top,1970-01-01T00:00:05.720Z,1970-01-01T00:00:07.400Z,complete,case60:frames143-185,Lack_Side_Table/0031_oak_table_04_02_2019_08_20_14_13,1.680,143,185,42
60,pick up leg,1970-01-01T00:00:07.400Z,1970-01-01T00:00:08.920Z,complete,case60:frames185-223,Lack_Side_Table/0031_oak_table_04_02_2019_08_20_14_13,1.520,185,223,38
60,align leg screw with table thread,1970-01-01T00:00:08.920Z,1970-01-01T00:00:11.040Z,complete,case60:frames223-276,Lack_Side_Table/0031_oak_table_04_02_2019_08_20_14_13,2.120,223,276,53
60,spin leg,1970-01-01T00:00:11.040Z,1970-01-01T00:00:27.800Z,complete,case60:frames276-695,Lack_Side_Table/0031_oak_table_04_02_2019_08_20_14_13,16.760,276,695,419
60,pick up leg,1970-01-01T00:00:27.800Z,1970-01-01T00:00:29.280Z,complete,case60:frames695-732,Lack_Side_Table/0031_oak_table_04_02_2019_08_20_14_13,1.480,695,732,37
60,align leg screw with table thread,1970-01-01T00:00:29.280Z,1970-01-01T00:00:32.160Z,complete,case60:frames732-804,Lack_Side_Table/0031_oak_table_04_02_2019_08_20_14_13,2.880,732,804,72
60,spin leg,1970-01-01T00:00:32.160Z,1970-01-01T00:00:54.200Z,complete,case60:frames804-1355,Lack_Side_Table/0031_oak_table_04_02_2019_08_20_14_13,22.040,804,1355,551
60,rotate table,1970-01-01T00:00:54.200Z,1970-01-01T00:00:58.120Z,complete,case60:frames1355-1453,Lack_Side_Table/0031_oak_table_04_02_2019_08_20_14_13,3.920,1355,1453,98
60,pick up leg,1970-01-01T00:00:58.120Z,1970-01-01T00:00:59.640Z,complete,case60:frames1453-1491,Lack_Side_Table/0031_oak_table_04_02_2019_08_20_14_13,1.520,1453,1491,38
60,align leg screw with table thread,1970-01-01T00:00:59.640Z,1970-01-01T00:01:01.440Z,complete,case60:frames1491-1536,Lack_Side_Table/0031_oak_table_04_02_2019_08_20_14_13,1.800,1491,1536,45
60,spin leg,1970-01-01T00:01:01.440Z,1970-01-01T00:01:25.760Z,complete,case60:frames1536-2144,Lack_Side_Table/0031_oak_table_04_02_2019_08_20_14_13,24.320,1536,2144,608
60,pick up leg,1970-01-01T00:01:25.760Z,1970-01-01T00:01:28.040Z,complete,case60:frames2144-2201,Lack_Side_Table/0031_oak_table_04_02_2019_08_20_14_13,2.280,2144,2201,57
60,align leg screw with table thread,1970-01-01T00:01:28.040Z,1970-01-01T00:01:30.000Z,complete,case60:frames2201-2250,Lack_Side_Table/0031_oak_table_04_02_2019_08_20_14_13,1.960,2201,2250,49
60,spin leg,1970-01-01T00:01:30.000Z,1970-01-01T00:01:53.680Z,complete,case60:frames2250-2842,Lack_Side_Table/0031_oak_table_04_02_2019_08_20_14_13,23.680,2250,2842,592
60,flip table,1970-01-01T00:01:53.680Z,1970-01-01T00:01:57.920Z,complete,case60:frames2842-2948,Lack_Side_Table/0031_oak_table_04_02_2019_08_20_14_13,4.240,2842,2948,106
61,pick up leg,1970-01-01T00:00:02.200Z,1970-01-01T00:00:03.760Z,complete,case61:frames55-94,Lack_Side_Table/0012_black_table_04_02_2019_08_20_11_42,1.560,55,94,39
61,align leg screw with table thread,1970-01-01T00:00:03.760Z,1970-01-01T00:00:06.160Z,complete,case61:frames94-154,Lack_Side_Table/0012_black_table_04_02_2019_08_20_11_42,2.400,94,154,60
61,spin leg,1970-01-01T00:00:06.160Z,1970-01-01T00:00:21.240Z,complete,case61:frames154-531,Lack_Side_Table/0012_black_table_04_02_2019_08_20_11_42,15.080,154,531,377
61,pick up leg,1970-01-01T00:00:21.880Z,1970-01-01T00:00:23.600Z,complete,case61:frames547-590,Lack_Side_Table/0012_black_table_04_02_2019_08_20_11_42,1.720,547,590,43
61,lay down leg,1970-01-01T00:00:23.600Z,1970-01-01T00:00:25.960Z,complete,case61:frames590-649,Lack_Side_Table/0012_black_table_04_02_2019_08_20_11_42,2.360,590,649,59
61,spin leg,1970-01-01T00:00:25.960Z,1970-01-01T00:00:31.000Z,complete,case61:frames649-775,Lack_Side_Table/0012_black_table_04_02_2019_08_20_11_42,5.040,649,775,126
61,pick up leg,1970-01-01T00:00:31.000Z,1970-01-01T00:00:31.960Z,complete,case61:frames775-799,Lack_Side_Table/0012_black_table_04_02_2019_08_20_11_42,0.960,775,799,24
61,align leg screw with table thread,1970-01-01T00:00:32.440Z,1970-01-01T00:00:34.000Z,complete,case61:frames811-850,Lack_Side_Table/0012_black_table_04_02_2019_08_20_11_42,1.560,811,850,39
61,spin leg,1970-01-01T00:00:34.000Z,1970-01-01T00:00:58.400Z,complete,case61:frames850-1460,Lack_Side_Table/0012_black_table_04_02_2019_08_20_11_42,24.400,850,1460,610
61,pick up leg,1970-01-01T00:00:59.200Z,1970-01-01T00:01:00.480Z,complete,case61:frames1480-1512,Lack_Side_Table/0012_black_table_04_02_2019_08_20_11_42,1.280,1480,1512,32
61,align leg screw with table thread,1970-01-01T00:01:01.240Z,1970-01-01T00:01:02.360Z,complete,case61:frames1531-1559,Lack_Side_Table/0012_black_table_04_02_2019_08_20_11_42,1.120,1531,1559,28
61,spin leg,1970-01-01T00:01:02.360Z,1970-01-01T00:01:25.640Z,complete,case61:frames1559-2141,Lack_Side_Table/0012_black_table_04_02_2019_08_20_11_42,23.280,1559,2141,582
61,pick up leg,1970-01-01T00:01:26.920Z,1970-01-01T00:01:27.840Z,complete,case61:frames2173-2196,Lack_Side_Table/0012_black_table_04_02_2019_08_20_11_42,0.920,2173,2196,23
61,align leg screw with table thread,1970-01-01T00:01:28.960Z,1970-01-01T00:01:31.160Z,complete,case61:frames2224-2279,Lack_Side_Table/0012_black_table_04_02_2019_08_20_11_42,2.200,2224,2279,55
61,spin leg,1970-01-01T00:01:31.160Z,1970-01-01T00:01:50.680Z,complete,case61:frames2279-2767,Lack_Side_Table/0012_black_table_04_02_2019_08_20_11_42,19.520,2279,2767,488
61,flip table,1970-01-01T00:01:51.800Z,1970-01-01T00:02:02.360Z,complete,case61:frames2795-3059,Lack_Side_Table/0012_black_table_04_02_2019_08_20_11_42,10.560,2795,3059,264
62,pick up leg,1970-01-01T00:00:02.240Z,1970-01-01T00:00:04.080Z,complete,case62:frames56-102,Lack_Side_Table/0006_white_table_04_02_2019_08_20_11_57,1.840,56,102,46
62,align leg screw with table thread,1970-01-01T00:00:04.080Z,1970-01-01T00:00:05.920Z,complete,case62:frames102-148,Lack_Side_Table/0006_white_table_04_02_2019_08_20_11_57,1.840,102,148,46
62,spin leg,1970-01-01T00:00:05.920Z,1970-01-01T00:00:16.720Z,complete,case62:frames148-418,Lack_Side_Table/0006_white_table_04_02_2019_08_20_11_57,10.800,148,418,270
62,tighten leg,1970-01-01T00:00:16.720Z,1970-01-01T00:00:22.640Z,complete,case62:frames418-566,Lack_Side_Table/0006_white_table_04_02_2019_08_20_11_57,5.920,418,566,148
62,pick up leg,1970-01-01T00:00:23.200Z,1970-01-01T00:00:25.280Z,complete,case62:frames580-632,Lack_Side_Table/0006_white_table_04_02_2019_08_20_11_57,2.080,580,632,52
62,align leg screw with table thread,1970-01-01T00:00:25.280Z,1970-01-01T00:00:27.680Z,complete,case62:frames632-692,Lack_Side_Table/0006_white_table_04_02_2019_08_20_11_57,2.400,632,692,60
62,spin leg,1970-01-01T00:00:27.680Z,1970-01-01T00:00:42.440Z,complete,case62:frames692-1061,Lack_Side_Table/0006_white_table_04_02_2019_08_20_11_57,14.760,692,1061,369
62,tighten leg,1970-01-01T00:00:42.440Z,1970-01-01T00:00:45.240Z,complete,case62:frames1061-1131,Lack_Side_Table/0006_white_table_04_02_2019_08_20_11_57,2.800,1061,1131,70
62,rotate table,1970-01-01T00:00:45.400Z,1970-01-01T00:00:49.200Z,complete,case62:frames1135-1230,Lack_Side_Table/0006_white_table_04_02_2019_08_20_11_57,3.800,1135,1230,95
62,pick up leg,1970-01-01T00:00:49.880Z,1970-01-01T00:00:51.000Z,complete,case62:frames1247-1275,Lack_Side_Table/0006_white_table_04_02_2019_08_20_11_57,1.120,1247,1275,28
62,align leg screw with table thread,1970-01-01T00:00:51.000Z,1970-01-01T00:00:52.720Z,complete,case62:frames1275-1318,Lack_Side_Table/0006_white_table_04_02_2019_08_20_11_57,1.720,1275,1318,43
62,spin leg,1970-01-01T00:00:52.720Z,1970-01-01T00:01:06.480Z,complete,case62:frames1318-1662,Lack_Side_Table/0006_white_table_04_02_2019_08_20_11_57,13.760,1318,1662,344
62,tighten leg,1970-01-01T00:01:06.480Z,1970-01-01T00:01:12.800Z,complete,case62:frames1662-1820,Lack_Side_Table/0006_white_table_04_02_2019_08_20_11_57,6.320,1662,1820,158
62,rotate table,1970-01-01T00:01:12.800Z,1970-01-01T00:01:15.200Z,complete,case62:frames1820-1880,Lack_Side_Table/0006_white_table_04_02_2019_08_20_11_57,2.400,1820,1880,60
62,pick up leg,1970-01-01T00:01:15.200Z,1970-01-01T00:01:17.000Z,complete,case62:frames1880-1925,Lack_Side_Table/0006_white_table_04_02_2019_08_20_11_57,1.800,1880,1925,45
62,align leg screw with table thread,1970-01-01T00:01:17.000Z,1970-01-01T00:01:19.000Z,complete,case62:frames1925-1975,Lack_Side_Table/0006_white_table_04_02_2019_08_20_11_57,2.000,1925,1975,50
62,spin leg,1970-01-01T00:01:19.000Z,1970-01-01T00:01:34.160Z,complete,case62:frames1975-2354,Lack_Side_Table/0006_white_table_04_02_2019_08_20_11_57,15.160,1975,2354,379
62,tighten leg,1970-01-01T00:01:34.160Z,1970-01-01T00:01:41.480Z,complete,case62:frames2354-2537,Lack_Side_Table/0006_white_table_04_02_2019_08_20_11_57,7.320,2354,2537,183
62,flip table,1970-01-01T00:01:42.440Z,1970-01-01T00:01:50.040Z,complete,case62:frames2561-2751,Lack_Side_Table/0006_white_table_04_02_2019_08_20_11_57,7.600,2561,2751,190
63,pick up leg,1970-01-01T00:00:02.440Z,1970-01-01T00:00:04.120Z,complete,case63:frames61-103,Lack_Side_Table/0006_oak_floor_08_04_2019_08_28_12_05,1.680,61,103,42
63,spin leg,1970-01-01T00:00:04.920Z,1970-01-01T00:00:17.960Z,complete,case63:frames123-449,Lack_Side_Table/0006_oak_floor_08_04_2019_08_28_12_05,13.040,123,449,326
63,pick up leg,1970-01-01T00:00:18.480Z,1970-01-01T00:00:19.640Z,complete,case63:frames462-491,Lack_Side_Table/0006_oak_floor_08_04_2019_08_28_12_05,1.160,462,491,29
63,spin leg,1970-01-01T00:00:20.320Z,1970-01-01T00:00:33.360Z,complete,case63:frames508-834,Lack_Side_Table/0006_oak_floor_08_04_2019_08_28_12_05,13.040,508,834,326
63,rotate table,1970-01-01T00:00:34.160Z,1970-01-01T00:00:35.320Z,complete,case63:frames854-883,Lack_Side_Table/0006_oak_floor_08_04_2019_08_28_12_05,1.160,854,883,29
63,pick up leg,1970-01-01T00:00:35.680Z,1970-01-01T00:00:37.520Z,complete,case63:frames892-938,Lack_Side_Table/0006_oak_floor_08_04_2019_08_28_12_05,1.840,892,938,46
63,spin leg,1970-01-01T00:00:37.760Z,1970-01-01T00:01:00.400Z,complete,case63:frames944-1510,Lack_Side_Table/0006_oak_floor_08_04_2019_08_28_12_05,22.640,944,1510,566
63,rotate table,1970-01-01T00:01:00.520Z,1970-01-01T00:01:04.160Z,complete,case63:frames1513-1604,Lack_Side_Table/0006_oak_floor_08_04_2019_08_28_12_05,3.640,1513,1604,91
63,pick up leg,1970-01-01T00:01:04.280Z,1970-01-01T00:01:05.440Z,complete,case63:frames1607-1636,Lack_Side_Table/0006_oak_floor_08_04_2019_08_28_12_05,1.160,1607,1636,29
63,spin leg,1970-01-01T00:01:06.360Z,1970-01-01T00:01:19.160Z,complete,case63:frames1659-1979,Lack_Side_Table/0006_oak_floor_08_04_2019_08_28_12_05,12.800,1659,1979,320
63,flip table,1970-01-01T00:01:20.040Z,1970-01-01T00:01:24.840Z,complete,case63:frames2001-2121,Lack_Side_Table/0006_oak_floor_08_04_2019_08_28_12_05,4.800,2001,2121,120
64,flip table top,1970-01-01T00:00:03.400Z,1970-01-01T00:00:05.640Z,complete,case64:frames85-141,Lack_Side_Table/0002_white_floor_05_02_2019_08_19_17_39,2.240,85,141,56
64,pick up leg,1970-01-01T00:00:06.320Z,1970-01-01T00:00:07.400Z,complete,case64:frames158-185,Lack_Side_Table/0002_white_floor_05_02_2019_08_19_17_39,1.080,158,185,27
64,align leg screw with table thread,1970-01-01T00:00:07.400Z,1970-01-01T00:00:09.040Z,complete,case64:frames185-226,Lack_Side_Table/0002_white_floor_05_02_2019_08_19_17_39,1.640,185,226,41
64,spin leg,1970-01-01T00:00:09.040Z,1970-01-01T00:00:22.080Z,complete,case64:frames226-552,Lack_Side_Table/0002_white_floor_05_02_2019_08_19_17_39,13.040,226,552,326
64,push table,1970-01-01T00:00:22.640Z,1970-01-01T00:00:23.400Z,complete,case64:frames566-585,Lack_Side_Table/0002_white_floor_05_02_2019_08_19_17_39,0.760,566,585,19
64,pick up leg,1970-01-01T00:00:23.400Z,1970-01-01T00:00:24.320Z,complete,case64:frames585-608,Lack_Side_Table/0002_white_floor_05_02_2019_08_19_17_39,0.920,585,608,23
64,align leg screw with table thread,1970-01-01T00:00:24.320Z,1970-01-01T00:00:25.960Z,complete,case64:frames608-649,Lack_Side_Table/0002_white_floor_05_02_2019_08_19_17_39,1.640,608,649,41
64,spin leg,1970-01-01T00:00:25.960Z,1970-01-01T00:00:39.440Z,complete,case64:frames649-986,Lack_Side_Table/0002_white_floor_05_02_2019_08_19_17_39,13.480,649,986,337
64,rotate table,1970-01-01T00:00:39.920Z,1970-01-01T00:00:41.160Z,complete,case64:frames998-1029,Lack_Side_Table/0002_white_floor_05_02_2019_08_19_17_39,1.240,998,1029,31
64,rotate table,1970-01-01T00:00:41.240Z,1970-01-01T00:00:41.600Z,complete,case64:frames1031-1040,Lack_Side_Table/0002_white_floor_05_02_2019_08_19_17_39,0.360,1031,1040,9
64,pick up leg,1970-01-01T00:00:41.600Z,1970-01-01T00:00:42.800Z,complete,case64:frames1040-1070,Lack_Side_Table/0002_white_floor_05_02_2019_08_19_17_39,1.200,1040,1070,30
64,align leg screw with table thread,1970-01-01T00:00:42.800Z,1970-01-01T00:00:44.760Z,complete,case64:frames1070-1119,Lack_Side_Table/0002_white_floor_05_02_2019_08_19_17_39,1.960,1070,1119,49
64,spin leg,1970-01-01T00:00:44.760Z,1970-01-01T00:01:01.040Z,complete,case64:frames1119-1526,Lack_Side_Table/0002_white_floor_05_02_2019_08_19_17_39,16.280,1119,1526,407
64,rotate table,1970-01-01T00:01:01.480Z,1970-01-01T00:01:02.440Z,complete,case64:frames1537-1561,Lack_Side_Table/0002_white_floor_05_02_2019_08_19_17_39,0.960,1537,1561,24
64,pick up leg,1970-01-01T00:01:02.440Z,1970-01-01T00:01:03.720Z,complete,case64:frames1561-1593,Lack_Side_Table/0002_white_floor_05_02_2019_08_19_17_39,1.280,1561,1593,32
64,align leg screw with table thread,1970-01-01T00:01:03.720Z,1970-01-01T00:01:05.320Z,complete,case64:frames1593-1633,Lack_Side_Table/0002_white_floor_05_02_2019_08_19_17_39,1.600,1593,1633,40
64,spin leg,1970-01-01T00:01:05.320Z,1970-01-01T00:01:19.760Z,complete,case64:frames1633-1994,Lack_Side_Table/0002_white_floor_05_02_2019_08_19_17_39,14.440,1633,1994,361
64,flip table,1970-01-01T00:01:20.160Z,1970-01-01T00:01:24.080Z,complete,case64:frames2004-2102,Lack_Side_Table/0002_white_floor_05_02_2019_08_19_17_39,3.920,2004,2102,98
65,flip table,1970-01-01T00:00:02.360Z,1970-01-01T00:00:08.680Z,complete,case65:frames59-217,Lack_Side_Table/0029_oak_table_04_02_2019_08_20_11_26,6.320,59,217,158
65,pick up leg,1970-01-01T00:00:08.680Z,1970-01-01T00:00:10.560Z,complete,case65:frames217-264,Lack_Side_Table/0029_oak_table_04_02_2019_08_20_11_26,1.880,217,264,47
65,align leg screw with table thread,1970-01-01T00:00:10.560Z,1970-01-01T00:00:12.320Z,complete,case65:frames264-308,Lack_Side_Table/0029_oak_table_04_02_2019_08_20_11_26,1.760,264,308,44
65,spin leg,1970-01-01T00:00:12.320Z,1970-01-01T00:00:26.600Z,complete,case65:frames308-665,Lack_Side_Table/0029_oak_table_04_02_2019_08_20_11_26,14.280,308,665,357
65,pick up leg,1970-01-01T00:00:26.600Z,1970-01-01T00:00:27.600Z,complete,case65:frames665-690,Lack_Side_Table/0029_oak_table_04_02_2019_08_20_11_26,1.000,665,690,25
65,align leg screw with table thread,1970-01-01T00:00:28.200Z,1970-01-01T00:00:29.360Z,complete,case65:frames705-734,Lack_Side_Table/0029_oak_table_04_02_2019_08_20_11_26,1.160,705,734,29
65,spin leg,1970-01-01T00:00:29.360Z,1970-01-01T00:00:48.600Z,complete,case65:frames734-1215,Lack_Side_Table/0029_oak_table_04_02_2019_08_20_11_26,19.240,734,1215,481
65,rotate table,1970-01-01T00:00:49.200Z,1970-01-01T00:00:54.040Z,complete,case65:frames1230-1351,Lack_Side_Table/0029_oak_table_04_02_2019_08_20_11_26,4.840,1230,1351,121
65,pick up leg,1970-01-01T00:00:54.040Z,1970-01-01T00:00:55.200Z,complete,case65:frames1351-1380,Lack_Side_Table/0029_oak_table_04_02_2019_08_20_11_26,1.160,1351,1380,29
65,align leg screw with table thread,1970-01-01T00:00:56.520Z,1970-01-01T00:00:57.400Z,complete,case65:frames1413-1435,Lack_Side_Table/0029_oak_table_04_02_2019_08_20_11_26,0.880,1413,1435,22
65,spin leg,1970-01-01T00:00:57.560Z,1970-01-01T00:01:25.480Z,complete,case65:frames1439-2137,Lack_Side_Table/0029_oak_table_04_02_2019_08_20_11_26,27.920,1439,2137,698
65,pick up leg,1970-01-01T00:01:25.480Z,1970-01-01T00:01:28.120Z,complete,case65:frames2137-2203,Lack_Side_Table/0029_oak_table_04_02_2019_08_20_11_26,2.640,2137,2203,66
65,align leg screw with table thread,1970-01-01T00:01:28.120Z,1970-01-01T00:01:29.160Z,complete,case65:frames2203-2229,Lack_Side_Table/0029_oak_table_04_02_2019_08_20_11_26,1.040,2203,2229,26
65,spin leg,1970-01-01T00:01:29.160Z,1970-01-01T00:01:48.520Z,complete,case65:frames2229-2713,Lack_Side_Table/0029_oak_table_04_02_2019_08_20_11_26,19.360,2229,2713,484
65,flip table,1970-01-01T00:01:48.520Z,1970-01-01T00:01:55.280Z,complete,case65:frames2713-2882,Lack_Side_Table/0029_oak_table_04_02_2019_08_20_11_26,6.760,2713,2882,169
66,align leg screw with table thread,1970-01-01T00:00:03.360Z,1970-01-01T00:00:05.280Z,complete,case66:frames84-132,Lack_Side_Table/0023_oak_table_04_02_2019_08_20_13_58,1.920,84,132,48
66,spin leg,1970-01-01T00:00:05.280Z,1970-01-01T00:00:26.560Z,complete,case66:frames132-664,Lack_Side_Table/0023_oak_table_04_02_2019_08_20_13_58,21.280,132,664,532
66,pick up leg,1970-01-01T00:00:27.000Z,1970-01-01T00:00:28.040Z,complete,case66:frames675-701,Lack_Side_Table/0023_oak_table_04_02_2019_08_20_13_58,1.040,675,701,26
66,align leg screw with table thread,1970-01-01T00:00:28.720Z,1970-01-01T00:00:31.200Z,complete,case66:frames718-780,Lack_Side_Table/0023_oak_table_04_02_2019_08_20_13_58,2.480,718,780,62
66,spin leg,1970-01-01T00:00:31.200Z,1970-01-01T00:00:48.960Z,complete,case66:frames780-1224,Lack_Side_Table/0023_oak_table_04_02_2019_08_20_13_58,17.760,780,1224,444
66,tighten leg,1970-01-01T00:00:48.960Z,1970-01-01T00:00:51.880Z,complete,case66:frames1224-1297,Lack_Side_Table/0023_oak_table_04_02_2019_08_20_13_58,2.920,1224,1297,73
66,rotate table,1970-01-01T00:00:52.040Z,1970-01-01T00:00:53.560Z,complete,case66:frames1301-1339,Lack_Side_Table/0023_oak_table_04_02_2019_08_20_13_58,1.520,1301,1339,38
66,pick up leg,1970-01-01T00:00:53.960Z,1970-01-01T00:00:54.840Z,complete,case66:frames1349-1371,Lack_Side_Table/0023_oak_table_04_02_2019_08_20_13_58,0.880,1349,1371,22
66,align leg screw with table thread,1970-01-01T00:00:57.920Z,1970-01-01T00:01:01.000Z,complete,case66:frames1448-1525,Lack_Side_Table/0023_oak_table_04_02_2019_08_20_13_58,3.080,1448,1525,77
66,spin leg,1970-01-01T00:01:01.000Z,1970-01-01T00:01:19.000Z,complete,case66:frames1525-1975,Lack_Side_Table/0023_oak_table_04_02_2019_08_20_13_58,18.000,1525,1975,450
66,tighten leg,1970-01-01T00:01:19.000Z,1970-01-01T00:01:20.760Z,complete,case66:frames1975-2019,Lack_Side_Table/0023_oak_table_04_02_2019_08_20_13_58,1.760,1975,2019,44
66,rotate table,1970-01-01T00:01:24.680Z,1970-01-01T00:01:26.720Z,complete,case66:frames2117-2168,Lack_Side_Table/0023_oak_table_04_02_2019_08_20_13_58,2.040,2117,2168,51
66,pick up leg,1970-01-01T00:01:27.880Z,1970-01-01T00:01:28.480Z,complete,case66:frames2197-2212,Lack_Side_Table/0023_oak_table_04_02_2019_08_20_13_58,0.600,2197,2212,15
66,align leg screw with table thread,1970-01-01T00:01:28.840Z,1970-01-01T00:01:30.880Z,complete,case66:frames2221-2272,Lack_Side_Table/0023_oak_table_04_02_2019_08_20_13_58,2.040,2221,2272,51
66,spin leg,1970-01-01T00:01:30.880Z,1970-01-01T00:01:48.760Z,complete,case66:frames2272-2719,Lack_Side_Table/0023_oak_table_04_02_2019_08_20_13_58,17.880,2272,2719,447
66,tighten leg,1970-01-01T00:01:48.760Z,1970-01-01T00:01:54.520Z,complete,case66:frames2719-2863,Lack_Side_Table/0023_oak_table_04_02_2019_08_20_13_58,5.760,2719,2863,144
66,flip table,1970-01-01T00:01:57.480Z,1970-01-01T00:02:05.240Z,complete,case66:frames2937-3131,Lack_Side_Table/0023_oak_table_04_02_2019_08_20_13_58,7.760,2937,3131,194
67,pick up leg,1970-01-01T00:00:01.920Z,1970-01-01T00:00:04.040Z,complete,case67:frames48-101,Lack_Side_Table/0023_white_floor_05_02_2019_08_19_16_05,2.120,48,101,53
67,align leg screw with table thread,1970-01-01T00:00:04.040Z,1970-01-01T00:00:06.280Z,complete,case67:frames101-157,Lack_Side_Table/0023_white_floor_05_02_2019_08_19_16_05,2.240,101,157,56
67,spin leg,1970-01-01T00:00:06.280Z,1970-01-01T00:00:28.680Z,complete,case67:frames157-717,Lack_Side_Table/0023_white_floor_05_02_2019_08_19_16_05,22.400,157,717,560
67,pick up leg,1970-01-01T00:00:28.680Z,1970-01-01T00:00:30.320Z,complete,case67:frames717-758,Lack_Side_Table/0023_white_floor_05_02_2019_08_19_16_05,1.640,717,758,41
67,align leg screw with table thread,1970-01-01T00:00:30.320Z,1970-01-01T00:00:32.560Z,complete,case67:frames758-814,Lack_Side_Table/0023_white_floor_05_02_2019_08_19_16_05,2.240,758,814,56
67,spin leg,1970-01-01T00:00:32.560Z,1970-01-01T00:00:55.920Z,complete,case67:frames814-1398,Lack_Side_Table/0023_white_floor_05_02_2019_08_19_16_05,23.360,814,1398,584
67,pick up leg,1970-01-01T00:00:57.360Z,1970-01-01T00:00:59.000Z,complete,case67:frames1434-1475,Lack_Side_Table/0023_white_floor_05_02_2019_08_19_16_05,1.640,1434,1475,41
67,align leg screw with table thread,1970-01-01T00:00:59.000Z,1970-01-01T00:01:00.120Z,complete,case67:frames1475-1503,Lack_Side_Table/0023_white_floor_05_02_2019_08_19_16_05,1.120,1475,1503,28
67,spin leg,1970-01-01T00:01:00.120Z,1970-01-01T00:01:26.080Z,complete,case67:frames1503-2152,Lack_Side_Table/0023_white_floor_05_02_2019_08_19_16_05,25.960,1503,2152,649
67,pick up leg,1970-01-01T00:01:27.360Z,1970-01-01T00:01:29.440Z,complete,case67:frames2184-2236,Lack_Side_Table/0023_white_floor_05_02_2019_08_19_16_05,2.080,2184,2236,52
67,align leg screw with table thread,1970-01-01T00:01:29.440Z,1970-01-01T00:01:30.920Z,complete,case67:frames2236-2273,Lack_Side_Table/0023_white_floor_05_02_2019_08_19_16_05,1.480,2236,2273,37
67,spin leg,1970-01-01T00:01:30.920Z,1970-01-01T00:01:56.520Z,complete,case67:frames2273-2913,Lack_Side_Table/0023_white_floor_05_02_2019_08_19_16_05,25.600,2273,2913,640
67,flip table,1970-01-01T00:01:56.520Z,1970-01-01T00:02:05.400Z,complete,case67:frames2913-3135,Lack_Side_Table/0023_white_floor_05_02_2019_08_19_16_05,8.880,2913,3135,222
68,pick up leg,1970-01-01T00:00:03.160Z,1970-01-01T00:00:04.680Z,complete,case68:frames79-117,Lack_Side_Table/0014_white_floor_05_02_2019_08_19_12_33,1.520,79,117,38
68,spin leg,1970-01-01T00:00:05.320Z,1970-01-01T00:00:16.040Z,complete,case68:frames133-401,Lack_Side_Table/0014_white_floor_05_02_2019_08_19_12_33,10.720,133,401,268
68,pick up leg,1970-01-01T00:00:16.640Z,1970-01-01T00:00:18.280Z,complete,case68:frames416-457,Lack_Side_Table/0014_white_floor_05_02_2019_08_19_12_33,1.640,416,457,41
68,spin leg,1970-01-01T00:00:19.280Z,1970-01-01T00:00:31.960Z,complete,case68:frames482-799,Lack_Side_Table/0014_white_floor_05_02_2019_08_19_12_33,12.680,482,799,317
68,rotate table,1970-01-01T00:00:33.200Z,1970-01-01T00:00:34.400Z,complete,case68:frames830-860,Lack_Side_Table/0014_white_floor_05_02_2019_08_19_12_33,1.200,830,860,30
68,pick up leg,1970-01-01T00:00:35.760Z,1970-01-01T00:00:36.760Z,complete,case68:frames894-919,Lack_Side_Table/0014_white_floor_05_02_2019_08_19_12_33,1.000,894,919,25
68,spin leg,1970-01-01T00:00:37.880Z,1970-01-01T00:00:50.560Z,complete,case68:frames947-1264,Lack_Side_Table/0014_white_floor_05_02_2019_08_19_12_33,12.680,947,1264,317
68,rotate table,1970-01-01T00:00:51.560Z,1970-01-01T00:00:53.600Z,complete,case68:frames1289-1340,Lack_Side_Table/0014_white_floor_05_02_2019_08_19_12_33,2.040,1289,1340,51
68,pick up leg,1970-01-01T00:00:53.920Z,1970-01-01T00:00:55.240Z,complete,case68:frames1348-1381,Lack_Side_Table/0014_white_floor_05_02_2019_08_19_12_33,1.320,1348,1381,33
68,spin leg,1970-01-01T00:00:55.360Z,1970-01-01T00:01:08.000Z,complete,case68:frames1384-1700,Lack_Side_Table/0014_white_floor_05_02_2019_08_19_12_33,12.640,1384,1700,316
68,flip table,1970-01-01T00:01:08.640Z,1970-01-01T00:01:12.800Z,complete,case68:frames1716-1820,Lack_Side_Table/0014_white_floor_05_02_2019_08_19_12_33,4.160,1716,1820,104
69,pick up leg,1970-01-01T00:00:01.320Z,1970-01-01T00:00:02.240Z,complete,case69:frames33-56,Lack_Side_Table/0041_oak_floor_08_04_2019_08_28_12_17,0.920,33,56,23
69,align leg screw with table thread,1970-01-01T00:00:02.240Z,1970-01-01T00:00:04.160Z,complete,case69:frames56-104,Lack_Side_Table/0041_oak_floor_08_04_2019_08_28_12_17,1.920,56,104,48
69,spin leg,1970-01-01T00:00:04.160Z,1970-01-01T00:00:17.920Z,complete,case69:frames104-448,Lack_Side_Table/0041_oak_floor_08_04_2019_08_28_12_17,13.760,104,448,344
69,pick up leg,1970-01-01T00:00:17.920Z,1970-01-01T00:00:19.320Z,complete,case69:frames448-483,Lack_Side_Table/0041_oak_floor_08_04_2019_08_28_12_17,1.400,448,483,35
69,align leg screw with table thread,1970-01-01T00:00:19.320Z,1970-01-01T00:00:20.400Z,complete,case69:frames483-510,Lack_Side_Table/0041_oak_floor_08_04_2019_08_28_12_17,1.080,483,510,27
69,spin leg,1970-01-01T00:00:20.400Z,1970-01-01T00:00:39.520Z,complete,case69:frames510-988,Lack_Side_Table/0041_oak_floor_08_04_2019_08_28_12_17,19.120,510,988,478
69,rotate table,1970-01-01T00:00:39.520Z,1970-01-01T00:00:40.720Z,complete,case69:frames988-1018,Lack_Side_Table/0041_oak_floor_08_04_2019_08_28_12_17,1.200,988,1018,30
69,pick up leg,1970-01-01T00:00:40.720Z,1970-01-01T00:00:42.080Z,complete,case69:frames1018-1052,Lack_Side_Table/0041_oak_floor_08_04_2019_08_28_12_17,1.360,1018,1052,34
69,align leg screw with table thread,1970-01-01T00:00:42.080Z,1970-01-01T00:00:43.120Z,complete,case69:frames1052-1078,Lack_Side_Table/0041_oak_floor_08_04_2019_08_28_12_17,1.040,1052,1078,26
69,spin leg,1970-01-01T00:00:43.120Z,1970-01-01T00:01:04.640Z,complete,case69:frames1078-1616,Lack_Side_Table/0041_oak_floor_08_04_2019_08_28_12_17,21.520,1078,1616,538
69,rotate table,1970-01-01T00:01:04.640Z,1970-01-01T00:01:05.600Z,complete,case69:frames1616-1640,Lack_Side_Table/0041_oak_floor_08_04_2019_08_28_12_17,0.960,1616,1640,24
69,pick up leg,1970-01-01T00:01:05.600Z,1970-01-01T00:01:06.600Z,complete,case69:frames1640-1665,Lack_Side_Table/0041_oak_floor_08_04_2019_08_28_12_17,1.000,1640,1665,25
69,align leg screw with table thread,1970-01-01T00:01:06.600Z,1970-01-01T00:01:07.600Z,complete,case69:frames1665-1690,Lack_Side_Table/0041_oak_floor_08_04_2019_08_28_12_17,1.000,1665,1690,25
69,spin leg,1970-01-01T00:01:07.600Z,1970-01-01T00:01:26.280Z,complete,case69:frames1690-2157,Lack_Side_Table/0041_oak_floor_08_04_2019_08_28_12_17,18.680,1690,2157,467
69,flip table,1970-01-01T00:01:26.280Z,1970-01-01T00:01:31.160Z,complete,case69:frames2157-2279,Lack_Side_Table/0041_oak_floor_08_04_2019_08_28_12_17,4.880,2157,2279,122
7,lay down table top,1970-01-01T00:00:00.000Z,1970-01-01T00:00:01.240Z,complete,case7:frames0-31,Lack_TV_Bench/0031_black_table_04_02_2019_08_20_14_17,1.240,0,31,31
7,flip table top,1970-01-01T00:00:03.320Z,1970-01-01T00:00:06.880Z,complete,case7:frames83-172,Lack_TV_Bench/0031_black_table_04_02_2019_08_20_14_17,3.560,83,172,89
7,pick up leg,1970-01-01T00:00:07.160Z,1970-01-01T00:00:08.000Z,complete,case7:frames179-200,Lack_TV_Bench/0031_black_table_04_02_2019_08_20_14_17,0.840,179,200,21
7,align leg screw with table thread,1970-01-01T00:00:08.040Z,1970-01-01T00:00:10.280Z,complete,case7:frames201-257,Lack_TV_Bench/0031_black_table_04_02_2019_08_20_14_17,2.240,201,257,56
7,spin leg,1970-01-01T00:00:10.320Z,1970-01-01T00:00:27.200Z,complete,case7:frames258-680,Lack_TV_Bench/0031_black_table_04_02_2019_08_20_14_17,16.880,258,680,422
7,rotate table,1970-01-01T00:00:27.240Z,1970-01-01T00:00:31.760Z,complete,case7:frames681-794,Lack_TV_Bench/0031_black_table_04_02_2019_08_20_14_17,4.520,681,794,113
7,pick up leg,1970-01-01T00:00:32.080Z,1970-01-01T00:00:33.480Z,complete,case7:frames802-837,Lack_TV_Bench/0031_black_table_04_02_2019_08_20_14_17,1.400,802,837,35
7,align leg screw with table thread,1970-01-01T00:00:33.520Z,1970-01-01T00:00:34.880Z,complete,case7:frames838-872,Lack_TV_Bench/0031_black_table_04_02_2019_08_20_14_17,1.360,838,872,34
7,spin leg,1970-01-01T00:00:34.920Z,1970-01-01T00:00:49.200Z,complete,case7:frames873-1230,Lack_TV_Bench/0031_black_table_04_02_2019_08_20_14_17,14.280,873,1230,357
7,rotate table,1970-01-01T00:00:49.240Z,1970-01-01T00:00:52.480Z,complete,case7:frames1231-1312,Lack_TV_Bench/0031_black_table_04_02_2019_08_20_14_17,3.240,1231,1312,81
7,pick up leg,1970-01-01T00:00:52.720Z,1970-01-01T00:00:53.800Z,complete,case7:frames1318-1345,Lack_TV_Bench/0031_black_table_04_02_2019_08_20_14_17,1.080,1318,1345,27
7,align leg screw with table thread,1970-01-01T00:00:53.840Z,1970-01-01T00:00:56.280Z,complete,case7:frames1346-1407,Lack_TV_Bench/0031_black_table_04_02_2019_08_20_14_17,2.440,1346,1407,61
7,spin leg,1970-01-01T00:00:56.320Z,1970-01-01T00:01:29.800Z,complete,case7:frames1408-2245,Lack_TV_Bench/0031_black_table_04_02_2019_08_20_14_17,33.480,1408,2245,837
7,tighten leg,1970-01-01T00:01:29.840Z,1970-01-01T00:01:33.400Z,complete,case7:frames2246-2335,Lack_TV_Bench/0031_black_table_04_02_2019_08_20_14_17,3.560,2246,2335,89
7,rotate table,1970-01-01T00:01:33.400Z,1970-01-01T00:01:34.120Z,complete,case7:frames2335-2353,Lack_TV_Bench/0031_black_table_04_02_2019_08_20_14_17,0.720,2335,2353,18
7,tighten leg,1970-01-01T00:01:34.120Z,1970-01-01T00:01:38.720Z,complete,case7:frames2353-2468,Lack_TV_Bench/0031_black_table_04_02_2019_08_20_14_17,4.600,2353,2468,115
7,rotate table,1970-01-01T00:01:39.600Z,1970-01-01T00:01:40.240Z,complete,case7:frames2490-2506,Lack_TV_Bench/0031_black_table_04_02_2019_08_20_14_17,0.640,2490,2506,16
7,pick up leg,1970-01-01T00:01:41.080Z,1970-01-01T00:01:42.000Z,complete,case7:frames2527-2550,Lack_TV_Bench/0031_black_table_04_02_2019_08_20_14_17,0.920,2527,2550,23
7,align leg screw with table thread,1970-01-01T00:01:42.040Z,1970-01-01T00:01:44.520Z,complete,case7:frames2551-2613,Lack_TV_Bench/0031_black_table_04_02_2019_08_20_14_17,2.480,2551,2613,62
7,spin leg,1970-01-01T00:01:44.560Z,1970-01-01T00:01:56.480Z,complete,case7:frames2614-2912,Lack_TV_Bench/0031_black_table_04_02_2019_08_20_14_17,11.920,2614,2912,298
7,tighten leg,1970-01-01T00:01:56.520Z,1970-01-01T00:01:57.120Z,complete,case7:frames2913-2928,Lack_TV_Bench/0031_black_table_04_02_2019_08_20_14_17,0.600,2913,2928,15
7,rotate table,1970-01-01T00:01:57.120Z,1970-01-01T00:01:58.040Z,complete,case7:frames2928-2951,Lack_TV_Bench/0031_black_table_04_02_2019_08_20_14_17,0.920,2928,2951,23
7,tighten leg,1970-01-01T00:01:58.040Z,1970-01-01T00:02:02.200Z,complete,case7:frames2951-3055,Lack_TV_Bench/0031_black_table_04_02_2019_08_20_14_17,4.160,2951,3055,104
7,flip table,1970-01-01T00:02:03.840Z,1970-01-01T00:02:12.960Z,complete,case7:frames3096-3324,Lack_TV_Bench/0031_black_table_04_02_2019_08_20_14_17,9.120,3096,3324,228
7,pick up shelf,1970-01-01T00:02:13.600Z,1970-01-01T00:02:15.640Z,complete,case7:frames3340-3391,Lack_TV_Bench/0031_black_table_04_02_2019_08_20_14_17,2.040,3340,3391,51
7,attach shelf to table,1970-01-01T00:02:15.680Z,1970-01-01T00:02:24.120Z,complete,case7:frames3392-3603,Lack_TV_Bench/0031_black_table_04_02_2019_08_20_14_17,8.440,3392,3603,211
70,pick up table top,1970-01-01T00:00:03.440Z,1970-01-01T00:00:07.240Z,complete,case70:frames86-181,Lack_Side_Table/0040_oak_floor_08_04_2019_08_28_11_52,3.800,86,181,95
70,flip table top,1970-01-01T00:00:07.240Z,1970-01-01T00:00:11.440Z,complete,case70:frames181-286,Lack_Side_Table/0040_oak_floor_08_04_2019_08_28_11_52,4.200,181,286,105
70,lay down table top,1970-01-01T00:00:11.440Z,1970-01-01T00:00:14.280Z,complete,case70:frames286-357,Lack_Side_Table/0040_oak_floor_08_04_2019_08_28_11_52,2.840,286,357,71
70,pick up leg,1970-01-01T00:00:14.280Z,1970-01-01T00:00:16.560Z,complete,case70:frames357-414,Lack_Side_Table/0040_oak_floor_08_04_2019_08_28_11_52,2.280,357,414,57
70,align leg screw with table thread,1970-01-01T00:00:16.560Z,1970-01-01T00:00:21.320Z,complete,case70:frames414-533,Lack_Side_Table/0040_oak_floor_08_04_2019_08_28_11_52,4.760,414,533,119
70,spin leg,1970-01-01T00:00:21.320Z,1970-01-01T00:00:33.160Z,complete,case70:frames533-829,Lack_Side_Table/0040_oak_floor_08_04_2019_08_28_11_52,11.840,533,829,296
70,pick up leg,1970-01-01T00:00:37.920Z,1970-01-01T00:00:41.920Z,complete,case70:frames948-1048,Lack_Side_Table/0040_oak_floor_08_04_2019_08_28_11_52,4.000,948,1048,100
70,align leg screw with table thread,1970-01-01T00:00:44.760Z,1970-01-01T00:00:46.840Z,complete,case70:frames1119-1171,Lack_Side_Table/0040_oak_floor_08_04_2019_08_28_11_52,2.080,1119,1171,52
70,spin leg,1970-01-01T00:00:46.840Z,1970-01-01T00:01:18.280Z,complete,case70:frames1171-1957,Lack_Side_Table/0040_oak_floor_08_04_2019_08_28_11_52,31.440,1171,1957,786
70,pick up leg,1970-01-01T00:01:19.600Z,1970-01-01T00:01:22.840Z,complete,case70:frames1990-2071,Lack_Side_Table/0040_oak_floor_08_04_2019_08_28_11_52,3.240,1990,2071,81
70,align leg screw with table thread,1970-01-01T00:01:22.840Z,1970-01-01T00:01:27.440Z,complete,case70:frames2071-2186,Lack_Side_Table/0040_oak_floor_08_04_2019_08_28_11_52,4.600,2071,2186,115
70,spin leg,1970-01-01T00:01:27.440Z,1970-01-01T00:01:47.800Z,complete,case70:frames2186-2695,Lack_Side_Table/0040_oak_floor_08_04_2019_08_28_11_52,20.360,2186,2695,509
70,pick up leg,1970-01-01T00:01:48.960Z,1970-01-01T00:01:50.480Z,complete,case70:frames2724-2762,Lack_Side_Table/0040_oak_floor_08_04_2019_08_28_11_52,1.520,2724,2762,38
70,align leg screw with table thread,1970-01-01T00:01:50.480Z,1970-01-01T00:01:57.120Z,complete,case70:frames2762-2928,Lack_Side_Table/0040_oak_floor_08_04_2019_08_28_11_52,6.640,2762,2928,166
70,spin leg,1970-01-01T00:01:57.120Z,1970-01-01T00:02:15.800Z,complete,case70:frames2928-3395,Lack_Side_Table/0040_oak_floor_08_04_2019_08_28_11_52,18.680,2928,3395,467
70,flip table,1970-01-01T00:02:16.960Z,1970-01-01T00:02:28.960Z,complete,case70:frames3424-3724,Lack_Side_Table/0040_oak_floor_08_04_2019_08_28_11_52,12.000,3424,3724,300
71,pick up leg,1970-01-01T00:00:01.840Z,1970-01-01T00:00:03.000Z,complete,case71:frames46-75,Lack_Side_Table/0027_white_table_04_02_2019_08_20_10_38,1.160,46,75,29
71,align leg screw with table thread,1970-01-01T00:00:03.320Z,1970-01-01T00:00:04.440Z,complete,case71:frames83-111,Lack_Side_Table/0027_white_table_04_02_2019_08_20_10_38,1.120,83,111,28
71,spin leg,1970-01-01T00:00:04.440Z,1970-01-01T00:00:21.840Z,complete,case71:frames111-546,Lack_Side_Table/0027_white_table_04_02_2019_08_20_10_38,17.400,111,546,435
71,tighten leg,1970-01-01T00:00:22.320Z,1970-01-01T00:00:24.800Z,complete,case71:frames558-620,Lack_Side_Table/0027_white_table_04_02_2019_08_20_10_38,2.480,558,620,62
71,pick up leg,1970-01-01T00:00:26.320Z,1970-01-01T00:00:27.280Z,complete,case71:frames658-682,Lack_Side_Table/0027_white_table_04_02_2019_08_20_10_38,0.960,658,682,24
71,align leg screw with table thread,1970-01-01T00:00:28.560Z,1970-01-01T00:00:29.960Z,complete,case71:frames714-749,Lack_Side_Table/0027_white_table_04_02_2019_08_20_10_38,1.400,714,749,35
71,spin leg,1970-01-01T00:00:29.960Z,1970-01-01T00:00:46.400Z,complete,case71:frames749-1160,Lack_Side_Table/0027_white_table_04_02_2019_08_20_10_38,16.440,749,1160,411
71,tighten leg,1970-01-01T00:00:46.400Z,1970-01-01T00:00:47.560Z,complete,case71:frames1160-1189,Lack_Side_Table/0027_white_table_04_02_2019_08_20_10_38,1.160,1160,1189,29
71,rotate table,1970-01-01T00:00:48.000Z,1970-01-01T00:00:52.080Z,complete,case71:frames1200-1302,Lack_Side_Table/0027_white_table_04_02_2019_08_20_10_38,4.080,1200,1302,102
71,pick up leg,1970-01-01T00:00:52.360Z,1970-01-01T00:00:54.000Z,complete,case71:frames1309-1350,Lack_Side_Table/0027_white_table_04_02_2019_08_20_10_38,1.640,1309,1350,41
71,align leg screw with table thread,1970-01-01T00:00:54.320Z,1970-01-01T00:00:55.960Z,complete,case71:frames1358-1399,Lack_Side_Table/0027_white_table_04_02_2019_08_20_10_38,1.640,1358,1399,41
71,spin leg,1970-01-01T00:00:55.960Z,1970-01-01T00:01:13.440Z,complete,case71:frames1399-1836,Lack_Side_Table/0027_white_table_04_02_2019_08_20_10_38,17.480,1399,1836,437
71,pick up leg,1970-01-01T00:01:14.080Z,1970-01-01T00:01:15.240Z,complete,case71:frames1852-1881,Lack_Side_Table/0027_white_table_04_02_2019_08_20_10_38,1.160,1852,1881,29
71,align leg screw with table thread,1970-01-01T00:01:15.960Z,1970-01-01T00:01:18.200Z,complete,case71:frames1899-1955,Lack_Side_Table/0027_white_table_04_02_2019_08_20_10_38,2.240,1899,1955,56
71,spin leg,1970-01-01T00:01:18.200Z,1970-01-01T00:01:35.800Z,complete,case71:frames1955-2395,Lack_Side_Table/0027_white_table_04_02_2019_08_20_10_38,17.600,1955,2395,440
71,tighten leg,1970-01-01T00:01:35.800Z,1970-01-01T00:01:36.800Z,complete,case71:frames2395-2420,Lack_Side_Table/0027_white_table_04_02_2019_08_20_10_38,1.000,2395,2420,25
71,flip table,1970-01-01T00:01:41.240Z,1970-01-01T00:01:47.280Z,complete,case71:frames2531-2682,Lack_Side_Table/0027_white_table_04_02_2019_08_20_10_38,6.040,2531,2682,151
72,flip table top,1970-01-01T00:00:02.400Z,1970-01-01T00:00:06.440Z,complete,case72:frames60-161,Lack_Side_Table/0025_black_floor_05_02_2019_08_19_17_12,4.040,60,161,101
72,pick up leg,1970-01-01T00:00:07.160Z,1970-01-01T00:00:08.120Z,complete,case72:frames179-203,Lack_Side_Table/0025_black_floor_05_02_2019_08_19_17_12,0.960,179,203,24
72,align leg screw with table thread,1970-01-01T00:00:08.680Z,1970-01-01T00:00:09.800Z,complete,case72:frames217-245,Lack_Side_Table/0025_black_floor_05_02_2019_08_19_17_12,1.120,217,245,28
72,spin leg,1970-01-01T00:00:09.800Z,1970-01-01T00:00:29.440Z,complete,case72:frames245-736,Lack_Side_Table/0025_black_floor_05_02_2019_08_19_17_12,19.640,245,736,491
72,align leg screw with table thread,1970-01-01T00:00:31.680Z,1970-01-01T00:00:33.920Z,complete,case72:frames792-848,Lack_Side_Table/0025_black_floor_05_02_2019_08_19_17_12,2.240,792,848,56
72,spin leg,1970-01-01T00:00:33.920Z,1970-01-01T00:00:50.040Z,complete,case72:frames848-1251,Lack_Side_Table/0025_black_floor_05_02_2019_08_19_17_12,16.120,848,1251,403
72,pick up leg,1970-01-01T00:00:50.320Z,1970-01-01T00:00:51.160Z,complete,case72:frames1258-1279,Lack_Side_Table/0025_black_floor_05_02_2019_08_19_17_12,0.840,1258,1279,21
72,align leg screw with table thread,1970-01-01T00:00:52.120Z,1970-01-01T00:00:54.240Z,complete,case72:frames1303-1356,Lack_Side_Table/0025_black_floor_05_02_2019_08_19_17_12,2.120,1303,1356,53
72,spin leg,1970-01-01T00:00:54.240Z,1970-01-01T00:01:15.680Z,complete,case72:frames1356-1892,Lack_Side_Table/0025_black_floor_05_02_2019_08_19_17_12,21.440,1356,1892,536
72,pick up leg,1970-01-01T00:01:17.080Z,1970-01-01T00:01:18.480Z,complete,case72:frames1927-1962,Lack_Side_Table/0025_black_floor_05_02_2019_08_19_17_12,1.400,1927,1962,35
72,align leg screw with table thread,1970-01-01T00:01:20.280Z,1970-01-01T00:01:22.120Z,complete,case72:frames2007-2053,Lack_Side_Table/0025_black_floor_05_02_2019_08_19_17_12,1.840,2007,2053,46
72,spin leg,1970-01-01T00:01:22.120Z,1970-01-01T00:01:38.800Z,complete,case72:frames2053-2470,Lack_Side_Table/0025_black_floor_05_02_2019_08_19_17_12,16.680,2053,2470,417
72,tighten leg,1970-01-01T00:01:38.800Z,1970-01-01T00:01:43.560Z,complete,case72:frames2470-2589,Lack_Side_Table/0025_black_floor_05_02_2019_08_19_17_12,4.760,2470,2589,119
72,flip table,1970-01-01T00:01:43.560Z,1970-01-01T00:01:49.720Z,complete,case72:frames2589-2743,Lack_Side_Table/0025_black_floor_05_02_2019_08_19_17_12,6.160,2589,2743,154
73,flip table top,1970-01-01T00:00:01.400Z,1970-01-01T00:00:06.720Z,complete,case73:frames35-168,Lack_Side_Table/0025_white_table_04_02_2019_08_20_13_45,5.320,35,168,133
73,pick up leg,1970-01-01T00:00:07.280Z,1970-01-01T00:00:08.240Z,complete,case73:frames182-206,Lack_Side_Table/0025_white_table_04_02_2019_08_20_13_45,0.960,182,206,24
73,align leg screw with table thread,1970-01-01T00:00:08.720Z,1970-01-01T00:00:10.120Z,complete,case73:frames218-253,Lack_Side_Table/0025_white_table_04_02_2019_08_20_13_45,1.400,218,253,35
73,spin leg,1970-01-01T00:00:10.120Z,1970-01-01T00:00:25.720Z,complete,case73:frames253-643,Lack_Side_Table/0025_white_table_04_02_2019_08_20_13_45,15.600,253,643,390
73,pick up leg,1970-01-01T00:00:26.840Z,1970-01-01T00:00:28.000Z,complete,case73:frames671-700,Lack_Side_Table/0025_white_table_04_02_2019_08_20_13_45,1.160,671,700,29
73,align leg screw with table thread,1970-01-01T00:00:28.360Z,1970-01-01T00:00:29.640Z,complete,case73:frames709-741,Lack_Side_Table/0025_white_table_04_02_2019_08_20_13_45,1.280,709,741,32
73,spin leg,1970-01-01T00:00:29.640Z,1970-01-01T00:00:49.240Z,complete,case73:frames741-1231,Lack_Side_Table/0025_white_table_04_02_2019_08_20_13_45,19.600,741,1231,490
73,pick up leg,1970-01-01T00:00:49.240Z,1970-01-01T00:00:51.400Z,complete,case73:frames1231-1285,Lack_Side_Table/0025_white_table_04_02_2019_08_20_13_45,2.160,1231,1285,54
73,align leg screw with table thread,1970-01-01T00:00:52.440Z,1970-01-01T00:00:53.440Z,complete,case73:frames1311-1336,Lack_Side_Table/0025_white_table_04_02_2019_08_20_13_45,1.000,1311,1336,25
73,spin leg,1970-01-01T00:00:53.440Z,1970-01-01T00:01:11.680Z,complete,case73:frames1336-1792,Lack_Side_Table/0025_white_table_04_02_2019_08_20_13_45,18.240,1336,1792,456
73,pick up leg,1970-01-01T00:01:12.040Z,1970-01-01T00:01:13.320Z,complete,case73:frames1801-1833,Lack_Side_Table/0025_white_table_04_02_2019_08_20_13_45,1.280,1801,1833,32
73,align leg screw with table thread,1970-01-01T00:01:13.320Z,1970-01-01T00:01:14.840Z,complete,case73:frames1833-1871,Lack_Side_Table/0025_white_table_04_02_2019_08_20_13_45,1.520,1833,1871,38
73,spin leg,1970-01-01T00:01:14.840Z,1970-01-01T00:01:31.160Z,complete,case73:frames1871-2279,Lack_Side_Table/0025_white_table_04_02_2019_08_20_13_45,16.320,1871,2279,408
73,flip table,1970-01-01T00:01:31.160Z,1970-01-01T00:01:38.120Z,complete,case73:frames2279-2453,Lack_Side_Table/0025_white_table_04_02_2019_08_20_13_45,6.960,2279,2453,174
74,pick up leg,1970-01-01T00:00:04.760Z,1970-01-01T00:00:06.680Z,complete,case74:frames119-167,Lack_Side_Table/0014_black_floor_08_04_2019_08_28_11_00,1.920,119,167,48
74,align leg screw with table thread,1970-01-01T00:00:06.680Z,1970-01-01T00:00:07.920Z,complete,case74:frames167-198,Lack_Side_Table/0014_black_floor_08_04_2019_08_28_11_00,1.240,167,198,31
74,spin leg,1970-01-01T00:00:07.920Z,1970-01-01T00:00:19.280Z,complete,case74:frames198-482,Lack_Side_Table/0014_black_floor_08_04_2019_08_28_11_00,11.360,198,482,284
74,pick up leg,1970-01-01T00:00:19.280Z,1970-01-01T00:00:22.080Z,complete,case74:frames482-552,Lack_Side_Table/0014_black_floor_08_04_2019_08_28_11_00,2.800,482,552,70
74,align leg screw with table thread,1970-01-01T00:00:22.080Z,1970-01-01T00:00:23.280Z,complete,case74:frames552-582,Lack_Side_Table/0014_black_floor_08_04_2019_08_28_11_00,1.200,552,582,30
74,spin leg,1970-01-01T00:00:23.280Z,1970-01-01T00:00:32.920Z,complete,case74:frames582-823,Lack_Side_Table/0014_black_floor_08_04_2019_08_28_11_00,9.640,582,823,241
74,rotate table,1970-01-01T00:00:32.920Z,1970-01-01T00:00:36.400Z,complete,case74:frames823-910,Lack_Side_Table/0014_black_floor_08_04_2019_08_28_11_00,3.480,823,910,87
74,pick up leg,1970-01-01T00:00:36.400Z,1970-01-01T00:00:37.600Z,complete,case74:frames910-940,Lack_Side_Table/0014_black_floor_08_04_2019_08_28_11_00,1.200,910,940,30
74,align leg screw with table thread,1970-01-01T00:00:37.600Z,1970-01-01T00:00:38.400Z,complete,case74:frames940-960,Lack_Side_Table/0014_black_floor_08_04_2019_08_28_11_00,0.800,940,960,20
74,spin leg,1970-01-01T00:00:38.400Z,1970-01-01T00:00:48.120Z,complete,case74:frames960-1203,Lack_Side_Table/0014_black_floor_08_04_2019_08_28_11_00,9.720,960,1203,243
74,rotate table,1970-01-01T00:00:50.840Z,1970-01-01T00:00:51.440Z,complete,case74:frames1271-1286,Lack_Side_Table/0014_black_floor_08_04_2019_08_28_11_00,0.600,1271,1286,15
74,pick up leg,1970-01-01T00:00:51.440Z,1970-01-01T00:00:52.640Z,complete,case74:frames1286-1316,Lack_Side_Table/0014_black_floor_08_04_2019_08_28_11_00,1.200,1286,1316,30
74,align leg screw with table thread,1970-01-01T00:00:52.640Z,1970-01-01T00:00:53.520Z,complete,case74:frames1316-1338,Lack_Side_Table/0014_black_floor_08_04_2019_08_28_11_00,0.880,1316,1338,22
74,spin leg,1970-01-01T00:00:53.520Z,1970-01-01T00:01:01.680Z,complete,case74:frames1338-1542,Lack_Side_Table/0014_black_floor_08_04_2019_08_28_11_00,8.160,1338,1542,204
74,flip table,1970-01-01T00:01:01.680Z,1970-01-01T00:01:05.760Z,complete,case74:frames1542-1644,Lack_Side_Table/0014_black_floor_08_04_2019_08_28_11_00,4.080,1542,1644,102
75,pick up leg,1970-01-01T00:00:02.160Z,1970-01-01T00:00:03.480Z,complete,case75:frames54-87,Lack_Side_Table/0007_white_floor_08_04_2019_08_28_10_45,1.320,54,87,33
75,spin leg,1970-01-01T00:00:04.400Z,1970-01-01T00:00:16.080Z,complete,case75:frames110-402,Lack_Side_Table/0007_white_floor_08_04_2019_08_28_10_45,11.680,110,402,292
75,tighten leg,1970-01-01T00:00:16.480Z,1970-01-01T00:00:19.480Z,complete,case75:frames412-487,Lack_Side_Table/0007_white_floor_08_04_2019_08_28_10_45,3.000,412,487,75
75,pick up leg,1970-01-01T00:00:19.480Z,1970-01-01T00:00:19.960Z,complete,case75:frames487-499,Lack_Side_Table/0007_white_floor_08_04_2019_08_28_10_45,0.480,487,499,12
75,spin leg,1970-01-01T00:00:19.960Z,1970-01-01T00:00:28.120Z,complete,case75:frames499-703,Lack_Side_Table/0007_white_floor_08_04_2019_08_28_10_45,8.160,499,703,204
75,rotate table,1970-01-01T00:00:31.080Z,1970-01-01T00:00:34.720Z,complete,case75:frames777-868,Lack_Side_Table/0007_white_floor_08_04_2019_08_28_10_45,3.640,777,868,91
75,pick up leg,1970-01-01T00:00:34.720Z,1970-01-01T00:00:35.240Z,complete,case75:frames868-881,Lack_Side_Table/0007_white_floor_08_04_2019_08_28_10_45,0.520,868,881,13
75,spin leg,1970-01-01T00:00:35.240Z,1970-01-01T00:00:44.680Z,complete,case75:frames881-1117,Lack_Side_Table/0007_white_floor_08_04_2019_08_28_10_45,9.440,881,1117,236
75,pick up leg,1970-01-01T00:00:47.680Z,1970-01-01T00:00:49.160Z,complete,case75:frames1192-1229,Lack_Side_Table/0007_white_floor_08_04_2019_08_28_10_45,1.480,1192,1229,37
75,spin leg,1970-01-01T00:00:49.160Z,1970-01-01T00:00:55.560Z,complete,case75:frames1229-1389,Lack_Side_Table/0007_white_floor_08_04_2019_08_28_10_45,6.400,1229,1389,160
75,flip table,1970-01-01T00:00:59.840Z,1970-01-01T00:01:03.320Z,complete,case75:frames1496-1583,Lack_Side_Table/0007_white_floor_08_04_2019_08_28_10_45,3.480,1496,1583,87
76,pick up table top,1970-01-01T00:00:02.800Z,1970-01-01T00:00:03.640Z,complete,case76:frames70-91,Lack_Side_Table/0008_black_floor_08_04_2019_08_28_11_24,0.840,70,91,21
76,flip table top,1970-01-01T00:00:03.640Z,1970-01-01T00:00:05.280Z,complete,case76:frames91-132,Lack_Side_Table/0008_black_floor_08_04_2019_08_28_11_24,1.640,91,132,41
76,pick up leg,1970-01-01T00:00:06.760Z,1970-01-01T00:00:07.640Z,complete,case76:frames169-191,Lack_Side_Table/0008_black_floor_08_04_2019_08_28_11_24,0.880,169,191,22
76,align leg screw with table thread,1970-01-01T00:00:07.640Z,1970-01-01T00:00:08.920Z,complete,case76:frames191-223,Lack_Side_Table/0008_black_floor_08_04_2019_08_28_11_24,1.280,191,223,32
76,spin leg,1970-01-01T00:00:08.920Z,1970-01-01T00:00:15.720Z,complete,case76:frames223-393,Lack_Side_Table/0008_black_floor_08_04_2019_08_28_11_24,6.800,223,393,170
76,tighten leg,1970-01-01T00:00:15.720Z,1970-01-01T00:00:16.880Z,complete,case76:frames393-422,Lack_Side_Table/0008_black_floor_08_04_2019_08_28_11_24,1.160,393,422,29
76,pick up leg,1970-01-01T00:00:19.240Z,1970-01-01T00:00:20.320Z,complete,case76:frames481-508,Lack_Side_Table/0008_black_floor_08_04_2019_08_28_11_24,1.080,481,508,27
76,align leg screw with table thread,1970-01-01T00:00:20.320Z,1970-01-01T00:00:20.720Z,complete,case76:frames508-518,Lack_Side_Table/0008_black_floor_08_04_2019_08_28_11_24,0.400,508,518,10
76,spin leg,1970-01-01T00:00:20.720Z,1970-01-01T00:00:32.600Z,complete,case76:frames518-815,Lack_Side_Table/0008_black_floor_08_04_2019_08_28_11_24,11.880,518,815,297
76,pick up leg,1970-01-01T00:00:33.320Z,1970-01-01T00:00:34.640Z,complete,case76:frames833-866,Lack_Side_Table/0008_black_floor_08_04_2019_08_28_11_24,1.320,833,866,33
76,align leg screw with table thread,1970-01-01T00:00:34.640Z,1970-01-01T00:00:35.840Z,complete,case76:frames866-896,Lack_Side_Table/0008_black_floor_08_04_2019_08_28_11_24,1.200,866,896,30
76,spin leg,1970-01-01T00:00:35.840Z,1970-01-01T00:00:47.800Z,complete,case76:frames896-1195,Lack_Side_Table/0008_black_floor_08_04_2019_08_28_11_24,11.960,896,1195,299
76,rotate table,1970-01-01T00:00:48.080Z,1970-01-01T00:00:49.640Z,complete,case76:frames1202-1241,Lack_Side_Table/0008_black_floor_08_04_2019_08_28_11_24,1.560,1202,1241,39
76,pick up leg,1970-01-01T00:00:50.040Z,1970-01-01T00:00:51.360Z,complete,case76:frames1251-1284,Lack_Side_Table/0008_black_floor_08_04_2019_08_28_11_24,1.320,1251,1284,33
76,align leg screw with table thread,1970-01-01T00:00:51.360Z,1970-01-01T00:00:52.560Z,complete,case76:frames1284-1314,Lack_Side_Table/0008_black_floor_08_04_2019_08_28_11_24,1.200,1284,1314,30
76,spin leg,1970-01-01T00:00:52.560Z,1970-01-01T00:01:02.600Z,complete,case76:frames1314-1565,Lack_Side_Table/0008_black_floor_08_04_2019_08_28_11_24,10.040,1314,1565,251
76,tighten leg,1970-01-01T00:01:02.600Z,1970-01-01T00:01:04.400Z,complete,case76:frames1565-1610,Lack_Side_Table/0008_black_floor_08_04_2019_08_28_11_24,1.800,1565,1610,45
76,flip table,1970-01-01T00:01:05.080Z,1970-01-01T00:01:10.040Z,complete,case76:frames1627-1751,Lack_Side_Table/0008_black_floor_08_04_2019_08_28_11_24,4.960,1627,1751,124
77,pick up table top,1970-01-01T00:00:02.320Z,1970-01-01T00:00:05.240Z,complete,case77:frames58-131,Lack_Side_Table/0039_white_floor_08_04_2019_08_28_10_40,2.920,58,131,73
77,pick up leg,1970-01-01T00:00:05.240Z,1970-01-01T00:00:05.920Z,complete,case77:frames131-148,Lack_Side_Table/0039_white_floor_08_04_2019_08_28_10_40,0.680,131,148,17
77,align leg screw with table thread,1970-01-01T00:00:05.920Z,1970-01-01T00:00:07.120Z,complete,case77:frames148-178,Lack_Side_Table/0039_white_floor_08_04_2019_08_28_10_40,1.200,148,178,30
77,spin leg,1970-01-01T00:00:07.120Z,1970-01-01T00:00:18.480Z,complete,case77:frames178-462,Lack_Side_Table/0039_white_floor_08_04_2019_08_28_10_40,11.360,178,462,284
77,rotate table,1970-01-01T00:00:18.480Z,1970-01-01T00:00:20.680Z,complete,case77:frames462-517,Lack_Side_Table/0039_white_floor_08_04_2019_08_28_10_40,2.200,462,517,55
77,pick up leg,1970-01-01T00:00:20.680Z,1970-01-01T00:00:21.520Z,complete,case77:frames517-538,Lack_Side_Table/0039_white_floor_08_04_2019_08_28_10_40,0.840,517,538,21
77,align leg screw with table thread,1970-01-01T00:00:21.520Z,1970-01-01T00:00:22.080Z,complete,case77:frames538-552,Lack_Side_Table/0039_white_floor_08_04_2019_08_28_10_40,0.560,538,552,14
77,spin leg,1970-01-01T00:00:22.080Z,1970-01-01T00:00:33.600Z,complete,case77:frames552-840,Lack_Side_Table/0039_white_floor_08_04_2019_08_28_10_40,11.520,552,840,288
77,rotate table,1970-01-01T00:00:33.600Z,1970-01-01T00:00:35.080Z,complete,case77:frames840-877,Lack_Side_Table/0039_white_floor_08_04_2019_08_28_10_40,1.480,840,877,37
77,pick up leg,1970-01-01T00:00:35.080Z,1970-01-01T00:00:37.040Z,complete,case77:frames877-926,Lack_Side_Table/0039_white_floor_08_04_2019_08_28_10_40,1.960,877,926,49
77,align leg screw with table thread,1970-01-01T00:00:37.040Z,1970-01-01T00:00:38.040Z,complete,case77:frames926-951,Lack_Side_Table/0039_white_floor_08_04_2019_08_28_10_40,1.000,926,951,25
77,spin leg,1970-01-01T00:00:38.040Z,1970-01-01T00:00:49.240Z,complete,case77:frames951-1231,Lack_Side_Table/0039_white_floor_08_04_2019_08_28_10_40,11.200,951,1231,280
77,rotate table,1970-01-01T00:00:49.240Z,1970-01-01T00:00:50.160Z,complete,case77:frames1231-1254,Lack_Side_Table/0039_white_floor_08_04_2019_08_28_10_40,0.920,1231,1254,23
77,pick up leg,1970-01-01T00:00:50.360Z,1970-01-01T00:00:51.880Z,complete,case77:frames1259-1297,Lack_Side_Table/0039_white_floor_08_04_2019_08_28_10_40,1.520,1259,1297,38
77,align leg screw with table thread,1970-01-01T00:00:51.880Z,1970-01-01T00:00:52.840Z,complete,case77:frames1297-1321,Lack_Side_Table/0039_white_floor_08_04_2019_08_28_10_40,0.960,1297,1321,24
77,spin leg,1970-01-01T00:00:52.840Z,1970-01-01T00:01:04.840Z,complete,case77:frames1321-1621,Lack_Side_Table/0039_white_floor_08_04_2019_08_28_10_40,12.000,1321,1621,300
77,flip table,1970-01-01T00:01:04.840Z,1970-01-01T00:01:09.560Z,complete,case77:frames1621-1739,Lack_Side_Table/0039_white_floor_08_04_2019_08_28_10_40,4.720,1621,1739,118
78,flip table top,1970-01-01T00:00:03.120Z,1970-01-01T00:00:05.400Z,complete,case78:frames78-135,Lack_Side_Table/0004_white_floor_08_04_2019_08_28_10_53,2.280,78,135,57
78,align leg screw with table thread,1970-01-01T00:00:07.600Z,1970-01-01T00:00:09.400Z,complete,case78:frames190-235,Lack_Side_Table/0004_white_floor_08_04_2019_08_28_10_53,1.800,190,235,45
78,spin leg,1970-01-01T00:00:09.400Z,1970-01-01T00:00:20.240Z,complete,case78:frames235-506,Lack_Side_Table/0004_white_floor_08_04_2019_08_28_10_53,10.840,235,506,271
78,pick up leg,1970-01-01T00:00:20.240Z,1970-01-01T00:00:23.000Z,complete,case78:frames506-575,Lack_Side_Table/0004_white_floor_08_04_2019_08_28_10_53,2.760,506,575,69
78,align leg screw with table thread,1970-01-01T00:00:23.000Z,1970-01-01T00:00:23.680Z,complete,case78:frames575-592,Lack_Side_Table/0004_white_floor_08_04_2019_08_28_10_53,0.680,575,592,17
78,spin leg,1970-01-01T00:00:23.680Z,1970-01-01T00:00:35.960Z,complete,case78:frames592-899,Lack_Side_Table/0004_white_floor_08_04_2019_08_28_10_53,12.280,592,899,307
78,pick up leg,1970-01-01T00:00:35.960Z,1970-01-01T00:00:37.640Z,complete,case78:frames899-941,Lack_Side_Table/0004_white_floor_08_04_2019_08_28_10_53,1.680,899,941,42
78,align leg screw with table thread,1970-01-01T00:00:37.640Z,1970-01-01T00:00:38.120Z,complete,case78:frames941-953,Lack_Side_Table/0004_white_floor_08_04_2019_08_28_10_53,0.480,941,953,12
78,spin leg,1970-01-01T00:00:38.120Z,1970-01-01T00:00:51.720Z,complete,case78:frames953-1293,Lack_Side_Table/0004_white_floor_08_04_2019_08_28_10_53,13.600,953,1293,340
78,pick up leg,1970-01-01T00:00:51.720Z,1970-01-01T00:00:52.960Z,complete,case78:frames1293-1324,Lack_Side_Table/0004_white_floor_08_04_2019_08_28_10_53,1.240,1293,1324,31
78,align leg screw with table thread,1970-01-01T00:00:52.960Z,1970-01-01T00:00:55.040Z,complete,case78:frames1324-1376,Lack_Side_Table/0004_white_floor_08_04_2019_08_28_10_53,2.080,1324,1376,52
78,spin leg,1970-01-01T00:00:55.040Z,1970-01-01T00:01:08.080Z,complete,case78:frames1376-1702,Lack_Side_Table/0004_white_floor_08_04_2019_08_28_10_53,13.040,1376,1702,326
78,flip table,1970-01-01T00:01:08.080Z,1970-01-01T00:01:14.640Z,complete,case78:frames1702-1866,Lack_Side_Table/0004_white_floor_08_04_2019_08_28_10_53,6.560,1702,1866,164
79,pick up leg,1970-01-01T00:00:03.000Z,1970-01-01T00:00:04.840Z,complete,case79:frames75-121,Lack_Side_Table/0018_white_table_02_01_2019_08_16_10_07_Allstar_Richard_Hartley,1.840,75,121,46
79,align leg screw with table thread,1970-01-01T00:00:04.840Z,1970-01-01T00:00:07.400Z,complete,case79:frames121-185,Lack_Side_Table/0018_white_table_02_01_2019_08_16_10_07_Allstar_Richard_Hartley,2.560,121,185,64
79,spin leg,1970-01-01T00:00:07.400Z,1970-01-01T00:00:18.400Z,complete,case79:frames185-460,Lack_Side_Table/0018_white_table_02_01_2019_08_16_10_07_Allstar_Richard_Hartley,11.000,185,460,275
79,pick up leg,1970-01-01T00:00:18.920Z,1970-01-01T00:00:20.040Z,complete,case79:frames473-501,Lack_Side_Table/0018_white_table_02_01_2019_08_16_10_07_Allstar_Richard_Hartley,1.120,473,501,28
79,align leg screw with table thread,1970-01-01T00:00:20.040Z,1970-01-01T00:00:23.280Z,complete,case79:frames501-582,Lack_Side_Table/0018_white_table_02_01_2019_08_16_10_07_Allstar_Richard_Hartley,3.240,501,582,81
79,spin leg,1970-01-01T00:00:23.280Z,1970-01-01T00:00:31.920Z,complete,case79:frames582-798,Lack_Side_Table/0018_white_table_02_01_2019_08_16_10_07_Allstar_Richard_Hartley,8.640,582,798,216
79,pick up leg,1970-01-01T00:00:32.520Z,1970-01-01T00:00:33.840Z,complete,case79:frames813-846,Lack_Side_Table/0018_white_table_02_01_2019_08_16_10_07_Allstar_Richard_Hartley,1.320,813,846,33
79,align leg screw with table thread,1970-01-01T00:00:33.840Z,1970-01-01T00:00:35.520Z,complete,case79:frames846-888,Lack_Side_Table/0018_white_table_02_01_2019_08_16_10_07_Allstar_Richard_Hartley,1.680,846,888,42
79,spin leg,1970-01-01T00:00:35.520Z,1970-01-01T00:00:43.880Z,complete,case79:frames888-1097,Lack_Side_Table/0018_white_table_02_01_2019_08_16_10_07_Allstar_Richard_Hartley,8.360,888,1097,209
79,pick up leg,1970-01-01T00:00:44.760Z,1970-01-01T00:00:45.800Z,complete,case79:frames1119-1145,Lack_Side_Table/0018_white_table_02_01_2019_08_16_10_07_Allstar_Richard_Hartley,1.040,1119,1145,26
79,align leg screw with table thread,1970-01-01T00:00:45.800Z,1970-01-01T00:00:48.080Z,complete,case79:frames1145-1202,Lack_Side_Table/0018_white_table_02_01_2019_08_16_10_07_Allstar_Richard_Hartley,2.280,1145,1202,57
79,spin leg,1970-01-01T00:00:48.080Z,1970-01-01T00:01:04.440Z,complete,case79:frames1202-1611,Lack_Side_Table/0018_white_table_02_01_2019_08_16_10_07_Allstar_Richard_Hartley,16.360,1202,1611,409
79,tighten leg,1970-01-01T00:01:04.440Z,1970-01-01T00:01:07.800Z,complete,case79:frames1611-1695,Lack_Side_Table/0018_white_table_02_01_2019_08_16_10_07_Allstar_Richard_Hartley,3.360,1611,1695,84
79,spin leg,1970-01-01T00:01:08.280Z,1970-01-01T00:01:19.160Z,complete,case79:frames1707-1979,Lack_Side_Table/0018_white_table_02_01_2019_08_16_10_07_Allstar_Richard_Hartley,10.880,1707,1979,272
79,tighten leg,1970-01-01T00:01:19.160Z,1970-01-01T00:01:22.480Z,complete,case79:frames1979-2062,Lack_Side_Table/0018_white_table_02_01_2019_08_16_10_07_Allstar_Richard_Hartley,3.320,1979,2062,83
79,rotate table,1970-01-01T00:01:23.120Z,1970-01-01T00:01:24.360Z,complete,case79:frames2078-2109,Lack_Side_Table/0018_white_table_02_01_2019_08_16_10_07_Allstar_Richard_Hartley,1.240,2078,2109,31
79,spin leg,1970-01-01T00:01:24.360Z,1970-01-01T00:01:40.440Z,complete,case79:frames2109-2511,Lack_Side_Table/0018_white_table_02_01_2019_08_16_10_07_Allstar_Richard_Hartley,16.080,2109,2511,402
79,rotate table,1970-01-01T00:01:40.640Z,1970-01-01T00:01:42.880Z,complete,case79:frames2516-2572,Lack_Side_Table/0018_white_table_02_01_2019_08_16_10_07_Allstar_Richard_Hartley,2.240,2516,2572,56
79,spin leg,1970-01-01T00:01:42.880Z,1970-01-01T00:01:52.800Z,complete,case79:frames2572-2820,Lack_Side_Table/0018_white_table_02_01_2019_08_16_10_07_Allstar_Richard_Hartley,9.920,2572,2820,248
79,tighten leg,1970-01-01T00:01:52.800Z,1970-01-01T00:02:01.000Z,complete,case79:frames2820-3025,Lack_Side_Table/0018_white_table_02_01_2019_08_16_10_07_Allstar_Richard_Hartley,8.200,2820,3025,205
79,flip table,1970-01-01T00:02:01.200Z,1970-01-01T00:02:06.280Z,complete,case79:frames3030-3157,Lack_Side_Table/0018_white_table_02_01_2019_08_16_10_07_Allstar_Richard_Hartley,5.080,3030,3157,127
8,pick up leg,1970-01-01T00:00:05.840Z,1970-01-01T00:00:06.720Z,complete,case8:frames146-168,Lack_TV_Bench/0005_black_floor_08_04_2019_08_28_11_17,0.880,146,168,22
8,spin leg,1970-01-01T00:00:06.720Z,1970-01-01T00:00:24.560Z,complete,case8:frames168-614,Lack_TV_Bench/0005_black_floor_08_04_2019_08_28_11_17,17.840,168,614,446
8,pick up leg,1970-01-01T00:00:24.560Z,1970-01-01T00:00:26.960Z,complete,case8:frames614-674,Lack_TV_Bench/0005_black_floor_08_04_2019_08_28_11_17,2.400,614,674,60
8,align leg screw with table thread,1970-01-01T00:00:26.960Z,1970-01-01T00:00:28.600Z,complete,case8:frames674-715,Lack_TV_Bench/0005_black_floor_08_04_2019_08_28_11_17,1.640,674,715,41
8,spin leg,1970-01-01T00:00:28.600Z,1970-01-01T00:00:38.360Z,complete,case8:frames715-959,Lack_TV_Bench/0005_black_floor_08_04_2019_08_28_11_17,9.760,715,959,244
8,pick up leg,1970-01-01T00:00:44.440Z,1970-01-01T00:00:45.320Z,complete,case8:frames1111-1133,Lack_TV_Bench/0005_black_floor_08_04_2019_08_28_11_17,0.880,1111,1133,22
8,align leg screw with table thread,1970-01-01T00:00:45.320Z,1970-01-01T00:00:46.840Z,complete,case8:frames1133-1171,Lack_TV_Bench/0005_black_floor_08_04_2019_08_28_11_17,1.520,1133,1171,38
8,spin leg,1970-01-01T00:00:46.840Z,1970-01-01T00:00:59.280Z,complete,case8:frames1171-1482,Lack_TV_Bench/0005_black_floor_08_04_2019_08_28_11_17,12.440,1171,1482,311
8,pick up leg,1970-01-01T00:00:59.280Z,1970-01-01T00:01:04.440Z,complete,case8:frames1482-1611,Lack_TV_Bench/0005_black_floor_08_04_2019_08_28_11_17,5.160,1482,1611,129
8,align leg screw with table thread,1970-01-01T00:01:04.440Z,1970-01-01T00:01:05.600Z,complete,case8:frames1611-1640,Lack_TV_Bench/0005_black_floor_08_04_2019_08_28_11_17,1.160,1611,1640,29
8,spin leg,1970-01-01T00:01:05.600Z,1970-01-01T00:01:19.160Z,complete,case8:frames1640-1979,Lack_TV_Bench/0005_black_floor_08_04_2019_08_28_11_17,13.560,1640,1979,339
8,flip table,1970-01-01T00:01:19.160Z,1970-01-01T00:01:25.720Z,complete,case8:frames1979-2143,Lack_TV_Bench/0005_black_floor_08_04_2019_08_28_11_17,6.560,1979,2143,164
8,pick up shelf,1970-01-01T00:01:25.720Z,1970-01-01T00:01:27.640Z,complete,case8:frames2143-2191,Lack_TV_Bench/0005_black_floor_08_04_2019_08_28_11_17,1.920,2143,2191,48
8,attach shelf to table,1970-01-01T00:01:27.640Z,1970-01-01T00:01:32.800Z,complete,case8:frames2191-2320,Lack_TV_Bench/0005_black_floor_08_04_2019_08_28_11_17,5.160,2191,2320,129
80,pick up leg,1970-01-01T00:00:02.400Z,1970-01-01T00:00:03.120Z,complete,case80:frames60-78,Lack_Side_Table/0001_oak_floor_05_02_2019_08_19_16_44,0.720,60,78,18
80,align leg screw with table thread,1970-01-01T00:00:03.120Z,1970-01-01T00:00:05.040Z,complete,case80:frames78-126,Lack_Side_Table/0001_oak_floor_05_02_2019_08_19_16_44,1.920,78,126,48
80,spin leg,1970-01-01T00:00:05.040Z,1970-01-01T00:00:17.520Z,complete,case80:frames126-438,Lack_Side_Table/0001_oak_floor_05_02_2019_08_19_16_44,12.480,126,438,312
80,tighten leg,1970-01-01T00:00:17.800Z,1970-01-01T00:00:18.960Z,complete,case80:frames445-474,Lack_Side_Table/0001_oak_floor_05_02_2019_08_19_16_44,1.160,445,474,29
80,pick up leg,1970-01-01T00:00:19.640Z,1970-01-01T00:00:21.120Z,complete,case80:frames491-528,Lack_Side_Table/0001_oak_floor_05_02_2019_08_19_16_44,1.480,491,528,37
80,align leg screw with table thread,1970-01-01T00:00:21.120Z,1970-01-01T00:00:23.120Z,complete,case80:frames528-578,Lack_Side_Table/0001_oak_floor_05_02_2019_08_19_16_44,2.000,528,578,50
80,spin leg,1970-01-01T00:00:23.120Z,1970-01-01T00:00:36.440Z,complete,case80:frames578-911,Lack_Side_Table/0001_oak_floor_05_02_2019_08_19_16_44,13.320,578,911,333
80,tighten leg,1970-01-01T00:00:36.440Z,1970-01-01T00:00:37.880Z,complete,case80:frames911-947,Lack_Side_Table/0001_oak_floor_05_02_2019_08_19_16_44,1.440,911,947,36
80,rotate table,1970-01-01T00:00:37.880Z,1970-01-01T00:00:40.120Z,complete,case80:frames947-1003,Lack_Side_Table/0001_oak_floor_05_02_2019_08_19_16_44,2.240,947,1003,56
80,pick up leg,1970-01-01T00:00:40.120Z,1970-01-01T00:00:41.200Z,complete,case80:frames1003-1030,Lack_Side_Table/0001_oak_floor_05_02_2019_08_19_16_44,1.080,1003,1030,27
80,align leg screw with table thread,1970-01-01T00:00:41.200Z,1970-01-01T00:00:42.680Z,complete,case80:frames1030-1067,Lack_Side_Table/0001_oak_floor_05_02_2019_08_19_16_44,1.480,1030,1067,37
80,spin leg,1970-01-01T00:00:42.680Z,1970-01-01T00:01:04.160Z,complete,case80:frames1067-1604,Lack_Side_Table/0001_oak_floor_05_02_2019_08_19_16_44,21.480,1067,1604,537
80,rotate table,1970-01-01T00:01:04.160Z,1970-01-01T00:01:07.440Z,complete,case80:frames1604-1686,Lack_Side_Table/0001_oak_floor_05_02_2019_08_19_16_44,3.280,1604,1686,82
80,pick up leg,1970-01-01T00:01:08.240Z,1970-01-01T00:01:09.080Z,complete,case80:frames1706-1727,Lack_Side_Table/0001_oak_floor_05_02_2019_08_19_16_44,0.840,1706,1727,21
80,align leg screw with table thread,1970-01-01T00:01:09.080Z,1970-01-01T00:01:10.800Z,complete,case80:frames1727-1770,Lack_Side_Table/0001_oak_floor_05_02_2019_08_19_16_44,1.720,1727,1770,43
80,spin leg,1970-01-01T00:01:10.800Z,1970-01-01T00:01:25.040Z,complete,case80:frames1770-2126,Lack_Side_Table/0001_oak_floor_05_02_2019_08_19_16_44,14.240,1770,2126,356
80,tighten leg,1970-01-01T00:01:25.040Z,1970-01-01T00:01:27.000Z,complete,case80:frames2126-2175,Lack_Side_Table/0001_oak_floor_05_02_2019_08_19_16_44,1.960,2126,2175,49
80,rotate table,1970-01-01T00:01:27.000Z,1970-01-01T00:01:28.640Z,complete,case80:frames2175-2216,Lack_Side_Table/0001_oak_floor_05_02_2019_08_19_16_44,1.640,2175,2216,41
80,flip table,1970-01-01T00:01:29.560Z,1970-01-01T00:01:32.320Z,complete,case80:frames2239-2308,Lack_Side_Table/0001_oak_floor_05_02_2019_08_19_16_44,2.760,2239,2308,69
81,pick up leg,1970-01-01T00:00:08.200Z,1970-01-01T00:00:09.160Z,complete,case81:frames205-229,Lack_Side_Table/0020_oak_floor_05_02_2019_08_19_12_49,0.960,205,229,24
81,align leg screw with table thread,1970-01-01T00:00:09.160Z,1970-01-01T00:00:11.280Z,complete,case81:frames229-282,Lack_Side_Table/0020_oak_floor_05_02_2019_08_19_12_49,2.120,229,282,53
81,spin leg,1970-01-01T00:00:11.280Z,1970-01-01T00:00:28.640Z,complete,case81:frames282-716,Lack_Side_Table/0020_oak_floor_05_02_2019_08_19_12_49,17.360,282,716,434
81,pick up leg,1970-01-01T00:00:29.480Z,1970-01-01T00:00:30.680Z,complete,case81:frames737-767,Lack_Side_Table/0020_oak_floor_05_02_2019_08_19_12_49,1.200,737,767,30
81,align leg screw with table thread,1970-01-01T00:00:30.680Z,1970-01-01T00:00:32.400Z,complete,case81:frames767-810,Lack_Side_Table/0020_oak_floor_05_02_2019_08_19_12_49,1.720,767,810,43
81,spin leg,1970-01-01T00:00:32.400Z,1970-01-01T00:00:49.880Z,complete,case81:frames810-1247,Lack_Side_Table/0020_oak_floor_05_02_2019_08_19_12_49,17.480,810,1247,437
81,pick up leg,1970-01-01T00:00:50.840Z,1970-01-01T00:00:52.360Z,complete,case81:frames1271-1309,Lack_Side_Table/0020_oak_floor_05_02_2019_08_19_12_49,1.520,1271,1309,38
81,align leg screw with table thread,1970-01-01T00:00:52.360Z,1970-01-01T00:00:55.520Z,complete,case81:frames1309-1388,Lack_Side_Table/0020_oak_floor_05_02_2019_08_19_12_49,3.160,1309,1388,79
81,spin leg,1970-01-01T00:00:55.520Z,1970-01-01T00:01:12.240Z,complete,case81:frames1388-1806,Lack_Side_Table/0020_oak_floor_05_02_2019_08_19_12_49,16.720,1388,1806,418
81,pick up leg,1970-01-01T00:01:13.560Z,1970-01-01T00:01:15.720Z,complete,case81:frames1839-1893,Lack_Side_Table/0020_oak_floor_05_02_2019_08_19_12_49,2.160,1839,1893,54
81,align leg screw with table thread,1970-01-01T00:01:15.720Z,1970-01-01T00:01:17.720Z,complete,case81:frames1893-1943,Lack_Side_Table/0020_oak_floor_05_02_2019_08_19_12_49,2.000,1893,1943,50
81,spin leg,1970-01-01T00:01:17.720Z,1970-01-01T00:01:33.280Z,complete,case81:frames1943-2332,Lack_Side_Table/0020_oak_floor_05_02_2019_08_19_12_49,15.560,1943,2332,389
81,flip table,1970-01-01T00:01:39.240Z,1970-01-01T00:01:43.400Z,complete,case81:frames2481-2585,Lack_Side_Table/0020_oak_floor_05_02_2019_08_19_12_49,4.160,2481,2585,104
82,pick up leg,1970-01-01T00:00:03.240Z,1970-01-01T00:00:04.800Z,complete,case82:frames81-120,Lack_Side_Table/0006_black_floor_05_02_2019_08_19_16_23,1.560,81,120,39
82,align leg screw with table thread,1970-01-01T00:00:04.800Z,1970-01-01T00:00:06.800Z,complete,case82:frames120-170,Lack_Side_Table/0006_black_floor_05_02_2019_08_19_16_23,2.000,120,170,50
82,spin leg,1970-01-01T00:00:06.800Z,1970-01-01T00:00:24.360Z,complete,case82:frames170-609,Lack_Side_Table/0006_black_floor_05_02_2019_08_19_16_23,17.560,170,609,439
82,tighten leg,1970-01-01T00:00:24.360Z,1970-01-01T00:00:27.600Z,complete,case82:frames609-690,Lack_Side_Table/0006_black_floor_05_02_2019_08_19_16_23,3.240,609,690,81
82,pick up leg,1970-01-01T00:00:27.600Z,1970-01-01T00:00:29.600Z,complete,case82:frames690-740,Lack_Side_Table/0006_black_floor_05_02_2019_08_19_16_23,2.000,690,740,50
82,align leg screw with table thread,1970-01-01T00:00:29.600Z,1970-01-01T00:00:32.120Z,complete,case82:frames740-803,Lack_Side_Table/0006_black_floor_05_02_2019_08_19_16_23,2.520,740,803,63
82,spin leg,1970-01-01T00:00:32.120Z,1970-01-01T00:00:48.280Z,complete,case82:frames803-1207,Lack_Side_Table/0006_black_floor_05_02_2019_08_19_16_23,16.160,803,1207,404
82,tighten leg,1970-01-01T00:00:48.280Z,1970-01-01T00:00:51.960Z,complete,case82:frames1207-1299,Lack_Side_Table/0006_black_floor_05_02_2019_08_19_16_23,3.680,1207,1299,92
82,rotate table,1970-01-01T00:00:51.960Z,1970-01-01T00:00:56.480Z,complete,case82:frames1299-1412,Lack_Side_Table/0006_black_floor_05_02_2019_08_19_16_23,4.520,1299,1412,113
82,pick up leg,1970-01-01T00:00:56.480Z,1970-01-01T00:00:58.600Z,complete,case82:frames1412-1465,Lack_Side_Table/0006_black_floor_05_02_2019_08_19_16_23,2.120,1412,1465,53
82,align leg screw with table thread,1970-01-01T00:00:58.600Z,1970-01-01T00:01:01.840Z,complete,case82:frames1465-1546,Lack_Side_Table/0006_black_floor_05_02_2019_08_19_16_23,3.240,1465,1546,81
82,spin leg,1970-01-01T00:01:01.840Z,1970-01-01T00:01:19.560Z,complete,case82:frames1546-1989,Lack_Side_Table/0006_black_floor_05_02_2019_08_19_16_23,17.720,1546,1989,443
82,tighten leg,1970-01-01T00:01:19.560Z,1970-01-01T00:01:22.680Z,complete,case82:frames1989-2067,Lack_Side_Table/0006_black_floor_05_02_2019_08_19_16_23,3.120,1989,2067,78
82,pick up leg,1970-01-01T00:01:22.680Z,1970-01-01T00:01:25.200Z,complete,case82:frames2067-2130,Lack_Side_Table/0006_black_floor_05_02_2019_08_19_16_23,2.520,2067,2130,63
82,align leg screw with table thread,1970-01-01T00:01:25.200Z,1970-01-01T00:01:26.760Z,complete,case82:frames2130-2169,Lack_Side_Table/0006_black_floor_05_02_2019_08_19_16_23,1.560,2130,2169,39
82,spin leg,1970-01-01T00:01:26.760Z,1970-01-01T00:01:40.640Z,complete,case82:frames2169-2516,Lack_Side_Table/0006_black_floor_05_02_2019_08_19_16_23,13.880,2169,2516,347
82,tighten leg,1970-01-01T00:01:40.640Z,1970-01-01T00:01:43.320Z,complete,case82:frames2516-2583,Lack_Side_Table/0006_black_floor_05_02_2019_08_19_16_23,2.680,2516,2583,67
82,flip table,1970-01-01T00:01:43.320Z,1970-01-01T00:01:50.120Z,complete,case82:frames2583-2753,Lack_Side_Table/0006_black_floor_05_02_2019_08_19_16_23,6.800,2583,2753,170
83,flip table top,1970-01-01T00:00:02.440Z,1970-01-01T00:00:08.360Z,complete,case83:frames61-209,Lack_Side_Table/0030_oak_table_04_02_2019_08_20_12_05,5.920,61,209,148
83,pick up leg,1970-01-01T00:00:08.360Z,1970-01-01T00:00:09.840Z,complete,case83:frames209-246,Lack_Side_Table/0030_oak_table_04_02_2019_08_20_12_05,1.480,209,246,37
83,align leg screw with table thread,1970-01-01T00:00:09.840Z,1970-01-01T00:00:11.480Z,complete,case83:frames246-287,Lack_Side_Table/0030_oak_table_04_02_2019_08_20_12_05,1.640,246,287,41
83,spin leg,1970-01-01T00:00:11.480Z,1970-01-01T00:00:30.640Z,complete,case83:frames287-766,Lack_Side_Table/0030_oak_table_04_02_2019_08_20_12_05,19.160,287,766,479
83,pick up leg,1970-01-01T00:00:31.160Z,1970-01-01T00:00:32.400Z,complete,case83:frames779-810,Lack_Side_Table/0030_oak_table_04_02_2019_08_20_12_05,1.240,779,810,31
83,align leg screw with table thread,1970-01-01T00:00:32.400Z,1970-01-01T00:00:34.280Z,complete,case83:frames810-857,Lack_Side_Table/0030_oak_table_04_02_2019_08_20_12_05,1.880,810,857,47
83,spin leg,1970-01-01T00:00:34.280Z,1970-01-01T00:00:53.280Z,complete,case83:frames857-1332,Lack_Side_Table/0030_oak_table_04_02_2019_08_20_12_05,19.000,857,1332,475
83,rotate table,1970-01-01T00:00:53.280Z,1970-01-01T00:00:56.960Z,complete,case83:frames1332-1424,Lack_Side_Table/0030_oak_table_04_02_2019_08_20_12_05,3.680,1332,1424,92
83,pick up leg,1970-01-01T00:00:56.960Z,1970-01-01T00:00:58.680Z,complete,case83:frames1424-1467,Lack_Side_Table/0030_oak_table_04_02_2019_08_20_12_05,1.720,1424,1467,43
83,align leg screw with table thread,1970-01-01T00:00:58.680Z,1970-01-01T00:01:00.160Z,complete,case83:frames1467-1504,Lack_Side_Table/0030_oak_table_04_02_2019_08_20_12_05,1.480,1467,1504,37
83,spin leg,1970-01-01T00:01:00.160Z,1970-01-01T00:01:15.160Z,complete,case83:frames1504-1879,Lack_Side_Table/0030_oak_table_04_02_2019_08_20_12_05,15.000,1504,1879,375
83,tighten leg,1970-01-01T00:01:15.160Z,1970-01-01T00:01:17.320Z,complete,case83:frames1879-1933,Lack_Side_Table/0030_oak_table_04_02_2019_08_20_12_05,2.160,1879,1933,54
83,rotate table,1970-01-01T00:01:17.320Z,1970-01-01T00:01:20.000Z,complete,case83:frames1933-2000,Lack_Side_Table/0030_oak_table_04_02_2019_08_20_12_05,2.680,1933,2000,67
83,pick up leg,1970-01-01T00:01:20.000Z,1970-01-01T00:01:21.760Z,complete,case83:frames2000-2044,Lack_Side_Table/0030_oak_table_04_02_2019_08_20_12_05,1.760,2000,2044,44
83,align leg screw with table thread,1970-01-01T00:01:21.760Z,1970-01-01T00:01:23.520Z,complete,case83:frames2044-2088,Lack_Side_Table/0030_oak_table_04_02_2019_08_20_12_05,1.760,2044,2088,44
83,spin leg,1970-01-01T00:01:23.520Z,1970-01-01T00:01:35.400Z,complete,case83:frames2088-2385,Lack_Side_Table/0030_oak_table_04_02_2019_08_20_12_05,11.880,2088,2385,297
83,tighten leg,1970-01-01T00:01:35.400Z,1970-01-01T00:01:38.360Z,complete,case83:frames2385-2459,Lack_Side_Table/0030_oak_table_04_02_2019_08_20_12_05,2.960,2385,2459,74
84,pick up table top,1970-01-01T00:00:02.520Z,1970-01-01T00:00:04.960Z,complete,case84:frames63-124,Lack_Side_Table/0005_black_floor_08_04_2019_08_28_11_15,2.440,63,124,61
84,flip table top,1970-01-01T00:00:04.960Z,1970-01-01T00:00:06.960Z,complete,case84:frames124-174,Lack_Side_Table/0005_black_floor_08_04_2019_08_28_11_15,2.000,124,174,50
84,pick up leg,1970-01-01T00:00:06.960Z,1970-01-01T00:00:08.720Z,complete,case84:frames174-218,Lack_Side_Table/0005_black_floor_08_04_2019_08_28_11_15,1.760,174,218,44
84,align leg screw with table thread,1970-01-01T00:00:08.720Z,1970-01-01T00:00:09.880Z,complete,case84:frames218-247,Lack_Side_Table/0005_black_floor_08_04_2019_08_28_11_15,1.160,218,247,29
84,spin leg,1970-01-01T00:00:09.880Z,1970-01-01T00:00:21.680Z,complete,case84:frames247-542,Lack_Side_Table/0005_black_floor_08_04_2019_08_28_11_15,11.800,247,542,295
84,pick up leg,1970-01-01T00:00:21.680Z,1970-01-01T00:00:23.040Z,complete,case84:frames542-576,Lack_Side_Table/0005_black_floor_08_04_2019_08_28_11_15,1.360,542,576,34
84,align leg screw with table thread,1970-01-01T00:00:23.040Z,1970-01-01T00:00:24.600Z,complete,case84:frames576-615,Lack_Side_Table/0005_black_floor_08_04_2019_08_28_11_15,1.560,576,615,39
84,spin leg,1970-01-01T00:00:24.600Z,1970-01-01T00:00:38.720Z,complete,case84:frames615-968,Lack_Side_Table/0005_black_floor_08_04_2019_08_28_11_15,14.120,615,968,353
84,pick up leg,1970-01-01T00:00:38.720Z,1970-01-01T00:00:40.480Z,complete,case84:frames968-1012,Lack_Side_Table/0005_black_floor_08_04_2019_08_28_11_15,1.760,968,1012,44
84,align leg screw with table thread,1970-01-01T00:00:40.480Z,1970-01-01T00:00:42.160Z,complete,case84:frames1012-1054,Lack_Side_Table/0005_black_floor_08_04_2019_08_28_11_15,1.680,1012,1054,42
84,spin leg,1970-01-01T00:00:42.160Z,1970-01-01T00:00:54.800Z,complete,case84:frames1054-1370,Lack_Side_Table/0005_black_floor_08_04_2019_08_28_11_15,12.640,1054,1370,316
84,pick up leg,1970-01-01T00:00:54.800Z,1970-01-01T00:00:56.480Z,complete,case84:frames1370-1412,Lack_Side_Table/0005_black_floor_08_04_2019_08_28_11_15,1.680,1370,1412,42
84,align leg screw with table thread,1970-01-01T00:00:56.480Z,1970-01-01T00:00:58.280Z,complete,case84:frames1412-1457,Lack_Side_Table/0005_black_floor_08_04_2019_08_28_11_15,1.800,1412,1457,45
84,spin leg,1970-01-01T00:00:58.280Z,1970-01-01T00:01:11.000Z,complete,case84:frames1457-1775,Lack_Side_Table/0005_black_floor_08_04_2019_08_28_11_15,12.720,1457,1775,318
84,other,1970-01-01T00:01:11.000Z,1970-01-01T00:01:22.120Z,complete,case84:frames1775-2053,Lack_Side_Table/0005_black_floor_08_04_2019_08_28_11_15,11.120,1775,2053,278
85,pick up leg,1970-01-01T00:00:03.040Z,1970-01-01T00:00:05.000Z,complete,case85:frames76-125,Lack_Side_Table/0021_black_floor_05_02_2019_08_19_13_04,1.960,76,125,49
85,align leg screw with table thread,1970-01-01T00:00:05.000Z,1970-01-01T00:00:07.520Z,complete,case85:frames125-188,Lack_Side_Table/0021_black_floor_05_02_2019_08_19_13_04,2.520,125,188,63
85,spin leg,1970-01-01T00:00:07.520Z,1970-01-01T00:00:21.640Z,complete,case85:frames188-541,Lack_Side_Table/0021_black_floor_05_02_2019_08_19_13_04,14.120,188,541,353
85,pick up leg,1970-01-01T00:00:22.400Z,1970-01-01T00:00:24.160Z,complete,case85:frames560-604,Lack_Side_Table/0021_black_floor_05_02_2019_08_19_13_04,1.760,560,604,44
85,align leg screw with table thread,1970-01-01T00:00:24.160Z,1970-01-01T00:00:25.760Z,complete,case85:frames604-644,Lack_Side_Table/0021_black_floor_05_02_2019_08_19_13_04,1.600,604,644,40
85,spin leg,1970-01-01T00:00:25.760Z,1970-01-01T00:00:43.560Z,complete,case85:frames644-1089,Lack_Side_Table/0021_black_floor_05_02_2019_08_19_13_04,17.800,644,1089,445
85,pick up leg,1970-01-01T00:00:44.200Z,1970-01-01T00:00:45.840Z,complete,case85:frames1105-1146,Lack_Side_Table/0021_black_floor_05_02_2019_08_19_13_04,1.640,1105,1146,41
85,align leg screw with table thread,1970-01-01T00:00:45.840Z,1970-01-01T00:00:47.800Z,complete,case85:frames1146-1195,Lack_Side_Table/0021_black_floor_05_02_2019_08_19_13_04,1.960,1146,1195,49
85,spin leg,1970-01-01T00:00:47.800Z,1970-01-01T00:01:03.200Z,complete,case85:frames1195-1580,Lack_Side_Table/0021_black_floor_05_02_2019_08_19_13_04,15.400,1195,1580,385
85,rotate table,1970-01-01T00:01:04.680Z,1970-01-01T00:01:05.560Z,complete,case85:frames1617-1639,Lack_Side_Table/0021_black_floor_05_02_2019_08_19_13_04,0.880,1617,1639,22
85,pick up leg,1970-01-01T00:01:05.560Z,1970-01-01T00:01:07.280Z,complete,case85:frames1639-1682,Lack_Side_Table/0021_black_floor_05_02_2019_08_19_13_04,1.720,1639,1682,43
85,align leg screw with table thread,1970-01-01T00:01:07.280Z,1970-01-01T00:01:08.360Z,complete,case85:frames1682-1709,Lack_Side_Table/0021_black_floor_05_02_2019_08_19_13_04,1.080,1682,1709,27
85,spin leg,1970-01-01T00:01:08.360Z,1970-01-01T00:01:20.800Z,complete,case85:frames1709-2020,Lack_Side_Table/0021_black_floor_05_02_2019_08_19_13_04,12.440,1709,2020,311
85,flip table,1970-01-01T00:01:22.200Z,1970-01-01T00:01:25.560Z,complete,case85:frames2055-2139,Lack_Side_Table/0021_black_floor_05_02_2019_08_19_13_04,3.360,2055,2139,84
86,rotate table,1970-01-01T00:00:03.720Z,1970-01-01T00:00:04.320Z,complete,case86:frames93-108,Lack_Side_Table/0028_black_table_04_02_2019_08_20_11_09,0.600,93,108,15
86,pick up leg,1970-01-01T00:00:06.520Z,1970-01-01T00:00:07.400Z,complete,case86:frames163-185,Lack_Side_Table/0028_black_table_04_02_2019_08_20_11_09,0.880,163,185,22
86,align leg screw with table thread,1970-01-01T00:00:07.440Z,1970-01-01T00:00:09.720Z,complete,case86:frames186-243,Lack_Side_Table/0028_black_table_04_02_2019_08_20_11_09,2.280,186,243,57
86,spin leg,1970-01-01T00:00:09.760Z,1970-01-01T00:00:27.720Z,complete,case86:frames244-693,Lack_Side_Table/0028_black_table_04_02_2019_08_20_11_09,17.960,244,693,449
86,pick up leg,1970-01-01T00:00:29.320Z,1970-01-01T00:00:30.200Z,complete,case86:frames733-755,Lack_Side_Table/0028_black_table_04_02_2019_08_20_11_09,0.880,733,755,22
86,align leg screw with table thread,1970-01-01T00:00:30.240Z,1970-01-01T00:00:31.920Z,complete,case86:frames756-798,Lack_Side_Table/0028_black_table_04_02_2019_08_20_11_09,1.680,756,798,42
86,spin leg,1970-01-01T00:00:31.960Z,1970-01-01T00:00:51.120Z,complete,case86:frames799-1278,Lack_Side_Table/0028_black_table_04_02_2019_08_20_11_09,19.160,799,1278,479
86,pick up leg,1970-01-01T00:00:52.760Z,1970-01-01T00:00:53.800Z,complete,case86:frames1319-1345,Lack_Side_Table/0028_black_table_04_02_2019_08_20_11_09,1.040,1319,1345,26
86,align leg screw with table thread,1970-01-01T00:00:53.840Z,1970-01-01T00:00:55.400Z,complete,case86:frames1346-1385,Lack_Side_Table/0028_black_table_04_02_2019_08_20_11_09,1.560,1346,1385,39
86,spin leg,1970-01-01T00:00:55.440Z,1970-01-01T00:01:24.080Z,complete,case86:frames1386-2102,Lack_Side_Table/0028_black_table_04_02_2019_08_20_11_09,28.640,1386,2102,716
86,pick up leg,1970-01-01T00:01:24.480Z,1970-01-01T00:01:25.560Z,complete,case86:frames2112-2139,Lack_Side_Table/0028_black_table_04_02_2019_08_20_11_09,1.080,2112,2139,27
86,align leg screw with table thread,1970-01-01T00:01:25.600Z,1970-01-01T00:01:27.000Z,complete,case86:frames2140-2175,Lack_Side_Table/0028_black_table_04_02_2019_08_20_11_09,1.400,2140,2175,35
86,spin leg,1970-01-01T00:01:27.320Z,1970-01-01T00:01:48.360Z,complete,case86:frames2183-2709,Lack_Side_Table/0028_black_table_04_02_2019_08_20_11_09,21.040,2183,2709,526
86,flip table,1970-01-01T00:01:49.800Z,1970-01-01T00:01:53.800Z,complete,case86:frames2745-2845,Lack_Side_Table/0028_black_table_04_02_2019_08_20_11_09,4.000,2745,2845,100
87,pick up leg,1970-01-01T00:00:04.280Z,1970-01-01T00:00:05.120Z,complete,case87:frames107-128,Lack_Side_Table/0022_oak_floor_05_02_2019_08_19_15_44,0.840,107,128,21
87,spin leg,1970-01-01T00:00:05.120Z,1970-01-01T00:00:23.680Z,complete,case87:frames128-592,Lack_Side_Table/0022_oak_floor_05_02_2019_08_19_15_44,18.560,128,592,464
87,pick up leg,1970-01-01T00:00:51.880Z,1970-01-01T00:00:54.480Z,complete,case87:frames1297-1362,Lack_Side_Table/0022_oak_floor_05_02_2019_08_19_15_44,2.600,1297,1362,65
87,spin leg,1970-01-01T00:00:54.480Z,1970-01-01T00:01:31.240Z,complete,case87:frames1362-2281,Lack_Side_Table/0022_oak_floor_05_02_2019_08_19_15_44,36.760,1362,2281,919
87,rotate table,1970-01-01T00:01:40.080Z,1970-01-01T00:01:43.240Z,complete,case87:frames2502-2581,Lack_Side_Table/0022_oak_floor_05_02_2019_08_19_15_44,3.160,2502,2581,79
87,pick up leg,1970-01-01T00:01:43.240Z,1970-01-01T00:01:46.360Z,complete,case87:frames2581-2659,Lack_Side_Table/0022_oak_floor_05_02_2019_08_19_15_44,3.120,2581,2659,78
87,spin leg,1970-01-01T00:01:46.360Z,1970-01-01T00:02:04.600Z,complete,case87:frames2659-3115,Lack_Side_Table/0022_oak_floor_05_02_2019_08_19_15_44,18.240,2659,3115,456
87,rotate table,1970-01-01T00:02:29.120Z,1970-01-01T00:02:32.000Z,complete,case87:frames3728-3800,Lack_Side_Table/0022_oak_floor_05_02_2019_08_19_15_44,2.880,3728,3800,72
87,spin leg,1970-01-01T00:02:32.000Z,1970-01-01T00:02:52.800Z,complete,case87:frames3800-4320,Lack_Side_Table/0022_oak_floor_05_02_2019_08_19_15_44,20.800,3800,4320,520
87,flip table,1970-01-01T00:03:36.720Z,1970-01-01T00:03:43.800Z,complete,case87:frames5418-5595,Lack_Side_Table/0022_oak_floor_05_02_2019_08_19_15_44,7.080,5418,5595,177
88,pick up side panel,1970-01-01T00:00:03.040Z,1970-01-01T00:00:06.040Z,complete,case88:frames76-151,Kallax_Shelf_Drawer/0006_oak_floor_05_02_2019_08_19_16_40,3.000,76,151,75
88,align side panel holes with front panel dowels,1970-01-01T00:00:06.040Z,1970-01-01T00:00:11.360Z,complete,case88:frames151-284,Kallax_Shelf_Drawer/0006_oak_floor_05_02_2019_08_19_16_40,5.320,151,284,133
88,attach drawer side panel,1970-01-01T00:00:11.360Z,1970-01-01T00:00:13.280Z,complete,case88:frames284-332,Kallax_Shelf_Drawer/0006_oak_floor_05_02_2019_08_19_16_40,1.920,284,332,48
88,pick up side panel,1970-01-01T00:00:13.400Z,1970-01-01T00:00:14.880Z,complete,case88:frames335-372,Kallax_Shelf_Drawer/0006_oak_floor_05_02_2019_08_19_16_40,1.480,335,372,37
88,align side panel holes with front panel dowels,1970-01-01T00:00:14.880Z,1970-01-01T00:00:18.360Z,complete,case88:frames372-459,Kallax_Shelf_Drawer/0006_oak_floor_05_02_2019_08_19_16_40,3.480,372,459,87
88,attach drawer side panel,1970-01-01T00:00:18.360Z,1970-01-01T00:00:22.040Z,complete,case88:frames459-551,Kallax_Shelf_Drawer/0006_oak_floor_05_02_2019_08_19_16_40,3.680,459,551,92
88,pick up bottom panel,1970-01-01T00:00:22.040Z,1970-01-01T00:00:24.760Z,complete,case88:frames551-619,Kallax_Shelf_Drawer/0006_oak_floor_05_02_2019_08_19_16_40,2.720,551,619,68
88,slide bottom of drawer,1970-01-01T00:00:24.760Z,1970-01-01T00:00:36.000Z,complete,case88:frames619-900,Kallax_Shelf_Drawer/0006_oak_floor_05_02_2019_08_19_16_40,11.240,619,900,281
88,pick up back panel,1970-01-01T00:00:36.000Z,1970-01-01T00:00:37.760Z,complete,case88:frames900-944,Kallax_Shelf_Drawer/0006_oak_floor_05_02_2019_08_19_16_40,1.760,900,944,44
88,attach drawer back panel,1970-01-01T00:00:37.760Z,1970-01-01T00:00:44.760Z,complete,case88:frames944-1119,Kallax_Shelf_Drawer/0006_oak_floor_05_02_2019_08_19_16_40,7.000,944,1119,175
88,pick up pin,1970-01-01T00:00:44.760Z,1970-01-01T00:00:46.680Z,complete,case88:frames1119-1167,Kallax_Shelf_Drawer/0006_oak_floor_05_02_2019_08_19_16_40,1.920,1119,1167,48
88,insert drawer pin,1970-01-01T00:00:46.680Z,1970-01-01T00:00:51.840Z,complete,case88:frames1167-1296,Kallax_Shelf_Drawer/0006_oak_floor_05_02_2019_08_19_16_40,5.160,1167,1296,129
88,position the drawer right side up,1970-01-01T00:00:51.840Z,1970-01-01T00:00:57.280Z,complete,case88:frames1296-1432,Kallax_Shelf_Drawer/0006_oak_floor_05_02_2019_08_19_16_40,5.440,1296,1432,136
89,pick up side panel,1970-01-01T00:00:02.800Z,1970-01-01T00:00:05.000Z,complete,case89:frames70-125,Kallax_Shelf_Drawer/0007_white_floor_08_04_2019_08_28_10_51,2.200,70,125,55
89,attach drawer side panel,1970-01-01T00:00:05.000Z,1970-01-01T00:00:12.560Z,complete,case89:frames125-314,Kallax_Shelf_Drawer/0007_white_floor_08_04_2019_08_28_10_51,7.560,125,314,189
89,pick up side panel,1970-01-01T00:00:12.560Z,1970-01-01T00:00:14.400Z,complete,case89:frames314-360,Kallax_Shelf_Drawer/0007_white_floor_08_04_2019_08_28_10_51,1.840,314,360,46
89,attach drawer side panel,1970-01-01T00:00:14.400Z,1970-01-01T00:00:18.040Z,complete,case89:frames360-451,Kallax_Shelf_Drawer/0007_white_floor_08_04_2019_08_28_10_51,3.640,360,451,91
89,pick up bottom panel,1970-01-01T00:00:18.040Z,1970-01-01T00:00:21.320Z,complete,case89:frames451-533,Kallax_Shelf_Drawer/0007_white_floor_08_04_2019_08_28_10_51,3.280,451,533,82
89,slide bottom of drawer,1970-01-01T00:00:21.320Z,1970-01-01T00:00:26.480Z,complete,case89:frames533-662,Kallax_Shelf_Drawer/0007_white_floor_08_04_2019_08_28_10_51,5.160,533,662,129
89,pick up front panel,1970-01-01T00:00:26.480Z,1970-01-01T00:00:28.200Z,complete,case89:frames662-705,Kallax_Shelf_Drawer/0007_white_floor_08_04_2019_08_28_10_51,1.720,662,705,43
89,align side panel holes with front panel dowels,1970-01-01T00:00:28.200Z,1970-01-01T00:00:36.160Z,complete,case89:frames705-904,Kallax_Shelf_Drawer/0007_white_floor_08_04_2019_08_28_10_51,7.960,705,904,199
89,pick up pin,1970-01-01T00:00:36.160Z,1970-01-01T00:00:39.360Z,complete,case89:frames904-984,Kallax_Shelf_Drawer/0007_white_floor_08_04_2019_08_28_10_51,3.200,904,984,80
89,insert drawer pin,1970-01-01T00:00:39.360Z,1970-01-01T00:00:42.720Z,complete,case89:frames984-1068,Kallax_Shelf_Drawer/0007_white_floor_08_04_2019_08_28_10_51,3.360,984,1068,84
9,other,1970-01-01T00:00:00.000Z,1970-01-01T00:00:02.920Z,complete,case9:frames0-73,Lack_TV_Bench/0014_black_floor_08_04_2019_08_28_11_02,2.920,0,73,73
9,pick up leg,1970-01-01T00:00:02.920Z,1970-01-01T00:00:05.440Z,complete,case9:frames73-136,Lack_TV_Bench/0014_black_floor_08_04_2019_08_28_11_02,2.520,73,136,63
9,pick up table top,1970-01-01T00:00:05.440Z,1970-01-01T00:00:08.000Z,complete,case9:frames136-200,Lack_TV_Bench/0014_black_floor_08_04_2019_08_28_11_02,2.560,136,200,64
9,lay down table top,1970-01-01T00:00:08.000Z,1970-01-01T00:00:09.600Z,complete,case9:frames200-240,Lack_TV_Bench/0014_black_floor_08_04_2019_08_28_11_02,1.600,200,240,40
9,pick up leg,1970-01-01T00:00:09.600Z,1970-01-01T00:00:11.280Z,complete,case9:frames240-282,Lack_TV_Bench/0014_black_floor_08_04_2019_08_28_11_02,1.680,240,282,42
9,align leg screw with table thread,1970-01-01T00:00:11.280Z,1970-01-01T00:00:13.720Z,complete,case9:frames282-343,Lack_TV_Bench/0014_black_floor_08_04_2019_08_28_11_02,2.440,282,343,61
9,spin leg,1970-01-01T00:00:13.720Z,1970-01-01T00:00:19.680Z,complete,case9:frames343-492,Lack_TV_Bench/0014_black_floor_08_04_2019_08_28_11_02,5.960,343,492,149
9,tighten leg,1970-01-01T00:00:19.680Z,1970-01-01T00:00:25.720Z,complete,case9:frames492-643,Lack_TV_Bench/0014_black_floor_08_04_2019_08_28_11_02,6.040,492,643,151
9,pick up leg,1970-01-01T00:00:25.720Z,1970-01-01T00:00:26.600Z,complete,case9:frames643-665,Lack_TV_Bench/0014_black_floor_08_04_2019_08_28_11_02,0.880,643,665,22
9,align leg screw with table thread,1970-01-01T00:00:26.600Z,1970-01-01T00:00:27.840Z,complete,case9:frames665-696,Lack_TV_Bench/0014_black_floor_08_04_2019_08_28_11_02,1.240,665,696,31
9,spin leg,1970-01-01T00:00:27.840Z,1970-01-01T00:00:37.360Z,complete,case9:frames696-934,Lack_TV_Bench/0014_black_floor_08_04_2019_08_28_11_02,9.520,696,934,238
9,rotate table,1970-01-01T00:00:37.360Z,1970-01-01T00:00:40.800Z,complete,case9:frames934-1020,Lack_TV_Bench/0014_black_floor_08_04_2019_08_28_11_02,3.440,934,1020,86
9,pick up leg,1970-01-01T00:00:40.800Z,1970-01-01T00:00:42.840Z,complete,case9:frames1020-1071,Lack_TV_Bench/0014_black_floor_08_04_2019_08_28_11_02,2.040,1020,1071,51
9,align leg screw with table thread,1970-01-01T00:00:42.840Z,1970-01-01T00:00:44.560Z,complete,case9:frames1071-1114,Lack_TV_Bench/0014_black_floor_08_04_2019_08_28_11_02,1.720,1071,1114,43
9,spin leg,1970-01-01T00:00:44.560Z,1970-01-01T00:00:55.440Z,complete,case9:frames1114-1386,Lack_TV_Bench/0014_black_floor_08_04_2019_08_28_11_02,10.880,1114,1386,272
9,pick up leg,1970-01-01T00:00:55.440Z,1970-01-01T00:00:57.000Z,complete,case9:frames1386-1425,Lack_TV_Bench/0014_black_floor_08_04_2019_08_28_11_02,1.560,1386,1425,39
9,align leg screw with table thread,1970-01-01T00:00:57.000Z,1970-01-01T00:01:00.280Z,complete,case9:frames1425-1507,Lack_TV_Bench/0014_black_floor_08_04_2019_08_28_11_02,3.280,1425,1507,82
9,spin leg,1970-01-01T00:01:00.280Z,1970-01-01T00:01:10.320Z,complete,case9:frames1507-1758,Lack_TV_Bench/0014_black_floor_08_04_2019_08_28_11_02,10.040,1507,1758,251
9,flip table,1970-01-01T00:01:10.320Z,1970-01-01T00:01:15.080Z,complete,case9:frames1758-1877,Lack_TV_Bench/0014_black_floor_08_04_2019_08_28_11_02,4.760,1758,1877,119
9,pick up shelf,1970-01-01T00:01:15.080Z,1970-01-01T00:01:18.480Z,complete,case9:frames1877-1962,Lack_TV_Bench/0014_black_floor_08_04_2019_08_28_11_02,3.400,1877,1962,85
9,attach shelf to table,1970-01-01T00:01:18.480Z,1970-01-01T00:01:32.760Z,complete,case9:frames1962-2319,Lack_TV_Bench/0014_black_floor_08_04_2019_08_28_11_02,14.280,1962,2319,357
9,other,1970-01-01T00:01:32.760Z,1970-01-01T00:01:35.160Z,complete,case9:frames2319-2379,Lack_TV_Bench/0014_black_floor_08_04_2019_08_28_11_02,2.400,2319,2379,60
90,attach drawer side panel,1970-01-01T00:00:02.920Z,1970-01-01T00:00:07.000Z,complete,case90:frames73-175,Kallax_Shelf_Drawer/0006_oak_table_04_02_2019_08_20_12_04,4.080,73,175,102
90,pick up side panel,1970-01-01T00:00:07.000Z,1970-01-01T00:00:09.160Z,complete,case90:frames175-229,Kallax_Shelf_Drawer/0006_oak_table_04_02_2019_08_20_12_04,2.160,175,229,54
90,attach drawer side panel,1970-01-01T00:00:09.160Z,1970-01-01T00:00:13.600Z,complete,case90:frames229-340,Kallax_Shelf_Drawer/0006_oak_table_04_02_2019_08_20_12_04,4.440,229,340,111
90,pick up bottom panel,1970-01-01T00:00:13.600Z,1970-01-01T00:00:16.800Z,complete,case90:frames340-420,Kallax_Shelf_Drawer/0006_oak_table_04_02_2019_08_20_12_04,3.200,340,420,80
90,slide bottom of drawer,1970-01-01T00:00:16.800Z,1970-01-01T00:00:23.800Z,complete,case90:frames420-595,Kallax_Shelf_Drawer/0006_oak_table_04_02_2019_08_20_12_04,7.000,420,595,175
90,pick up back panel,1970-01-01T00:00:23.800Z,1970-01-01T00:00:26.320Z,complete,case90:frames595-658,Kallax_Shelf_Drawer/0006_oak_table_04_02_2019_08_20_12_04,2.520,595,658,63
90,attach drawer back panel,1970-01-01T00:00:26.320Z,1970-01-01T00:00:29.840Z,complete,case90:frames658-746,Kallax_Shelf_Drawer/0006_oak_table_04_02_2019_08_20_12_04,3.520,658,746,88
90,pick up pin,1970-01-01T00:00:32.880Z,1970-01-01T00:00:34.640Z,complete,case90:frames822-866,Kallax_Shelf_Drawer/0006_oak_table_04_02_2019_08_20_12_04,1.760,822,866,44
90,insert drawer pin,1970-01-01T00:00:35.440Z,1970-01-01T00:00:37.080Z,complete,case90:frames886-927,Kallax_Shelf_Drawer/0006_oak_table_04_02_2019_08_20_12_04,1.640,886,927,41
90,pick up pin,1970-01-01T00:00:37.520Z,1970-01-01T00:00:38.720Z,complete,case90:frames938-968,Kallax_Shelf_Drawer/0006_oak_table_04_02_2019_08_20_12_04,1.200,938,968,30
90,insert drawer pin,1970-01-01T00:00:38.720Z,1970-01-01T00:00:40.840Z,complete,case90:frames968-1021,Kallax_Shelf_Drawer/0006_oak_table_04_02_2019_08_20_12_04,2.120,968,1021,53
90,lay down bottom panel,1970-01-01T00:00:41.480Z,1970-01-01T00:00:42.720Z,complete,case90:frames1037-1068,Kallax_Shelf_Drawer/0006_oak_table_04_02_2019_08_20_12_04,1.240,1037,1068,31
91,pick up front panel,1970-01-01T00:00:02.880Z,1970-01-01T00:00:08.840Z,complete,case91:frames72-221,Kallax_Shelf_Drawer/0040_oak_floor_08_04_2019_08_28_12_02,5.960,72,221,149
91,pick up side panel,1970-01-01T00:00:09.040Z,1970-01-01T00:00:10.680Z,complete,case91:frames226-267,Kallax_Shelf_Drawer/0040_oak_floor_08_04_2019_08_28_12_02,1.640,226,267,41
91,lay down front panel,1970-01-01T00:00:13.560Z,1970-01-01T00:00:16.440Z,complete,case91:frames339-411,Kallax_Shelf_Drawer/0040_oak_floor_08_04_2019_08_28_12_02,2.880,339,411,72
91,pick up back panel,1970-01-01T00:00:16.440Z,1970-01-01T00:00:17.880Z,complete,case91:frames411-447,Kallax_Shelf_Drawer/0040_oak_floor_08_04_2019_08_28_12_02,1.440,411,447,36
91,pick up side panel,1970-01-01T00:00:17.880Z,1970-01-01T00:00:19.960Z,complete,case91:frames447-499,Kallax_Shelf_Drawer/0040_oak_floor_08_04_2019_08_28_12_02,2.080,447,499,52
91,lay down back panel,1970-01-01T00:00:25.080Z,1970-01-01T00:00:25.720Z,complete,case91:frames627-643,Kallax_Shelf_Drawer/0040_oak_floor_08_04_2019_08_28_12_02,0.640,627,643,16
91,pick up front panel,1970-01-01T00:00:26.120Z,1970-01-01T00:00:27.960Z,complete,case91:frames653-699,Kallax_Shelf_Drawer/0040_oak_floor_08_04_2019_08_28_12_02,1.840,653,699,46
91,align side panel holes with front panel dowels,1970-01-01T00:00:27.960Z,1970-01-01T00:00:31.080Z,complete,case91:frames699-777,Kallax_Shelf_Drawer/0040_oak_floor_08_04_2019_08_28_12_02,3.120,699,777,78
91,attach drawer side panel,1970-01-01T00:00:31.080Z,1970-01-01T00:00:34.360Z,complete,case91:frames777-859,Kallax_Shelf_Drawer/0040_oak_floor_08_04_2019_08_28_12_02,3.280,777,859,82
91,pick up side panel,1970-01-01T00:00:34.360Z,1970-01-01T00:00:37.240Z,complete,case91:frames859-931,Kallax_Shelf_Drawer/0040_oak_floor_08_04_2019_08_28_12_02,2.880,859,931,72
91,align side panel holes with front panel dowels,1970-01-01T00:00:37.240Z,1970-01-01T00:00:46.080Z,complete,case91:frames931-1152,Kallax_Shelf_Drawer/0040_oak_floor_08_04_2019_08_28_12_02,8.840,931,1152,221
91,attach drawer side panel,1970-01-01T00:00:46.080Z,1970-01-01T00:00:48.760Z,complete,case91:frames1152-1219,Kallax_Shelf_Drawer/0040_oak_floor_08_04_2019_08_28_12_02,2.680,1152,1219,67
91,pick up side panel,1970-01-01T00:00:48.760Z,1970-01-01T00:00:51.000Z,complete,case91:frames1219-1275,Kallax_Shelf_Drawer/0040_oak_floor_08_04_2019_08_28_12_02,2.240,1219,1275,56
91,pick up side panel,1970-01-01T00:00:53.280Z,1970-01-01T00:00:54.520Z,complete,case91:frames1332-1363,Kallax_Shelf_Drawer/0040_oak_floor_08_04_2019_08_28_12_02,1.240,1332,1363,31
91,lay down side panel,1970-01-01T00:00:54.520Z,1970-01-01T00:00:55.120Z,complete,case91:frames1363-1378,Kallax_Shelf_Drawer/0040_oak_floor_08_04_2019_08_28_12_02,0.600,1363,1378,15
91,align side panel holes with front panel dowels,1970-01-01T00:00:55.120Z,1970-01-01T00:00:59.240Z,complete,case91:frames1378-1481,Kallax_Shelf_Drawer/0040_oak_floor_08_04_2019_08_28_12_02,4.120,1378,1481,103
91,attach drawer side panel,1970-01-01T00:00:59.240Z,1970-01-01T00:01:01.080Z,complete,case91:frames1481-1527,Kallax_Shelf_Drawer/0040_oak_floor_08_04_2019_08_28_12_02,1.840,1481,1527,46
91,pick up side panel,1970-01-01T00:01:01.080Z,1970-01-01T00:01:02.960Z,complete,case91:frames1527-1574,Kallax_Shelf_Drawer/0040_oak_floor_08_04_2019_08_28_12_02,1.880,1527,1574,47
91,align side panel holes with front panel dowels,1970-01-01T00:01:02.960Z,1970-01-01T00:01:15.280Z,complete,case91:frames1574-1882,Kallax_Shelf_Drawer/0040_oak_floor_08_04_2019_08_28_12_02,12.320,1574,1882,308
91,attach drawer side panel,1970-01-01T00:01:15.280Z,1970-01-01T00:01:20.640Z,complete,case91:frames1882-2016,Kallax_Shelf_Drawer/0040_oak_floor_08_04_2019_08_28_12_02,5.360,1882,2016,134
91,pick up back panel,1970-01-01T00:01:20.840Z,1970-01-01T00:01:21.880Z,complete,case91:frames2021-2047,Kallax_Shelf_Drawer/0040_oak_floor_08_04_2019_08_28_12_02,1.040,2021,2047,26
91,lay down back panel,1970-01-01T00:01:22.080Z,1970-01-01T00:01:24.120Z,complete,case91:frames2052-2103,Kallax_Shelf_Drawer/0040_oak_floor_08_04_2019_08_28_12_02,2.040,2052,2103,51
91,pick up bottom panel,1970-01-01T00:01:24.120Z,1970-01-01T00:01:24.760Z,complete,case91:frames2103-2119,Kallax_Shelf_Drawer/0040_oak_floor_08_04_2019_08_28_12_02,0.640,2103,2119,16
91,slide bottom of drawer,1970-01-01T00:01:26.000Z,1970-01-01T00:01:35.640Z,complete,case91:frames2150-2391,Kallax_Shelf_Drawer/0040_oak_floor_08_04_2019_08_28_12_02,9.640,2150,2391,241
91,pick up bottom panel,1970-01-01T00:01:35.640Z,1970-01-01T00:01:37.080Z,complete,case91:frames2391-2427,Kallax_Shelf_Drawer/0040_oak_floor_08_04_2019_08_28_12_02,1.440,2391,2427,36
91,lay down bottom panel,1970-01-01T00:01:37.080Z,1970-01-01T00:01:37.920Z,complete,case91:frames2427-2448,Kallax_Shelf_Drawer/0040_oak_floor_08_04_2019_08_28_12_02,0.840,2427,2448,21
91,other,1970-01-01T00:01:37.920Z,1970-01-01T00:01:43.680Z,complete,case91:frames2448-2592,Kallax_Shelf_Drawer/0040_oak_floor_08_04_2019_08_28_12_02,5.760,2448,2592,144
91,pick up bottom panel,1970-01-01T00:01:43.680Z,1970-01-01T00:01:45.720Z,complete,case91:frames2592-2643,Kallax_Shelf_Drawer/0040_oak_floor_08_04_2019_08_28_12_02,2.040,2592,2643,51
91,slide bottom of drawer,1970-01-01T00:01:45.720Z,1970-01-01T00:01:58.080Z,complete,case91:frames2643-2952,Kallax_Shelf_Drawer/0040_oak_floor_08_04_2019_08_28_12_02,12.360,2643,2952,309
91,pick up back panel,1970-01-01T00:01:58.680Z,1970-01-01T00:02:00.320Z,complete,case91:frames2967-3008,Kallax_Shelf_Drawer/0040_oak_floor_08_04_2019_08_28_12_02,1.640,2967,3008,41
91,attach drawer back panel,1970-01-01T00:02:01.160Z,1970-01-01T00:02:25.840Z,complete,case91:frames3029-3646,Kallax_Shelf_Drawer/0040_oak_floor_08_04_2019_08_28_12_02,24.680,3029,3646,617
91,pick up pin,1970-01-01T00:02:25.840Z,1970-01-01T00:02:28.520Z,complete,case91:frames3646-3713,Kallax_Shelf_Drawer/0040_oak_floor_08_04_2019_08_28_12_02,2.680,3646,3713,67
91,insert drawer pin,1970-01-01T00:02:28.520Z,1970-01-01T00:02:37.360Z,complete,case91:frames3713-3934,Kallax_Shelf_Drawer/0040_oak_floor_08_04_2019_08_28_12_02,8.840,3713,3934,221
91,position the drawer right side up,1970-01-01T00:02:37.360Z,1970-01-01T00:02:41.480Z,complete,case91:frames3934-4037,Kallax_Shelf_Drawer/0040_oak_floor_08_04_2019_08_28_12_02,4.120,3934,4037,103
92,pick up front panel,1970-01-01T00:00:02.720Z,1970-01-01T00:00:03.760Z,complete,case92:frames68-94,Kallax_Shelf_Drawer/0025_oak_floor_05_02_2019_08_19_17_21,1.040,68,94,26
92,lay down front panel,1970-01-01T00:00:03.800Z,1970-01-01T00:00:04.920Z,complete,case92:frames95-123,Kallax_Shelf_Drawer/0025_oak_floor_05_02_2019_08_19_17_21,1.120,95,123,28
92,pick up side panel,1970-01-01T00:00:05.120Z,1970-01-01T00:00:06.960Z,complete,case92:frames128-174,Kallax_Shelf_Drawer/0025_oak_floor_05_02_2019_08_19_17_21,1.840,128,174,46
92,align side panel holes with front panel dowels,1970-01-01T00:00:07.000Z,1970-01-01T00:00:11.640Z,complete,case92:frames175-291,Kallax_Shelf_Drawer/0025_oak_floor_05_02_2019_08_19_17_21,4.640,175,291,116
92,attach drawer side panel,1970-01-01T00:00:11.680Z,1970-01-01T00:00:12.720Z,complete,case92:frames292-318,Kallax_Shelf_Drawer/0025_oak_floor_05_02_2019_08_19_17_21,1.040,292,318,26
92,pick up side panel,1970-01-01T00:00:13.120Z,1970-01-01T00:00:14.280Z,complete,case92:frames328-357,Kallax_Shelf_Drawer/0025_oak_floor_05_02_2019_08_19_17_21,1.160,328,357,29
92,align side panel holes with front panel dowels,1970-01-01T00:00:14.320Z,1970-01-01T00:00:16.280Z,complete,case92:frames358-407,Kallax_Shelf_Drawer/0025_oak_floor_05_02_2019_08_19_17_21,1.960,358,407,49
92,attach drawer side panel,1970-01-01T00:00:16.320Z,1970-01-01T00:00:18.320Z,complete,case92:frames408-458,Kallax_Shelf_Drawer/0025_oak_floor_05_02_2019_08_19_17_21,2.000,408,458,50
92,pick up bottom panel,1970-01-01T00:00:19.400Z,1970-01-01T00:00:21.720Z,complete,case92:frames485-543,Kallax_Shelf_Drawer/0025_oak_floor_05_02_2019_08_19_17_21,2.320,485,543,58
92,slide bottom of drawer,1970-01-01T00:00:21.760Z,1970-01-01T00:00:28.240Z,complete,case92:frames544-706,Kallax_Shelf_Drawer/0025_oak_floor_05_02_2019_08_19_17_21,6.480,544,706,162
92,pick up back panel,1970-01-01T00:00:29.600Z,1970-01-01T00:00:31.280Z,complete,case92:frames740-782,Kallax_Shelf_Drawer/0025_oak_floor_05_02_2019_08_19_17_21,1.680,740,782,42
92,attach drawer back panel,1970-01-01T00:00:32.000Z,1970-01-01T00:00:36.720Z,complete,case92:frames800-918,Kallax_Shelf_Drawer/0025_oak_floor_05_02_2019_08_19_17_21,4.720,800,918,118
92,pick up pin,1970-01-01T00:00:40.440Z,1970-01-01T00:00:41.400Z,complete,case92:frames1011-1035,Kallax_Shelf_Drawer/0025_oak_floor_05_02_2019_08_19_17_21,0.960,1011,1035,24
92,insert drawer pin,1970-01-01T00:00:41.440Z,1970-01-01T00:00:43.080Z,complete,case92:frames1036-1077,Kallax_Shelf_Drawer/0025_oak_floor_05_02_2019_08_19_17_21,1.640,1036,1077,41
92,pick up pin,1970-01-01T00:00:43.360Z,1970-01-01T00:00:44.320Z,complete,case92:frames1084-1108,Kallax_Shelf_Drawer/0025_oak_floor_05_02_2019_08_19_17_21,0.960,1084,1108,24
92,insert drawer pin,1970-01-01T00:00:45.000Z,1970-01-01T00:00:46.440Z,complete,case92:frames1125-1161,Kallax_Shelf_Drawer/0025_oak_floor_05_02_2019_08_19_17_21,1.440,1125,1161,36
92,position the drawer right side up,1970-01-01T00:00:52.440Z,1970-01-01T00:00:55.440Z,complete,case92:frames1311-1386,Kallax_Shelf_Drawer/0025_oak_floor_05_02_2019_08_19_17_21,3.000,1311,1386,75
93,pick up front panel,1970-01-01T00:00:02.600Z,1970-01-01T00:00:03.960Z,complete,case93:frames65-99,Kallax_Shelf_Drawer/0006_oak_floor_08_04_2019_08_28_12_10,1.360,65,99,34
93,lay down front panel,1970-01-01T00:00:03.960Z,1970-01-01T00:00:05.040Z,complete,case93:frames99-126,Kallax_Shelf_Drawer/0006_oak_floor_08_04_2019_08_28_12_10,1.080,99,126,27
93,pick up side panel,1970-01-01T00:00:05.040Z,1970-01-01T00:00:12.880Z,complete,case93:frames126-322,Kallax_Shelf_Drawer/0006_oak_floor_08_04_2019_08_28_12_10,7.840,126,322,196
93,align side panel holes with front panel dowels,1970-01-01T00:00:12.880Z,1970-01-01T00:00:13.560Z,complete,case93:frames322-339,Kallax_Shelf_Drawer/0006_oak_floor_08_04_2019_08_28_12_10,0.680,322,339,17
93,attach drawer side panel,1970-01-01T00:00:13.560Z,1970-01-01T00:00:16.640Z,complete,case93:frames339-416,Kallax_Shelf_Drawer/0006_oak_floor_08_04_2019_08_28_12_10,3.080,339,416,77
93,pick up side panel,1970-01-01T00:00:16.640Z,1970-01-01T00:00:19.440Z,complete,case93:frames416-486,Kallax_Shelf_Drawer/0006_oak_floor_08_04_2019_08_28_12_10,2.800,416,486,70
93,align side panel holes with front panel dowels,1970-01-01T00:00:19.440Z,1970-01-01T00:00:21.880Z,complete,case93:frames486-547,Kallax_Shelf_Drawer/0006_oak_floor_08_04_2019_08_28_12_10,2.440,486,547,61
93,attach drawer side panel,1970-01-01T00:00:21.880Z,1970-01-01T00:00:24.680Z,complete,case93:frames547-617,Kallax_Shelf_Drawer/0006_oak_floor_08_04_2019_08_28_12_10,2.800,547,617,70
93,pick up bottom panel,1970-01-01T00:00:24.680Z,1970-01-01T00:00:26.640Z,complete,case93:frames617-666,Kallax_Shelf_Drawer/0006_oak_floor_08_04_2019_08_28_12_10,1.960,617,666,49
93,slide bottom of drawer,1970-01-01T00:00:26.640Z,1970-01-01T00:00:37.480Z,complete,case93:frames666-937,Kallax_Shelf_Drawer/0006_oak_floor_08_04_2019_08_28_12_10,10.840,666,937,271
93,attach drawer back panel,1970-01-01T00:00:40.080Z,1970-01-01T00:01:01.680Z,complete,case93:frames1002-1542,Kallax_Shelf_Drawer/0006_oak_floor_08_04_2019_08_28_12_10,21.600,1002,1542,540
93,pick up pin,1970-01-01T00:01:01.680Z,1970-01-01T00:01:02.560Z,complete,case93:frames1542-1564,Kallax_Shelf_Drawer/0006_oak_floor_08_04_2019_08_28_12_10,0.880,1542,1564,22
93,insert drawer pin,1970-01-01T00:01:02.560Z,1970-01-01T00:01:04.080Z,complete,case93:frames1564-1602,Kallax_Shelf_Drawer/0006_oak_floor_08_04_2019_08_28_12_10,1.520,1564,1602,38
93,pick up pin,1970-01-01T00:01:04.080Z,1970-01-01T00:01:05.160Z,complete,case93:frames1602-1629,Kallax_Shelf_Drawer/0006_oak_floor_08_04_2019_08_28_12_10,1.080,1602,1629,27
93,insert drawer pin,1970-01-01T00:01:05.160Z,1970-01-01T00:01:08.920Z,complete,case93:frames1629-1723,Kallax_Shelf_Drawer/0006_oak_floor_08_04_2019_08_28_12_10,3.760,1629,1723,94
93,position the drawer right side up,1970-01-01T00:01:10.200Z,1970-01-01T00:01:13.480Z,complete,case93:frames1755-1837,Kallax_Shelf_Drawer/0006_oak_floor_08_04_2019_08_28_12_10,3.280,1755,1837,82
94,pick up side panel,1970-01-01T00:00:02.560Z,1970-01-01T00:00:03.640Z,complete,case94:frames64-91,Kallax_Shelf_Drawer/0027_white_table_04_02_2019_08_20_10_52,1.080,64,91,27
94,align side panel holes with front panel dowels,1970-01-01T00:00:03.680Z,1970-01-01T00:00:06.880Z,complete,case94:frames92-172,Kallax_Shelf_Drawer/0027_white_table_04_02_2019_08_20_10_52,3.200,92,172,80
94,attach drawer side panel,1970-01-01T00:00:06.920Z,1970-01-01T00:00:08.320Z,complete,case94:frames173-208,Kallax_Shelf_Drawer/0027_white_table_04_02_2019_08_20_10_52,1.400,173,208,35
94,pick up side panel,1970-01-01T00:00:08.480Z,1970-01-01T00:00:09.600Z,complete,case94:frames212-240,Kallax_Shelf_Drawer/0027_white_table_04_02_2019_08_20_10_52,1.120,212,240,28
94,align side panel holes with front panel dowels,1970-01-01T00:00:09.640Z,1970-01-01T00:00:12.680Z,complete,case94:frames241-317,Kallax_Shelf_Drawer/0027_white_table_04_02_2019_08_20_10_52,3.040,241,317,76
94,attach drawer side panel,1970-01-01T00:00:12.720Z,1970-01-01T00:00:14.040Z,complete,case94:frames318-351,Kallax_Shelf_Drawer/0027_white_table_04_02_2019_08_20_10_52,1.320,318,351,33
94,pick up back panel,1970-01-01T00:00:15.840Z,1970-01-01T00:00:17.320Z,complete,case94:frames396-433,Kallax_Shelf_Drawer/0027_white_table_04_02_2019_08_20_10_52,1.480,396,433,37
94,lay down back panel,1970-01-01T00:00:17.360Z,1970-01-01T00:00:17.880Z,complete,case94:frames434-447,Kallax_Shelf_Drawer/0027_white_table_04_02_2019_08_20_10_52,0.520,434,447,13
94,pick up bottom panel,1970-01-01T00:00:17.880Z,1970-01-01T00:00:20.280Z,complete,case94:frames447-507,Kallax_Shelf_Drawer/0027_white_table_04_02_2019_08_20_10_52,2.400,447,507,60
94,slide bottom of drawer,1970-01-01T00:00:20.320Z,1970-01-01T00:00:29.480Z,complete,case94:frames508-737,Kallax_Shelf_Drawer/0027_white_table_04_02_2019_08_20_10_52,9.160,508,737,229
94,pick up back panel,1970-01-01T00:00:30.880Z,1970-01-01T00:00:32.280Z,complete,case94:frames772-807,Kallax_Shelf_Drawer/0027_white_table_04_02_2019_08_20_10_52,1.400,772,807,35
94,other,1970-01-01T00:00:32.320Z,1970-01-01T00:00:33.200Z,complete,case94:frames808-830,Kallax_Shelf_Drawer/0027_white_table_04_02_2019_08_20_10_52,0.880,808,830,22
94,attach drawer back panel,1970-01-01T00:00:33.240Z,1970-01-01T00:00:43.080Z,complete,case94:frames831-1077,Kallax_Shelf_Drawer/0027_white_table_04_02_2019_08_20_10_52,9.840,831,1077,246
94,pick up pin,1970-01-01T00:00:49.240Z,1970-01-01T00:00:50.080Z,complete,case94:frames1231-1252,Kallax_Shelf_Drawer/0027_white_table_04_02_2019_08_20_10_52,0.840,1231,1252,21
94,other,1970-01-01T00:00:50.120Z,1970-01-01T00:00:55.440Z,complete,case94:frames1253-1386,Kallax_Shelf_Drawer/0027_white_table_04_02_2019_08_20_10_52,5.320,1253,1386,133
94,pick up back panel,1970-01-01T00:00:55.480Z,1970-01-01T00:00:58.240Z,complete,case94:frames1387-1456,Kallax_Shelf_Drawer/0027_white_table_04_02_2019_08_20_10_52,2.760,1387,1456,69
94,other,1970-01-01T00:00:58.280Z,1970-01-01T00:01:17.200Z,complete,case94:frames1457-1930,Kallax_Shelf_Drawer/0027_white_table_04_02_2019_08_20_10_52,18.920,1457,1930,473
94,attach drawer back panel,1970-01-01T00:01:17.240Z,1970-01-01T00:01:24.280Z,complete,case94:frames1931-2107,Kallax_Shelf_Drawer/0027_white_table_04_02_2019_08_20_10_52,7.040,1931,2107,176
94,insert drawer pin,1970-01-01T00:01:25.120Z,1970-01-01T00:01:26.600Z,complete,case94:frames2128-2165,Kallax_Shelf_Drawer/0027_white_table_04_02_2019_08_20_10_52,1.480,2128,2165,37
94,pick up pin,1970-01-01T00:01:27.560Z,1970-01-01T00:01:28.440Z,complete,case94:frames2189-2211,Kallax_Shelf_Drawer/0027_white_table_04_02_2019_08_20_10_52,0.880,2189,2211,22
94,insert drawer pin,1970-01-01T00:01:28.480Z,1970-01-01T00:01:30.640Z,complete,case94:frames2212-2266,Kallax_Shelf_Drawer/0027_white_table_04_02_2019_08_20_10_52,2.160,2212,2266,54
94,position the drawer right side up,1970-01-01T00:01:31.280Z,1970-01-01T00:01:34.760Z,complete,case94:frames2282-2369,Kallax_Shelf_Drawer/0027_white_table_04_02_2019_08_20_10_52,3.480,2282,2369,87
95,pick up side panel,1970-01-01T00:00:00.960Z,1970-01-01T00:00:02.920Z,complete,case95:frames24-73,Kallax_Shelf_Drawer/0031_white_table_04_02_2019_08_20_14_26,1.960,24,73,49
95,align side panel holes with front panel dowels,1970-01-01T00:00:02.920Z,1970-01-01T00:00:11.920Z,complete,case95:frames73-298,Kallax_Shelf_Drawer/0031_white_table_04_02_2019_08_20_14_26,9.000,73,298,225
95,attach drawer side panel,1970-01-01T00:00:11.920Z,1970-01-01T00:00:17.440Z,complete,case95:frames298-436,Kallax_Shelf_Drawer/0031_white_table_04_02_2019_08_20_14_26,5.520,298,436,138
95,pick up side panel,1970-01-01T00:00:17.440Z,1970-01-01T00:00:20.920Z,complete,case95:frames436-523,Kallax_Shelf_Drawer/0031_white_table_04_02_2019_08_20_14_26,3.480,436,523,87
95,align side panel holes with front panel dowels,1970-01-01T00:00:20.920Z,1970-01-01T00:00:25.480Z,complete,case95:frames523-637,Kallax_Shelf_Drawer/0031_white_table_04_02_2019_08_20_14_26,4.560,523,637,114
95,attach drawer side panel,1970-01-01T00:00:25.480Z,1970-01-01T00:00:28.520Z,complete,case95:frames637-713,Kallax_Shelf_Drawer/0031_white_table_04_02_2019_08_20_14_26,3.040,637,713,76
95,pick up back panel,1970-01-01T00:00:28.520Z,1970-01-01T00:00:30.600Z,complete,case95:frames713-765,Kallax_Shelf_Drawer/0031_white_table_04_02_2019_08_20_14_26,2.080,713,765,52
95,lay down back panel,1970-01-01T00:00:30.600Z,1970-01-01T00:00:34.640Z,complete,case95:frames765-866,Kallax_Shelf_Drawer/0031_white_table_04_02_2019_08_20_14_26,4.040,765,866,101
95,pick up bottom panel,1970-01-01T00:00:34.640Z,1970-01-01T00:00:37.120Z,complete,case95:frames866-928,Kallax_Shelf_Drawer/0031_white_table_04_02_2019_08_20_14_26,2.480,866,928,62
95,slide bottom of drawer,1970-01-01T00:00:37.120Z,1970-01-01T00:01:09.680Z,complete,case95:frames928-1742,Kallax_Shelf_Drawer/0031_white_table_04_02_2019_08_20_14_26,32.560,928,1742,814
95,pick up back panel,1970-01-01T00:01:09.680Z,1970-01-01T00:01:12.160Z,complete,case95:frames1742-1804,Kallax_Shelf_Drawer/0031_white_table_04_02_2019_08_20_14_26,2.480,1742,1804,62
95,attach drawer back panel,1970-01-01T00:01:12.160Z,1970-01-01T00:01:33.360Z,complete,case95:frames1804-2334,Kallax_Shelf_Drawer/0031_white_table_04_02_2019_08_20_14_26,21.200,1804,2334,530
95,pick up pin,1970-01-01T00:01:33.360Z,1970-01-01T00:01:34.720Z,complete,case95:frames2334-2368,Kallax_Shelf_Drawer/0031_white_table_04_02_2019_08_20_14_26,1.360,2334,2368,34
95,insert drawer pin,1970-01-01T00:01:34.720Z,1970-01-01T00:01:37.240Z,complete,case95:frames2368-2431,Kallax_Shelf_Drawer/0031_white_table_04_02_2019_08_20_14_26,2.520,2368,2431,63
95,pick up pin,1970-01-01T00:01:37.240Z,1970-01-01T00:01:38.320Z,complete,case95:frames2431-2458,Kallax_Shelf_Drawer/0031_white_table_04_02_2019_08_20_14_26,1.080,2431,2458,27
95,insert drawer pin,1970-01-01T00:01:38.320Z,1970-01-01T00:01:40.960Z,complete,case95:frames2458-2524,Kallax_Shelf_Drawer/0031_white_table_04_02_2019_08_20_14_26,2.640,2458,2524,66
95,position the drawer right side up,1970-01-01T00:01:40.960Z,1970-01-01T00:01:47.320Z,complete,case95:frames2524-2683,Kallax_Shelf_Drawer/0031_white_table_04_02_2019_08_20_14_26,6.360,2524,2683,159
96,other,1970-01-01T00:00:01.920Z,1970-01-01T00:00:03.920Z,complete,case96:frames48-98,Kallax_Shelf_Drawer/0024_black_table_04_02_2019_08_20_11_21,2.000,48,98,50
96,pick up side panel,1970-01-01T00:00:03.920Z,1970-01-01T00:00:06.040Z,complete,case96:frames98-151,Kallax_Shelf_Drawer/0024_black_table_04_02_2019_08_20_11_21,2.120,98,151,53
96,attach drawer side panel,1970-01-01T00:00:08.200Z,1970-01-01T00:00:12.320Z,complete,case96:frames205-308,Kallax_Shelf_Drawer/0024_black_table_04_02_2019_08_20_11_21,4.120,205,308,103
96,pick up side panel,1970-01-01T00:00:13.080Z,1970-01-01T00:00:14.760Z,complete,case96:frames327-369,Kallax_Shelf_Drawer/0024_black_table_04_02_2019_08_20_11_21,1.680,327,369,42
96,attach drawer side panel,1970-01-01T00:00:19.240Z,1970-01-01T00:00:27.000Z,complete,case96:frames481-675,Kallax_Shelf_Drawer/0024_black_table_04_02_2019_08_20_11_21,7.760,481,675,194
96,pick up bottom panel,1970-01-01T00:00:27.840Z,1970-01-01T00:00:29.240Z,complete,case96:frames696-731,Kallax_Shelf_Drawer/0024_black_table_04_02_2019_08_20_11_21,1.400,696,731,35
96,slide bottom of drawer,1970-01-01T00:00:45.480Z,1970-01-01T00:00:53.560Z,complete,case96:frames1137-1339,Kallax_Shelf_Drawer/0024_black_table_04_02_2019_08_20_11_21,8.080,1137,1339,202
96,pick up back panel,1970-01-01T00:00:56.560Z,1970-01-01T00:00:57.920Z,complete,case96:frames1414-1448,Kallax_Shelf_Drawer/0024_black_table_04_02_2019_08_20_11_21,1.360,1414,1448,34
96,attach drawer back panel,1970-01-01T00:01:08.360Z,1970-01-01T00:01:11.640Z,complete,case96:frames1709-1791,Kallax_Shelf_Drawer/0024_black_table_04_02_2019_08_20_11_21,3.280,1709,1791,82
96,pick up pin,1970-01-01T00:01:11.960Z,1970-01-01T00:01:13.360Z,complete,case96:frames1799-1834,Kallax_Shelf_Drawer/0024_black_table_04_02_2019_08_20_11_21,1.400,1799,1834,35
96,insert drawer pin,1970-01-01T00:01:13.360Z,1970-01-01T00:01:14.720Z,complete,case96:frames1834-1868,Kallax_Shelf_Drawer/0024_black_table_04_02_2019_08_20_11_21,1.360,1834,1868,34
96,insert drawer pin,1970-01-01T00:01:16.640Z,1970-01-01T00:01:18.000Z,complete,case96:frames1916-1950,Kallax_Shelf_Drawer/0024_black_table_04_02_2019_08_20_11_21,1.360,1916,1950,34
96,lay down bottom panel,1970-01-01T00:01:18.640Z,1970-01-01T00:01:20.480Z,complete,case96:frames1966-2012,Kallax_Shelf_Drawer/0024_black_table_04_02_2019_08_20_11_21,1.840,1966,2012,46
97,pick up side panel,1970-01-01T00:00:03.360Z,1970-01-01T00:00:04.240Z,complete,case97:frames84-106,Kallax_Shelf_Drawer/0022_white_floor_05_02_2019_08_19_15_58,0.880,84,106,22
97,attach drawer side panel,1970-01-01T00:00:04.240Z,1970-01-01T00:00:18.120Z,complete,case97:frames106-453,Kallax_Shelf_Drawer/0022_white_floor_05_02_2019_08_19_15_58,13.880,106,453,347
97,pick up side panel,1970-01-01T00:00:18.120Z,1970-01-01T00:00:20.240Z,complete,case97:frames453-506,Kallax_Shelf_Drawer/0022_white_floor_05_02_2019_08_19_15_58,2.120,453,506,53
97,attach drawer side panel,1970-01-01T00:00:20.240Z,1970-01-01T00:00:27.800Z,complete,case97:frames506-695,Kallax_Shelf_Drawer/0022_white_floor_05_02_2019_08_19_15_58,7.560,506,695,189
97,pick up back panel,1970-01-01T00:00:27.800Z,1970-01-01T00:00:31.840Z,complete,case97:frames695-796,Kallax_Shelf_Drawer/0022_white_floor_05_02_2019_08_19_15_58,4.040,695,796,101
97,pick up bottom panel,1970-01-01T00:00:33.280Z,1970-01-01T00:00:36.240Z,complete,case97:frames832-906,Kallax_Shelf_Drawer/0022_white_floor_05_02_2019_08_19_15_58,2.960,832,906,74
97,slide bottom of drawer,1970-01-01T00:00:36.240Z,1970-01-01T00:00:53.320Z,complete,case97:frames906-1333,Kallax_Shelf_Drawer/0022_white_floor_05_02_2019_08_19_15_58,17.080,906,1333,427
97,pick up back panel,1970-01-01T00:00:54.400Z,1970-01-01T00:00:56.680Z,complete,case97:frames1360-1417,Kallax_Shelf_Drawer/0022_white_floor_05_02_2019_08_19_15_58,2.280,1360,1417,57
97,attach drawer back panel,1970-01-01T00:00:56.680Z,1970-01-01T00:01:35.400Z,complete,case97:frames1417-2385,Kallax_Shelf_Drawer/0022_white_floor_05_02_2019_08_19_15_58,38.720,1417,2385,968
97,pick up pin,1970-01-01T00:01:35.400Z,1970-01-01T00:01:43.680Z,complete,case97:frames2385-2592,Kallax_Shelf_Drawer/0022_white_floor_05_02_2019_08_19_15_58,8.280,2385,2592,207
97,insert drawer pin,1970-01-01T00:01:43.680Z,1970-01-01T00:01:59.160Z,complete,case97:frames2592-2979,Kallax_Shelf_Drawer/0022_white_floor_05_02_2019_08_19_15_58,15.480,2592,2979,387
97,lay down bottom panel,1970-01-01T00:01:59.160Z,1970-01-01T00:02:12.880Z,complete,case97:frames2979-3322,Kallax_Shelf_Drawer/0022_white_floor_05_02_2019_08_19_15_58,13.720,2979,3322,343
98,pick up side panel,1970-01-01T00:00:02.160Z,1970-01-01T00:00:04.760Z,complete,case98:frames54-119,Kallax_Shelf_Drawer/0024_oak_floor_05_02_2019_08_19_17_07,2.600,54,119,65
98,attach drawer side panel,1970-01-01T00:00:05.160Z,1970-01-01T00:00:08.320Z,complete,case98:frames129-208,Kallax_Shelf_Drawer/0024_oak_floor_05_02_2019_08_19_17_07,3.160,129,208,79
98,pick up side panel,1970-01-01T00:00:08.320Z,1970-01-01T00:00:10.040Z,complete,case98:frames208-251,Kallax_Shelf_Drawer/0024_oak_floor_05_02_2019_08_19_17_07,1.720,208,251,43
98,attach drawer side panel,1970-01-01T00:00:10.040Z,1970-01-01T00:00:13.200Z,complete,case98:frames251-330,Kallax_Shelf_Drawer/0024_oak_floor_05_02_2019_08_19_17_07,3.160,251,330,79
98,pick up bottom panel,1970-01-01T00:00:17.520Z,1970-01-01T00:00:18.960Z,complete,case98:frames438-474,Kallax_Shelf_Drawer/0024_oak_floor_05_02_2019_08_19_17_07,1.440,438,474,36
98,attach drawer side panel,1970-01-01T00:00:27.000Z,1970-01-01T00:00:28.880Z,complete,case98:frames675-722,Kallax_Shelf_Drawer/0024_oak_floor_05_02_2019_08_19_17_07,1.880,675,722,47
98,slide bottom of drawer,1970-01-01T00:00:30.720Z,1970-01-01T00:00:35.320Z,complete,case98:frames768-883,Kallax_Shelf_Drawer/0024_oak_floor_05_02_2019_08_19_17_07,4.600,768,883,115
98,pick up front panel,1970-01-01T00:00:35.320Z,1970-01-01T00:00:37.760Z,complete,case98:frames883-944,Kallax_Shelf_Drawer/0024_oak_floor_05_02_2019_08_19_17_07,2.440,883,944,61
98,align side panel holes with front panel dowels,1970-01-01T00:00:46.560Z,1970-01-01T00:01:03.360Z,complete,case98:frames1164-1584,Kallax_Shelf_Drawer/0024_oak_floor_05_02_2019_08_19_17_07,16.800,1164,1584,420
98,pick up pin,1970-01-01T00:01:03.360Z,1970-01-01T00:01:06.360Z,complete,case98:frames1584-1659,Kallax_Shelf_Drawer/0024_oak_floor_05_02_2019_08_19_17_07,3.000,1584,1659,75
98,insert drawer pin,1970-01-01T00:01:06.360Z,1970-01-01T00:01:12.960Z,complete,case98:frames1659-1824,Kallax_Shelf_Drawer/0024_oak_floor_05_02_2019_08_19_17_07,6.600,1659,1824,165
98,align side panel holes with front panel dowels,1970-01-01T00:01:24.040Z,1970-01-01T00:01:41.840Z,complete,case98:frames2101-2546,Kallax_Shelf_Drawer/0024_oak_floor_05_02_2019_08_19_17_07,17.800,2101,2546,445
98,pick up pin,1970-01-01T00:01:41.840Z,1970-01-01T00:01:43.440Z,complete,case98:frames2546-2586,Kallax_Shelf_Drawer/0024_oak_floor_05_02_2019_08_19_17_07,1.600,2546,2586,40
98,insert drawer pin,1970-01-01T00:01:43.440Z,1970-01-01T00:01:45.720Z,complete,case98:frames2586-2643,Kallax_Shelf_Drawer/0024_oak_floor_05_02_2019_08_19_17_07,2.280,2586,2643,57
98,pick up pin,1970-01-01T00:01:45.720Z,1970-01-01T00:01:47.440Z,complete,case98:frames2643-2686,Kallax_Shelf_Drawer/0024_oak_floor_05_02_2019_08_19_17_07,1.720,2643,2686,43
98,insert drawer pin,1970-01-01T00:01:47.440Z,1970-01-01T00:01:49.760Z,complete,case98:frames2686-2744,Kallax_Shelf_Drawer/0024_oak_floor_05_02_2019_08_19_17_07,2.320,2686,2744,58
99,pick up front panel,1970-01-01T00:00:00.000Z,1970-01-01T00:00:02.560Z,complete,case99:frames0-64,Kallax_Shelf_Drawer/0023_black_table_04_02_2019_08_20_14_10,2.560,0,64,64
99,lay down front panel,1970-01-01T00:00:02.560Z,1970-01-01T00:00:06.720Z,complete,case99:frames64-168,Kallax_Shelf_Drawer/0023_black_table_04_02_2019_08_20_14_10,4.160,64,168,104
99,pick up side panel,1970-01-01T00:00:06.720Z,1970-01-01T00:00:11.200Z,complete,case99:frames168-280,Kallax_Shelf_Drawer/0023_black_table_04_02_2019_08_20_14_10,4.480,168,280,112
99,attach drawer side panel,1970-01-01T00:00:11.200Z,1970-01-01T00:00:14.600Z,complete,case99:frames280-365,Kallax_Shelf_Drawer/0023_black_table_04_02_2019_08_20_14_10,3.400,280,365,85
99,pick up side panel,1970-01-01T00:00:14.600Z,1970-01-01T00:00:17.160Z,complete,case99:frames365-429,Kallax_Shelf_Drawer/0023_black_table_04_02_2019_08_20_14_10,2.560,365,429,64
99,attach drawer side panel,1970-01-01T00:00:17.160Z,1970-01-01T00:00:21.400Z,complete,case99:frames429-535,Kallax_Shelf_Drawer/0023_black_table_04_02_2019_08_20_14_10,4.240,429,535,106
99,pick up bottom panel,1970-01-01T00:00:21.400Z,1970-01-01T00:00:25.360Z,complete,case99:frames535-634,Kallax_Shelf_Drawer/0023_black_table_04_02_2019_08_20_14_10,3.960,535,634,99
99,slide bottom of drawer,1970-01-01T00:00:25.360Z,1970-01-01T00:00:35.000Z,complete,case99:frames634-875,Kallax_Shelf_Drawer/0023_black_table_04_02_2019_08_20_14_10,9.640,634,875,241
99,pick up back panel,1970-01-01T00:00:35.000Z,1970-01-01T00:00:37.040Z,complete,case99:frames875-926,Kallax_Shelf_Drawer/0023_black_table_04_02_2019_08_20_14_10,2.040,875,926,51
99,attach drawer back panel,1970-01-01T00:00:37.040Z,1970-01-01T00:00:40.800Z,complete,case99:frames926-1020,Kallax_Shelf_Drawer/0023_black_table_04_02_2019_08_20_14_10,3.760,926,1020,94
99,pick up pin,1970-01-01T00:00:40.800Z,1970-01-01T00:00:43.720Z,complete,case99:frames1020-1093,Kallax_Shelf_Drawer/0023_black_table_04_02_2019_08_20_14_10,2.920,1020,1093,73
99,insert drawer pin,1970-01-01T00:00:43.720Z,1970-01-01T00:00:45.520Z,complete,case99:frames1093-1138,Kallax_Shelf_Drawer/0023_black_table_04_02_2019_08_20_14_10,1.800,1093,1138,45
99,pick up pin,1970-01-01T00:00:45.520Z,1970-01-01T00:00:46.960Z,complete,case99:frames1138-1174,Kallax_Shelf_Drawer/0023_black_table_04_02_2019_08_20_14_10,1.440,1138,1174,36
99,insert drawer pin,1970-01-01T00:00:46.960Z,1970-01-01T00:00:50.640Z,complete,case99:frames1174-1266,Kallax_Shelf_Drawer/0023_black_table_04_02_2019_08_20_14_10,3.680,1174,1266,92
99,position the drawer right side up,1970-01-01T00:00:50.640Z,1970-01-01T00:00:55.960Z,complete,case99:frames1266-1399,Kallax_Shelf_Drawer/0023_black_table_04_02_2019_08_20_14_10,5.320,1266,1399,133
99,other,1970-01-01T00:00:55.960Z,1970-01-01T00:01:00.440Z,complete,case99:frames1399-1511,Kallax_Shelf_Drawer/0023_black_table_04_02_2019_08_20_14_10,4.480,1399,1511,112
