case:concept:name,concept:name,start_timestamp,time:timestamp,lifecycle:transition,event_id,case_name,duration_seconds,start_frame,end_frame_exclusive,duration_frames,probs_json,removed_na_score,discarded_non_na_score_mass,remaining_score_mass
0,flip table top,1970-01-01T00:00:02.320Z,1970-01-01T00:00:06.840Z,complete,case0:frames58-171,Lack_TV_Bench/0025_black_table_04_02_2019_08_20_13_48,4.520,58,171,113,"{""flip table top"":0.7836140354650211,""pick up leg"":0.030914606205064112,""pick up shelf"":0.017190190680650582}",0.15271879310629008,0.015562327463320985,0.8317188323507357
0,pick up leg,1970-01-01T00:00:07.320Z,1970-01-01T00:00:08.160Z,complete,case0:frames183-204,Lack_TV_Bench/0025_black_table_04_02_2019_08_20_13_48,0.840,183,204,21,"{""pick up leg"":0.8320026397705078,""flip table top"":0.02570907718368939,""push table top"":0.010864809820694583}",0.11564997796501432,0.015773470926502244,0.8685765267748918
0,align leg screw with table thread,1970-01-01T00:00:08.160Z,1970-01-01T00:00:10.040Z,complete,case0:frames204-251,Lack_TV_Bench/0025_black_table_04_02_2019_08_20_13_48,1.880,204,251,47,"{""align leg screw with table thread"":0.543380326373463,""pick up leg"":0.3799752784060671,""spin leg"":0.01135436366213129}",0.06141780342589667,0.0038722520111768048,0.9347099684416614
0,spin leg,1970-01-01T00:00:10.040Z,1970-01-01T00:00:28.320Z,complete,case0:frames251-708,Lack_TV_Bench/0025_black_table_04_02_2019_08_20_13_48,18.280,251,708,457,"{""spin leg"":0.9433356073197932,""align leg screw with table thread"":0.04270968331875895,""pick up leg"":0.005445981429302881}",0.007499164045753703,0.0010095900738228982,0.9914912720678549
0,spin leg,1970-01-01T00:00:30.080Z,1970-01-01T00:00:31.200Z,complete,case0:frames752-780,Lack_TV_Bench/0025_black_table_04_02_2019_08_20_13_48,1.120,752,780,28,"{""spin leg"":0.8421883668218341,""align leg screw with table thread"":0.13401620302881515,""other"":0.00028126178325952163}",0.00876648843820606,0.014747690221080512,0.9764858316339087
0,pick up leg,1970-01-01T00:00:32.120Z,1970-01-01T00:00:33.240Z,complete,case0:frames803-831,Lack_TV_Bench/0025_black_table_04_02_2019_08_20_13_48,1.120,803,831,28,"{""pick up leg"":0.8915081449917385,""align leg screw with table thread"":0.0393940463628886,""other"":0.004647533534028169}",0.05753465262906892,0.006915601527011919,0.9355497248886552
0,align leg screw with table thread,1970-01-01T00:00:33.240Z,1970-01-01T00:00:34.800Z,complete,case0:frames831-870,Lack_TV_Bench/0025_black_table_04_02_2019_08_20_13_48,1.560,831,870,39,"{""align leg screw with table thread"":0.862929408175823,""pick up leg"":0.1035054050720273,""spin leg"":0.011042153868728723}",0.010517245074972892,0.012005765420353896,0.977476967116579
0,spin leg,1970-01-01T00:00:34.800Z,1970-01-01T00:00:52.320Z,complete,case0:frames870-1308,Lack_TV_Bench/0025_black_table_04_02_2019_08_20_13_48,17.520,870,1308,438,"{""spin leg"":0.9310206620460674,""align leg screw with table thread"":0.06714476206123013,""pick up leg"":0.00043769192575693946}",0.0010173801719700092,0.00037955285408512366,0.9986031160330544
0,pick up leg,1970-01-01T00:00:53.520Z,1970-01-01T00:00:54.280Z,complete,case0:frames1338-1357,Lack_TV_Bench/0025_black_table_04_02_2019_08_20_13_48,0.760,1338,1357,19,"{""pick up leg"":0.5960548175008673,""align leg screw with table thread"":0.25130985912523773,""other"":0.04770350318990255}",0.07920753053928677,0.025724215989845634,0.8950681798160076
0,align leg screw with table thread,1970-01-01T00:00:54.280Z,1970-01-01T00:00:55.880Z,complete,case0:frames1357-1397,Lack_TV_Bench/0025_black_table_04_02_2019_08_20_13_48,1.600,1357,1397,40,"{""align leg screw with table thread"":0.8436372637748718,""pick up leg"":0.05788184768753126,""spin leg"":0.04097342034801841}",0.02703321650624275,0.030474234128282474,0.9424925318104215
0,spin leg,1970-01-01T00:00:55.880Z,1970-01-01T00:01:10.560Z,complete,case0:frames1397-1764,Lack_TV_Bench/0025_black_table_04_02_2019_08_20_13_48,14.680,1397,1764,367,"{""spin leg"":0.9117064482636486,""align leg screw with table thread"":0.07402049955132872,""pick up leg"":0.003492166040140415}",0.005946471533491923,0.004834456937716618,0.9892191138551177
0,align leg screw with table thread,1970-01-01T00:01:10.960Z,1970-01-01T00:01:13.840Z,complete,case0:frames1774-1846,Lack_TV_Bench/0025_black_table_04_02_2019_08_20_13_48,2.880,1774,1846,72,"{""align leg screw with table thread"":0.405866210659345,""tighten leg"":0.21692720334976912,""spin leg"":0.19820797857311037}",0.08872929029166698,0.09026932693900253,0.8210013925822244
0,align leg screw with table thread,1970-01-01T00:01:13.840Z,1970-01-01T00:01:15.200Z,complete,case0:frames1846-1880,Lack_TV_Bench/0025_black_table_04_02_2019_08_20_13_48,1.360,1846,1880,34,"{""align leg screw with table thread"":0.6262369226006901,""spin leg"":0.18271023035049438,""other"":0.01927330799619941}",0.08556764266070198,0.086211903895793,0.8282204609473839
0,align leg screw with table thread,1970-01-01T00:01:15.720Z,1970-01-01T00:01:16.120Z,complete,case0:frames1893-1903,Lack_TV_Bench/0025_black_table_04_02_2019_08_20_13_48,0.400,1893,1903,10,"{""align leg screw with table thread"":0.8056309223175049,""spin leg"":0.08890416473150253,""rotate table"":0.004525730852037668}",0.06535334885120392,0.03558592000926808,0.8990608179010451
0,align leg screw with table thread,1970-01-01T00:01:16.120Z,1970-01-01T00:01:20.880Z,complete,case0:frames1903-2022,Lack_TV_Bench/0025_black_table_04_02_2019_08_20_13_48,4.760,1903,2022,119,"{""align leg screw with table thread"":0.4360353125243628,""spin leg"":0.3607107097236048,""tighten leg"":0.07833484078741812}",0.05117609833969789,0.07374305568750592,0.8750808630353858
0,pick up leg,1970-01-01T00:01:22.280Z,1970-01-01T00:01:23.240Z,complete,case0:frames2057-2081,Lack_TV_Bench/0025_black_table_04_02_2019_08_20_13_48,0.960,2057,2081,24,"{""pick up leg"":0.6065059850613276,""align leg screw with table thread"":0.08454675630976756,""spin leg"":0.014047289597025761}",0.2521300073713064,0.04276998467446505,0.7051000309681209
0,align leg screw with table thread,1970-01-01T00:01:23.240Z,1970-01-01T00:01:24.840Z,complete,case0:frames2081-2121,Lack_TV_Bench/0025_black_table_04_02_2019_08_20_13_48,1.600,2081,2121,40,"{""align leg screw with table thread"":0.7380052208900452,""pick up leg"":0.14170315451920032,""spin leg"":0.022875779727473854}",0.07383622971829026,0.02357957923920405,0.9025841551367194
0,spin leg,1970-01-01T00:01:24.840Z,1970-01-01T00:01:40.560Z,complete,case0:frames2121-2514,Lack_TV_Bench/0025_black_table_04_02_2019_08_20_13_48,15.720,2121,2514,393,"{""spin leg"":0.9529757782835845,""align leg screw with table thread"":0.027901676414728772,""other"":0.00576886226442043}",0.0069584200661108086,0.006395301243288321,0.9866463169627336
0,flip table,1970-01-01T00:01:41.720Z,1970-01-01T00:01:50.800Z,complete,case0:frames2543-2770,Lack_TV_Bench/0025_black_table_04_02_2019_08_20_13_48,9.080,2543,2770,227,"{""flip table"":0.8352254516227655,""spin leg"":0.05745942900374465,""pick up shelf"":0.05024571590754306}",0.023590352368799535,0.03347903971721485,0.9429305965340532
0,pick up shelf,1970-01-01T00:01:52.120Z,1970-01-01T00:01:54.320Z,complete,case0:frames2803-2858,Lack_TV_Bench/0025_black_table_04_02_2019_08_20_13_48,2.200,2803,2858,55,"{""pick up shelf"":0.8646621855822476,""attach shelf to table"":0.05916232006116347,""flip table"":0.03838891705328768}",0.03358625844120979,0.0042003066696015496,0.9622134226966989
0,attach shelf to table,1970-01-01T00:01:54.320Z,1970-01-01T00:02:06.040Z,complete,case0:frames2858-3151,Lack_TV_Bench/0025_black_table_04_02_2019_08_20_13_48,11.720,2858,3151,293,"{""attach shelf to table"":0.8665976782453345,""pick up shelf"":0.08624028678552952,""flip table"":0.006594955596061333}",0.039534565279063204,0.0010325353761519113,0.9594329206269254
0,attach shelf to table,1970-01-01T00:02:07.240Z,1970-01-01T00:02:08.440Z,complete,case0:frames3181-3211,Lack_TV_Bench/0025_black_table_04_02_2019_08_20_13_48,1.200,3181,3211,30,"{""attach shelf to table"":0.8099950234095256,""other"":0.026541520251582067,""pick up shelf"":0.016317103058099747}",0.14659449830651283,0.0005519095719164278,0.8528536467192074
1,align leg screw with table thread,1970-01-01T00:00:02.120Z,1970-01-01T00:00:03.440Z,complete,case1:frames53-86,Lack_TV_Bench/0008_black_floor_08_04_2019_08_28_11_26,1.320,53,86,33,"{""align leg screw with table thread"":0.3465331553509741,""pick up leg"":0.16751288870970407,""spin leg"":0.031918460672551933}",0.4162022060517109,0.03783326863825897,0.5459645047332301
1,spin leg,1970-01-01T00:00:03.960Z,1970-01-01T00:00:14.640Z,complete,case1:frames99-366,Lack_TV_Bench/0008_black_floor_08_04_2019_08_28_11_26,10.680,99,366,267,"{""spin leg"":0.815322075555387,""align leg screw with table thread"":0.12628121026669548,""tighten leg"":0.0195763246182436}",0.034706498436936725,0.004113938123221856,0.9611796104403261
1,tighten leg,1970-01-01T00:00:14.640Z,1970-01-01T00:00:16.760Z,complete,case1:frames366-419,Lack_TV_Bench/0008_black_floor_08_04_2019_08_28_11_26,2.120,366,419,53,"{""tighten leg"":0.6101783986361522,""spin leg"":0.27758935712418464,""align leg screw with table thread"":0.05955723873427454}",0.050173722207546234,0.0025012444113260567,0.9473249944946114
1,align leg screw with table thread,1970-01-01T00:00:17.280Z,1970-01-01T00:00:18.840Z,complete,case1:frames432-471,Lack_TV_Bench/0008_black_floor_08_04_2019_08_28_11_26,1.560,432,471,39,"{""align leg screw with table thread"":0.2538206867682628,""pick up leg"":0.08855483986628361,""flip table"":0.031839406550623096}",0.5454393747525338,0.08034570019719063,0.3742149331851695
1,spin leg,1970-01-01T00:00:19.000Z,1970-01-01T00:00:38.360Z,complete,case1:frames475-959,Lack_TV_Bench/0008_black_floor_08_04_2019_08_28_11_26,19.360,475,959,484,"{""spin leg"":0.6835863979972037,""tighten leg"":0.13832317606530592,""align leg screw with table thread"":0.11924308494564669}",0.05598098349041682,0.0028663420993141047,0.9411526590081563
1,tighten leg,1970-01-01T00:00:41.280Z,1970-01-01T00:00:42.080Z,complete,case1:frames1032-1052,Lack_TV_Bench/0008_black_floor_08_04_2019_08_28_11_26,0.800,1032,1052,20,"{""tighten leg"":0.5713031172752381,""spin leg"":0.23706646561622619,""align leg screw with table thread"":0.07459680438041687}",0.1025350421667099,0.014498579883161253,0.8829663872718811
1,align leg screw with table thread,1970-01-01T00:00:42.840Z,1970-01-01T00:00:44.960Z,complete,case1:frames1071-1124,Lack_TV_Bench/0008_black_floor_08_04_2019_08_28_11_26,2.120,1071,1124,53,"{""align leg screw with table thread"":0.1254288092747612,""pick up leg"":0.0982633151535718,""push table top"":0.03952211942324316}",0.6083504928732818,0.1284353064410004,0.2632142438515761
1,spin leg,1970-01-01T00:00:44.960Z,1970-01-01T00:00:56.720Z,complete,case1:frames1124-1418,Lack_TV_Bench/0008_black_floor_08_04_2019_08_28_11_26,11.760,1124,1418,294,"{""spin leg"":0.858773952033244,""align leg screw with table thread"":0.10243668219670146,""flip table"":0.006671254338576224}",0.02106308034893607,0.011055049721414,0.9678818885685216
1,align leg screw with table thread,1970-01-01T00:00:58.040Z,1970-01-01T00:00:58.680Z,complete,case1:frames1451-1467,Lack_TV_Bench/0008_black_floor_08_04_2019_08_28_11_26,0.640,1451,1467,16,"{""align leg screw with table thread"":0.29458761028945446,""spin leg"":0.1296676704660058,""pick up leg"":0.06669935607351363}",0.3357228487730026,0.17332251048634362,0.4909546368289739
1,spin leg,1970-01-01T00:00:58.680Z,1970-01-01T00:01:07.120Z,complete,case1:frames1467-1678,Lack_TV_Bench/0008_black_floor_08_04_2019_08_28_11_26,8.440,1467,1678,211,"{""spin leg"":0.7095872721683357,""align leg screw with table thread"":0.1211054110414044,""tighten leg"":0.036655772724564044}",0.09534318413214661,0.03730837735267501,0.8673484559343041
1,pick up shelf,1970-01-01T00:01:12.920Z,1970-01-01T00:01:16.360Z,complete,case1:frames1823-1909,Lack_TV_Bench/0008_black_floor_08_04_2019_08_28_11_26,3.440,1823,1909,86,"{""pick up shelf"":0.3379321108074036,""flip table"":0.14264341497923747,""attach shelf to table"":0.11554222060150879}",0.19667118839746298,0.20721106636342174,0.5961177463881498
1,pick up shelf,1970-01-01T00:01:16.360Z,1970-01-01T00:01:19.120Z,complete,case1:frames1909-1978,Lack_TV_Bench/0008_black_floor_08_04_2019_08_28_11_26,2.760,1909,1978,69,"{""pick up shelf"":0.6456650020419687,""attach shelf to table"":0.12420424624629643,""lay down shelf"":0.030497417402765004}",0.1738688943610675,0.025764409317476353,0.8003666656910302
1,attach shelf to table,1970-01-01T00:01:21.640Z,1970-01-01T00:01:36.000Z,complete,case1:frames2041-2400,Lack_TV_Bench/0008_black_floor_08_04_2019_08_28_11_26,14.360,2041,2400,359,"{""attach shelf to table"":0.47892425535117017,""pick up shelf"":0.08540151899675306,""spin leg"":0.0737724190157602}",0.2445737655614412,0.11732802507754624,0.6380981933636833
10,pick up leg,1970-01-01T00:00:02.320Z,1970-01-01T00:00:04.400Z,complete,case10:frames58-110,Lack_TV_Bench/0022_white_floor_05_02_2019_08_19_15_49,2.080,58,110,52,"{""pick up leg"":0.19767155770498973,""pick up side panel"":0.07537084943256699,""pick up front panel"":0.025143917617522396}",0.6581004858016968,0.04371318498628576,0.2981863247550791
10,align leg screw with table thread,1970-01-01T00:00:04.400Z,1970-01-01T00:00:05.080Z,complete,case10:frames110-127,Lack_TV_Bench/0022_white_floor_05_02_2019_08_19_15_49,0.680,110,127,17,"{""align leg screw with table thread"":0.5506933905622539,""pick up leg"":0.2564397156238556,""spin leg"":0.010295757037751815}",0.17457802593708038,0.007993102580154744,0.8174288632238612
10,spin leg,1970-01-01T00:00:05.080Z,1970-01-01T00:00:39.720Z,complete,case10:frames127-993,Lack_TV_Bench/0022_white_floor_05_02_2019_08_19_15_49,34.640,127,993,866,"{""spin leg"":0.8100814311464014,""align leg screw with table thread"":0.1212318509593434,""tighten leg"":0.005951621088538884}",0.051755032693541356,0.010980054004995334,0.9372649031942837
10,align leg screw with table thread,1970-01-01T00:00:39.720Z,1970-01-01T00:00:45.480Z,complete,case10:frames993-1137,Lack_TV_Bench/0022_white_floor_05_02_2019_08_19_15_49,5.760,993,1137,144,"{""align leg screw with table thread"":0.2067559804353449,""pick up leg"":0.15921322340727784,""tighten leg"":0.10539246336156793}",0.41235803931744563,0.11628032039654666,0.4713616672041907
10,align leg screw with table thread,1970-01-01T00:00:45.480Z,1970-01-01T00:00:50.080Z,complete,case10:frames1137-1252,Lack_TV_Bench/0022_white_floor_05_02_2019_08_19_15_49,4.600,1137,1252,115,"{""align leg screw with table thread"":0.7840024354017299,""spin leg"":0.11246588005805792,""pick up leg"":0.024450518253623793}",0.06797938074754632,0.011101765757843995,0.9209188337134115
10,spin leg,1970-01-01T00:00:50.080Z,1970-01-01T00:01:14.800Z,complete,case10:frames1252-1870,Lack_TV_Bench/0022_white_floor_05_02_2019_08_19_15_49,24.720,1252,1870,618,"{""spin leg"":0.8718032902980699,""align leg screw with table thread"":0.08513223463036482,""tighten leg"":0.0027094403190257984}",0.036496684099864035,0.0038583361621758816,0.9596449652474605
10,flip table,1970-01-01T00:01:16.640Z,1970-01-01T00:01:20.320Z,complete,case10:frames1916-2008,Lack_TV_Bench/0022_white_floor_05_02_2019_08_19_15_49,3.680,1916,2008,92,"{""flip table"":0.2870585581530695,""align leg screw with table thread"":0.1542849046299639,""pick up leg"":0.10734768199693898}",0.10817700494890628,0.3431318519077933,0.5486911447799724
10,align leg screw with table thread,1970-01-01T00:01:20.320Z,1970-01-01T00:01:21.960Z,complete,case10:frames2008-2049,Lack_TV_Bench/0022_white_floor_05_02_2019_08_19_15_49,1.640,2008,2049,41,"{""align leg screw with table thread"":0.598372856291329,""flip table"":0.27170716371478104,""pick up shelf"":0.023499313957716633}",0.06102908166443429,0.04539158739931798,0.8935793339638267
10,spin leg,1970-01-01T00:01:21.960Z,1970-01-01T00:01:45.720Z,complete,case10:frames2049-2643,Lack_TV_Bench/0022_white_floor_05_02_2019_08_19_15_49,23.760,2049,2643,594,"{""spin leg"":0.6098644605489693,""align leg screw with table thread"":0.2746594075100992,""flip table"":0.007383985999933999}",0.08974458864240935,0.018347543452880997,0.8919078540590024
10,pick up leg,1970-01-01T00:01:45.720Z,1970-01-01T00:01:50.120Z,complete,case10:frames2643-2753,Lack_TV_Bench/0022_white_floor_05_02_2019_08_19_15_49,4.400,2643,2753,110,"{""pick up leg"":0.29220645977607507,""flip table"":0.13768472984136845,""align leg screw with table thread"":0.12506603327664462}",0.253600859912959,0.19144192592679027,0.5549572228940882
10,align leg screw with table thread,1970-01-01T00:01:50.120Z,1970-01-01T00:01:55.400Z,complete,case10:frames2753-2885,Lack_TV_Bench/0022_white_floor_05_02_2019_08_19_15_49,5.280,2753,2885,132,"{""align leg screw with table thread"":0.4389183095755112,""spin leg"":0.34585302656121325,""pick up leg"":0.030793577535377786}",0.14569259545003826,0.038742506197293254,0.8155649136721023
10,spin leg,1970-01-01T00:01:55.400Z,1970-01-01T00:02:20.800Z,complete,case10:frames2885-3520,Lack_TV_Bench/0022_white_floor_05_02_2019_08_19_15_49,25.400,2885,3520,635,"{""spin leg"":0.7808354235070897,""tighten leg"":0.04073012546071504,""align leg screw with table thread"":0.03994589337536435}",0.12127444857335466,0.017214094283268595,0.8615114423431691
10,flip table,1970-01-01T00:02:30.280Z,1970-01-01T00:02:36.280Z,complete,case10:frames3757-3907,Lack_TV_Bench/0022_white_floor_05_02_2019_08_19_15_49,6.000,3757,3907,150,"{""flip table"":0.9093445708354314,""rotate table"":0.014697380165259044,""attach shelf to table"":0.011331972702561567}",0.05222006822625796,0.012406011322182732,0.935373923703252
10,attach shelf to table,1970-01-01T00:02:44.800Z,1970-01-01T00:02:59.600Z,complete,case10:frames4120-4490,Lack_TV_Bench/0022_white_floor_05_02_2019_08_19_15_49,14.800,4120,4490,370,"{""attach shelf to table"":0.9584939199524957,""pick up shelf"":0.004360511066467576,""rotate table"":0.00010257913244139353}",0.036418820635692496,0.000624175920269398,0.9629570101514047
100,lay down leg,1970-01-01T00:00:01.280Z,1970-01-01T00:00:04.480Z,complete,case100:frames32-112,Kallax_Shelf_Drawer/0029_black_table_04_02_2019_08_20_11_37,3.200,32,112,80,"{""lay down leg"":0.027554298867471516,""spin leg"":0.02268903562799096,""pick up front panel"":0.0055493695224868135}",0.8387196779251098,0.10548764186396513,0.05579270401794929
100,spin leg,1970-01-01T00:00:04.480Z,1970-01-01T00:00:08.000Z,complete,case100:frames112-200,Kallax_Shelf_Drawer/0029_black_table_04_02_2019_08_20_11_37,3.520,112,200,88,"{""spin leg"":0.06938304743644866,""pick up side panel"":0.038746277494779366,""lay down front panel"":0.00016448101368124216}",0.7691165479746732,0.12258963915436735,0.10829380594490927
100,pick up leg,1970-01-01T00:00:09.880Z,1970-01-01T00:00:11.440Z,complete,case100:frames247-286,Kallax_Shelf_Drawer/0029_black_table_04_02_2019_08_20_11_37,1.560,247,286,39,"{""pick up leg"":0.5705843802828056,""pick up side panel"":0.06242151758991755,""align leg screw with table thread"":0.013205182508756526}",0.3307295980361792,0.023059363980319877,0.6462110803814797
100,align side panel holes with front panel dowels,1970-01-01T00:00:11.440Z,1970-01-01T00:00:19.840Z,complete,case100:frames286-496,Kallax_Shelf_Drawer/0029_black_table_04_02_2019_08_20_11_37,8.400,286,496,210,"{""align side panel holes with front panel dowels"":0.678331213137911,""attach drawer side panel"":0.08497476359570144,""align leg screw with table thread"":0.0676217623675863}",0.1005919641504685,0.06848028026850546,0.8309277391011988
100,attach drawer side panel,1970-01-01T00:00:19.840Z,1970-01-01T00:00:23.720Z,complete,case100:frames496-593,Kallax_Shelf_Drawer/0029_black_table_04_02_2019_08_20_11_37,3.880,496,593,97,"{""attach drawer side panel"":0.4864459696043398,""align side panel holes with front panel dowels"":0.4443390426350777,""align leg screw with table thread"":0.025914180541372636}",0.03555007228992649,0.007750747777695576,0.9566991927807901
100,pick up side panel,1970-01-01T00:00:23.840Z,1970-01-01T00:00:25.120Z,complete,case100:frames596-628,Kallax_Shelf_Drawer/0029_black_table_04_02_2019_08_20_11_37,1.280,596,628,32,"{""pick up side panel"":0.10723624937236309,""attach drawer side panel"":0.10222275904379785,""pick up leg"":0.06090376342763193}",0.6642492152750492,0.06538801090664492,0.27036277184379287
100,align side panel holes with front panel dowels,1970-01-01T00:00:28.640Z,1970-01-01T00:00:30.760Z,complete,case100:frames716-769,Kallax_Shelf_Drawer/0029_black_table_04_02_2019_08_20_11_37,2.120,716,769,53,"{""align side panel holes with front panel dowels"":0.5252289781874081,""attach drawer side panel"":0.09927918326179937,""align leg screw with table thread"":0.0776794656830014}",0.27628411148797793,0.02152824189767311,0.702187627132209
100,attach drawer side panel,1970-01-01T00:00:30.760Z,1970-01-01T00:00:32.320Z,complete,case100:frames769-808,Kallax_Shelf_Drawer/0029_black_table_04_02_2019_08_20_11_37,1.560,769,808,39,"{""attach drawer side panel"":0.8194008041650821,""align side panel holes with front panel dowels"":0.06390066196521123,""align leg screw with table thread"":0.015066556059397183}",0.0800485879373856,0.021583378656673754,0.8983680221896906
100,pick up bottom panel,1970-01-01T00:00:32.320Z,1970-01-01T00:00:34.080Z,complete,case100:frames808-852,Kallax_Shelf_Drawer/0029_black_table_04_02_2019_08_20_11_37,1.760,808,852,44,"{""pick up bottom panel"":0.3811804278626699,""attach drawer side panel"":0.29776366138619115,""slide bottom of drawer"":0.008532029333185743}",0.291401742534204,0.021122191589074392,0.6874761185820468
100,slide bottom of drawer,1970-01-01T00:00:34.080Z,1970-01-01T00:00:42.480Z,complete,case100:frames852-1062,Kallax_Shelf_Drawer/0029_black_table_04_02_2019_08_20_11_37,8.400,852,1062,210,"{""slide bottom of drawer"":0.5524766808198321,""attach drawer back panel"":0.062462815917734546,""align leg screw with table thread"":0.04487582607294566}",0.21958774910086676,0.1205969208116325,0.6598153228105124
100,pick up side panel,1970-01-01T00:00:43.160Z,1970-01-01T00:00:44.160Z,complete,case100:frames1079-1104,Kallax_Shelf_Drawer/0029_black_table_04_02_2019_08_20_11_37,1.000,1079,1104,25,"{""pick up side panel"":0.19172380304895342,""pick up leg"":0.10019858237355947,""pick up back panel"":0.060958806276321414}",0.5445653748512268,0.10255345495643267,0.35288119169883436
100,attach drawer back panel,1970-01-01T00:00:44.160Z,1970-01-01T00:01:02.520Z,complete,case100:frames1104-1563,Kallax_Shelf_Drawer/0029_black_table_04_02_2019_08_20_11_37,18.360,1104,1563,459,"{""attach drawer back panel"":0.6035470391800201,""pick up back panel"":0.07881267045804377,""insert drawer pin"":0.07181511887132083}",0.1646378586689631,0.08118732280066396,0.7541748285093847
100,insert drawer pin,1970-01-01T00:01:02.520Z,1970-01-01T00:01:03.880Z,complete,case100:frames1563-1597,Kallax_Shelf_Drawer/0029_black_table_04_02_2019_08_20_11_37,1.360,1563,1597,34,"{""insert drawer pin"":0.35097362035337615,""attach drawer back panel"":0.11305936399559655,""pick up pin"":0.10878522718763527}",0.40048738831982894,0.026694475268514265,0.572818211536608
100,insert drawer pin,1970-01-01T00:01:03.880Z,1970-01-01T00:01:05.920Z,complete,case100:frames1597-1648,Kallax_Shelf_Drawer/0029_black_table_04_02_2019_08_20_11_37,2.040,1597,1648,51,"{""insert drawer pin"":0.9607068008067561,""pick up pin"":0.006566361359813634,""attach shelf to table"":0.001454173733352446}",0.02936303557134142,0.0019096690050881026,0.9687273358999221
100,pick up pin,1970-01-01T00:01:06.320Z,1970-01-01T00:01:07.320Z,complete,case100:frames1658-1683,Kallax_Shelf_Drawer/0029_black_table_04_02_2019_08_20_11_37,1.000,1658,1683,25,"{""pick up pin"":0.5913700240850449,""insert drawer pin"":0.2786059546470642,""attach shelf to table"":0.002469747234135866}",0.11885503321886062,0.008699169485655031,0.8724457259662449
100,insert drawer pin,1970-01-01T00:01:07.320Z,1970-01-01T00:01:11.520Z,complete,case100:frames1683-1788,Kallax_Shelf_Drawer/0029_black_table_04_02_2019_08_20_11_37,4.200,1683,1788,105,"{""insert drawer pin"":0.9430023812112354,""pick up pin"":0.028222743696754888,""attach shelf to table"":0.001123362859444959}",0.025603020084755762,0.0020484960736438947,0.9723484877674352
100,position the drawer right side up,1970-01-01T00:01:11.880Z,1970-01-01T00:01:15.520Z,complete,case100:frames1797-1888,Kallax_Shelf_Drawer/0029_black_table_04_02_2019_08_20_11_37,3.640,1797,1888,91,"{""position the drawer right side up"":0.38650970417842434,""attach shelf to table"":0.031167299942123694,""insert drawer pin"":0.022862636237942543}",0.47079693026595065,0.08866340645765904,0.4405396403584906
101,align leg screw with table thread,1970-01-01T00:00:04.840Z,1970-01-01T00:00:05.280Z,complete,case101:frames121-132,Kallax_Shelf_Drawer/0005_black_floor_08_04_2019_08_28_11_22,0.440,121,132,11,"{""align leg screw with table thread"":0.7216593243859031,""pick up leg"":0.08589266037399118,""lay down front panel"":2.537166065766624e-06}",0.04835961183363741,0.14408594512244896,0.80755452192596
101,align leg screw with table thread,1970-01-01T00:00:07.560Z,1970-01-01T00:00:08.600Z,complete,case101:frames189-215,Kallax_Shelf_Drawer/0005_black_floor_08_04_2019_08_28_11_22,1.040,189,215,26,"{""align leg screw with table thread"":0.42699967553982365,""spin leg"":0.31612629987872565,""pick up side panel"":0.0027338975028564725}",0.12041486971653424,0.13372523333475347,0.7458598729214058
101,spin leg,1970-01-01T00:00:08.640Z,1970-01-01T00:00:11.480Z,complete,case101:frames216-287,Kallax_Shelf_Drawer/0005_black_floor_08_04_2019_08_28_11_22,2.840,216,287,71,"{""spin leg"":0.4591933505635866,""align leg screw with table thread"":0.4503672099869016,""align side panel holes with front panel dowels"":0.0038651740342431086}",0.03215132567139579,0.05442296470079498,0.9134257345847313
101,align leg screw with table thread,1970-01-01T00:00:13.200Z,1970-01-01T00:00:14.160Z,complete,case101:frames330-354,Kallax_Shelf_Drawer/0005_black_floor_08_04_2019_08_28_11_22,0.960,330,354,24,"{""align leg screw with table thread"":0.5946509540081024,""pick up leg"":0.16261089779436588,""pick up side panel"":0.010679207543338029}",0.10312013297031324,0.12893880778257014,0.7679410593458064
101,spin leg,1970-01-01T00:00:14.400Z,1970-01-01T00:00:15.800Z,complete,case101:frames360-395,Kallax_Shelf_Drawer/0005_black_floor_08_04_2019_08_28_11_22,1.400,360,395,35,"{""spin leg"":0.7084345204489572,""align leg screw with table thread"":0.24581344569368022,""align side panel holes with front panel dowels"":0.0009232754478164549}",0.027198591296161923,0.01763013678443436,0.9551712415904539
101,pick up shelf,1970-01-01T00:00:18.240Z,1970-01-01T00:00:19.080Z,complete,case101:frames456-477,Kallax_Shelf_Drawer/0005_black_floor_08_04_2019_08_28_11_22,0.840,456,477,21,"{""pick up shelf"":0.3824251265752883,""pick up leg"":0.1888511230548223,""pick up bottom panel"":0.0066966224417445205}",0.22469379362605868,0.19733333125720756,0.5779728720718551
101,spin leg,1970-01-01T00:00:20.400Z,1970-01-01T00:00:23.360Z,complete,case101:frames510-584,Kallax_Shelf_Drawer/0005_black_floor_08_04_2019_08_28_11_22,2.960,510,584,74,"{""spin leg"":0.9102109718967129,""align leg screw with table thread"":0.039060635139813296,""slide bottom of drawer"":9.255279134801665e-05}",0.036619702303731766,0.014016059214980116,0.9493641598278741
101,spin leg,1970-01-01T00:00:32.800Z,1970-01-01T00:00:38.000Z,complete,case101:frames820-950,Kallax_Shelf_Drawer/0005_black_floor_08_04_2019_08_28_11_22,5.200,820,950,130,"{""spin leg"":0.857431651537235,""align leg screw with table thread"":0.06145688342646911,""attach drawer back panel"":0.0003036816938010116}",0.04447256623265835,0.03633524044766793,0.9191922166575052
101,spin leg,1970-01-01T00:00:43.480Z,1970-01-01T00:00:47.840Z,complete,case101:frames1087-1196,Kallax_Shelf_Drawer/0005_black_floor_08_04_2019_08_28_11_22,4.360,1087,1196,109,"{""spin leg"":0.9039953688689328,""align leg screw with table thread"":0.04505260521118794,""insert drawer pin"":2.42131850052061e-05}",0.033957468191964914,0.01697036245884553,0.949072187265126
101,align leg screw with table thread,1970-01-01T00:00:49.040Z,1970-01-01T00:00:51.320Z,complete,case101:frames1226-1283,Kallax_Shelf_Drawer/0005_black_floor_08_04_2019_08_28_11_22,2.280,1226,1283,57,"{""align leg screw with table thread"":0.5403255767989577,""spin leg"":0.13370203527442195,""position the drawer right side up"":0.00012512489468606778}",0.12799571689806485,0.19785154381490216,0.6741527369680657
102,pick up side panel,1970-01-01T00:00:01.680Z,1970-01-01T00:00:04.080Z,complete,case102:frames42-102,Kallax_Shelf_Drawer/0001_oak_floor_05_02_2019_08_19_16_54,2.400,42,102,60,"{""pick up side panel"":0.8866133471330007,""pick up leg"":0.01422713352367282,""align side panel holes with front panel dowels"":0.00863948244562683}",0.07214858263420562,0.018371425308951455,0.9094799631023003
102,attach drawer side panel,1970-01-01T00:00:04.080Z,1970-01-01T00:00:08.960Z,complete,case102:frames102-224,Kallax_Shelf_Drawer/0001_oak_floor_05_02_2019_08_19_16_54,4.880,102,224,122,"{""attach drawer side panel"":0.6921365222374557,""pick up side panel"":0.2518428708808344,""align side panel holes with front panel dowels"":0.02916495158474465}",0.013027852927868972,0.013827791396357633,0.9731443447030347
102,pick up side panel,1970-01-01T00:00:09.200Z,1970-01-01T00:00:10.080Z,complete,case102:frames230-252,Kallax_Shelf_Drawer/0001_oak_floor_05_02_2019_08_19_16_54,0.880,230,252,22,"{""pick up side panel"":0.5778331451795318,""attach drawer side panel"":0.38650794682854955,""align side panel holes with front panel dowels"":0.0025581444867632604}",0.030506074936552482,0.002594732948814415,0.9668992364948445
102,attach drawer side panel,1970-01-01T00:00:10.080Z,1970-01-01T00:00:13.520Z,complete,case102:frames252-338,Kallax_Shelf_Drawer/0001_oak_floor_05_02_2019_08_19_16_54,3.440,252,338,86,"{""attach drawer side panel"":0.8008514067028151,""pick up side panel"":0.1229110284340243,""align side panel holes with front panel dowels"":0.054319622850608686}",0.010448415308844211,0.011469525362120474,0.9780820579874481
102,pick up bottom panel,1970-01-01T00:00:14.240Z,1970-01-01T00:00:15.600Z,complete,case102:frames356-390,Kallax_Shelf_Drawer/0001_oak_floor_05_02_2019_08_19_16_54,1.360,356,390,34,"{""pick up bottom panel"":0.9135426563375136,""attach drawer side panel"":0.025923967166069335,""slide bottom of drawer"":0.024375614217099023}",0.025611011640113944,0.010546691763576962,0.963842237720682
102,slide bottom of drawer,1970-01-01T00:00:16.560Z,1970-01-01T00:00:23.240Z,complete,case102:frames414-581,Kallax_Shelf_Drawer/0001_oak_floor_05_02_2019_08_19_16_54,6.680,414,581,167,"{""slide bottom of drawer"":0.9220276759605587,""attach drawer side panel"":0.04089495532580967,""pick up side panel"":0.013231399397407227}",0.0058196201100722406,0.018026351907640403,0.9761540306837756
102,pick up side panel,1970-01-01T00:00:23.880Z,1970-01-01T00:00:25.160Z,complete,case102:frames597-629,Kallax_Shelf_Drawer/0001_oak_floor_05_02_2019_08_19_16_54,1.280,597,629,32,"{""pick up side panel"":0.822097827680409,""attach drawer side panel"":0.1106317779776873,""pick up back panel"":0.0013423758458657176}",0.010766025638076826,0.05516200335432633,0.934071981503962
102,align side panel holes with front panel dowels,1970-01-01T00:00:25.360Z,1970-01-01T00:00:30.160Z,complete,case102:frames634-754,Kallax_Shelf_Drawer/0001_oak_floor_05_02_2019_08_19_16_54,4.800,634,754,120,"{""align side panel holes with front panel dowels"":0.8552494780470927,""attach drawer side panel"":0.05902682177741857,""attach drawer back panel"":0.0010409736055104683}",0.036352382584785424,0.048330364250345315,0.9153172734300218
102,align side panel holes with front panel dowels,1970-01-01T00:00:30.960Z,1970-01-01T00:00:32.440Z,complete,case102:frames774-811,Kallax_Shelf_Drawer/0001_oak_floor_05_02_2019_08_19_16_54,1.480,774,811,37,"{""align side panel holes with front panel dowels"":0.6886393572833087,""pick up pin"":0.2513528618256788,""insert drawer pin"":0.025298281094512425}",0.012146221385714976,0.022563263548232106,0.9652905002034999
102,align side panel holes with front panel dowels,1970-01-01T00:00:32.560Z,1970-01-01T00:00:33.880Z,complete,case102:frames814-847,Kallax_Shelf_Drawer/0001_oak_floor_05_02_2019_08_19_16_54,1.320,814,847,33,"{""align side panel holes with front panel dowels"":0.968452766086116,""attach drawer back panel"":0.01032136809645277,""insert drawer pin"":0.0035327988690837765}",0.007579716684466059,0.010113410809817893,0.9823069330516525
102,pick up pin,1970-01-01T00:00:34.040Z,1970-01-01T00:00:35.320Z,complete,case102:frames851-883,Kallax_Shelf_Drawer/0001_oak_floor_05_02_2019_08_19_16_54,1.280,851,883,32,"{""pick up pin"":0.3778806682676077,""align side panel holes with front panel dowels"":0.2849650756106712,""insert drawer pin"":0.14120341511443257}",0.03879355441313237,0.15715728701061948,0.8040491589927115
102,insert drawer pin,1970-01-01T00:00:35.520Z,1970-01-01T00:00:36.760Z,complete,case102:frames888-919,Kallax_Shelf_Drawer/0001_oak_floor_05_02_2019_08_19_16_54,1.240,888,919,31,"{""insert drawer pin"":0.43277454183947656,""attach drawer back panel"":0.3996485900584488,""pick up pin"":0.017697279551817525}",0.10577707473308809,0.04410247716420614,0.8501204114497429
102,position the drawer right side up,1970-01-01T00:00:36.960Z,1970-01-01T00:00:38.760Z,complete,case102:frames924-969,Kallax_Shelf_Drawer/0001_oak_floor_05_02_2019_08_19_16_54,1.800,924,969,45,"{""position the drawer right side up"":0.3465915822795877,""pick up bottom panel"":0.2577807600157232,""insert drawer pin"":0.07126449243514799}",0.24017880492740207,0.08418432797027182,0.6756368347304589
103,pick up side panel,1970-01-01T00:00:02.840Z,1970-01-01T00:00:03.240Z,complete,case103:frames71-81,Kallax_Shelf_Drawer/0014_black_floor_05_02_2019_08_19_12_46,0.400,71,81,10,"{""pick up side panel"":0.2519617796875536,""pick up leg"":0.040353020280599596,""pick up front panel"":0.0006721076497342438}",0.556074321269989,0.15093886231349676,0.2929869076178875
103,tighten leg,1970-01-01T00:00:03.240Z,1970-01-01T00:00:04.000Z,complete,case103:frames81-100,Kallax_Shelf_Drawer/0014_black_floor_05_02_2019_08_19_12_46,0.760,81,100,19,"{""tighten leg"":0.2241576706108294,""spin leg"":0.0497517670063596,""lay down front panel"":7.244013838652264e-06}",0.5508447540433783,0.17523849554412077,0.27391668163102767
103,pick up side panel,1970-01-01T00:00:04.000Z,1970-01-01T00:00:05.560Z,complete,case103:frames100-139,Kallax_Shelf_Drawer/0014_black_floor_05_02_2019_08_19_12_46,1.560,100,139,39,"{""pick up side panel"":0.379705548668519,""align leg screw with table thread"":0.08953030474292926,""pick up leg"":0.04595901797979306}",0.3633129283403739,0.1214923081346043,0.5151948713912413
103,align side panel holes with front panel dowels,1970-01-01T00:00:05.560Z,1970-01-01T00:00:11.000Z,complete,case103:frames139-275,Kallax_Shelf_Drawer/0014_black_floor_05_02_2019_08_19_12_46,5.440,139,275,136,"{""align side panel holes with front panel dowels"":0.37697752288487907,""attach drawer side panel"":0.30006469602641817,""pick up side panel"":0.13023131042684646}",0.10687522993162822,0.08585123142454576,0.8072735293381437
103,attach drawer side panel,1970-01-01T00:00:11.000Z,1970-01-01T00:00:13.920Z,complete,case103:frames275-348,Kallax_Shelf_Drawer/0014_black_floor_05_02_2019_08_19_12_46,2.920,275,348,73,"{""attach drawer side panel"":0.782914936542511,""align side panel holes with front panel dowels"":0.07480554716431931,""align leg screw with table thread"":0.03133168461898418}",0.06347602283684155,0.04747177625809413,0.8890521683258145
103,pick up side panel,1970-01-01T00:00:13.920Z,1970-01-01T00:00:16.040Z,complete,case103:frames348-401,Kallax_Shelf_Drawer/0014_black_floor_05_02_2019_08_19_12_46,2.120,348,401,53,"{""pick up side panel"":0.47707258446036643,""attach drawer side panel"":0.1128934992934173,""pick up leg"":0.03272892825551472}",0.29988708909390105,0.07741794192384248,0.6226950120092984
103,attach drawer side panel,1970-01-01T00:00:16.040Z,1970-01-01T00:00:16.960Z,complete,case103:frames401-424,Kallax_Shelf_Drawer/0014_black_floor_05_02_2019_08_19_12_46,0.920,401,424,23,"{""attach drawer side panel"":0.5580638672994531,""align side panel holes with front panel dowels"":0.23425236473912778,""align leg screw with table thread"":0.07133344884799875}",0.06575887261525444,0.07059141898736562,0.8636496808865797
103,attach drawer side panel,1970-01-01T00:00:16.960Z,1970-01-01T00:00:20.040Z,complete,case103:frames424-501,Kallax_Shelf_Drawer/0014_black_floor_05_02_2019_08_19_12_46,3.080,424,501,77,"{""attach drawer side panel"":0.6694198816579271,""align side panel holes with front panel dowels"":0.13284490022251938,""pick up side panel"":0.05773092545085139}",0.06861351991628671,0.07139075542293918,0.8599957073312978
103,pick up side panel,1970-01-01T00:00:20.040Z,1970-01-01T00:00:22.800Z,complete,case103:frames501-570,Kallax_Shelf_Drawer/0014_black_floor_05_02_2019_08_19_12_46,2.760,501,570,69,"{""pick up side panel"":0.5242539100025011,""attach drawer side panel"":0.07610673276856002,""other"":0.0011346977747355897}",0.3470928383910138,0.05141180679956599,0.6014953405457968
103,attach drawer side panel,1970-01-01T00:00:22.800Z,1970-01-01T00:00:23.800Z,complete,case103:frames570-595,Kallax_Shelf_Drawer/0014_black_floor_05_02_2019_08_19_12_46,1.000,570,595,25,"{""attach drawer side panel"":0.3858570556994528,""pick up side panel"":0.35482198297977446,""pick up pin"":2.0062295225216075e-05}",0.14710082352161408,0.11220013964890656,0.7406991009744525
103,slide bottom of drawer,1970-01-01T00:00:24.440Z,1970-01-01T00:00:27.520Z,complete,case103:frames611-688,Kallax_Shelf_Drawer/0014_black_floor_05_02_2019_08_19_12_46,3.080,611,688,77,"{""slide bottom of drawer"":0.36870350896353626,""pick up bottom panel"":0.2319568440366488,""pick up side panel"":0.10990725665137038}",0.21038282440080272,0.07904952370032026,0.7105676096515554
103,slide bottom of drawer,1970-01-01T00:00:27.520Z,1970-01-01T00:00:39.520Z,complete,case103:frames688-988,Kallax_Shelf_Drawer/0014_black_floor_05_02_2019_08_19_12_46,12.000,688,988,300,"{""slide bottom of drawer"":0.769164171962378,""align side panel holes with front panel dowels"":0.037839679435904446,""spin leg"":0.03173823272654166}",0.08090804807841778,0.0803498536399063,0.8387420841248241
103,pick up side panel,1970-01-01T00:00:41.880Z,1970-01-01T00:00:43.280Z,complete,case103:frames1047-1082,Kallax_Shelf_Drawer/0014_black_floor_05_02_2019_08_19_12_46,1.400,1047,1082,35,"{""pick up side panel"":0.604512551852635,""align side panel holes with front panel dowels"":0.050519244705459904,""pick up back panel"":9.964251491640295e-05}",0.2526170321873256,0.09225151313873017,0.6551314390730113
103,align side panel holes with front panel dowels,1970-01-01T00:00:43.280Z,1970-01-01T00:00:50.600Z,complete,case103:frames1082-1265,Kallax_Shelf_Drawer/0014_black_floor_05_02_2019_08_19_12_46,7.320,1082,1265,183,"{""align side panel holes with front panel dowels"":0.17289883756201874,""attach shelf to table"":0.08376383135105417,""attach drawer back panel"":0.01453119738229749}",0.4724566317646881,0.25634948852883305,0.27119386629537034
103,pick up pin,1970-01-01T00:00:50.600Z,1970-01-01T00:00:52.400Z,complete,case103:frames1265-1310,Kallax_Shelf_Drawer/0014_black_floor_05_02_2019_08_19_12_46,1.800,1265,1310,45,"{""pick up pin"":0.1366484088370473,""insert drawer pin"":0.038133958471007645,""attach shelf to table"":0.02367457337677479}",0.7484106262524922,0.05313241018243009,0.19845694068482972
103,insert drawer pin,1970-01-01T00:00:52.400Z,1970-01-01T00:00:56.960Z,complete,case103:frames1310-1424,Kallax_Shelf_Drawer/0014_black_floor_05_02_2019_08_19_12_46,4.560,1310,1424,114,"{""insert drawer pin"":0.3385156236196819,""pick up pin"":0.15464900251020464,""attach shelf to table"":0.03840646990819981}",0.34311579716833013,0.12531308826015572,0.5315710960380864
103,position the drawer right side up,1970-01-01T00:00:56.960Z,1970-01-01T00:01:00.640Z,complete,case103:frames1424-1516,Kallax_Shelf_Drawer/0014_black_floor_05_02_2019_08_19_12_46,3.680,1424,1516,92,"{""position the drawer right side up"":0.1704292199814834,""insert drawer pin"":0.12805987635131358,""pick up shelf"":0.10528081355859405}",0.34383206004681793,0.25239801794928696,0.403769909891391
104,align leg screw with table thread,1970-01-01T00:00:02.760Z,1970-01-01T00:00:05.000Z,complete,case104:frames69-125,Kallax_Shelf_Drawer/0004_white_floor_08_04_2019_08_28_10_58,2.240,69,125,56,"{""align leg screw with table thread"":0.4040416745202882,""pick up leg"":0.236243366529899,""pick up side panel"":0.0026111157951943043}",0.2093925132815327,0.14771128400453545,0.6428961568453816
104,align leg screw with table thread,1970-01-01T00:00:05.000Z,1970-01-01T00:00:07.120Z,complete,case104:frames125-178,Kallax_Shelf_Drawer/0004_white_floor_08_04_2019_08_28_10_58,2.120,125,178,53,"{""align leg screw with table thread"":0.5623561908613961,""spin leg"":0.23719243986426658,""align side panel holes with front panel dowels"":0.003188923528453089}",0.09268922429039793,0.10457317805510702,0.8027375542541159
104,spin leg,1970-01-01T00:00:07.120Z,1970-01-01T00:00:08.360Z,complete,case104:frames178-209,Kallax_Shelf_Drawer/0004_white_floor_08_04_2019_08_28_10_58,1.240,178,209,31,"{""spin leg"":0.36636113735937303,""align leg screw with table thread"":0.2991821842808877,""attach drawer side panel"":0.038718099916173566}",0.13180685427881056,0.1639317212227598,0.7042614215564343
104,align leg screw with table thread,1970-01-01T00:00:08.360Z,1970-01-01T00:00:09.720Z,complete,case104:frames209-243,Kallax_Shelf_Drawer/0004_white_floor_08_04_2019_08_28_10_58,1.360,209,243,34,"{""align leg screw with table thread"":0.4784325703102,""spin leg"":0.17506629754515254,""pick up side panel"":0.004321477797074134}",0.20417879061663852,0.13800085807799056,0.6578203456524266
104,spin leg,1970-01-01T00:00:09.720Z,1970-01-01T00:00:10.560Z,complete,case104:frames243-264,Kallax_Shelf_Drawer/0004_white_floor_08_04_2019_08_28_10_58,0.840,243,264,21,"{""spin leg"":0.7150806188583374,""align leg screw with table thread"":0.20029419802484058,""align side panel holes with front panel dowels"":0.0010143255460120383}",0.06427261126892907,0.019338205262307555,0.91638914242919
104,spin leg,1970-01-01T00:00:10.560Z,1970-01-01T00:00:15.240Z,complete,case104:frames264-381,Kallax_Shelf_Drawer/0004_white_floor_08_04_2019_08_28_10_58,4.680,264,381,117,"{""spin leg"":0.614257561090665,""align leg screw with table thread"":0.22353163896462855,""attach drawer side panel"":0.007625926849153689}",0.10385288591058846,0.05073197303679062,0.8454151269044472
104,align leg screw with table thread,1970-01-01T00:00:15.240Z,1970-01-01T00:00:18.360Z,complete,case104:frames381-459,Kallax_Shelf_Drawer/0004_white_floor_08_04_2019_08_28_10_58,3.120,381,459,78,"{""align leg screw with table thread"":0.22994848484030136,""pick up leg"":0.161174611069071,""pick up bottom panel"":0.0020408516915477568}",0.24308236172566047,0.3637536335160001,0.3931639476009201
104,spin leg,1970-01-01T00:00:18.360Z,1970-01-01T00:00:23.040Z,complete,case104:frames459-576,Kallax_Shelf_Drawer/0004_white_floor_08_04_2019_08_28_10_58,4.680,459,576,117,"{""spin leg"":0.7187282541114041,""align leg screw with table thread"":0.09322708628625952,""slide bottom of drawer"":0.0009381750948790811}",0.08784301642678742,0.09926349443396949,0.8128935154925426
104,spin leg,1970-01-01T00:00:23.040Z,1970-01-01T00:00:24.800Z,complete,case104:frames576-620,Kallax_Shelf_Drawer/0004_white_floor_08_04_2019_08_28_10_58,1.760,576,620,44,"{""spin leg"":0.31842888553034177,""align leg screw with table thread"":0.26664620637893677,""pick up back panel"":0.00012009263710669157}",0.1947657520120794,0.22003907966816114,0.5851951845463852
104,spin leg,1970-01-01T00:00:24.800Z,1970-01-01T00:00:31.520Z,complete,case104:frames620-788,Kallax_Shelf_Drawer/0004_white_floor_08_04_2019_08_28_10_58,6.720,620,788,168,"{""spin leg"":0.5811114536509627,""align leg screw with table thread"":0.2480356760677837,""attach drawer back panel"":0.0006398807946381913}",0.11887299287177268,0.05134002052731595,0.8297870105133847
104,spin leg,1970-01-01T00:00:31.520Z,1970-01-01T00:00:32.320Z,complete,case104:frames788-808,Kallax_Shelf_Drawer/0004_white_floor_08_04_2019_08_28_10_58,0.800,788,808,20,"{""spin leg"":0.7699373126029968,""align leg screw with table thread"":0.07063439786434174,""pick up pin"":0.00010772498062578961}",0.11200196295976639,0.04731858912636539,0.8406794354479644
104,spin leg,1970-01-01T00:00:32.320Z,1970-01-01T00:00:34.080Z,complete,case104:frames808-852,Kallax_Shelf_Drawer/0004_white_floor_08_04_2019_08_28_10_58,1.760,808,852,44,"{""spin leg"":0.6231702511960809,""align leg screw with table thread"":0.07452944733879784,""insert drawer pin"":0.0019949517022310333}",0.21870195459235797,0.08160334666370711,0.6996946502371099
104,spin leg,1970-01-01T00:00:34.080Z,1970-01-01T00:00:35.520Z,complete,case104:frames852-888,Kallax_Shelf_Drawer/0004_white_floor_08_04_2019_08_28_10_58,1.440,852,888,36,"{""spin leg"":0.2283228470219506,""align leg screw with table thread"":0.17511890994177925,""pick up pin"":8.309112874687546e-05}",0.3455933812591765,0.25088173774477374,0.40352484809247674
104,spin leg,1970-01-01T00:00:35.520Z,1970-01-01T00:00:37.440Z,complete,case104:frames888-936,Kallax_Shelf_Drawer/0004_white_floor_08_04_2019_08_28_10_58,1.920,888,936,48,"{""spin leg"":0.7962373420596123,""align leg screw with table thread"":0.10746675233046214,""insert drawer pin"":8.111812288310223e-05}",0.04835775323833028,0.047856959094088346,0.9037852125129575
104,align leg screw with table thread,1970-01-01T00:00:37.440Z,1970-01-01T00:00:40.680Z,complete,case104:frames936-1017,Kallax_Shelf_Drawer/0004_white_floor_08_04_2019_08_28_10_58,3.240,936,1017,81,"{""align leg screw with table thread"":0.34286086610805844,""spin leg"":0.31368198300953265,""position the drawer right side up"":6.78265056239418e-05}",0.14212718937132093,0.2012621256642264,0.6566106756232151
105,pick up side panel,1970-01-01T00:00:07.160Z,1970-01-01T00:00:08.240Z,complete,case105:frames179-206,Kallax_Shelf_Drawer/0002_black_floor_05_02_2019_08_19_17_50,1.080,179,206,27,"{""pick up side panel"":0.49313615096939933,""pick up bottom panel"":0.38175354482761276,""align side panel holes with front panel dowels"":0.027248554540737706}",0.05234401341941622,0.04551766270334929,0.9021382503377497
105,align side panel holes with front panel dowels,1970-01-01T00:00:08.240Z,1970-01-01T00:00:11.760Z,complete,case105:frames206-294,Kallax_Shelf_Drawer/0002_black_floor_05_02_2019_08_19_17_50,3.520,206,294,88,"{""align side panel holes with front panel dowels"":0.5227809611877258,""align leg screw with table thread"":0.16260398211042312,""other"":0.0008456311549128837}",0.06367351140149614,0.2500959084687896,0.6862305744530618
105,align side panel holes with front panel dowels,1970-01-01T00:00:11.760Z,1970-01-01T00:00:13.160Z,complete,case105:frames294-329,Kallax_Shelf_Drawer/0002_black_floor_05_02_2019_08_19_17_50,1.400,294,329,35,"{""align side panel holes with front panel dowels"":0.2976116691316877,""pick up side panel"":0.17374562003782817,""attach drawer side panel"":0.16143662886960167}",0.20021498607737678,0.16699107938473784,0.6327939180391176
105,attach drawer side panel,1970-01-01T00:00:13.160Z,1970-01-01T00:00:14.840Z,complete,case105:frames329-371,Kallax_Shelf_Drawer/0002_black_floor_05_02_2019_08_19_17_50,1.680,329,371,42,"{""attach drawer side panel"":0.7921392009371803,""align side panel holes with front panel dowels"":0.12870992921913663,""pick up bottom panel"":0.013138911930409017}",0.03913974451522032,0.02687216214327782,0.9339880420867259
105,pick up side panel,1970-01-01T00:00:16.600Z,1970-01-01T00:00:17.880Z,complete,case105:frames415-447,Kallax_Shelf_Drawer/0002_black_floor_05_02_2019_08_19_17_50,1.280,415,447,32,"{""pick up side panel"":0.5769878923892975,""pick up bottom panel"":0.03017607349465834,""pick up leg"":0.02917480730684474}",0.25438609276898205,0.10927513120036636,0.6363387731908006
105,align side panel holes with front panel dowels,1970-01-01T00:00:17.880Z,1970-01-01T00:00:19.920Z,complete,case105:frames447-498,Kallax_Shelf_Drawer/0002_black_floor_05_02_2019_08_19_17_50,2.040,447,498,51,"{""align side panel holes with front panel dowels"":0.5028864251924496,""pick up side panel"":0.1655193213008198,""attach drawer side panel"":0.16106698234729908}",0.15350906704278552,0.01701819530080194,0.8294727288405686
105,attach drawer side panel,1970-01-01T00:00:19.920Z,1970-01-01T00:00:21.400Z,complete,case105:frames498-535,Kallax_Shelf_Drawer/0002_black_floor_05_02_2019_08_19_17_50,1.480,498,535,37,"{""attach drawer side panel"":0.7213606914958438,""pick up bottom panel"":0.09214832422298354,""align side panel holes with front panel dowels"":0.0786590945932108}",0.08063991679935842,0.02719196608356168,0.8921681103120382
105,pick up bottom panel,1970-01-01T00:00:22.000Z,1970-01-01T00:00:23.080Z,complete,case105:frames550-577,Kallax_Shelf_Drawer/0002_black_floor_05_02_2019_08_19_17_50,1.080,550,577,27,"{""pick up bottom panel"":0.9283295735992767,""slide bottom of drawer"":0.030002302748875484,""other"":0.002285912766604236}",0.03369377525868239,0.005688463140046451,0.9606177891147565
105,slide bottom of drawer,1970-01-01T00:00:23.080Z,1970-01-01T00:00:33.040Z,complete,case105:frames577-826,Kallax_Shelf_Drawer/0002_black_floor_05_02_2019_08_19_17_50,9.960,577,826,249,"{""slide bottom of drawer"":0.7728272219259577,""pick up side panel"":0.029886632044128718,""align side panel holes with front panel dowels"":0.01170233746239706}",0.14628068783346668,0.03930307821580234,0.8144161914324833
105,pick up back panel,1970-01-01T00:00:33.600Z,1970-01-01T00:00:34.880Z,complete,case105:frames840-872,Kallax_Shelf_Drawer/0002_black_floor_05_02_2019_08_19_17_50,1.280,840,872,32,"{""pick up back panel"":0.6270165517926216,""slide bottom of drawer"":0.1700470366049558,""attach drawer back panel"":0.07435594697017223}",0.10837335512042046,0.020207196174609976,0.8714195353677496
105,attach drawer back panel,1970-01-01T00:00:34.880Z,1970-01-01T00:00:38.720Z,complete,case105:frames872-968,Kallax_Shelf_Drawer/0002_black_floor_05_02_2019_08_19_17_50,3.840,872,968,96,"{""attach drawer back panel"":0.790969247619311,""align side panel holes with front panel dowels"":0.06494690446803968,""pick up back panel"":0.0401456737696814}",0.07504195533692837,0.028896233317022776,0.896061825857032
105,attach drawer back panel,1970-01-01T00:00:38.720Z,1970-01-01T00:00:40.600Z,complete,case105:frames968-1015,Kallax_Shelf_Drawer/0002_black_floor_05_02_2019_08_19_17_50,1.880,968,1015,47,"{""attach drawer back panel"":0.35135234179014857,""pick up pin"":0.15279606855078104,""insert drawer pin"":0.14884578381130037}",0.27135900994564627,0.07564678891341654,0.6529941941522299
105,insert drawer pin,1970-01-01T00:00:40.600Z,1970-01-01T00:00:42.240Z,complete,case105:frames1015-1056,Kallax_Shelf_Drawer/0002_black_floor_05_02_2019_08_19_17_50,1.640,1015,1056,41,"{""insert drawer pin"":0.4844382485238517,""pick up pin"":0.07787832399693931,""attach drawer back panel"":0.0313747697850553}",0.36051765302332434,0.04579101701765802,0.5936913423058463
105,insert drawer pin,1970-01-01T00:00:42.680Z,1970-01-01T00:00:43.840Z,complete,case105:frames1067-1096,Kallax_Shelf_Drawer/0002_black_floor_05_02_2019_08_19_17_50,1.160,1067,1096,29,"{""insert drawer pin"":0.2993155323482793,""position the drawer right side up"":0.17673143005833544,""pick up pin"":0.08763232737265784}",0.3046950225172372,0.13162572670872286,0.5636792897792725
105,attach drawer back panel,1970-01-01T00:00:43.840Z,1970-01-01T00:00:46.200Z,complete,case105:frames1096-1155,Kallax_Shelf_Drawer/0002_black_floor_05_02_2019_08_19_17_50,2.360,1096,1155,59,"{""attach drawer back panel"":0.358243187305407,""position the drawer right side up"":0.256713845238279,""insert drawer pin"":0.15171901414454994}",0.18340181546696163,0.049922123427602286,0.7666760466882359
105,lay down bottom panel,1970-01-01T00:00:47.040Z,1970-01-01T00:00:49.840Z,complete,case105:frames1176-1246,Kallax_Shelf_Drawer/0002_black_floor_05_02_2019_08_19_17_50,2.800,1176,1246,70,"{""lay down bottom panel"":0.22677841893663364,""attach drawer back panel"":0.20973476929606738,""position the drawer right side up"":0.13013592921862646}",0.1495752698608807,0.2837756469489476,0.5666491174513275
106,pick up leg,1970-01-01T00:00:02.800Z,1970-01-01T00:00:03.600Z,complete,case106:frames70-90,Kallax_Shelf_Drawer/0041_oak_floor_08_04_2019_08_28_12_24,0.800,70,90,20,"{""pick up leg"":0.48986564576625824,""align leg screw with table thread"":0.13087887689471245,""pick up front panel"":5.465436879603658e-05}",0.2156422734260559,0.1635585492788607,0.6207991770297667
106,spin leg,1970-01-01T00:00:03.600Z,1970-01-01T00:00:05.080Z,complete,case106:frames90-127,Kallax_Shelf_Drawer/0041_oak_floor_08_04_2019_08_28_12_24,1.480,90,127,37,"{""spin leg"":0.25015979924717463,""tighten leg"":0.24097543501773397,""lay down front panel"":3.4160537300497686e-06}",0.12216879145519154,0.38669256272388214,0.4911386503186386
106,align leg screw with table thread,1970-01-01T00:00:05.080Z,1970-01-01T00:00:06.280Z,complete,case106:frames127-157,Kallax_Shelf_Drawer/0041_oak_floor_08_04_2019_08_28_12_24,1.200,127,157,30,"{""align leg screw with table thread"":0.5014881978432337,""spin leg"":0.14501556108395258,""pick up side panel"":0.0035732203900503616}",0.15333090275526046,0.19659215853341724,0.6500769793172366
106,spin leg,1970-01-01T00:00:06.640Z,1970-01-01T00:00:10.920Z,complete,case106:frames166-273,Kallax_Shelf_Drawer/0041_oak_floor_08_04_2019_08_28_12_24,4.280,166,273,107,"{""spin leg"":0.476985093589141,""align leg screw with table thread"":0.3487815283169256,""align side panel holes with front panel dowels"":0.003293164988335605}",0.06330745124092726,0.10763276207184407,0.8290597868944023
106,spin leg,1970-01-01T00:00:10.920Z,1970-01-01T00:00:12.680Z,complete,case106:frames273-317,Kallax_Shelf_Drawer/0041_oak_floor_08_04_2019_08_28_12_24,1.760,273,317,44,"{""spin leg"":0.39796897904439404,""align leg screw with table thread"":0.23564314164898612,""attach drawer side panel"":0.17447306520559572}",0.10654176924039017,0.08537308814220528,0.8080851858989758
106,pick up leg,1970-01-01T00:00:13.000Z,1970-01-01T00:00:14.040Z,complete,case106:frames325-351,Kallax_Shelf_Drawer/0041_oak_floor_08_04_2019_08_28_12_24,1.040,325,351,26,"{""pick up leg"":0.5920794823995004,""align leg screw with table thread"":0.042768288403749466,""pick up side panel"":0.0077260363009722475}",0.2590000576411302,0.0984261217882308,0.6425738071042221
106,align leg screw with table thread,1970-01-01T00:00:16.080Z,1970-01-01T00:00:18.680Z,complete,case106:frames402-467,Kallax_Shelf_Drawer/0041_oak_floor_08_04_2019_08_28_12_24,2.600,402,467,65,"{""align leg screw with table thread"":0.45040456033669984,""tighten leg"":0.2197423282974901,""align side panel holes with front panel dowels"":0.03135628082001438}",0.06953783505238019,0.2289590122152591,0.7015031694542043
106,tighten leg,1970-01-01T00:00:18.680Z,1970-01-01T00:00:19.040Z,complete,case106:frames467-476,Kallax_Shelf_Drawer/0041_oak_floor_08_04_2019_08_28_12_24,0.360,467,476,9,"{""tighten leg"":0.4226289391517639,""spin leg"":0.3057255446910858,""attach drawer side panel"":0.01718560978770256}",0.11144464462995529,0.14301521489051083,0.7455400936305523
106,pick up leg,1970-01-01T00:00:19.640Z,1970-01-01T00:00:21.040Z,complete,case106:frames491-526,Kallax_Shelf_Drawer/0041_oak_floor_08_04_2019_08_28_12_24,1.400,491,526,35,"{""pick up leg"":0.3837092027068138,""align leg screw with table thread"":0.19593452108757836,""pick up bottom panel"":0.00227933188102075}",0.2483970352581569,0.16967992010109553,0.5819230556754128
106,spin leg,1970-01-01T00:00:21.840Z,1970-01-01T00:00:28.560Z,complete,case106:frames546-714,Kallax_Shelf_Drawer/0041_oak_floor_08_04_2019_08_28_12_24,6.720,546,714,168,"{""spin leg"":0.6252249975999197,""align leg screw with table thread"":0.16308919872556413,""slide bottom of drawer"":0.0007482966128528849}",0.09045570875917162,0.1204818115092038,0.7890624929383367
106,pick up leg,1970-01-01T00:00:32.040Z,1970-01-01T00:00:33.280Z,complete,case106:frames801-832,Kallax_Shelf_Drawer/0041_oak_floor_08_04_2019_08_28_12_24,1.240,801,832,31,"{""pick up leg"":0.7109965201347105,""align leg screw with table thread"":0.023861426980264725,""pick up back panel"":3.539133984069791e-05}",0.2253513124681288,0.03975531333411886,0.7348933384548159
106,spin leg,1970-01-01T00:00:35.280Z,1970-01-01T00:00:44.960Z,complete,case106:frames882-1124,Kallax_Shelf_Drawer/0041_oak_floor_08_04_2019_08_28_12_24,9.680,882,1124,242,"{""spin leg"":0.8397631348718789,""align leg screw with table thread"":0.10030353955986086,""slide bottom of drawer"":0.00016248486648060665}",0.034758791450626596,0.025012042490439444,0.9402291592982204
106,pick up leg,1970-01-01T00:00:44.960Z,1970-01-01T00:00:45.920Z,complete,case106:frames1124-1148,Kallax_Shelf_Drawer/0041_oak_floor_08_04_2019_08_28_12_24,0.960,1124,1148,24,"{""pick up leg"":0.544050544500351,""align leg screw with table thread"":0.0499185286462307,""pick up pin"":3.109509634668939e-05}",0.3513282388448715,0.05467157249467647,0.5940001682429283
106,align leg screw with table thread,1970-01-01T00:00:45.920Z,1970-01-01T00:00:51.840Z,complete,case106:frames1148-1296,Kallax_Shelf_Drawer/0041_oak_floor_08_04_2019_08_28_12_24,5.920,1148,1296,148,"{""align leg screw with table thread"":0.39957895532653137,""spin leg"":0.3913126311994888,""insert drawer pin"":0.0002740181631894744}",0.09084362133934691,0.11799077391831984,0.7911656046892097
106,align leg screw with table thread,1970-01-01T00:00:52.120Z,1970-01-01T00:00:56.920Z,complete,case106:frames1303-1423,Kallax_Shelf_Drawer/0041_oak_floor_08_04_2019_08_28_12_24,4.800,1303,1423,120,"{""align leg screw with table thread"":0.30104798267905913,""pick up leg"":0.272465605288744,""position the drawer right side up"":0.00043197455391540037}",0.2566706039011478,0.1693838409961472,0.5739455625217185
107,attach drawer side panel,1970-01-01T00:00:03.400Z,1970-01-01T00:00:13.920Z,complete,case107:frames85-348,Kallax_Shelf_Drawer/0020_oak_floor_05_02_2019_08_19_12_58,10.520,85,348,263,"{""attach drawer side panel"":0.1417248049297657,""spin leg"":0.09429157151709605,""align side panel holes with front panel dowels"":0.08819745336535312}",0.4627849278341228,0.21300126085850263,0.32421382981221486
107,pick up side panel,1970-01-01T00:00:13.920Z,1970-01-01T00:00:14.640Z,complete,case107:frames348-366,Kallax_Shelf_Drawer/0020_oak_floor_05_02_2019_08_19_12_58,0.720,348,366,18,"{""pick up side panel"":0.682814273569319,""align side panel holes with front panel dowels"":0.021214041238029797,""pick up leg"":0.019397601472317345}",0.24925137559572855,0.027322702797944326,0.7234259162796662
107,spin leg,1970-01-01T00:00:14.640Z,1970-01-01T00:00:20.280Z,complete,case107:frames366-507,Kallax_Shelf_Drawer/0020_oak_floor_05_02_2019_08_19_12_58,5.640,366,507,141,"{""spin leg"":0.2913215481230315,""pick up shelf"":0.04628683939734672,""attach drawer side panel"":0.007267175242304802}",0.4514334074994351,0.20369103054332127,0.34487556276268305
107,spin leg,1970-01-01T00:00:20.280Z,1970-01-01T00:00:21.680Z,complete,case107:frames507-542,Kallax_Shelf_Drawer/0020_oak_floor_05_02_2019_08_19_12_58,1.400,507,542,35,"{""spin leg"":0.13924199151141303,""pick up bottom panel"":0.10942726167184966,""pick up shelf"":0.062330194243362974}",0.5061442971229553,0.18285628272092255,0.31099944742662566
107,slide bottom of drawer,1970-01-01T00:00:21.680Z,1970-01-01T00:00:28.640Z,complete,case107:frames542-716,Kallax_Shelf_Drawer/0020_oak_floor_05_02_2019_08_19_12_58,6.960,542,716,174,"{""slide bottom of drawer"":0.3177408184213885,""attach drawer back panel"":0.1160246087519195,""spin leg"":0.07752711552826838}",0.331556611362545,0.15715082236582825,0.5112925427015764
107,pick up side panel,1970-01-01T00:00:28.640Z,1970-01-01T00:00:30.480Z,complete,case107:frames716-762,Kallax_Shelf_Drawer/0020_oak_floor_05_02_2019_08_19_12_58,1.840,716,762,46,"{""pick up side panel"":0.13864321739453336,""attach drawer back panel"":0.1322299546521643,""pick up back panel"":0.00650914562056246}",0.49780661515567615,0.2248110645049634,0.2773823176672602
107,insert drawer pin,1970-01-01T00:00:30.480Z,1970-01-01T00:00:40.880Z,complete,case107:frames762-1022,Kallax_Shelf_Drawer/0020_oak_floor_05_02_2019_08_19_12_58,10.400,762,1022,260,"{""insert drawer pin"":0.26942876800715637,""attach shelf to table"":0.08873333688511943,""attach drawer back panel"":0.01493261236912356}",0.4219502533857639,0.20495502669428717,0.37309471726139937
107,attach shelf to table,1970-01-01T00:00:41.560Z,1970-01-01T00:00:42.920Z,complete,case107:frames1039-1073,Kallax_Shelf_Drawer/0020_oak_floor_05_02_2019_08_19_12_58,1.360,1039,1073,34,"{""attach shelf to table"":0.3148140559959061,""insert drawer pin"":0.050298103569623304,""pick up pin"":0.013852828045320861}",0.5857031695982989,0.03533181209429285,0.3789649876108503
107,attach shelf to table,1970-01-01T00:00:42.920Z,1970-01-01T00:00:44.360Z,complete,case107:frames1073-1109,Kallax_Shelf_Drawer/0020_oak_floor_05_02_2019_08_19_12_58,1.440,1073,1109,36,"{""attach shelf to table"":0.6143027279112074,""insert drawer pin"":0.025643977595286235,""spin leg"":0.010026118006660707}",0.32657792377803063,0.023449220569828944,0.6499728235131544
107,attach shelf to table,1970-01-01T00:00:44.360Z,1970-01-01T00:00:46.600Z,complete,case107:frames1109-1165,Kallax_Shelf_Drawer/0020_oak_floor_05_02_2019_08_19_12_58,2.240,1109,1165,56,"{""attach shelf to table"":0.22878005275768892,""pick up pin"":0.06169322622762203,""insert drawer pin"":0.01858920238113829}",0.6420872666473899,0.04885026210265337,0.30906248136644926
107,insert drawer pin,1970-01-01T00:00:46.600Z,1970-01-01T00:00:49.120Z,complete,case107:frames1165-1228,Kallax_Shelf_Drawer/0020_oak_floor_05_02_2019_08_19_12_58,2.520,1165,1228,63,"{""insert drawer pin"":0.11302329434288873,""attach shelf to table"":0.05103262643965464,""pick up pin"":0.009908765739214325}",0.7956788653419131,0.03035643857006179,0.17396468652175767
107,attach shelf to table,1970-01-01T00:00:49.120Z,1970-01-01T00:00:50.920Z,complete,case107:frames1228-1273,Kallax_Shelf_Drawer/0020_oak_floor_05_02_2019_08_19_12_58,1.800,1228,1273,45,"{""attach shelf to table"":0.4370618446005715,""pick up shelf"":0.09575867503881455,""lay down bottom panel"":0.0005307490563912627}",0.37738726403978134,0.08926145688610253,0.5333512686957773
108,align side panel holes with front panel dowels,1970-01-01T00:00:04.240Z,1970-01-01T00:00:05.360Z,complete,case108:frames106-134,Kallax_Shelf_Drawer/0021_white_floor_05_02_2019_08_19_13_15,1.120,106,134,28,"{""align side panel holes with front panel dowels"":0.44251585006713867,""pick up side panel"":0.20839888336403029,""attach drawer side panel"":0.0725048618125064}",0.2177569679915905,0.05882342604906754,0.7234195952436753
108,align side panel holes with front panel dowels,1970-01-01T00:00:05.360Z,1970-01-01T00:00:11.360Z,complete,case108:frames134-284,Kallax_Shelf_Drawer/0021_white_floor_05_02_2019_08_19_13_15,6.000,134,284,150,"{""align side panel holes with front panel dowels"":0.30348612149556475,""attach drawer side panel"":0.22288848365346592,""align leg screw with table thread"":0.10348931322495143}",0.1625810495018959,0.20755502931981631,0.6298639183739821
108,pick up shelf,1970-01-01T00:00:11.840Z,1970-01-01T00:00:13.800Z,complete,case108:frames296-345,Kallax_Shelf_Drawer/0021_white_floor_05_02_2019_08_19_13_15,1.960,296,345,49,"{""pick up shelf"":0.2647916128364753,""attach shelf to table"":0.15242825440910399,""pick up side panel"":0.08147036892418959}",0.19957263737308736,0.30173713476618536,0.4986902361697688
108,align side panel holes with front panel dowels,1970-01-01T00:00:13.800Z,1970-01-01T00:00:23.360Z,complete,case108:frames345-584,Kallax_Shelf_Drawer/0021_white_floor_05_02_2019_08_19_13_15,9.560,345,584,239,"{""align side panel holes with front panel dowels"":0.2598594554922072,""tighten leg"":0.23452019128776994,""attach drawer side panel"":0.14577734560771965}",0.10157540577724888,0.25826759297546287,0.6401569923876969
108,tighten leg,1970-01-01T00:00:23.360Z,1970-01-01T00:00:37.440Z,complete,case108:frames584-936,Kallax_Shelf_Drawer/0021_white_floor_05_02_2019_08_19_13_15,14.080,584,936,352,"{""tighten leg"":0.11984414717153413,""align side panel holes with front panel dowels"":0.10984992827500471,""other"":0.0007028537332768213}",0.1662586136636409,0.6033444277863937,0.2303969291798157
108,spin leg,1970-01-01T00:00:37.440Z,1970-01-01T00:00:40.120Z,complete,case108:frames936-1003,Kallax_Shelf_Drawer/0021_white_floor_05_02_2019_08_19_13_15,2.680,936,1003,67,"{""spin leg"":0.35382106811252995,""attach drawer side panel"":0.2381741166559618,""align side panel holes with front panel dowels"":0.1041298420237961}",0.11783030195467507,0.18604473345680694,0.6961250267922878
108,attach drawer side panel,1970-01-01T00:00:40.120Z,1970-01-01T00:00:42.640Z,complete,case108:frames1003-1066,Kallax_Shelf_Drawer/0021_white_floor_05_02_2019_08_19_13_15,2.520,1003,1066,63,"{""attach drawer side panel"":0.2790293166088679,""align side panel holes with front panel dowels"":0.12706450284236953,""pick up side panel"":0.11683603731678828}",0.30581345527418075,0.17125675430432263,0.5229298567680257
108,tighten leg,1970-01-01T00:00:42.640Z,1970-01-01T00:00:46.040Z,complete,case108:frames1066-1151,Kallax_Shelf_Drawer/0021_white_floor_05_02_2019_08_19_13_15,3.400,1066,1151,85,"{""tighten leg"":0.3321954239378957,""spin leg"":0.16673552700701882,""attach drawer side panel"":0.05661453017417122}",0.11893407457015094,0.325520461710921,0.5555454811190857
108,tighten leg,1970-01-01T00:00:46.040Z,1970-01-01T00:00:48.840Z,complete,case108:frames1151-1221,Kallax_Shelf_Drawer/0021_white_floor_05_02_2019_08_19_13_15,2.800,1151,1221,70,"{""tighten leg"":0.1378224140299218,""pick up shelf"":0.11040894584397652,""pick up bottom panel"":0.011526277633882793}",0.3518855686698641,0.3883567974629655,0.25975763750778114
108,slide bottom of drawer,1970-01-01T00:00:48.840Z,1970-01-01T00:00:57.160Z,complete,case108:frames1221-1429,Kallax_Shelf_Drawer/0021_white_floor_05_02_2019_08_19_13_15,8.320,1221,1429,208,"{""slide bottom of drawer"":0.9025251195819762,""pick up bottom panel"":0.01373288758734886,""align side panel holes with front panel dowels"":0.011700574357886441}",0.02644202059421402,0.04559940206186207,0.9279585815272114
108,attach drawer back panel,1970-01-01T00:00:57.160Z,1970-01-01T00:01:41.920Z,complete,case108:frames1429-2548,Kallax_Shelf_Drawer/0021_white_floor_05_02_2019_08_19_13_15,44.760,1429,2548,1119,"{""attach drawer back panel"":0.37345592100822417,""align side panel holes with front panel dowels"":0.12872730538755042,""insert drawer pin"":0.08947555774904395}",0.17586929697986156,0.23247192586927362,0.5916587841448185
108,insert drawer pin,1970-01-01T00:01:41.920Z,1970-01-01T00:01:43.640Z,complete,case108:frames2548-2591,Kallax_Shelf_Drawer/0021_white_floor_05_02_2019_08_19_13_15,1.720,2548,2591,43,"{""insert drawer pin"":0.1601622208606365,""attach shelf to table"":0.14798934549786324,""pick up pin"":0.13886227062361878}",0.34450666918311007,0.20847950585740826,0.4470138369821185
108,attach shelf to table,1970-01-01T00:01:43.640Z,1970-01-01T00:01:44.760Z,complete,case108:frames2591-2619,Kallax_Shelf_Drawer/0021_white_floor_05_02_2019_08_19_13_15,1.120,2591,2619,28,"{""attach shelf to table"":0.25472734376255957,""insert drawer pin"":0.24076080535139358,""pick up shelf"":0.029021168792886392}",0.3595823251775333,0.11590835465840754,0.5245093179068395
108,insert drawer pin,1970-01-01T00:01:44.760Z,1970-01-01T00:01:45.960Z,complete,case108:frames2619-2649,Kallax_Shelf_Drawer/0021_white_floor_05_02_2019_08_19_13_15,1.200,2619,2649,30,"{""insert drawer pin"":0.5642334858576457,""pick up pin"":0.02988965157419443,""attach drawer back panel"":0.022126681248967845}",0.3372644782066345,0.0464856503826695,0.616249818680808
108,insert drawer pin,1970-01-01T00:01:45.960Z,1970-01-01T00:01:47.760Z,complete,case108:frames2649-2694,Kallax_Shelf_Drawer/0021_white_floor_05_02_2019_08_19_13_15,1.800,2649,2694,45,"{""insert drawer pin"":0.607157446609603,""position the drawer right side up"":0.042027278618317926,""pick up pin"":0.028716411317388217}",0.2480918142530653,0.07400704736806396,0.6779011365453091
108,pick up shelf,1970-01-01T00:01:47.760Z,1970-01-01T00:01:49.200Z,complete,case108:frames2694-2730,Kallax_Shelf_Drawer/0021_white_floor_05_02_2019_08_19_13_15,1.440,2694,2730,36,"{""pick up shelf"":0.2126618050970137,""attach shelf to table"":0.1620091295076741,""position the drawer right side up"":0.08682468349838422}",0.28796597321828205,0.25053839215584306,0.46149561810307205
109,align leg screw with table thread,1970-01-01T00:00:03.760Z,1970-01-01T00:00:05.240Z,complete,case109:frames94-131,Kallax_Shelf_Drawer/0008_black_floor_08_04_2019_08_28_11_49,1.480,94,131,37,"{""align leg screw with table thread"":0.22785765395776644,""pick up shelf"":0.21608070263991486,""pick up bottom panel"":0.000372417553916347}",0.13028182834386826,0.4254073785909957,0.4443107741515977
109,flip table,1970-01-01T00:00:05.240Z,1970-01-01T00:00:05.800Z,complete,case109:frames131-145,Kallax_Shelf_Drawer/0008_black_floor_08_04_2019_08_28_11_49,0.560,131,145,14,"{""flip table"":0.34360200592449736,""pick up shelf"":0.21170427118028914,""lay down bottom panel"":1.1205655417662846e-05}",0.09568777627178601,0.3489947591726447,0.5553174827602042
109,align leg screw with table thread,1970-01-01T00:00:05.800Z,1970-01-01T00:00:07.520Z,complete,case109:frames145-188,Kallax_Shelf_Drawer/0008_black_floor_08_04_2019_08_28_11_49,1.720,145,188,43,"{""align leg screw with table thread"":0.16131605493814447,""attach shelf to table"":0.14636084088665802,""pick up side panel"":0.004239342745994542}",0.3521493129258932,0.33593444312870036,0.31191623857079703
109,align leg screw with table thread,1970-01-01T00:00:07.520Z,1970-01-01T00:00:12.760Z,complete,case109:frames188-319,Kallax_Shelf_Drawer/0008_black_floor_08_04_2019_08_28_11_49,5.240,188,319,131,"{""align leg screw with table thread"":0.2266895873401001,""spin leg"":0.20699775890084623,""attach drawer side panel"":0.07394820376377524}",0.34744152745217766,0.1449229293322322,0.5076355500047216
109,align leg screw with table thread,1970-01-01T00:00:12.760Z,1970-01-01T00:00:15.000Z,complete,case109:frames319-375,Kallax_Shelf_Drawer/0008_black_floor_08_04_2019_08_28_11_49,2.240,319,375,56,"{""align leg screw with table thread"":0.26115068207894054,""pick up leg"":0.22587300996695245,""pick up side panel"":0.001308709895316237}",0.26305447252733366,0.24861312178406691,0.48833240194120925
109,spin leg,1970-01-01T00:00:15.000Z,1970-01-01T00:00:23.360Z,complete,case109:frames375-584,Kallax_Shelf_Drawer/0008_black_floor_08_04_2019_08_28_11_49,8.360,375,584,209,"{""spin leg"":0.201875032634256,""align leg screw with table thread"":0.18094136441153202,""attach drawer side panel"":0.0002553630405791888}",0.24562379247263857,0.3713044374449782,0.38307176008636723
109,pick up shelf,1970-01-01T00:00:23.360Z,1970-01-01T00:00:26.360Z,complete,case109:frames584-659,Kallax_Shelf_Drawer/0008_black_floor_08_04_2019_08_28_11_49,3.000,584,659,75,"{""pick up shelf"":0.2968500671784083,""spin leg"":0.11740163177251815,""pick up bottom panel"":0.00016672210146983466}",0.18713195562362672,0.3984496129074386,0.4144184210523963
109,spin leg,1970-01-01T00:00:26.360Z,1970-01-01T00:00:34.080Z,complete,case109:frames659-852,Kallax_Shelf_Drawer/0008_black_floor_08_04_2019_08_28_11_49,7.720,659,852,193,"{""spin leg"":0.5504021743032599,""align leg screw with table thread"":0.131514647965913,""slide bottom of drawer"":0.0009333828944891421}",0.1332028341416868,0.1839469612927588,0.6828502051636621
109,pick up shelf,1970-01-01T00:00:38.600Z,1970-01-01T00:00:40.200Z,complete,case109:frames965-1005,Kallax_Shelf_Drawer/0008_black_floor_08_04_2019_08_28_11_49,1.600,965,1005,40,"{""pick up shelf"":0.20979099655523897,""spin leg"":0.17536100409924985,""pick up front panel"":0.0008782980248724925}",0.23859169706702232,0.37537797579249194,0.38603029867936134
109,spin leg,1970-01-01T00:00:40.200Z,1970-01-01T00:01:04.120Z,complete,case109:frames1005-1603,Kallax_Shelf_Drawer/0008_black_floor_08_04_2019_08_28_11_49,23.920,1005,1603,598,"{""spin leg"":0.4917780500291582,""align leg screw with table thread"":0.23786861976502732,""align side panel holes with front panel dowels"":0.0006118428285126994}",0.12009086819944972,0.14965061894985365,0.7302585126226981
109,pick up leg,1970-01-01T00:01:08.720Z,1970-01-01T00:01:09.560Z,complete,case109:frames1718-1739,Kallax_Shelf_Drawer/0008_black_floor_08_04_2019_08_28_11_49,0.840,1718,1739,21,"{""pick up leg"":0.17004368418738955,""align leg screw with table thread"":0.15116425426233382,""pick up pin"":0.0004807190686863448}",0.18543958734898341,0.4928717399651369,0.32168865751840975
109,attach shelf to table,1970-01-01T00:01:09.560Z,1970-01-01T00:01:19.760Z,complete,case109:frames1739-1994,Kallax_Shelf_Drawer/0008_black_floor_08_04_2019_08_28_11_49,10.200,1739,1994,255,"{""attach shelf to table"":0.27141765534293416,""pick up shelf"":0.15674674426223717,""insert drawer pin"":0.0010327366388439402}",0.2175913226955077,0.35321154215644307,0.4291971362440153
11,pick up leg,1970-01-01T00:00:03.280Z,1970-01-01T00:00:05.200Z,complete,case11:frames82-130,Lack_TV_Bench/0020_black_floor_05_02_2019_08_19_12_51,1.920,82,130,48,"{""pick up leg"":0.5577316085497538,""spin leg"":0.0641792444512248,""align leg screw with table thread"":0.05541409831494093}",0.28657044532398385,0.036104638825468285,0.6773249513159195
11,spin leg,1970-01-01T00:00:05.200Z,1970-01-01T00:00:08.080Z,complete,case11:frames130-202,Lack_TV_Bench/0020_black_floor_05_02_2019_08_19_12_51,2.880,130,202,72,"{""spin leg"":0.4043017527502444,""pick up leg"":0.1868223605884446,""align leg screw with table thread"":0.038954138134916626}",0.16477122095723948,0.20515053579845013,0.6300782514736056
11,spin leg,1970-01-01T00:00:08.080Z,1970-01-01T00:00:20.840Z,complete,case11:frames202-521,Lack_TV_Bench/0020_black_floor_05_02_2019_08_19_12_51,12.760,202,521,319,"{""spin leg"":0.8206749483709425,""tighten leg"":0.05605289714883861,""pick up leg"":0.02132845537439222}",0.06861236366825792,0.03333133920971638,0.8980563008941733
11,pick up leg,1970-01-01T00:00:20.840Z,1970-01-01T00:00:22.240Z,complete,case11:frames521-556,Lack_TV_Bench/0020_black_floor_05_02_2019_08_19_12_51,1.400,521,556,35,"{""pick up leg"":0.46068875789642333,""spin leg"":0.10259512545807022,""align leg screw with table thread"":0.09402750294123377}",0.22285516347203935,0.11983342586287338,0.6573113862957273
11,spin leg,1970-01-01T00:00:22.240Z,1970-01-01T00:00:24.840Z,complete,case11:frames556-621,Lack_TV_Bench/0020_black_floor_05_02_2019_08_19_12_51,2.600,556,621,65,"{""spin leg"":0.2563851204629128,""align leg screw with table thread"":0.25133793147710654,""pick up leg"":0.21410062737189806}",0.22003058240963863,0.05814574329612275,0.7218236793119174
11,spin leg,1970-01-01T00:00:24.840Z,1970-01-01T00:00:40.040Z,complete,case11:frames621-1001,Lack_TV_Bench/0020_black_floor_05_02_2019_08_19_12_51,15.200,621,1001,380,"{""spin leg"":0.6576968859489026,""align leg screw with table thread"":0.1074052542055908,""pick up leg"":0.05442001619621327}",0.1073720570457609,0.0731057711550543,0.8195221563507067
11,pick up leg,1970-01-01T00:00:40.040Z,1970-01-01T00:00:43.200Z,complete,case11:frames1001-1080,Lack_TV_Bench/0020_black_floor_05_02_2019_08_19_12_51,3.160,1001,1080,79,"{""pick up leg"":0.6214432682417617,""align leg screw with table thread"":0.06784311615968053,""spin leg"":0.03588519830115234}",0.24128781994686851,0.03354058108737439,0.7251715827025945
11,pick up leg,1970-01-01T00:00:43.200Z,1970-01-01T00:00:45.800Z,complete,case11:frames1080-1145,Lack_TV_Bench/0020_black_floor_05_02_2019_08_19_12_51,2.600,1080,1145,65,"{""pick up leg"":0.2689417957113339,""align leg screw with table thread"":0.1328104385962853,""pick up shelf"":0.10890880783016865}",0.20424294196642362,0.28509601462301337,0.5106610421377878
11,spin leg,1970-01-01T00:00:45.800Z,1970-01-01T00:01:02.400Z,complete,case11:frames1145-1560,Lack_TV_Bench/0020_black_floor_05_02_2019_08_19_12_51,16.600,1145,1560,415,"{""spin leg"":0.47470602590635597,""align leg screw with table thread"":0.11040058925927404,""pick up leg"":0.0779935340026775}",0.1983335179018687,0.13856633524091916,0.6631001491683075
11,pick up leg,1970-01-01T00:01:02.400Z,1970-01-01T00:01:05.280Z,complete,case11:frames1560-1632,Lack_TV_Bench/0020_black_floor_05_02_2019_08_19_12_51,2.880,1560,1632,72,"{""pick up leg"":0.3407224404315154,""flip table"":0.10573913467427094,""spin leg"":0.08708308533661896}",0.3353496409124798,0.13110571688392356,0.5335446604424052
11,flip table,1970-01-01T00:01:05.280Z,1970-01-01T00:01:08.040Z,complete,case11:frames1632-1701,Lack_TV_Bench/0020_black_floor_05_02_2019_08_19_12_51,2.760,1632,1701,69,"{""flip table"":0.1984191408407861,""spin leg"":0.141411945655726,""align leg screw with table thread"":0.051338680304478905}",0.33990225239076477,0.26892794770875306,0.391169766800991
11,spin leg,1970-01-01T00:01:08.040Z,1970-01-01T00:01:20.240Z,complete,case11:frames1701-2006,Lack_TV_Bench/0020_black_floor_05_02_2019_08_19_12_51,12.200,1701,2006,305,"{""spin leg"":0.5380316778773168,""tighten leg"":0.06126870980150387,""flip table"":0.05210172121153503}",0.21734242185217434,0.131255469554557,0.6514021088903557
11,flip table,1970-01-01T00:01:23.120Z,1970-01-01T00:01:27.640Z,complete,case11:frames2078-2191,Lack_TV_Bench/0020_black_floor_05_02_2019_08_19_12_51,4.520,2078,2191,113,"{""flip table"":0.6408058674593943,""pick up shelf"":0.08567501459707531,""rotate table"":0.03563758402865017}",0.12978672460380908,0.1080948638089622,0.7621184660851197
11,pick up shelf,1970-01-01T00:01:27.640Z,1970-01-01T00:01:30.400Z,complete,case11:frames2191-2260,Lack_TV_Bench/0020_black_floor_05_02_2019_08_19_12_51,2.760,2191,2260,69,"{""pick up shelf"":0.22170284023319464,""attach shelf to table"":0.2141645546408667,""flip table"":0.04286306885921437}",0.3993062223645224,0.12196330298773571,0.4787304637332757
11,attach shelf to table,1970-01-01T00:01:30.400Z,1970-01-01T00:01:44.920Z,complete,case11:frames2260-2623,Lack_TV_Bench/0020_black_floor_05_02_2019_08_19_12_51,14.520,2260,2623,363,"{""attach shelf to table"":0.364663441319111,""pick up shelf"":0.09815105172412947,""rotate table"":0.09685450073937082}",0.3667425447587468,0.073588478954646,0.5596689937826113
110,pick up leg,1970-01-01T00:00:05.560Z,1970-01-01T00:00:05.600Z,complete,case110:frames139-140,Kallax_Shelf_Drawer/0012_white_table_04_02_2019_08_20_11_52,0.040,139,140,1,"{""pick up leg"":0.5691437721252441,""rotate table"":0.037654079496860504,""pick up back panel"":6.709497392876074e-05}",0.3292750120162964,0.06386011395204605,0.6068649465960334
110,pick up side panel,1970-01-01T00:00:05.600Z,1970-01-01T00:00:11.840Z,complete,case110:frames140-296,Kallax_Shelf_Drawer/0012_white_table_04_02_2019_08_20_11_52,6.240,140,296,156,"{""pick up side panel"":0.227772765327245,""pick up leg"":0.13859917408524033,""spin leg"":0.05363927185335809}",0.4902053559437776,0.08978340979656324,0.42001121126584345
110,pick up side panel,1970-01-01T00:00:11.840Z,1970-01-01T00:00:17.080Z,complete,case110:frames296-427,Kallax_Shelf_Drawer/0012_white_table_04_02_2019_08_20_11_52,5.240,296,427,131,"{""pick up side panel"":0.17384064746380762,""pick up leg"":0.11472895172716097,""pick up front panel"":0.0009214329209582141}",0.6463465636013118,0.06416243200381375,0.2894910321119268
110,pick up side panel,1970-01-01T00:00:17.080Z,1970-01-01T00:00:23.320Z,complete,case110:frames427-583,Kallax_Shelf_Drawer/0012_white_table_04_02_2019_08_20_11_52,6.240,427,583,156,"{""pick up side panel"":0.20147187718882775,""align side panel holes with front panel dowels"":0.19542789953844383,""align leg screw with table thread"":0.08433139825072618}",0.4004511818862878,0.11831762159426609,0.4812311749779978
110,attach drawer side panel,1970-01-01T00:00:23.320Z,1970-01-01T00:00:25.160Z,complete,case110:frames583-629,Kallax_Shelf_Drawer/0012_white_table_04_02_2019_08_20_11_52,1.840,583,629,46,"{""attach drawer side panel"":0.29652051757211273,""align side panel holes with front panel dowels"":0.2654870526622171,""align leg screw with table thread"":0.14227575808763504}",0.13245820966751679,0.16325844620470656,0.7042833283219649
110,spin leg,1970-01-01T00:00:25.160Z,1970-01-01T00:00:27.560Z,complete,case110:frames629-689,Kallax_Shelf_Drawer/0012_white_table_04_02_2019_08_20_11_52,2.400,629,689,60,"{""spin leg"":0.20778417500356833,""rotate table"":0.14145049850145977,""attach drawer side panel"":0.05580460441609224}",0.25062039991219837,0.3443403038327308,0.4050392779211204
110,pick up side panel,1970-01-01T00:00:30.000Z,1970-01-01T00:00:35.800Z,complete,case110:frames750-895,Kallax_Shelf_Drawer/0012_white_table_04_02_2019_08_20_11_52,5.800,750,895,145,"{""pick up side panel"":0.6931328900929155,""align side panel holes with front panel dowels"":0.08521321286479461,""align leg screw with table thread"":0.020815166060266822}",0.17032407368051594,0.030514658389512894,0.7991612690179769
110,pick up side panel,1970-01-01T00:00:35.800Z,1970-01-01T00:00:40.200Z,complete,case110:frames895-1005,Kallax_Shelf_Drawer/0012_white_table_04_02_2019_08_20_11_52,4.400,895,1005,110,"{""pick up side panel"":0.26528308516876264,""align side panel holes with front panel dowels"":0.25305183584039864,""attach drawer side panel"":0.21277456086298283}",0.18553910546682098,0.08335140315300317,0.7311094818721441
110,attach drawer side panel,1970-01-01T00:00:40.200Z,1970-01-01T00:00:43.400Z,complete,case110:frames1005-1085,Kallax_Shelf_Drawer/0012_white_table_04_02_2019_08_20_11_52,3.200,1005,1085,80,"{""attach drawer side panel"":0.5081937503069639,""align side panel holes with front panel dowels"":0.2384490855038166,""pick up side panel"":0.05402430326212197}",0.16922082975506783,0.030112039280369624,0.8006671390729024
110,slide bottom of drawer,1970-01-01T00:00:48.360Z,1970-01-01T00:00:52.520Z,complete,case110:frames1209-1313,Kallax_Shelf_Drawer/0012_white_table_04_02_2019_08_20_11_52,4.160,1209,1313,104,"{""slide bottom of drawer"":0.3283866235469759,""pick up bottom panel"":0.24338538982556202,""spin leg"":0.019210195911000483}",0.355876212223218,0.05314159580414568,0.5909822092835384
110,slide bottom of drawer,1970-01-01T00:00:52.520Z,1970-01-01T00:01:02.680Z,complete,case110:frames1313-1567,Kallax_Shelf_Drawer/0012_white_table_04_02_2019_08_20_11_52,10.160,1313,1567,254,"{""slide bottom of drawer"":0.5870550952844439,""spin leg"":0.030361553591742054,""other"":0.009742310552080491}",0.3460001214517383,0.02684093832615381,0.6271589594282665
110,attach drawer back panel,1970-01-01T00:01:04.160Z,1970-01-01T00:01:13.440Z,complete,case110:frames1604-1836,Kallax_Shelf_Drawer/0012_white_table_04_02_2019_08_20_11_52,9.280,1604,1836,232,"{""attach drawer back panel"":0.6729899957567325,""pick up back panel"":0.15238487354935357,""pick up leg"":0.057107451215227326}",0.062652963069107,0.05486468578671465,0.8824823205213134
110,attach drawer back panel,1970-01-01T00:01:13.440Z,1970-01-01T00:01:35.480Z,complete,case110:frames1836-2387,Kallax_Shelf_Drawer/0012_white_table_04_02_2019_08_20_11_52,22.040,1836,2387,551,"{""attach drawer back panel"":0.7589467623031879,""align side panel holes with front panel dowels"":0.16554285958958637,""attach drawer side panel"":0.004952227317739934}",0.0436760419252888,0.026882105473629476,0.9294418492105142
110,pick up pin,1970-01-01T00:01:36.280Z,1970-01-01T00:01:47.400Z,complete,case110:frames2407-2685,Kallax_Shelf_Drawer/0012_white_table_04_02_2019_08_20_11_52,11.120,2407,2685,278,"{""pick up pin"":0.24366312133644125,""attach drawer back panel"":0.14692700117480567,""insert drawer pin"":0.11849225009456545}",0.3106088243532095,0.1803088010765657,0.5090823726058123
110,insert drawer pin,1970-01-01T00:01:47.400Z,1970-01-01T00:01:48.600Z,complete,case110:frames2685-2715,Kallax_Shelf_Drawer/0012_white_table_04_02_2019_08_20_11_52,1.200,2685,2715,30,"{""insert drawer pin"":0.9417904237906138,""pick up pin"":0.0128554953301015,""attach shelf to table"":0.005393384940301379}",0.026611551518241565,0.013349145044553267,0.9600393040610168
110,insert drawer pin,1970-01-01T00:01:48.600Z,1970-01-01T00:01:57.000Z,complete,case110:frames2715-2925,Kallax_Shelf_Drawer/0012_white_table_04_02_2019_08_20_11_52,8.400,2715,2925,210,"{""insert drawer pin"":0.07109468012237076,""pick up shelf"":0.0530412319309627,""position the drawer right side up"":0.03820566490435989}",0.5902295327434938,0.24742888055142848,0.16234157695769336
111,pick up leg,1970-01-01T00:00:01.720Z,1970-01-01T00:00:03.120Z,complete,case111:frames43-78,Kallax_Shelf_Drawer/0030_oak_table_04_02_2019_08_20_12_14,1.400,43,78,35,"{""pick up leg"":0.3784737739578954,""align leg screw with table thread"":0.046154065203985996,""pick up side panel"":0.0019577972424615706}",0.537749285357339,0.03566505459399342,0.426585636404343
111,align leg screw with table thread,1970-01-01T00:00:03.120Z,1970-01-01T00:00:06.600Z,complete,case111:frames78-165,Kallax_Shelf_Drawer/0030_oak_table_04_02_2019_08_20_12_14,3.480,78,165,87,"{""align leg screw with table thread"":0.32949851530379265,""rotate table"":0.09073350078629694,""align side panel holes with front panel dowels"":0.011286682618217242}",0.32546569252836294,0.24301561908728794,0.43151869870830684
111,tighten leg,1970-01-01T00:00:06.600Z,1970-01-01T00:00:08.280Z,complete,case111:frames165-207,Kallax_Shelf_Drawer/0030_oak_table_04_02_2019_08_20_12_14,1.680,165,207,42,"{""tighten leg"":0.43325174422491164,""spin leg"":0.14214506585683143,""attach drawer side panel"":0.0006122127399846379}",0.36034769458430155,0.06364326965746431,0.5760090228217277
111,pick up leg,1970-01-01T00:00:08.280Z,1970-01-01T00:00:09.680Z,complete,case111:frames207-242,Kallax_Shelf_Drawer/0030_oak_table_04_02_2019_08_20_12_14,1.400,207,242,35,"{""pick up leg"":0.4501197977789811,""lay down leg"":0.016326467519060577,""pick up side panel"":0.0013700730362740745}",0.4953667606626238,0.0368169552688609,0.46781633833431574
111,align leg screw with table thread,1970-01-01T00:00:09.680Z,1970-01-01T00:00:15.360Z,complete,case111:frames242-384,Kallax_Shelf_Drawer/0030_oak_table_04_02_2019_08_20_12_14,5.680,242,384,142,"{""align leg screw with table thread"":0.22281626024296586,""rotate table"":0.11873969414704283,""align side panel holes with front panel dowels"":0.06441052031414715}",0.3389767307630727,0.2550568007177711,0.4059664747041558
111,tighten leg,1970-01-01T00:00:15.360Z,1970-01-01T00:00:16.720Z,complete,case111:frames384-418,Kallax_Shelf_Drawer/0030_oak_table_04_02_2019_08_20_12_14,1.360,384,418,34,"{""tighten leg"":0.13793306616956696,""align leg screw with table thread"":0.11249186024617623,""attach drawer side panel"":0.03631982037468868}",0.45970768437666054,0.25354759217203965,0.2867447467904319
111,pick up bottom panel,1970-01-01T00:00:16.720Z,1970-01-01T00:00:18.800Z,complete,case111:frames418-470,Kallax_Shelf_Drawer/0030_oak_table_04_02_2019_08_20_12_14,2.080,418,470,52,"{""pick up bottom panel"":0.326776319111769,""pick up leg"":0.05006508978728492,""rotate table"":0.007576503582710687}",0.5629752083466604,0.05260685301590666,0.3844179124817646
111,slide bottom of drawer,1970-01-01T00:00:18.800Z,1970-01-01T00:00:24.520Z,complete,case111:frames470-613,Kallax_Shelf_Drawer/0030_oak_table_04_02_2019_08_20_12_14,5.720,470,613,143,"{""slide bottom of drawer"":0.3293787997763057,""pick up bottom panel"":0.048983127757959016,""spin leg"":0.030689454786955717}",0.5508552522926063,0.04009336564020605,0.4090513823212204
111,pick up back panel,1970-01-01T00:00:24.520Z,1970-01-01T00:00:25.680Z,complete,case111:frames613-642,Kallax_Shelf_Drawer/0030_oak_table_04_02_2019_08_20_12_14,1.160,613,642,29,"{""pick up back panel"":0.5803330473858734,""pick up leg"":0.01750341698463107,""slide bottom of drawer"":0.007103544706077282}",0.3740645092109154,0.02099544117109041,0.6049400090765819
111,attach drawer back panel,1970-01-01T00:00:25.680Z,1970-01-01T00:00:31.360Z,complete,case111:frames642-784,Kallax_Shelf_Drawer/0030_oak_table_04_02_2019_08_20_12_14,5.680,642,784,142,"{""attach drawer back panel"":0.6351515610348171,""align side panel holes with front panel dowels"":0.031207208915180723,""pick up back panel"":0.027518593773416335}",0.23555454695728464,0.07056809451893688,0.6938773637234141
111,pick up pin,1970-01-01T00:00:31.360Z,1970-01-01T00:00:32.920Z,complete,case111:frames784-823,Kallax_Shelf_Drawer/0030_oak_table_04_02_2019_08_20_12_14,1.560,784,823,39,"{""pick up pin"":0.1261159693583464,""pick up back panel"":0.044028720460259,""position the drawer right side up"":0.013158175457740584}",0.7415048877398173,0.07519221523471177,0.18330286527634598
111,insert drawer pin,1970-01-01T00:00:32.920Z,1970-01-01T00:00:38.560Z,complete,case111:frames823-964,Kallax_Shelf_Drawer/0030_oak_table_04_02_2019_08_20_12_14,5.640,823,964,141,"{""insert drawer pin"":0.5398458634628683,""pick up pin"":0.05717417283077784,""lay down bottom panel"":0.01313798673480902}",0.3606072423305917,0.02923472953162957,0.6101580230284552
111,position the drawer right side up,1970-01-01T00:00:41.280Z,1970-01-01T00:00:44.400Z,complete,case111:frames1032-1110,Kallax_Shelf_Drawer/0030_oak_table_04_02_2019_08_20_12_14,3.120,1032,1110,78,"{""position the drawer right side up"":0.5680722888463583,""lay down bottom panel"":0.03520266956930312,""flip table top"":0.018387063860129088}",0.3307264370796008,0.04761152238243609,0.6216620222757905
112,pick up leg,1970-01-01T00:00:02.200Z,1970-01-01T00:00:04.320Z,complete,case112:frames55-108,Kallax_Shelf_Drawer/0025_black_table_04_02_2019_08_20_13_51,2.120,55,108,53,"{""pick up leg"":0.10950672104603278,""spin leg"":0.010382196915397456,""pick up side panel"":0.005481544618477237}",0.8589370093255673,0.0156925597629223,0.12537046257990747
112,align leg screw with table thread,1970-01-01T00:00:04.800Z,1970-01-01T00:00:08.960Z,complete,case112:frames120-224,Kallax_Shelf_Drawer/0025_black_table_04_02_2019_08_20_13_51,4.160,120,224,104,"{""align leg screw with table thread"":0.397862393122453,""attach drawer side panel"":0.1888225181028247,""spin leg"":0.12723704649565312}",0.20012296105806643,0.08595507305236412,0.7139219577209308
112,pick up leg,1970-01-01T00:00:09.240Z,1970-01-01T00:00:11.960Z,complete,case112:frames231-299,Kallax_Shelf_Drawer/0025_black_table_04_02_2019_08_20_13_51,2.720,231,299,68,"{""pick up leg"":0.2923620365395704,""align side panel holes with front panel dowels"":0.11225811953087994,""pick up side panel"":0.025734735625412536}",0.5107877491151586,0.05885730570028446,0.43035489169586283
112,attach drawer side panel,1970-01-01T00:00:11.960Z,1970-01-01T00:00:15.080Z,complete,case112:frames299-377,Kallax_Shelf_Drawer/0025_black_table_04_02_2019_08_20_13_51,3.120,299,377,78,"{""attach drawer side panel"":0.3189451463299636,""align side panel holes with front panel dowels"":0.1905978022990987,""align leg screw with table thread"":0.13849485660783756}",0.29631377336306447,0.05564841827468314,0.6480378052368999
112,pick up bottom panel,1970-01-01T00:00:15.080Z,1970-01-01T00:00:19.560Z,complete,case112:frames377-489,Kallax_Shelf_Drawer/0025_black_table_04_02_2019_08_20_13_51,4.480,377,489,112,"{""pick up bottom panel"":0.18281017480226833,""slide bottom of drawer"":0.05552014339878042,""spin leg"":0.006389203836858671}",0.7381402706461293,0.017140202995812284,0.24471952203790742
112,slide bottom of drawer,1970-01-01T00:00:19.560Z,1970-01-01T00:00:23.080Z,complete,case112:frames489-577,Kallax_Shelf_Drawer/0025_black_table_04_02_2019_08_20_13_51,3.520,489,577,88,"{""slide bottom of drawer"":0.6068237788170915,""spin leg"":0.10172295481474562,""attach drawer back panel"":0.08735224584829253}",0.18071875721216202,0.02338229934778788,0.7958989794801296
112,pick up leg,1970-01-01T00:00:23.080Z,1970-01-01T00:00:24.760Z,complete,case112:frames577-619,Kallax_Shelf_Drawer/0025_black_table_04_02_2019_08_20_13_51,1.680,577,619,42,"{""pick up leg"":0.19865013379603624,""pick up shelf"":0.03923209361909401,""pick up back panel"":0.010704852668346749}",0.6722937087927546,0.07911919332898892,0.24858708008347702
112,attach drawer back panel,1970-01-01T00:00:24.760Z,1970-01-01T00:00:32.800Z,complete,case112:frames619-820,Kallax_Shelf_Drawer/0025_black_table_04_02_2019_08_20_13_51,8.040,619,820,201,"{""attach drawer back panel"":0.8262970052512255,""pick up back panel"":0.05145442597533284,""pick up leg"":0.01897228525288922}",0.07089916887271464,0.03237708888291314,0.8967237164794476
112,attach drawer back panel,1970-01-01T00:00:33.880Z,1970-01-01T00:00:34.920Z,complete,case112:frames847-873,Kallax_Shelf_Drawer/0025_black_table_04_02_2019_08_20_13_51,1.040,847,873,26,"{""attach drawer back panel"":0.12282818785080543,""pick up pin"":0.07550759404973807,""insert drawer pin"":0.036178118540332295}",0.6642012994449872,0.10128478573566413,0.2345139004408758
112,insert drawer pin,1970-01-01T00:00:34.920Z,1970-01-01T00:00:39.200Z,complete,case112:frames873-980,Kallax_Shelf_Drawer/0025_black_table_04_02_2019_08_20_13_51,4.280,873,980,107,"{""insert drawer pin"":0.3745624417456511,""pick up pin"":0.0680489510158512,""attach drawer back panel"":0.03309409870444057}",0.424865352216168,0.09942918572900768,0.4757054914659429
112,position the drawer right side up,1970-01-01T00:00:39.200Z,1970-01-01T00:00:42.600Z,complete,case112:frames980-1065,Kallax_Shelf_Drawer/0025_black_table_04_02_2019_08_20_13_51,3.400,980,1065,85,"{""position the drawer right side up"":0.33634949730270924,""pick up shelf"":0.01473013718119439,""lay down bottom panel"":0.002923432652674177}",0.5782997362753924,0.06769721409882283,0.3540030671365778
113,align leg screw with table thread,1970-01-01T00:00:06.920Z,1970-01-01T00:00:08.400Z,complete,case113:frames173-210,Kallax_Shelf_Drawer/0014_black_floor_08_04_2019_08_28_11_12,1.480,173,210,37,"{""align leg screw with table thread"":0.43048094937930237,""pick up leg"":0.1592539893211545,""pick up side panel"":0.00017031805583502392}",0.09361551661749144,0.3164792529391523,0.5899052567562919
113,align leg screw with table thread,1970-01-01T00:00:08.400Z,1970-01-01T00:00:14.400Z,complete,case113:frames210-360,Kallax_Shelf_Drawer/0014_black_floor_08_04_2019_08_28_11_12,6.000,210,360,150,"{""align leg screw with table thread"":0.3832850480079651,""tighten leg"":0.2611771923303604,""align side panel holes with front panel dowels"":0.0016983928515886266}",0.08435847977797191,0.2694808633212722,0.6461606331899142
113,pick up leg,1970-01-01T00:00:14.800Z,1970-01-01T00:00:16.000Z,complete,case113:frames370-400,Kallax_Shelf_Drawer/0014_black_floor_08_04_2019_08_28_11_12,1.200,370,400,30,"{""pick up leg"":0.3644938851396243,""align leg screw with table thread"":0.2210283835728963,""pick up side panel"":0.0008248015966576834}",0.11127536793549855,0.3023775881743442,0.5863470703091782
113,align leg screw with table thread,1970-01-01T00:00:16.000Z,1970-01-01T00:00:20.800Z,complete,case113:frames400-520,Kallax_Shelf_Drawer/0014_black_floor_08_04_2019_08_28_11_12,4.800,400,520,120,"{""align leg screw with table thread"":0.31710895895957947,""spin leg"":0.2213091065486272,""align side panel holes with front panel dowels"":0.0006634962706205745}",0.16151317507028579,0.2994052905068153,0.5390815617788273
113,pick up shelf,1970-01-01T00:00:22.800Z,1970-01-01T00:00:24.000Z,complete,case113:frames570-600,Kallax_Shelf_Drawer/0014_black_floor_08_04_2019_08_28_11_12,1.200,570,600,30,"{""pick up shelf"":0.3708553731441498,""pick up leg"":0.23104682068030039,""pick up bottom panel"":0.0009115759360914429}",0.19562114079793294,0.2015650986296956,0.6028137697605417
113,pick up shelf,1970-01-01T00:00:25.600Z,1970-01-01T00:00:28.000Z,complete,case113:frames640-700,Kallax_Shelf_Drawer/0014_black_floor_08_04_2019_08_28_11_12,2.400,640,700,60,"{""pick up shelf"":0.16475811302661897,""spin leg"":0.16168933113416037,""position the drawer right side up"":2.7340443496844578e-05}",0.18141812483469646,0.49210709465607655,0.32647478460427615
113,spin leg,1970-01-01T00:00:28.000Z,1970-01-01T00:00:34.800Z,complete,case113:frames700-870,Kallax_Shelf_Drawer/0014_black_floor_08_04_2019_08_28_11_12,6.800,700,870,170,"{""spin leg"":0.2804807166842853,""align leg screw with table thread"":0.21049712011042762,""slide bottom of drawer"":0.0033258813043657402}",0.19428209276760325,0.31141418257792974,0.4943037180990787
113,pick up leg,1970-01-01T00:00:34.800Z,1970-01-01T00:00:35.200Z,complete,case113:frames870-880,Kallax_Shelf_Drawer/0014_black_floor_08_04_2019_08_28_11_12,0.400,870,880,10,"{""pick up leg"":0.2718028128147125,""pick up shelf"":0.19361791014671326,""pick up back panel"":5.902670181967551e-06}",0.2768111228942871,0.2577622728780966,0.46542662563160775
113,spin leg,1970-01-01T00:00:36.400Z,1970-01-01T00:00:45.200Z,complete,case113:frames910-1130,Kallax_Shelf_Drawer/0014_black_floor_08_04_2019_08_28_11_12,8.800,910,1130,220,"{""spin leg"":0.3380986047062007,""align leg screw with table thread"":0.24318405924872918,""attach drawer back panel"":0.0002140028709122403}",0.17647167539054698,0.24203166887694152,0.5814966668258421
113,spin leg,1970-01-01T00:00:49.880Z,1970-01-01T00:00:55.520Z,complete,case113:frames1247-1388,Kallax_Shelf_Drawer/0014_black_floor_08_04_2019_08_28_11_12,5.640,1247,1388,141,"{""spin leg"":0.2932743914689578,""align leg screw with table thread"":0.2722099522749583,""insert drawer pin"":9.667024092545654e-05}",0.19517842315612954,0.23924059156157834,0.5655810139848415
113,align leg screw with table thread,1970-01-01T00:00:57.000Z,1970-01-01T00:01:24.680Z,complete,case113:frames1425-2117,Kallax_Shelf_Drawer/0014_black_floor_08_04_2019_08_28_11_12,27.680,1425,2117,692,"{""align leg screw with table thread"":0.2781504634229434,""spin leg"":0.2304421386256211,""other"":0.00015006845466546294}",0.17749661904883524,0.313760712938173,0.50874267050323
113,align leg screw with table thread,1970-01-01T00:01:24.680Z,1970-01-01T00:01:26.120Z,complete,case113:frames2117-2153,Kallax_Shelf_Drawer/0014_black_floor_08_04_2019_08_28_11_12,1.440,2117,2153,36,"{""align leg screw with table thread"":0.42159775644540787,""pick up leg"":0.21975999584214556,""pick up side panel"":0.0012236774814987762}",0.1509587922030025,0.20645969612351123,0.6425814297690522
113,align leg screw with table thread,1970-01-01T00:01:26.120Z,1970-01-01T00:01:27.720Z,complete,case113:frames2153-2193,Kallax_Shelf_Drawer/0014_black_floor_08_04_2019_08_28_11_12,1.600,2153,2193,40,"{""align leg screw with table thread"":0.7155409328639507,""spin leg"":0.06865587662905455,""align side panel holes with front panel dowels"":0.004193916083750082}",0.09289310164749623,0.11871611330096814,0.7883907255767554
113,align leg screw with table thread,1970-01-01T00:01:27.720Z,1970-01-01T00:01:31.320Z,complete,case113:frames2193-2283,Kallax_Shelf_Drawer/0014_black_floor_08_04_2019_08_28_11_12,3.600,2193,2283,90,"{""align leg screw with table thread"":0.3190864731868108,""spin leg"":0.2696087898479568,""attach drawer side panel"":0.0009435655866076963}",0.1663362084577481,0.24402497159178546,0.5896388286213753
113,align leg screw with table thread,1970-01-01T00:01:32.120Z,1970-01-01T00:01:33.320Z,complete,case113:frames2303-2333,Kallax_Shelf_Drawer/0014_black_floor_08_04_2019_08_28_11_12,1.200,2303,2333,30,"{""align leg screw with table thread"":0.4425383239984512,""spin leg"":0.13007068584362666,""pick up side panel"":0.0013780337176285684}",0.18245461160937945,0.24355834914217284,0.5739870435597064
113,align leg screw with table thread,1970-01-01T00:01:33.720Z,1970-01-01T00:01:34.920Z,complete,case113:frames2343-2373,Kallax_Shelf_Drawer/0014_black_floor_08_04_2019_08_28_11_12,1.200,2343,2373,30,"{""align leg screw with table thread"":0.8051955531040828,""tighten leg"":0.06354868163665135,""align side panel holes with front panel dowels"":0.006370511674322188}",0.04425125742952029,0.08063394501404468,0.8751147464150564
113,align leg screw with table thread,1970-01-01T00:01:34.920Z,1970-01-01T00:01:37.720Z,complete,case113:frames2373-2443,Kallax_Shelf_Drawer/0014_black_floor_08_04_2019_08_28_11_12,2.800,2373,2443,70,"{""align leg screw with table thread"":0.3255447715520859,""spin leg"":0.2860384128987789,""attach drawer side panel"":0.006654411830407168}",0.08082977245960916,0.3009326282522161,0.618237596281272
113,pick up shelf,1970-01-01T00:01:38.520Z,1970-01-01T00:01:38.920Z,complete,case113:frames2463-2473,Kallax_Shelf_Drawer/0014_black_floor_08_04_2019_08_28_11_12,0.400,2463,2473,10,"{""pick up shelf"":0.6247663464397192,""align leg screw with table thread"":0.0757936455309391,""pick up bottom panel"":0.00026627325132722035}",0.12261832132935524,0.17655535550939874,0.7008262652219855
113,spin leg,1970-01-01T00:01:38.920Z,1970-01-01T00:01:48.120Z,complete,case113:frames2473-2703,Kallax_Shelf_Drawer/0014_black_floor_08_04_2019_08_28_11_12,9.200,2473,2703,230,"{""spin leg"":0.6801446068343585,""tighten leg"":0.11907547493667706,""slide bottom of drawer"":0.0008742673301363222}",0.06809905300969663,0.13180657970066217,0.8000943491011718
113,align leg screw with table thread,1970-01-01T00:01:48.920Z,1970-01-01T00:01:49.720Z,complete,case113:frames2723-2743,Kallax_Shelf_Drawer/0014_black_floor_08_04_2019_08_28_11_12,0.800,2723,2743,20,"{""align leg screw with table thread"":0.2438717469573021,""spin leg"":0.23715572729706763,""pick up back panel"":8.056728202063824e-05}",0.17207674458622932,0.3468151964464027,0.4811080415363904
113,spin leg,1970-01-01T00:01:51.320Z,1970-01-01T00:01:57.320Z,complete,case113:frames2783-2933,Kallax_Shelf_Drawer/0014_black_floor_08_04_2019_08_28_11_12,6.000,2783,2933,150,"{""spin leg"":0.36010336260000864,""align leg screw with table thread"":0.24181841388344766,""attach drawer back panel"":0.00025027159446229535}",0.0832501695305109,0.31457779100066696,0.6021720480779187
113,align leg screw with table thread,1970-01-01T00:01:59.320Z,1970-01-01T00:02:06.120Z,complete,case113:frames2983-3153,Kallax_Shelf_Drawer/0014_black_floor_08_04_2019_08_28_11_12,6.800,2983,3153,170,"{""align leg screw with table thread"":0.3272673944778302,""spin leg"":0.30633259441922694,""insert drawer pin"":0.00027645720647877383}",0.12241594914127799,0.24370759392486951,0.6338764461035359
114,align side panel holes with front panel dowels,1970-01-01T00:00:02.280Z,1970-01-01T00:00:04.480Z,complete,case114:frames57-112,Kallax_Shelf_Drawer/0028_white_table_04_02_2019_08_20_10_56,2.200,57,112,55,"{""align side panel holes with front panel dowels"":0.3938296334987337,""align leg screw with table thread"":0.1437503895383667,""pick up side panel"":0.019615463997152718}",0.3017026684500954,0.1411018756577753,0.5571954870342531
114,align side panel holes with front panel dowels,1970-01-01T00:00:04.480Z,1970-01-01T00:00:05.880Z,complete,case114:frames112-147,Kallax_Shelf_Drawer/0028_white_table_04_02_2019_08_20_10_56,1.400,112,147,35,"{""align side panel holes with front panel dowels"":0.4725436876927103,""align leg screw with table thread"":0.2951833611620324,""attach drawer side panel"":0.06651757540447371}",0.12482808658054896,0.04092734342712965,0.8342446242592164
114,attach drawer side panel,1970-01-01T00:00:05.880Z,1970-01-01T00:00:06.680Z,complete,case114:frames147-167,Kallax_Shelf_Drawer/0028_white_table_04_02_2019_08_20_10_56,0.800,147,167,20,"{""attach drawer side panel"":0.3149680942296982,""spin leg"":0.05137508301995695,""tighten leg"":0.037239836901426314}",0.5331617176532746,0.06325528566413395,0.40358301415108144
114,align side panel holes with front panel dowels,1970-01-01T00:00:06.680Z,1970-01-01T00:00:08.880Z,complete,case114:frames167-222,Kallax_Shelf_Drawer/0028_white_table_04_02_2019_08_20_10_56,2.200,167,222,55,"{""align side panel holes with front panel dowels"":0.2039770664858886,""pick up side panel"":0.19320019880225034,""pick up leg"":0.06250506007874554}",0.4881505175070329,0.052167203171558194,0.45968232536688447
114,align side panel holes with front panel dowels,1970-01-01T00:00:08.880Z,1970-01-01T00:00:10.480Z,complete,case114:frames222-262,Kallax_Shelf_Drawer/0028_white_table_04_02_2019_08_20_10_56,1.600,222,262,40,"{""align side panel holes with front panel dowels"":0.41080036778002976,""align leg screw with table thread"":0.0725799179635942,""attach drawer side panel"":0.06526176617480814}",0.3728556424379349,0.07850234929371706,0.5486420519184321
114,attach drawer side panel,1970-01-01T00:00:10.480Z,1970-01-01T00:00:11.440Z,complete,case114:frames262-286,Kallax_Shelf_Drawer/0028_white_table_04_02_2019_08_20_10_56,0.960,262,286,24,"{""attach drawer side panel"":0.1805179634441932,""tighten leg"":0.05911340223004421,""spin leg"":0.03270083852112293}",0.6913153380155563,0.03635248432593604,0.27233220419536036
114,pick up bottom panel,1970-01-01T00:00:11.440Z,1970-01-01T00:00:13.720Z,complete,case114:frames286-343,Kallax_Shelf_Drawer/0028_white_table_04_02_2019_08_20_10_56,2.280,286,343,57,"{""pick up bottom panel"":0.27885997721827344,""slide bottom of drawer"":0.04488389938686803,""spin leg"":0.011490269384363242}",0.645459677043714,0.01930621074739106,0.33523414598950474
114,slide bottom of drawer,1970-01-01T00:00:13.720Z,1970-01-01T00:00:19.320Z,complete,case114:frames343-483,Kallax_Shelf_Drawer/0028_white_table_04_02_2019_08_20_10_56,5.600,343,483,140,"{""slide bottom of drawer"":0.43952416757653867,""spin leg"":0.04493374093269397,""other"":0.014486910404437886}",0.45227173864841463,0.048783439769295014,0.49894481891367054
114,pick up leg,1970-01-01T00:00:19.320Z,1970-01-01T00:00:26.280Z,complete,case114:frames483-657,Kallax_Shelf_Drawer/0028_white_table_04_02_2019_08_20_10_56,6.960,483,657,174,"{""pick up leg"":0.1143318422937541,""align leg screw with table thread"":0.11146701690081866,""pick up back panel"":0.10060365447301509}",0.49986313112165737,0.17373437826316682,0.3264025136675879
114,attach drawer back panel,1970-01-01T00:00:26.280Z,1970-01-01T00:00:55.800Z,complete,case114:frames657-1395,Kallax_Shelf_Drawer/0028_white_table_04_02_2019_08_20_10_56,29.520,657,1395,738,"{""attach drawer back panel"":0.5306210566746187,""pick up back panel"":0.06051587906003889,""align leg screw with table thread"":0.05268299179699027}",0.2123774274032775,0.1438026390055743,0.6438199275316479
114,pick up pin,1970-01-01T00:00:55.800Z,1970-01-01T00:00:58.560Z,complete,case114:frames1395-1464,Kallax_Shelf_Drawer/0028_white_table_04_02_2019_08_20_10_56,2.760,1395,1464,69,"{""pick up pin"":0.29168349208877137,""insert drawer pin"":0.20417944412759464,""attach drawer back panel"":0.17624919073305267}",0.2569620437596155,0.07092583885248357,0.6721121269494187
114,insert drawer pin,1970-01-01T00:00:58.560Z,1970-01-01T00:00:59.640Z,complete,case114:frames1464-1491,Kallax_Shelf_Drawer/0028_white_table_04_02_2019_08_20_10_56,1.080,1464,1491,27,"{""insert drawer pin"":0.7833668887615204,""pick up pin"":0.07957506897272887,""spin leg"":0.021832516865321883}",0.06873489033292841,0.04649062475656744,0.884774474599571
114,pick up pin,1970-01-01T00:00:59.640Z,1970-01-01T00:01:01.760Z,complete,case114:frames1491-1544,Kallax_Shelf_Drawer/0028_white_table_04_02_2019_08_20_10_56,2.120,1491,1544,53,"{""pick up pin"":0.2601111870136042,""insert drawer pin"":0.254911278216344,""attach drawer back panel"":0.09938639560538642}",0.33656434461755574,0.04902682999939763,0.6144088608353346
114,attach drawer back panel,1970-01-01T00:01:01.760Z,1970-01-01T00:01:04.800Z,complete,case114:frames1544-1620,Kallax_Shelf_Drawer/0028_white_table_04_02_2019_08_20_10_56,3.040,1544,1620,76,"{""attach drawer back panel"":0.32246727643053563,""insert drawer pin"":0.1283139504345232,""align side panel holes with front panel dowels"":0.028342319722900067}",0.4825983267081411,0.038278138342479305,0.4791235465879589
114,position the drawer right side up,1970-01-01T00:01:04.800Z,1970-01-01T00:01:06.880Z,complete,case114:frames1620-1672,Kallax_Shelf_Drawer/0028_white_table_04_02_2019_08_20_10_56,2.080,1620,1672,52,"{""position the drawer right side up"":0.5497921717424805,""pick up shelf"":0.041942186367053255,""flip table"":0.011431206555034105}",0.37415255491550153,0.022681904167528667,0.6031655646645679
115,align leg screw with table thread,1970-01-01T00:00:03.120Z,1970-01-01T00:00:05.480Z,complete,case115:frames78-137,Kallax_Shelf_Drawer/0039_white_floor_08_04_2019_08_28_10_41,2.360,78,137,59,"{""align leg screw with table thread"":0.13943829412682582,""pick up leg"":0.10415953625056704,""pick up side panel"":0.0005663607419484248}",0.3870481969946522,0.3687876375626104,0.2441641911193413
115,align leg screw with table thread,1970-01-01T00:00:05.680Z,1970-01-01T00:00:06.480Z,complete,case115:frames142-162,Kallax_Shelf_Drawer/0039_white_floor_08_04_2019_08_28_10_41,0.800,142,162,20,"{""align leg screw with table thread"":0.3077475383877754,""spin leg"":0.2932561062276363,""pick up back panel"":2.2225162683753297e-05}",0.11935668289661408,0.2796174433017483,0.6010258697780955
115,align leg screw with table thread,1970-01-01T00:00:06.960Z,1970-01-01T00:00:09.960Z,complete,case115:frames174-249,Kallax_Shelf_Drawer/0039_white_floor_08_04_2019_08_28_10_41,3.000,174,249,75,"{""align leg screw with table thread"":0.30349502980709075,""spin leg"":0.2919561235109965,""pick up front panel"":1.109392018406652e-05}",0.14610648413499197,0.25843121426111487,0.5954622472382713
115,spin leg,1970-01-01T00:00:09.960Z,1970-01-01T00:00:16.320Z,complete,case115:frames249-408,Kallax_Shelf_Drawer/0039_white_floor_08_04_2019_08_28_10_41,6.360,249,408,159,"{""spin leg"":0.2684337742298654,""tighten leg"":0.24481193574860036,""pick up side panel"":0.0006680555715600509}",0.09200763561815586,0.39407859440906146,0.5139137655500258
115,align leg screw with table thread,1970-01-01T00:00:16.320Z,1970-01-01T00:00:19.960Z,complete,case115:frames408-499,Kallax_Shelf_Drawer/0039_white_floor_08_04_2019_08_28_10_41,3.640,408,499,91,"{""align leg screw with table thread"":0.3360530129009551,""spin leg"":0.2916578717611648,""align side panel holes with front panel dowels"":0.0007244647134499686}",0.06752417347097135,0.3040404952503214,0.6284353493755699
115,tighten leg,1970-01-01T00:00:19.960Z,1970-01-01T00:00:21.440Z,complete,case115:frames499-536,Kallax_Shelf_Drawer/0039_white_floor_08_04_2019_08_28_10_41,1.480,499,536,37,"{""tighten leg"":0.44060617685317993,""spin leg"":0.18238506566833806,""attach drawer side panel"":0.0013488363301557664}",0.1015236030357915,0.2741362805205292,0.6243400788516739
115,align leg screw with table thread,1970-01-01T00:00:21.640Z,1970-01-01T00:00:23.280Z,complete,case115:frames541-582,Kallax_Shelf_Drawer/0039_white_floor_08_04_2019_08_28_10_41,1.640,541,582,41,"{""align leg screw with table thread"":0.2039047783104385,""pick up leg"":0.14582921019414577,""pick up side panel"":0.000233504286414955}",0.27201518416404724,0.37801730628662994,0.3499674927909992
115,align leg screw with table thread,1970-01-01T00:00:23.280Z,1970-01-01T00:00:25.680Z,complete,case115:frames582-642,Kallax_Shelf_Drawer/0039_white_floor_08_04_2019_08_28_10_41,2.400,582,642,60,"{""align leg screw with table thread"":0.5703331371148427,""spin leg"":0.21512040918072065,""align side panel holes with front panel dowels"":0.0033590434429546195}",0.0678778313100338,0.14330958208086214,0.7888125897385179
115,align leg screw with table thread,1970-01-01T00:00:25.680Z,1970-01-01T00:00:29.360Z,complete,case115:frames642-734,Kallax_Shelf_Drawer/0039_white_floor_08_04_2019_08_28_10_41,3.680,642,734,92,"{""align leg screw with table thread"":0.338559680658838,""spin leg"":0.33030120623500453,""attach drawer side panel"":0.10721038002014646}",0.06781562369154848,0.15611310341116974,0.7760712669139891
115,spin leg,1970-01-01T00:00:31.720Z,1970-01-01T00:00:36.000Z,complete,case115:frames793-900,Kallax_Shelf_Drawer/0039_white_floor_08_04_2019_08_28_10_41,4.280,793,900,107,"{""spin leg"":0.28889495747111665,""tighten leg"":0.1789447029478082,""pick up bottom panel"":0.00040538674848079117}",0.29030111640970285,0.24145383284573324,0.46824504716740567
115,spin leg,1970-01-01T00:00:36.000Z,1970-01-01T00:00:43.160Z,complete,case115:frames900-1079,Kallax_Shelf_Drawer/0039_white_floor_08_04_2019_08_28_10_41,7.160,900,1079,179,"{""spin leg"":0.7797647736259012,""tighten leg"":0.0721798145404741,""slide bottom of drawer"":0.0010753545263657274}",0.0630818899283862,0.0838981817112237,0.8530199426927411
115,spin leg,1970-01-01T00:00:43.400Z,1970-01-01T00:00:45.680Z,complete,case115:frames1085-1142,Kallax_Shelf_Drawer/0039_white_floor_08_04_2019_08_28_10_41,2.280,1085,1142,57,"{""spin leg"":0.30257101487695126,""pick up leg"":0.14599524882801793,""pick up back panel"":0.0001517216004957159}",0.20599322949062315,0.3452887958440208,0.4487179853054649
115,spin leg,1970-01-01T00:00:45.680Z,1970-01-01T00:00:57.280Z,complete,case115:frames1142-1432,Kallax_Shelf_Drawer/0039_white_floor_08_04_2019_08_28_10_41,11.600,1142,1432,290,"{""spin leg"":0.735453933682935,""tighten leg"":0.11309562118017467,""attach drawer back panel"":0.00106125746046771}",0.0774494424719235,0.07293976323961436,0.8496108123235774
115,spin leg,1970-01-01T00:00:57.280Z,1970-01-01T00:00:58.440Z,complete,case115:frames1432-1461,Kallax_Shelf_Drawer/0039_white_floor_08_04_2019_08_28_10_41,1.160,1432,1461,29,"{""spin leg"":0.5723554656423372,""align leg screw with table thread"":0.12185489874461601,""pick up pin"":0.0001559496236511442}",0.12212074676464343,0.18351289343372082,0.6943663140106043
115,spin leg,1970-01-01T00:00:58.440Z,1970-01-01T00:00:59.400Z,complete,case115:frames1461-1485,Kallax_Shelf_Drawer/0039_white_floor_08_04_2019_08_28_10_41,0.960,1461,1485,24,"{""spin leg"":0.5995596125721931,""tighten leg"":0.07747554313391447,""insert drawer pin"":0.0013407429942162707}",0.15201015335818133,0.1696139444987305,0.6783758987003239
115,spin leg,1970-01-01T00:00:59.400Z,1970-01-01T00:01:01.040Z,complete,case115:frames1485-1526,Kallax_Shelf_Drawer/0039_white_floor_08_04_2019_08_28_10_41,1.640,1485,1526,41,"{""spin leg"":0.45998052707532555,""align leg screw with table thread"":0.17325419296578662,""pick up pin"":0.0002940241233218552}",0.1337149630232555,0.23275627119144754,0.6335287441644339
115,spin leg,1970-01-01T00:01:01.040Z,1970-01-01T00:01:02.440Z,complete,case115:frames1526-1561,Kallax_Shelf_Drawer/0039_white_floor_08_04_2019_08_28_10_41,1.400,1526,1561,35,"{""spin leg"":0.7492639524596078,""align leg screw with table thread"":0.08941007448094232,""insert drawer pin"":0.000753109113013904}",0.07756098157593182,0.08301188201028578,0.8394271360535639
115,pick up shelf,1970-01-01T00:01:02.440Z,1970-01-01T00:01:07.760Z,complete,case115:frames1561-1694,Kallax_Shelf_Drawer/0039_white_floor_08_04_2019_08_28_10_41,5.320,1561,1694,133,"{""pick up shelf"":0.18216594088038332,""pick up leg"":0.09317328264460639,""position the drawer right side up"":0.00014128904477640622}",0.5486795947347817,0.17583990764641427,0.27548051256976613
116,pick up side panel,1970-01-01T00:00:03.000Z,1970-01-01T00:00:04.680Z,complete,case116:frames75-117,Kallax_Shelf_Drawer/0023_black_floor_05_02_2019_08_19_16_20,1.680,75,117,42,"{""pick up side panel"":0.7214327634622654,""align side panel holes with front panel dowels"":0.16393187918168092,""attach drawer side panel"":0.01786493508899141}",0.08293246353665988,0.013837945234057665,0.9032295777329378
116,attach drawer side panel,1970-01-01T00:00:10.240Z,1970-01-01T00:00:17.360Z,complete,case116:frames256-434,Kallax_Shelf_Drawer/0023_black_floor_05_02_2019_08_19_16_20,7.120,256,434,178,"{""attach drawer side panel"":0.5182119036993283,""pick up side panel"":0.23428707293580087,""align side panel holes with front panel dowels"":0.10880510082070748}",0.019038274926081133,0.1196576176524844,0.8613040774558367
116,pick up side panel,1970-01-01T00:00:17.560Z,1970-01-01T00:00:18.800Z,complete,case116:frames439-470,Kallax_Shelf_Drawer/0023_black_floor_05_02_2019_08_19_16_20,1.240,439,470,31,"{""pick up side panel"":0.4247047814630693,""pick up leg"":0.13116020492969022,""attach drawer side panel"":0.03062969335024395}",0.22619733118241833,0.18730795332964675,0.5864946797430034
116,attach drawer side panel,1970-01-01T00:00:29.240Z,1970-01-01T00:00:32.480Z,complete,case116:frames731-812,Kallax_Shelf_Drawer/0023_black_floor_05_02_2019_08_19_16_20,3.240,731,812,81,"{""attach drawer side panel"":0.5813082118093231,""align leg screw with table thread"":0.13578056148540826,""spin leg"":0.1205287864719184}",0.06126783875587546,0.10111458016363271,0.8376175597666499
116,attach drawer side panel,1970-01-01T00:00:33.360Z,1970-01-01T00:00:35.480Z,complete,case116:frames834-887,Kallax_Shelf_Drawer/0023_black_floor_05_02_2019_08_19_16_20,2.120,834,887,53,"{""attach drawer side panel"":0.2387991468290324,""pick up bottom panel"":0.16735630442897947,""pick up leg"":0.08512515825425924}",0.3223582736726077,0.18636114439786763,0.49128060951227115
116,slide bottom of drawer,1970-01-01T00:00:36.480Z,1970-01-01T00:00:54.960Z,complete,case116:frames912-1374,Kallax_Shelf_Drawer/0023_black_floor_05_02_2019_08_19_16_20,18.480,912,1374,462,"{""slide bottom of drawer"":0.9371629052864009,""align side panel holes with front panel dowels"":0.02714387358023152,""attach drawer back panel"":0.016859388801000116}",0.015249142564381615,0.0035846953126177877,0.9811661676676325
116,pick up back panel,1970-01-01T00:00:55.720Z,1970-01-01T00:00:57.520Z,complete,case116:frames1393-1438,Kallax_Shelf_Drawer/0023_black_floor_05_02_2019_08_19_16_20,1.800,1393,1438,45,"{""pick up back panel"":0.7893406656053331,""attach drawer back panel"":0.06100211781449616,""pick up side panel"":0.017586716054938733}",0.10348853203985427,0.028581940450860405,0.867929499474768
116,attach drawer back panel,1970-01-01T00:01:00.080Z,1970-01-01T00:01:11.520Z,complete,case116:frames1502-1788,Kallax_Shelf_Drawer/0023_black_floor_05_02_2019_08_19_16_20,11.440,1502,1788,286,"{""attach drawer back panel"":0.8663536621765657,""align side panel holes with front panel dowels"":0.03328187877501172,""pick up pin"":0.032162135572358315}",0.04136540769384457,0.026836891887660475,0.9317976765239359
116,pick up pin,1970-01-01T00:01:11.520Z,1970-01-01T00:01:13.080Z,complete,case116:frames1788-1827,Kallax_Shelf_Drawer/0023_black_floor_05_02_2019_08_19_16_20,1.560,1788,1827,39,"{""pick up pin"":0.6412245248480198,""insert drawer pin"":0.18116927610184902,""attach drawer back panel"":0.07483793613620293}",0.09221250716692363,0.010555790368775828,0.8972317370860717
116,attach drawer back panel,1970-01-01T00:01:13.080Z,1970-01-01T00:01:15.080Z,complete,case116:frames1827-1877,Kallax_Shelf_Drawer/0023_black_floor_05_02_2019_08_19_16_20,2.000,1827,1877,50,"{""attach drawer back panel"":0.8432868731021881,""insert drawer pin"":0.030284977965056897,""align side panel holes with front panel dowels"":0.018900614082813263}",0.07799246236681938,0.02953506783019634,0.8924724651500583
116,attach drawer back panel,1970-01-01T00:01:15.640Z,1970-01-01T00:01:18.080Z,complete,case116:frames1891-1952,Kallax_Shelf_Drawer/0023_black_floor_05_02_2019_08_19_16_20,2.440,1891,1952,61,"{""attach drawer back panel"":0.688129728530213,""pick up pin"":0.16790932946414763,""insert drawer pin"":0.03182208266292439}",0.09813033215335158,0.014008555830192098,0.887861140657285
116,insert drawer pin,1970-01-01T00:01:18.200Z,1970-01-01T00:01:22.760Z,complete,case116:frames1955-2069,Kallax_Shelf_Drawer/0023_black_floor_05_02_2019_08_19_16_20,4.560,1955,2069,114,"{""insert drawer pin"":0.6630490481069213,""attach drawer back panel"":0.0889926598286828,""pick up pin"":0.02299135689738027}",0.19675722822808384,0.02820976789535114,0.7750330648329844
116,position the drawer right side up,1970-01-01T00:01:22.880Z,1970-01-01T00:01:25.560Z,complete,case116:frames2072-2139,Kallax_Shelf_Drawer/0023_black_floor_05_02_2019_08_19_16_20,2.680,2072,2139,67,"{""position the drawer right side up"":0.4763784828915525,""attach drawer back panel"":0.23763770254245445,""lay down bottom panel"":0.0017241748821323931}",0.1059696300705867,0.17829002649558734,0.7157403603161393
12,flip table top,1970-01-01T00:00:02.640Z,1970-01-01T00:00:07.880Z,complete,case12:frames66-197,Lack_TV_Bench/0029_black_table_04_02_2019_08_20_11_30,5.240,66,197,131,"{""flip table top"":0.3920627798287923,""flip table"":0.28485591554630346,""pick up shelf"":0.025687615650187012}",0.2758375671301179,0.02155613021402899,0.7026063110252827
12,pick up leg,1970-01-01T00:00:07.880Z,1970-01-01T00:00:08.960Z,complete,case12:frames197-224,Lack_TV_Bench/0029_black_table_04_02_2019_08_20_11_30,1.080,197,224,27,"{""pick up leg"":0.5815739529552283,""flip table top"":0.2555767194609399,""align leg screw with table thread"":0.010864610001186116}",0.13895205159982046,0.013032601669880038,0.8480152824173542
12,align leg screw with table thread,1970-01-01T00:00:08.960Z,1970-01-01T00:00:10.960Z,complete,case12:frames224-274,Lack_TV_Bench/0029_black_table_04_02_2019_08_20_11_30,2.000,224,274,50,"{""align leg screw with table thread"":0.7689208555221557,""pick up leg"":0.039447414502501485,""spin leg"":0.027358819842338563}",0.1623408615589142,0.001932134411482336,0.8357270898669957
12,spin leg,1970-01-01T00:00:10.960Z,1970-01-01T00:00:27.520Z,complete,case12:frames274-688,Lack_TV_Bench/0029_black_table_04_02_2019_08_20_11_30,16.560,274,688,414,"{""spin leg"":0.8950541497068705,""align leg screw with table thread"":0.06035480714866505,""pick up leg"":0.0033146097681345642}",0.04083102603177517,0.0004454014354854627,0.9587235666236701
12,pick up leg,1970-01-01T00:00:27.520Z,1970-01-01T00:00:28.840Z,complete,case12:frames688-721,Lack_TV_Bench/0029_black_table_04_02_2019_08_20_11_30,1.320,688,721,33,"{""pick up leg"":0.32798238053466333,""align leg screw with table thread"":0.21084027579336456,""spin leg"":0.09588413775870294}",0.35737932270223444,0.007913921299752352,0.6347067940867308
12,align leg screw with table thread,1970-01-01T00:00:28.840Z,1970-01-01T00:00:31.160Z,complete,case12:frames721-779,Lack_TV_Bench/0029_black_table_04_02_2019_08_20_11_30,2.320,721,779,58,"{""align leg screw with table thread"":0.43428929663937665,""pick up leg"":0.22853448755782227,""spin leg"":0.0790564532166925}",0.25479545829624967,0.003324377131396591,0.7418802374138914
12,spin leg,1970-01-01T00:00:31.160Z,1970-01-01T00:00:48.160Z,complete,case12:frames779-1204,Lack_TV_Bench/0029_black_table_04_02_2019_08_20_11_30,17.000,779,1204,425,"{""spin leg"":0.9335279488563537,""align leg screw with table thread"":0.01617011257830788,""pick up leg"":0.0028687958709676478}",0.046747777199043945,0.0006853574162330514,0.9525668573056293
12,pick up leg,1970-01-01T00:00:50.160Z,1970-01-01T00:00:51.200Z,complete,case12:frames1254-1280,Lack_TV_Bench/0029_black_table_04_02_2019_08_20_11_30,1.040,1254,1280,26,"{""pick up leg"":0.7866243720054626,""align leg screw with table thread"":0.12704768160787913,""spin leg"":0.004435700812162115}",0.08048434440906231,0.0014078560150342792,0.918107754425504
12,align leg screw with table thread,1970-01-01T00:00:51.200Z,1970-01-01T00:00:52.720Z,complete,case12:frames1280-1318,Lack_TV_Bench/0029_black_table_04_02_2019_08_20_11_30,1.520,1280,1318,38,"{""align leg screw with table thread"":0.8725019442407709,""pick up leg"":0.029215465691920958,""spin leg"":0.019439052790403366}",0.07438519822531625,0.004458351766913438,0.9211564627230951
12,spin leg,1970-01-01T00:00:52.720Z,1970-01-01T00:01:08.720Z,complete,case12:frames1318-1718,Lack_TV_Bench/0029_black_table_04_02_2019_08_20_11_30,16.000,1318,1718,400,"{""spin leg"":0.95811080371961,""align leg screw with table thread"":0.02824581286055036,""pick up leg"":0.004510244431658066}",0.008689058772288262,0.0004440826823924625,0.9908668610118184
12,align leg screw with table thread,1970-01-01T00:01:10.280Z,1970-01-01T00:01:12.240Z,complete,case12:frames1757-1806,Lack_TV_Bench/0029_black_table_04_02_2019_08_20_11_30,1.960,1757,1806,49,"{""align leg screw with table thread"":0.8514685493950941,""pick up leg"":0.04532099895331324,""spin leg"":0.023307098940547024}",0.07587398436604714,0.004029434382065254,0.9200966472889544
12,spin leg,1970-01-01T00:01:12.240Z,1970-01-01T00:01:29.760Z,complete,case12:frames1806-2244,Lack_TV_Bench/0029_black_table_04_02_2019_08_20_11_30,17.520,1806,2244,438,"{""spin leg"":0.9751826143700238,""align leg screw with table thread"":0.009768344269487072,""flip table"":0.000825848515978993}",0.013291150799284788,0.0009320505554336182,0.9857768071554899
12,flip table,1970-01-01T00:01:29.760Z,1970-01-01T00:01:39.600Z,complete,case12:frames2244-2490,Lack_TV_Bench/0029_black_table_04_02_2019_08_20_11_30,9.840,2244,2490,246,"{""flip table"":0.8899492068685652,""spin leg"":0.02066128140808271,""align leg screw with table thread"":0.012334915361242661}",0.06312035603119379,0.013934248943913194,0.9229454036378906
12,flip table,1970-01-01T00:01:39.600Z,1970-01-01T00:01:45.720Z,complete,case12:frames2490-2643,Lack_TV_Bench/0029_black_table_04_02_2019_08_20_11_30,6.120,2490,2643,153,"{""flip table"":0.6606288999806043,""pick up shelf"":0.17495948931482297,""other"":0.0003661717061904294}",0.05370864334205786,0.11033679194568292,0.8359545610016177
12,attach shelf to table,1970-01-01T00:01:45.720Z,1970-01-01T00:01:47.720Z,complete,case12:frames2643-2693,Lack_TV_Bench/0029_black_table_04_02_2019_08_20_11_30,2.000,2643,2693,50,"{""attach shelf to table"":0.5749991992115975,""pick up shelf"":0.27801505660638215,""flip table"":0.032363568724831565}",0.1129509686678648,0.0016712127276158086,0.8853778245428112
12,attach shelf to table,1970-01-01T00:01:47.720Z,1970-01-01T00:01:59.160Z,complete,case12:frames2693-2979,Lack_TV_Bench/0029_black_table_04_02_2019_08_20_11_30,11.440,2693,2979,286,"{""attach shelf to table"":0.7986762468944063,""pick up shelf"":0.14851993315673023,""flip table"":0.006200818618396936}",0.04307603341701499,0.0035269719774112564,0.9533969986695335
12,attach shelf to table,1970-01-01T00:01:59.160Z,1970-01-01T00:02:01.320Z,complete,case12:frames2979-3033,Lack_TV_Bench/0029_black_table_04_02_2019_08_20_11_30,2.160,2979,3033,54,"{""attach shelf to table"":0.9019896454281278,""pick up shelf"":0.0019008491028755627,""other"":0.0008300647315519638}",0.09295171533745748,0.0023276964001039953,0.9047205592625553
13,pick up leg,1970-01-01T00:00:02.280Z,1970-01-01T00:00:03.320Z,complete,case13:frames57-83,Lack_TV_Bench/0024_white_table_04_02_2019_08_20_11_15,1.040,57,83,26,"{""pick up leg"":0.14926932963471,""align leg screw with table thread"":0.04811396672112796,""flip table top"":0.04012593439536151}",0.6938618983213718,0.06862890419233078,0.23750923075119945
13,align leg screw with table thread,1970-01-01T00:00:03.680Z,1970-01-01T00:00:05.360Z,complete,case13:frames92-134,Lack_TV_Bench/0024_white_table_04_02_2019_08_20_11_15,1.680,92,134,42,"{""align leg screw with table thread"":0.5048089169320606,""spin leg"":0.24015826696441286,""pick up leg"":0.11830327127661024}",0.12891086510249547,0.007818671392762834,0.8632704551730838
13,spin leg,1970-01-01T00:00:05.360Z,1970-01-01T00:00:20.040Z,complete,case13:frames134-501,Lack_TV_Bench/0024_white_table_04_02_2019_08_20_11_15,14.680,134,501,367,"{""spin leg"":0.9772628303769498,""align leg screw with table thread"":0.009003954921780554,""pick up leg"":0.00605772700319663}",0.0070683650180129,0.0006071360399578527,0.992324512301927
13,align leg screw with table thread,1970-01-01T00:00:20.440Z,1970-01-01T00:00:21.120Z,complete,case13:frames511-528,Lack_TV_Bench/0024_white_table_04_02_2019_08_20_11_15,0.680,511,528,17,"{""align leg screw with table thread"":0.35313862408785257,""spin leg"":0.3478830000933479,""pick up leg"":0.1508050846922047}",0.1398823914282462,0.008290803456762976,0.8518267088734051
13,spin leg,1970-01-01T00:00:21.760Z,1970-01-01T00:00:22.400Z,complete,case13:frames544-560,Lack_TV_Bench/0024_white_table_04_02_2019_08_20_11_15,0.640,544,560,16,"{""spin leg"":0.9088776707649231,""align leg screw with table thread"":0.023774856701493263,""other"":0.0035702986642718315}",0.06069166213274002,0.0030855622894296886,0.9362228261306882
13,spin leg,1970-01-01T00:00:22.400Z,1970-01-01T00:00:34.520Z,complete,case13:frames560-863,Lack_TV_Bench/0024_white_table_04_02_2019_08_20_11_15,12.120,560,863,303,"{""spin leg"":0.9555542301816908,""other"":0.006987689645749996,""align leg screw with table thread"":0.004257983875402523}",0.03119487947055904,0.002005219873384204,0.9667999037028434
13,pick up leg,1970-01-01T00:00:35.120Z,1970-01-01T00:00:36.320Z,complete,case13:frames878-908,Lack_TV_Bench/0024_white_table_04_02_2019_08_20_11_15,1.200,878,908,30,"{""pick up leg"":0.721085770924886,""align leg screw with table thread"":0.041664804331958294,""other"":0.004530664999037981}",0.22329649527867634,0.00942228578701929,0.7672812402558823
13,spin leg,1970-01-01T00:00:37.360Z,1970-01-01T00:00:55.760Z,complete,case13:frames934-1394,Lack_TV_Bench/0024_white_table_04_02_2019_08_20_11_15,18.400,934,1394,460,"{""spin leg"":0.9707896118335749,""align leg screw with table thread"":0.010918508518649185,""other"":0.004410336279998655}",0.011450720708007399,0.0024308010152152685,0.9861184566322228
13,pick up leg,1970-01-01T00:00:56.320Z,1970-01-01T00:00:57.560Z,complete,case13:frames1408-1439,Lack_TV_Bench/0024_white_table_04_02_2019_08_20_11_15,1.240,1408,1439,31,"{""pick up leg"":0.37634796468961623,""spin leg"":0.12500216018769048,""align leg screw with table thread"":0.08560066838418284}",0.363148114373607,0.04990107200215688,0.5869507932614895
13,spin leg,1970-01-01T00:00:58.200Z,1970-01-01T00:00:58.440Z,complete,case13:frames1455-1461,Lack_TV_Bench/0024_white_table_04_02_2019_08_20_11_15,0.240,1455,1461,6,"{""spin leg"":0.7383174896240234,""align leg screw with table thread"":0.17328611637155214,""pick up leg"":0.00356282953483363}",0.08055614680051804,0.0042774653806034735,0.9151664355304092
13,spin leg,1970-01-01T00:00:58.440Z,1970-01-01T00:01:14.440Z,complete,case13:frames1461-1861,Lack_TV_Bench/0024_white_table_04_02_2019_08_20_11_15,16.000,1461,1861,400,"{""spin leg"":0.9726234513148665,""align leg screw with table thread"":0.007408239208161831,""pick up leg"":0.0006838883174350485}",0.01749879670329392,0.0017856518892813125,0.9807155788404633
13,flip table,1970-01-01T00:01:16.040Z,1970-01-01T00:01:20.320Z,complete,case13:frames1901-2008,Lack_TV_Bench/0024_white_table_04_02_2019_08_20_11_15,4.280,1901,2008,107,"{""flip table"":0.9898811417205311,""rotate table"":0.0012196337290597257,""pick up shelf"":0.00019197092533261716}",0.008043853896800603,0.0006634022645957056,0.9912927463749235
13,pick up shelf,1970-01-01T00:01:21.720Z,1970-01-01T00:01:23.800Z,complete,case13:frames2043-2095,Lack_TV_Bench/0024_white_table_04_02_2019_08_20_11_15,2.080,2043,2095,52,"{""pick up shelf"":0.730957611822165,""attach shelf to table"":0.102676176555598,""flip table"":0.014947078925055953}",0.12052565440535545,0.03089345336286879,0.848580867302819
13,attach shelf to table,1970-01-01T00:01:25.440Z,1970-01-01T00:01:31.600Z,complete,case13:frames2136-2290,Lack_TV_Bench/0024_white_table_04_02_2019_08_20_11_15,6.160,2136,2290,154,"{""attach shelf to table"":0.811246022195011,""pick up shelf"":0.0017919700665326862,""flip shelf"":0.0005507421698315408}",0.18484444896896163,0.0015668348050400637,0.8135887344313751
14,attach shelf to table,1970-01-01T00:00:02.360Z,1970-01-01T00:00:03.840Z,complete,case14:frames59-96,Lack_TV_Bench/0014_white_floor_05_02_2019_08_19_12_37,1.480,59,96,37,"{""attach shelf to table"":0.13097011224945654,""pick up shelf"":0.10173251678714075,""pick up leg"":0.040763048631315295}",0.6108555101059578,0.11567878184731045,0.2734656776679126
14,align leg screw with table thread,1970-01-01T00:00:03.840Z,1970-01-01T00:00:05.800Z,complete,case14:frames96-145,Lack_TV_Bench/0014_white_floor_05_02_2019_08_19_12_37,1.960,96,145,49,"{""align leg screw with table thread"":0.34444854750621073,""align side panel holes with front panel dowels"":0.12112435224413758,""spin leg"":0.11542781822535457}",0.22492588113765327,0.19407345487906677,0.5810007179757029
14,spin leg,1970-01-01T00:00:05.800Z,1970-01-01T00:00:14.400Z,complete,case14:frames145-360,Lack_TV_Bench/0014_white_floor_05_02_2019_08_19_12_37,8.600,145,360,215,"{""spin leg"":0.4431365574515143,""pick up shelf"":0.0625972782629867,""attach shelf to table"":0.05531124729056691}",0.35689118060954783,0.08206374154306573,0.561045083005068
14,spin leg,1970-01-01T00:00:14.400Z,1970-01-01T00:00:23.880Z,complete,case14:frames360-597,Lack_TV_Bench/0014_white_floor_05_02_2019_08_19_12_37,9.480,360,597,237,"{""spin leg"":0.13549468323651245,""align leg screw with table thread"":0.10568535442656606,""tighten leg"":0.06088343828932268}",0.466360358183394,0.23157618882418968,0.3020634759524012
14,pick up leg,1970-01-01T00:00:24.000Z,1970-01-01T00:00:24.960Z,complete,case14:frames600-624,Lack_TV_Bench/0014_white_floor_05_02_2019_08_19_12_37,0.960,600,624,24,"{""pick up leg"":0.21320385113358498,""rotate table"":0.20473819971084595,""pick up side panel"":0.12662850258251032}",0.2859714974959691,0.1694579524380704,0.5445705534269413
14,align leg screw with table thread,1970-01-01T00:00:25.200Z,1970-01-01T00:00:26.520Z,complete,case14:frames630-663,Lack_TV_Bench/0014_white_floor_05_02_2019_08_19_12_37,1.320,630,663,33,"{""align leg screw with table thread"":0.5266149838765463,""spin leg"":0.13153246586973016,""attach shelf to table"":0.06078156100755388}",0.131813312570254,0.14925769931558533,0.7189290107538303
14,spin leg,1970-01-01T00:00:26.520Z,1970-01-01T00:00:42.480Z,complete,case14:frames663-1062,Lack_TV_Bench/0014_white_floor_05_02_2019_08_19_12_37,15.960,663,1062,399,"{""spin leg"":0.49176353780099924,""align leg screw with table thread"":0.0665750915002554,""pick up shelf"":0.05070157480521832}",0.19883396769675396,0.1921258275986279,0.609040204106473
14,pick up leg,1970-01-01T00:00:42.880Z,1970-01-01T00:00:44.200Z,complete,case14:frames1072-1105,Lack_TV_Bench/0014_white_floor_05_02_2019_08_19_12_37,1.320,1072,1105,33,"{""pick up leg"":0.46453894449002814,""pick up side panel"":0.11106821671692711,""align leg screw with table thread"":0.027661002495072105}",0.3294536110126611,0.06727824669850646,0.6032681637020273
14,align leg screw with table thread,1970-01-01T00:00:44.880Z,1970-01-01T00:00:46.600Z,complete,case14:frames1122-1165,Lack_TV_Bench/0014_white_floor_05_02_2019_08_19_12_37,1.720,1122,1165,43,"{""align leg screw with table thread"":0.5975754240224528,""spin leg"":0.33213011158067124,""pick up leg"":0.013562374239310969}",0.034993501704965915,0.02173861730594804,0.943267909842435
14,spin leg,1970-01-01T00:00:46.600Z,1970-01-01T00:00:58.600Z,complete,case14:frames1165-1465,Lack_TV_Bench/0014_white_floor_05_02_2019_08_19_12_37,12.000,1165,1465,300,"{""spin leg"":0.6196751519540946,""attach drawer side panel"":0.11771839991367111,""align leg screw with table thread"":0.03730259699746966}",0.13893871574041744,0.08636512656698611,0.7746961488652353
14,pick up leg,1970-01-01T00:00:59.800Z,1970-01-01T00:01:01.120Z,complete,case14:frames1495-1528,Lack_TV_Bench/0014_white_floor_05_02_2019_08_19_12_37,1.320,1495,1528,33,"{""pick up leg"":0.5211026162812205,""align leg screw with table thread"":0.10751710561188785,""spin leg"":0.02524389380194021}",0.32401919184309064,0.022117230052243905,0.6538636156950486
14,spin leg,1970-01-01T00:01:01.640Z,1970-01-01T00:01:03.600Z,complete,case14:frames1541-1590,Lack_TV_Bench/0014_white_floor_05_02_2019_08_19_12_37,1.960,1541,1590,49,"{""spin leg"":0.2921841869852981,""align leg screw with table thread"":0.2107520185563029,""pick up side panel"":0.09863408675835449}",0.22755828514999274,0.1708714029115343,0.6015702922999555
14,spin leg,1970-01-01T00:01:03.600Z,1970-01-01T00:01:19.440Z,complete,case14:frames1590-1986,Lack_TV_Bench/0014_white_floor_05_02_2019_08_19_12_37,15.840,1590,1986,396,"{""spin leg"":0.659154429890667,""pick up side panel"":0.04333825246195751,""align leg screw with table thread"":0.03695421570893189}",0.1285302671556822,0.1320228413009641,0.7394468980615564
14,flip table,1970-01-01T00:01:19.440Z,1970-01-01T00:01:23.680Z,complete,case14:frames1986-2092,Lack_TV_Bench/0014_white_floor_05_02_2019_08_19_12_37,4.240,1986,2092,106,"{""flip table"":0.5626817317503803,""pick up shelf"":0.1079916553396099,""pick up leg"":0.05124080123353468}",0.17716563064253554,0.10092019124130693,0.7219141883235248
14,attach shelf to table,1970-01-01T00:01:24.600Z,1970-01-01T00:01:27.120Z,complete,case14:frames2115-2178,Lack_TV_Bench/0014_white_floor_05_02_2019_08_19_12_37,2.520,2115,2178,63,"{""attach shelf to table"":0.2532991494924303,""pick up shelf"":0.09145615445006461,""flip table"":0.014121988159973942}",0.6057916908037095,0.035331017528459054,0.3588772921024689
14,attach shelf to table,1970-01-01T00:01:27.120Z,1970-01-01T00:01:33.840Z,complete,case14:frames2178-2346,Lack_TV_Bench/0014_white_floor_05_02_2019_08_19_12_37,6.720,2178,2346,168,"{""attach shelf to table"":0.4112717398841466,""flip table"":0.025305845307662993,""pick up shelf"":0.015723764890849236}",0.5254266184000742,0.02227199942936536,0.45230135008265887
15,pick up leg,1970-01-01T00:00:02.800Z,1970-01-01T00:00:03.480Z,complete,case15:frames70-87,Lack_TV_Bench/0007_white_floor_08_04_2019_08_28_10_47,0.680,70,87,17,"{""pick up leg"":0.35772280833300424,""align leg screw with table thread"":0.3307269548668581,""spin leg"":0.04267473935204394}",0.22875172601026647,0.04012378367699778,0.7311245025519062
15,align leg screw with table thread,1970-01-01T00:00:03.480Z,1970-01-01T00:00:04.800Z,complete,case15:frames87-120,Lack_TV_Bench/0007_white_floor_08_04_2019_08_28_10_47,1.320,87,120,33,"{""align leg screw with table thread"":0.6279868257768226,""spin leg"":0.09869592930331375,""pick up leg"":0.06449799194480434}",0.16955543828733038,0.03926384336800695,0.7911807470249407
15,spin leg,1970-01-01T00:00:04.800Z,1970-01-01T00:00:14.400Z,complete,case15:frames120-360,Lack_TV_Bench/0007_white_floor_08_04_2019_08_28_10_47,9.600,120,360,240,"{""spin leg"":0.9458957448601722,""align leg screw with table thread"":0.026591715402901173,""tighten leg"":0.0026051911253792545}",0.02056033454524974,0.004347018461692003,0.9750926513884527
15,align leg screw with table thread,1970-01-01T00:00:15.200Z,1970-01-01T00:00:17.080Z,complete,case15:frames380-427,Lack_TV_Bench/0007_white_floor_08_04_2019_08_28_10_47,1.880,380,427,47,"{""align leg screw with table thread"":0.22035017768119244,""spin leg"":0.18487392524455457,""tighten leg"":0.023454764025642515}",0.36288847663301105,0.20843268817428695,0.4286788669513895
15,pick up leg,1970-01-01T00:00:17.720Z,1970-01-01T00:00:18.440Z,complete,case15:frames443-461,Lack_TV_Bench/0007_white_floor_08_04_2019_08_28_10_47,0.720,443,461,18,"{""pick up leg"":0.4780944817596012,""align leg screw with table thread"":0.14035820526381335,""spin leg"":0.010481152580016188}",0.3544790628883574,0.01658707583663322,0.6289338396034306
15,tighten leg,1970-01-01T00:00:18.440Z,1970-01-01T00:00:20.640Z,complete,case15:frames461-516,Lack_TV_Bench/0007_white_floor_08_04_2019_08_28_10_47,2.200,461,516,55,"{""tighten leg"":0.24425105628007177,""align leg screw with table thread"":0.1397713287310167,""pick up leg"":0.13208199739456178}",0.3557278833606026,0.1281677895083001,0.5161043824056502
15,align leg screw with table thread,1970-01-01T00:00:20.640Z,1970-01-01T00:00:21.320Z,complete,case15:frames516-533,Lack_TV_Bench/0007_white_floor_08_04_2019_08_28_10_47,0.680,516,533,17,"{""align leg screw with table thread"":0.399740350597045,""pick up leg"":0.12151699031100553,""tighten leg"":0.04494712783900254}",0.3117596103864558,0.12203593855577524,0.5662044687470531
15,spin leg,1970-01-01T00:00:21.320Z,1970-01-01T00:00:33.080Z,complete,case15:frames533-827,Lack_TV_Bench/0007_white_floor_08_04_2019_08_28_10_47,11.760,533,827,294,"{""spin leg"":0.7635462739485868,""align leg screw with table thread"":0.04641939694581389,""tighten leg"":0.024908714897639187}",0.14035797869267108,0.02476765371079869,0.8348743857920399
15,spin leg,1970-01-01T00:00:33.080Z,1970-01-01T00:00:34.120Z,complete,case15:frames827-853,Lack_TV_Bench/0007_white_floor_08_04_2019_08_28_10_47,1.040,827,853,26,"{""spin leg"":0.45208637036669713,""tighten leg"":0.1815136270597577,""push table"":2.3127292829135862e-05}",0.20186075224326208,0.16451613488482703,0.633623124719284
15,pick up leg,1970-01-01T00:00:34.600Z,1970-01-01T00:00:35.600Z,complete,case15:frames865-890,Lack_TV_Bench/0007_white_floor_08_04_2019_08_28_10_47,1.000,865,890,25,"{""pick up leg"":0.27897690534591674,""align leg screw with table thread"":0.2374346971511841,""pick up shelf"":0.06279039196670055}",0.3368297636508942,0.08396825210556927,0.5792019944638014
15,align leg screw with table thread,1970-01-01T00:00:35.600Z,1970-01-01T00:00:37.120Z,complete,case15:frames890-928,Lack_TV_Bench/0007_white_floor_08_04_2019_08_28_10_47,1.520,890,928,38,"{""align leg screw with table thread"":0.8694695563692796,""pick up leg"":0.04564875731930921,""spin leg"":0.0065653897870920205}",0.07228849357680271,0.0060278144053879275,0.9216837034756807
15,spin leg,1970-01-01T00:00:37.120Z,1970-01-01T00:00:44.920Z,complete,case15:frames928-1123,Lack_TV_Bench/0007_white_floor_08_04_2019_08_28_10_47,7.800,928,1123,195,"{""spin leg"":0.9216621279716491,""align leg screw with table thread"":0.06988809700959768,""pick up leg"":0.0008137140834990602}",0.006241422022382418,0.0013946713783339578,0.9923639390647458
15,align leg screw with table thread,1970-01-01T00:00:45.400Z,1970-01-01T00:00:46.400Z,complete,case15:frames1135-1160,Lack_TV_Bench/0007_white_floor_08_04_2019_08_28_10_47,1.000,1135,1160,25,"{""align leg screw with table thread"":0.44721322298049926,""tighten leg"":0.14269789978861808,""spin leg"":0.06397308111190796}",0.2671316629648209,0.07898414979911421,0.6538842038810253
15,pick up leg,1970-01-01T00:00:46.840Z,1970-01-01T00:00:47.800Z,complete,case15:frames1171-1195,Lack_TV_Bench/0007_white_floor_08_04_2019_08_28_10_47,0.960,1171,1195,24,"{""pick up leg"":0.5221823081374168,""align leg screw with table thread"":0.2697499670709173,""pick up shelf"":0.03710082509011651}",0.12452668479333322,0.04644020705130103,0.8290331002984507
15,align leg screw with table thread,1970-01-01T00:00:47.800Z,1970-01-01T00:00:48.920Z,complete,case15:frames1195-1223,Lack_TV_Bench/0007_white_floor_08_04_2019_08_28_10_47,1.120,1195,1223,28,"{""align leg screw with table thread"":0.8952809710587774,""pick up leg"":0.08424649660342506,""spin leg"":0.005961379817953067}",0.01319121549438153,0.0013198902304724885,0.9854888474801555
15,spin leg,1970-01-01T00:00:48.920Z,1970-01-01T00:00:59.360Z,complete,case15:frames1223-1484,Lack_TV_Bench/0007_white_floor_08_04_2019_08_28_10_47,10.440,1223,1484,261,"{""spin leg"":0.9184370867308529,""align leg screw with table thread"":0.07006400041424908,""tighten leg"":0.0047868222428193155}",0.005631502332358524,0.0010805888919567536,0.9932879093879213
15,tighten leg,1970-01-01T00:01:00.000Z,1970-01-01T00:01:01.120Z,complete,case15:frames1500-1528,Lack_TV_Bench/0007_white_floor_08_04_2019_08_28_10_47,1.120,1500,1528,28,"{""tighten leg"":0.8868138534682137,""align leg screw with table thread"":0.03288745214896543,""spin leg"":0.024100880537714277}",0.02942280364888055,0.02677504702057019,0.9438021861548934
15,flip table,1970-01-01T00:01:03.760Z,1970-01-01T00:01:07.720Z,complete,case15:frames1594-1693,Lack_TV_Bench/0007_white_floor_08_04_2019_08_28_10_47,3.960,1594,1693,99,"{""flip table"":0.5672684700200052,""align leg screw with table thread"":0.1600871808601148,""spin leg"":0.07566087926277007}",0.08379626838546811,0.1131871905153783,0.8030165301428901
15,pick up shelf,1970-01-01T00:01:08.960Z,1970-01-01T00:01:11.240Z,complete,case15:frames1724-1781,Lack_TV_Bench/0007_white_floor_08_04_2019_08_28_10_47,2.280,1724,1781,57,"{""pick up shelf"":0.3242541073184264,""attach shelf to table"":0.17830532524947143,""align leg screw with table thread"":0.13295662742957734}",0.14490637679894766,0.2195775877636349,0.6355160599974752
15,spin leg,1970-01-01T00:01:12.400Z,1970-01-01T00:01:20.040Z,complete,case15:frames1810-2001,Lack_TV_Bench/0007_white_floor_08_04_2019_08_28_10_47,7.640,1810,2001,191,"{""spin leg"":0.5190386207315935,""align leg screw with table thread"":0.1329182011918872,""attach shelf to table"":0.10389053724043032}",0.14881571940102503,0.09533693927929741,0.7558473591639109
16,flip table top,1970-01-01T00:00:02.600Z,1970-01-01T00:00:06.000Z,complete,case16:frames65-150,Lack_TV_Bench/0030_white_table_04_02_2019_08_20_12_08,3.400,65,150,85,"{""flip table top"":0.9137666933676776,""flip table"":0.031080579244692617,""pick up leg"":0.020431918353664084}",0.02677190003587919,0.007948879660325045,0.9652791909660343
16,flip table top,1970-01-01T00:00:06.000Z,1970-01-01T00:00:07.920Z,complete,case16:frames150-198,Lack_TV_Bench/0030_white_table_04_02_2019_08_20_12_08,1.920,150,198,48,"{""flip table top"":0.49029284002851153,""pick up leg"":0.2754892582427904,""align leg screw with table thread"":0.12310579484528716}",0.10549633398962517,0.005615818943028277,0.8888878931165891
16,spin leg,1970-01-01T00:00:07.920Z,1970-01-01T00:00:20.040Z,complete,case16:frames198-501,Lack_TV_Bench/0030_white_table_04_02_2019_08_20_12_08,12.120,198,501,303,"{""spin leg"":0.902353845601256,""align leg screw with table thread"":0.08441811655847842,""pick up leg"":0.0013840119497544707}",0.011125636794189415,0.0007183970353746792,0.9881559741094889
16,spin leg,1970-01-01T00:00:20.040Z,1970-01-01T00:00:24.680Z,complete,case16:frames501-617,Lack_TV_Bench/0030_white_table_04_02_2019_08_20_12_08,4.640,501,617,116,"{""spin leg"":0.3587035154120932,""tighten leg"":0.2782299536729938,""rotate table"":0.1461505585045008}",0.19076878371937522,0.026147153893893715,0.7830840275895877
16,align leg screw with table thread,1970-01-01T00:00:27.440Z,1970-01-01T00:00:30.960Z,complete,case16:frames686-774,Lack_TV_Bench/0030_white_table_04_02_2019_08_20_12_08,3.520,686,774,88,"{""align leg screw with table thread"":0.44183384512805124,""pick up leg"":0.24567934091795574,""spin leg"":0.09176132851280272}",0.1813719177787954,0.03935353557619434,0.7792745145588097
16,spin leg,1970-01-01T00:00:30.960Z,1970-01-01T00:00:41.360Z,complete,case16:frames774-1034,Lack_TV_Bench/0030_white_table_04_02_2019_08_20_12_08,10.400,774,1034,260,"{""spin leg"":0.9085623706476047,""align leg screw with table thread"":0.06706934994480644,""pick up leg"":0.009169831979670562}",0.013779264312380782,0.0014191780379726206,0.9848015525720817
16,spin leg,1970-01-01T00:00:50.760Z,1970-01-01T00:01:04.800Z,complete,case16:frames1269-1620,Lack_TV_Bench/0030_white_table_04_02_2019_08_20_12_08,14.040,1269,1620,351,"{""spin leg"":0.8888765166001527,""align leg screw with table thread"":0.09839994346516,""pick up leg"":0.004017895047716728}",0.00708437581782752,0.0016212687749630255,0.9912943551130294
16,spin leg,1970-01-01T00:01:10.680Z,1970-01-01T00:01:25.560Z,complete,case16:frames1767-2139,Lack_TV_Bench/0030_white_table_04_02_2019_08_20_12_08,14.880,1767,2139,372,"{""spin leg"":0.9700775351575626,""align leg screw with table thread"":0.01609707131396018,""flip table"":0.001773292097842846}",0.00947993882773419,0.002572170573703361,0.9879478985693656
16,flip table,1970-01-01T00:01:27.320Z,1970-01-01T00:01:32.240Z,complete,case16:frames2183-2306,Lack_TV_Bench/0030_white_table_04_02_2019_08_20_12_08,4.920,2183,2306,123,"{""flip table"":0.8593131490960354,""pick up shelf"":0.043790869700639105,""attach shelf to table"":0.013439497755293482}",0.07159873310096063,0.011857721525257749,0.916543516551968
16,pick up shelf,1970-01-01T00:01:32.240Z,1970-01-01T00:01:34.560Z,complete,case16:frames2306-2364,Lack_TV_Bench/0030_white_table_04_02_2019_08_20_12_08,2.320,2306,2364,58,"{""pick up shelf"":0.5998851256123905,""attach shelf to table"":0.19212696508600793,""other"":0.018208822869727838}",0.14501682675347247,0.044762241240697276,0.8102209135681262
16,attach shelf to table,1970-01-01T00:01:34.560Z,1970-01-01T00:01:44.400Z,complete,case16:frames2364-2610,Lack_TV_Bench/0030_white_table_04_02_2019_08_20_12_08,9.840,2364,2610,246,"{""attach shelf to table"":0.8022408306114073,""pick up shelf"":0.030148074890267315,""flip table"":0.007469468261683133}",0.14741182878492323,0.012729777276087048,0.8398583737633577
17,spin leg,1970-01-01T00:00:00.000Z,1970-01-01T00:00:05.920Z,complete,case17:frames0-148,Lack_TV_Bench/0021_white_floor_05_02_2019_08_19_13_08,5.920,0,148,148,"{""spin leg"":0.13933168704042564,""pick up leg"":0.08815289107528892,""other"":0.028897408800312895}",0.3746900759838723,0.3689279242600876,0.2563819869160275
17,rotate table,1970-01-01T00:00:05.920Z,1970-01-01T00:00:07.320Z,complete,case17:frames148-183,Lack_TV_Bench/0021_white_floor_05_02_2019_08_19_13_08,1.400,148,183,35,"{""rotate table"":0.4146477313446147,""align leg screw with table thread"":0.16843653491565158,""pick up leg"":0.09408017258558954}",0.09291595625025885,0.22991961433631,0.6771644388458558
17,align leg screw with table thread,1970-01-01T00:00:07.320Z,1970-01-01T00:00:10.520Z,complete,case17:frames183-263,Lack_TV_Bench/0021_white_floor_05_02_2019_08_19_13_08,3.200,183,263,80,"{""align leg screw with table thread"":0.7669256251305342,""spin leg"":0.1326166693121195,""flip table"":0.027533124666661024}",0.023234530119225383,0.04969005166179627,0.9270754191093147
17,spin leg,1970-01-01T00:00:10.520Z,1970-01-01T00:00:22.520Z,complete,case17:frames263-563,Lack_TV_Bench/0021_white_floor_05_02_2019_08_19_13_08,12.000,263,563,300,"{""spin leg"":0.9265241826325655,""align leg screw with table thread"":0.043656792923187214,""tighten leg"":0.01838730727011959}",0.006415112763643265,0.0050165970150459335,0.9885682828258724
17,tighten leg,1970-01-01T00:00:22.520Z,1970-01-01T00:00:26.840Z,complete,case17:frames563-671,Lack_TV_Bench/0021_white_floor_05_02_2019_08_19_13_08,4.320,563,671,108,"{""tighten leg"":0.4069807639829782,""rotate table"":0.22021227930155066,""pick up leg"":0.04858610956257002}",0.07419770354991434,0.25002318782846966,0.6757791528470989
17,rotate table,1970-01-01T00:00:26.840Z,1970-01-01T00:00:28.920Z,complete,case17:frames671-723,Lack_TV_Bench/0021_white_floor_05_02_2019_08_19_13_08,2.080,671,723,52,"{""rotate table"":0.3582097762443412,""align leg screw with table thread"":0.23527110060856032,""spin leg"":0.20462223924606895}",0.05891894679874755,0.1429779573106005,0.7981031160989704
17,spin leg,1970-01-01T00:00:28.920Z,1970-01-01T00:00:44.480Z,complete,case17:frames723-1112,Lack_TV_Bench/0021_white_floor_05_02_2019_08_19_13_08,15.560,723,1112,389,"{""spin leg"":0.519523565281556,""align leg screw with table thread"":0.32232905108395454,""tighten leg"":0.07350949729029041}",0.026166993013767473,0.05847091945461892,0.9153621136558009
17,rotate table,1970-01-01T00:00:44.480Z,1970-01-01T00:00:45.080Z,complete,case17:frames1112-1127,Lack_TV_Bench/0021_white_floor_05_02_2019_08_19_13_08,0.600,1112,1127,15,"{""rotate table"":0.8970038135846455,""spin leg"":0.025063960750897726,""push table"":0.00019701829878613353}",0.02850373461842537,0.04923144654161766,0.9222647926343294
17,pick up leg,1970-01-01T00:00:45.080Z,1970-01-01T00:00:47.880Z,complete,case17:frames1127-1197,Lack_TV_Bench/0021_white_floor_05_02_2019_08_19_13_08,2.800,1127,1197,70,"{""pick up leg"":0.21257386819592544,""attach shelf to table"":0.19213160013979566,""rotate table"":0.13578416710453375}",0.08524671574788434,0.37426364267388956,0.5404896354402549
17,align leg screw with table thread,1970-01-01T00:00:47.880Z,1970-01-01T00:00:50.560Z,complete,case17:frames1197-1264,Lack_TV_Bench/0021_white_floor_05_02_2019_08_19_13_08,2.680,1197,1264,67,"{""align leg screw with table thread"":0.6756522971302715,""spin leg"":0.17443000415423468,""flip table"":0.06446725130081177}",0.026323083176541685,0.05912733869362776,0.914549552585318
17,spin leg,1970-01-01T00:00:50.560Z,1970-01-01T00:01:03.280Z,complete,case17:frames1264-1582,Lack_TV_Bench/0021_white_floor_05_02_2019_08_19_13_08,12.720,1264,1582,318,"{""spin leg"":0.8688368281853274,""align leg screw with table thread"":0.07055660027940318,""tighten leg"":0.02100894019980007}",0.013930563469352963,0.02566705291033101,0.9604023686645305
17,spin leg,1970-01-01T00:01:03.280Z,1970-01-01T00:01:06.560Z,complete,case17:frames1582-1664,Lack_TV_Bench/0021_white_floor_05_02_2019_08_19_13_08,3.280,1582,1664,82,"{""spin leg"":0.673534738581355,""align leg screw with table thread"":0.08648516237735748,""tighten leg"":0.04661021944953174}",0.09188510477542877,0.10148477143854408,0.8066301204082442
17,align leg screw with table thread,1970-01-01T00:01:06.560Z,1970-01-01T00:01:09.080Z,complete,case17:frames1664-1727,Lack_TV_Bench/0021_white_floor_05_02_2019_08_19_13_08,2.520,1664,1727,63,"{""align leg screw with table thread"":0.5052593823463197,""pick up leg"":0.1768828242544144,""spin leg"":0.13694309531932786}",0.13775601202533358,0.04315867051316977,0.8190853019200619
17,align leg screw with table thread,1970-01-01T00:01:09.080Z,1970-01-01T00:01:11.280Z,complete,case17:frames1727-1782,Lack_TV_Bench/0021_white_floor_05_02_2019_08_19_13_08,2.200,1727,1782,55,"{""align leg screw with table thread"":0.3372771647843448,""spin leg"":0.31184949759732594,""tighten leg"":0.11240560911934484}",0.09044853855263103,0.14801919086175572,0.7615322715010155
17,spin leg,1970-01-01T00:01:11.280Z,1970-01-01T00:01:23.440Z,complete,case17:frames1782-2086,Lack_TV_Bench/0021_white_floor_05_02_2019_08_19_13_08,12.160,1782,2086,304,"{""spin leg"":0.4921058918300428,""align leg screw with table thread"":0.20028161958448196,""tighten leg"":0.1331769848536504}",0.09400405842614801,0.0804314478322864,0.8255644962681751
17,spin leg,1970-01-01T00:01:23.440Z,1970-01-01T00:01:28.640Z,complete,case17:frames2086-2216,Lack_TV_Bench/0021_white_floor_05_02_2019_08_19_13_08,5.200,2086,2216,130,"{""spin leg"":0.3923418035874,""align leg screw with table thread"":0.13561966637006173,""tighten leg"":0.09316104627572573}",0.21215061705846053,0.16672685153007302,0.6211225162331875
17,flip table,1970-01-01T00:01:28.640Z,1970-01-01T00:01:37.520Z,complete,case17:frames2216-2438,Lack_TV_Bench/0021_white_floor_05_02_2019_08_19_13_08,8.880,2216,2438,222,"{""flip table"":0.42151738998589217,""rotate table"":0.166051689252207,""pick up shelf"":0.08574365007770793}",0.11208597366773598,0.21460129405928496,0.6733127293158071
17,attach shelf to table,1970-01-01T00:01:37.520Z,1970-01-01T00:01:42.720Z,complete,case17:frames2438-2568,Lack_TV_Bench/0021_white_floor_05_02_2019_08_19_13_08,5.200,2438,2568,130,"{""attach shelf to table"":0.35564484882813235,""pick up shelf"":0.2887626302930025,""flip table"":0.0931149654663526}",0.18348596898409036,0.07899156605811276,0.7375224445874874
17,attach shelf to table,1970-01-01T00:01:42.720Z,1970-01-01T00:01:54.000Z,complete,case17:frames2568-2850,Lack_TV_Bench/0021_white_floor_05_02_2019_08_19_13_08,11.280,2568,2850,282,"{""attach shelf to table"":0.7947395245234171,""pick up shelf"":0.07940587629225594,""tighten leg"":0.02982754106732442}",0.06171861269795303,0.03430844626272423,0.9039729418829975
17,attach shelf to table,1970-01-01T00:01:54.000Z,1970-01-01T00:01:56.360Z,complete,case17:frames2850-2909,Lack_TV_Bench/0021_white_floor_05_02_2019_08_19_13_08,2.360,2850,2909,59,"{""attach shelf to table"":0.4855512112884198,""pick up shelf"":0.007176767308580674,""other"":0.0015156098791413893}",0.4852505894535679,0.020505805728772683,0.4942435884761419
18,pick up shelf,1970-01-01T00:00:03.640Z,1970-01-01T00:00:06.040Z,complete,case18:frames91-151,Lack_TV_Bench/0039_white_floor_08_04_2019_08_28_10_38,2.400,91,151,60,"{""pick up shelf"":0.22314764096712073,""align leg screw with table thread"":0.15039299136648576,""flip table top"":0.0022181768688218045}",0.23726335565249126,0.3869778307057346,0.37575880920242827
18,tighten leg,1970-01-01T00:00:06.400Z,1970-01-01T00:00:07.520Z,complete,case18:frames160-188,Lack_TV_Bench/0039_white_floor_08_04_2019_08_28_10_38,1.120,160,188,28,"{""tighten leg"":0.2801521183656795,""pick up leg"":0.25822740367480684,""align leg screw with table thread"":0.12484819548470634}",0.1706933911357607,0.16607885825338348,0.6632277175251927
18,align leg screw with table thread,1970-01-01T00:00:08.440Z,1970-01-01T00:00:09.320Z,complete,case18:frames211-233,Lack_TV_Bench/0039_white_floor_08_04_2019_08_28_10_38,0.880,211,233,22,"{""align leg screw with table thread"":0.2804639928720214,""tighten leg"":0.20551136271520096,""spin leg"":0.15914771976796063}",0.14375690540129488,0.21111997885580797,0.645123075355183
18,spin leg,1970-01-01T00:00:09.320Z,1970-01-01T00:00:18.440Z,complete,case18:frames233-461,Lack_TV_Bench/0039_white_floor_08_04_2019_08_28_10_38,9.120,233,461,228,"{""spin leg"":0.5037317672711715,""tighten leg"":0.18261556484197317,""align leg screw with table thread"":0.10146574127046686}",0.11156200986813035,0.1006249104774148,0.7878130733836115
18,spin leg,1970-01-01T00:00:18.440Z,1970-01-01T00:00:20.680Z,complete,case18:frames461-517,Lack_TV_Bench/0039_white_floor_08_04_2019_08_28_10_38,2.240,461,517,56,"{""spin leg"":0.30819585773029495,""tighten leg"":0.243906865428601,""align leg screw with table thread"":0.0929351621972663}",0.19308292546442576,0.16187918082843164,0.6450378853561622
18,pick up leg,1970-01-01T00:00:21.040Z,1970-01-01T00:00:21.880Z,complete,case18:frames526-547,Lack_TV_Bench/0039_white_floor_08_04_2019_08_28_10_38,0.840,526,547,21,"{""pick up leg"":0.27382897763025194,""pick up shelf"":0.1690197473924075,""tighten leg"":0.103145563110177}",0.21113376248450505,0.2428719528167156,0.5459942881328365
18,tighten leg,1970-01-01T00:00:23.360Z,1970-01-01T00:00:24.040Z,complete,case18:frames584-601,Lack_TV_Bench/0039_white_floor_08_04_2019_08_28_10_38,0.680,584,601,17,"{""tighten leg"":0.36761739148813133,""spin leg"":0.24647921323776245,""align leg screw with table thread"":0.21072759347803452}",0.06097476447329802,0.11420102719127016,0.8248241982039283
18,tighten leg,1970-01-01T00:00:24.040Z,1970-01-01T00:00:34.440Z,complete,case18:frames601-861,Lack_TV_Bench/0039_white_floor_08_04_2019_08_28_10_38,10.400,601,861,260,"{""tighten leg"":0.35742100259432424,""spin leg"":0.3156975681965168,""align leg screw with table thread"":0.12220152395849045}",0.089469583475819,0.11521033301935929,0.7953200947493315
18,spin leg,1970-01-01T00:00:34.440Z,1970-01-01T00:00:38.680Z,complete,case18:frames861-967,Lack_TV_Bench/0039_white_floor_08_04_2019_08_28_10_38,4.240,861,967,106,"{""spin leg"":0.3097254542528458,""tighten leg"":0.2591304287033261,""align leg screw with table thread"":0.20589916878994904}",0.12871168096953967,0.09653328364992432,0.7747550517461209
18,pick up leg,1970-01-01T00:00:39.160Z,1970-01-01T00:00:40.000Z,complete,case18:frames979-1000,Lack_TV_Bench/0039_white_floor_08_04_2019_08_28_10_38,0.840,979,1000,21,"{""pick up leg"":0.38635747063727605,""pick up shelf"":0.19267280027270317,""align leg screw with table thread"":0.12809842044398898}",0.19999280713853382,0.09287854716701202,0.7071286913539683
18,spin leg,1970-01-01T00:00:41.000Z,1970-01-01T00:00:41.600Z,complete,case18:frames1025-1040,Lack_TV_Bench/0039_white_floor_08_04_2019_08_28_10_38,0.600,1025,1040,15,"{""spin leg"":0.43013596534729004,""align leg screw with table thread"":0.411953866481781,""tighten leg"":0.11280134320259094}",0.02153666503727436,0.02357217663274014,0.954891175031662
18,spin leg,1970-01-01T00:00:41.600Z,1970-01-01T00:00:51.600Z,complete,case18:frames1040-1290,Lack_TV_Bench/0039_white_floor_08_04_2019_08_28_10_38,10.000,1040,1290,250,"{""spin leg"":0.7436759626865387,""align leg screw with table thread"":0.12169907879829407,""tighten leg"":0.04847704517841339}",0.04818792551755905,0.03795998630346367,0.9138520866632462
18,spin leg,1970-01-01T00:00:51.600Z,1970-01-01T00:00:53.760Z,complete,case18:frames1290-1344,Lack_TV_Bench/0039_white_floor_08_04_2019_08_28_10_38,2.160,1290,1344,54,"{""spin leg"":0.20469305802274634,""align leg screw with table thread"":0.19501496685875785,""tighten leg"":0.1635161996991546}",0.2200379413035181,0.21673784023687404,0.5632242245806588
18,pick up leg,1970-01-01T00:00:53.840Z,1970-01-01T00:00:54.360Z,complete,case18:frames1346-1359,Lack_TV_Bench/0039_white_floor_08_04_2019_08_28_10_38,0.520,1346,1359,13,"{""pick up leg"":0.7135582566261292,""align leg screw with table thread"":0.056398484855890274,""spin leg"":0.014556389302015305}",0.1537477970123291,0.06173896649306698,0.7845131307840347
18,align leg screw with table thread,1970-01-01T00:00:54.800Z,1970-01-01T00:00:56.200Z,complete,case18:frames1370-1405,Lack_TV_Bench/0039_white_floor_08_04_2019_08_28_10_38,1.400,1370,1405,35,"{""align leg screw with table thread"":0.3430885570389884,""spin leg"":0.2179363184741565,""tighten leg"":0.14036155638418027}",0.09122757060187203,0.20738604244868702,0.7013864318973251
18,spin leg,1970-01-01T00:00:56.200Z,1970-01-01T00:01:06.560Z,complete,case18:frames1405-1664,Lack_TV_Bench/0039_white_floor_08_04_2019_08_28_10_38,10.360,1405,1664,259,"{""spin leg"":0.32349671314121675,""tighten leg"":0.28137629102325806,""align leg screw with table thread"":0.17398955232848531}",0.11811878506281201,0.10301866770478979,0.7788625564929601
18,spin leg,1970-01-01T00:01:06.560Z,1970-01-01T00:01:08.920Z,complete,case18:frames1664-1723,Lack_TV_Bench/0039_white_floor_08_04_2019_08_28_10_38,2.360,1664,1723,59,"{""spin leg"":0.3228927512290114,""tighten leg"":0.2607963655964803,""align leg screw with table thread"":0.17201853631916691}",0.11514808641651929,0.1291442713850841,0.7557076531446585
18,pick up shelf,1970-01-01T00:01:09.840Z,1970-01-01T00:01:14.160Z,complete,case18:frames1746-1854,Lack_TV_Bench/0039_white_floor_08_04_2019_08_28_10_38,4.320,1746,1854,108,"{""pick up shelf"":0.22879256901365738,""rotate table"":0.21681267941474086,""flip table"":0.08521996262586778}",0.15909226845811913,0.3100825123974174,0.5308252110542659
18,tighten leg,1970-01-01T00:01:14.960Z,1970-01-01T00:01:16.120Z,complete,case18:frames1874-1903,Lack_TV_Bench/0039_white_floor_08_04_2019_08_28_10_38,1.160,1874,1903,29,"{""tighten leg"":0.24866260408327498,""pick up shelf"":0.2325077015778114,""attach shelf to table"":0.16436076729462065}",0.09292724934117548,0.2615416847005924,0.645531072955707
18,spin leg,1970-01-01T00:01:18.400Z,1970-01-01T00:01:24.440Z,complete,case18:frames1960-2111,Lack_TV_Bench/0039_white_floor_08_04_2019_08_28_10_38,6.040,1960,2111,151,"{""spin leg"":0.2577751480684375,""tighten leg"":0.25742286456045727,""attach shelf to table"":0.12201367042317296}",0.12498930757803632,0.23779898771732472,0.6372116830520678
18,pick up shelf,1970-01-01T00:01:24.680Z,1970-01-01T00:01:27.000Z,complete,case18:frames2117-2175,Lack_TV_Bench/0039_white_floor_08_04_2019_08_28_10_38,2.320,2117,2175,58,"{""pick up shelf"":0.5835349775593857,""attach shelf to table"":0.3355049219239375,""rotate table"":0.007772718129703647}",0.05306284805631329,0.020124513120982637,0.9268126176130267
19,flip table top,1970-01-01T00:00:02.840Z,1970-01-01T00:00:06.680Z,complete,case19:frames71-167,Lack_TV_Bench/0028_black_table_04_02_2019_08_20_11_05,3.840,71,167,96,"{""flip table top"":0.9875705459465584,""pick up shelf"":0.004299801238062173,""pick up table top"":1.7063403864684783e-06}",0.004855295187250401,0.0032726494888434955,0.991872053525007
19,pick up leg,1970-01-01T00:00:07.280Z,1970-01-01T00:00:07.840Z,complete,case19:frames182-196,Lack_TV_Bench/0028_black_table_04_02_2019_08_20_11_05,0.560,182,196,14,"{""pick up leg"":0.7282443727765765,""align leg screw with table thread"":0.166718894782077,""flip table top"":0.05671993067621121}",0.04606680678469794,0.0022500148858262442,0.9516831982348647
19,align leg screw with table thread,1970-01-01T00:00:07.840Z,1970-01-01T00:00:09.720Z,complete,case19:frames196-243,Lack_TV_Bench/0028_black_table_04_02_2019_08_20_11_05,1.880,196,243,47,"{""align leg screw with table thread"":0.7754098379865606,""pick up leg"":0.14317646947629908,""spin leg"":0.009271816509042649}",0.07002834603190422,0.0021135335175779773,0.9278581239719024
19,spin leg,1970-01-01T00:00:09.720Z,1970-01-01T00:00:29.880Z,complete,case19:frames243-747,Lack_TV_Bench/0028_black_table_04_02_2019_08_20_11_05,20.160,243,747,504,"{""spin leg"":0.8622311681937722,""align leg screw with table thread"":0.08596522502955936,""pick up leg"":0.009799266438229039}",0.04016443168271392,0.00183989797652537,0.9579956596615606
19,pick up leg,1970-01-01T00:00:30.840Z,1970-01-01T00:00:32.000Z,complete,case19:frames771-800,Lack_TV_Bench/0028_black_table_04_02_2019_08_20_11_05,1.160,771,800,29,"{""pick up leg"":0.6037011639825229,""align leg screw with table thread"":0.3698273643465905,""spin leg"":0.008556385596828728}",0.0168919053314061,0.0010231524808155417,0.9820849139259422
19,spin leg,1970-01-01T00:00:32.000Z,1970-01-01T00:00:35.640Z,complete,case19:frames800-891,Lack_TV_Bench/0028_black_table_04_02_2019_08_20_11_05,3.640,800,891,91,"{""spin leg"":0.5696383475602328,""align leg screw with table thread"":0.20539990051107093,""pick up leg"":0.11015784646292309}",0.10392831315051068,0.010875594653043481,0.8851960945342268
19,align leg screw with table thread,1970-01-01T00:00:35.640Z,1970-01-01T00:00:38.120Z,complete,case19:frames891-953,Lack_TV_Bench/0028_black_table_04_02_2019_08_20_11_05,2.480,891,953,62,"{""align leg screw with table thread"":0.585288310002896,""pick up leg"":0.314819797873497,""spin leg"":0.04897267834073113}",0.04873473780049432,0.002184485571107027,0.9490807862171242
19,align leg screw with table thread,1970-01-01T00:00:38.120Z,1970-01-01T00:00:38.360Z,complete,case19:frames953-959,Lack_TV_Bench/0028_black_table_04_02_2019_08_20_11_05,0.240,953,959,6,"{""align leg screw with table thread"":0.8850064277648926,""pick up leg"":0.047715798020362854,""spin leg"":0.018537037074565887}",0.04400720074772835,0.004733635983316109,0.9512592628598213
19,spin leg,1970-01-01T00:00:38.360Z,1970-01-01T00:01:06.800Z,complete,case19:frames959-1670,Lack_TV_Bench/0028_black_table_04_02_2019_08_20_11_05,28.440,959,1670,711,"{""spin leg"":0.6976895089956778,""align leg screw with table thread"":0.11214521615314081,""tighten leg"":0.06640268483971351}",0.08632365808561548,0.03743893568758497,0.8762374099885322
19,pick up leg,1970-01-01T00:01:07.760Z,1970-01-01T00:01:10.280Z,complete,case19:frames1694-1757,Lack_TV_Bench/0028_black_table_04_02_2019_08_20_11_05,2.520,1694,1757,63,"{""pick up leg"":0.47566724769652835,""align leg screw with table thread"":0.31971274292658247,""spin leg"":0.03842382997806583}",0.15854741491022564,0.007648809958341675,0.8338038206011766
19,align leg screw with table thread,1970-01-01T00:01:10.280Z,1970-01-01T00:01:11.120Z,complete,case19:frames1757-1778,Lack_TV_Bench/0028_black_table_04_02_2019_08_20_11_05,0.840,1757,1778,21,"{""align leg screw with table thread"":0.7156988893236432,""pick up leg"":0.08275369909547624,""spin leg"":0.049040550277346655}",0.13568429436002458,0.01682252940692647,0.8474931386964661
19,spin leg,1970-01-01T00:01:11.120Z,1970-01-01T00:01:34.560Z,complete,case19:frames1778-2364,Lack_TV_Bench/0028_black_table_04_02_2019_08_20_11_05,23.440,1778,2364,586,"{""spin leg"":0.818355851104235,""tighten leg"":0.05071911734048875,""align leg screw with table thread"":0.044925080974659415}",0.07266800416436416,0.013331979558995666,0.9140000494193832
19,pick up leg,1970-01-01T00:01:35.560Z,1970-01-01T00:01:37.440Z,complete,case19:frames2389-2436,Lack_TV_Bench/0028_black_table_04_02_2019_08_20_11_05,1.880,2389,2436,47,"{""pick up leg"":0.45999911237270275,""align leg screw with table thread"":0.35680045417331635,""other"":0.06778598087344398}",0.06282972972443764,0.05258476113072405,0.884585547419463
19,align leg screw with table thread,1970-01-01T00:01:37.440Z,1970-01-01T00:01:38.560Z,complete,case19:frames2436-2464,Lack_TV_Bench/0028_black_table_04_02_2019_08_20_11_05,1.120,2436,2464,28,"{""align leg screw with table thread"":0.6598946707589286,""spin leg"":0.09120529996497291,""pick up leg"":0.044540571314947944}",0.18063190472977503,0.023727575529587083,0.7956405420388495
19,spin leg,1970-01-01T00:01:38.560Z,1970-01-01T00:01:59.880Z,complete,case19:frames2464-2997,Lack_TV_Bench/0028_black_table_04_02_2019_08_20_11_05,21.320,2464,2997,533,"{""spin leg"":0.8785741150267352,""align leg screw with table thread"":0.05544377383942005,""pick up leg"":0.004073945409225171}",0.05386190902001415,0.008046292724159812,0.9380918342753803
19,flip table,1970-01-01T00:02:01.960Z,1970-01-01T00:02:06.320Z,complete,case19:frames3049-3158,Lack_TV_Bench/0028_black_table_04_02_2019_08_20_11_05,4.360,3049,3158,109,"{""flip table"":0.9824097818190899,""pick up shelf"":0.005607958475059462,""flip table top"":0.002632219602106622}",0.007760406849871671,0.0015896090756433595,0.9906499598962559
19,pick up shelf,1970-01-01T00:02:07.200Z,1970-01-01T00:02:09.760Z,complete,case19:frames3180-3244,Lack_TV_Bench/0028_black_table_04_02_2019_08_20_11_05,2.560,3180,3244,64,"{""pick up shelf"":0.48464342951774597,""pick up leg"":0.2178151062435063,""flip table"":0.05494300206191838}",0.176775096450001,0.06582336479119588,0.7574015378231707
19,attach shelf to table,1970-01-01T00:02:09.760Z,1970-01-01T00:02:20.440Z,complete,case19:frames3244-3511,Lack_TV_Bench/0028_black_table_04_02_2019_08_20_11_05,10.680,3244,3511,267,"{""attach shelf to table"":0.5150209067019631,""pick up shelf"":0.335481826306673,""flip table"":0.035033018618415734}",0.09964802378460709,0.014816253616204764,0.8855357516270519
2,pick up leg,1970-01-01T00:00:00.000Z,1970-01-01T00:00:03.000Z,complete,case2:frames0-75,Lack_TV_Bench/0006_black_floor_05_02_2019_08_19_16_26,3.000,0,75,75,"{""pick up leg"":0.16229047179222106,""spin leg"":0.04851110121235251,""other"":0.04211811855435371}",0.6732499066988628,0.07383041321101097,0.2529196915589273
2,pick up leg,1970-01-01T00:00:03.000Z,1970-01-01T00:00:04.160Z,complete,case2:frames75-104,Lack_TV_Bench/0006_black_floor_05_02_2019_08_19_16_26,1.160,75,104,29,"{""pick up leg"":0.17810628640240636,""align leg screw with table thread"":0.1751378531375065,""flip table"":0.06615580374310756}",0.44477551764455336,0.13582447256289773,0.41939994328302044
2,spin leg,1970-01-01T00:00:04.160Z,1970-01-01T00:00:05.520Z,complete,case2:frames104-138,Lack_TV_Bench/0006_black_floor_05_02_2019_08_19_16_26,1.360,104,138,34,"{""spin leg"":0.4135696522014983,""align leg screw with table thread"":0.31105248542392955,""pick up leg"":0.08983089763890295}",0.163295435554841,0.022251514539103782,0.8144530352643308
2,spin leg,1970-01-01T00:00:05.520Z,1970-01-01T00:00:21.640Z,complete,case2:frames138-541,Lack_TV_Bench/0006_black_floor_05_02_2019_08_19_16_26,16.120,138,541,403,"{""spin leg"":0.929439988070475,""align leg screw with table thread"":0.02269426089649091,""other"":0.014962803718657637}",0.02143322240108296,0.011469743218902135,0.9670970526856236
2,spin leg,1970-01-01T00:00:21.640Z,1970-01-01T00:00:23.080Z,complete,case2:frames541-577,Lack_TV_Bench/0006_black_floor_05_02_2019_08_19_16_26,1.440,541,577,36,"{""spin leg"":0.8002928127017286,""align leg screw with table thread"":0.12379469024017453,""pick up leg"":0.011554463333191557}",0.032707906431621976,0.031650058088683944,0.9356419662750947
2,align leg screw with table thread,1970-01-01T00:00:23.080Z,1970-01-01T00:00:25.800Z,complete,case2:frames577-645,Lack_TV_Bench/0006_black_floor_05_02_2019_08_19_16_26,2.720,577,645,68,"{""align leg screw with table thread"":0.45773768961867867,""spin leg"":0.4324521503466017,""tighten leg"":0.022050279959598008}",0.07326854617499254,0.014491324560307632,0.9122401199248783
2,spin leg,1970-01-01T00:00:25.800Z,1970-01-01T00:00:42.040Z,complete,case2:frames645-1051,Lack_TV_Bench/0006_black_floor_05_02_2019_08_19_16_26,16.240,645,1051,406,"{""spin leg"":0.8191274359748868,""align leg screw with table thread"":0.13759496875951444,""tighten leg"":0.015623013172390426}",0.02466604970579077,0.0029885100548174568,0.9723454179067916
2,pick up leg,1970-01-01T00:00:42.040Z,1970-01-01T00:00:45.360Z,complete,case2:frames1051-1134,Lack_TV_Bench/0006_black_floor_05_02_2019_08_19_16_26,3.320,1051,1134,83,"{""pick up leg"":0.44224078729973143,""align leg screw with table thread"":0.10865594047200249,""flip table"":0.08270916210786237}",0.3044852634600128,0.061908833487463164,0.6336058898795963
2,align leg screw with table thread,1970-01-01T00:00:45.360Z,1970-01-01T00:00:47.960Z,complete,case2:frames1134-1199,Lack_TV_Bench/0006_black_floor_05_02_2019_08_19_16_26,2.600,1134,1199,65,"{""align leg screw with table thread"":0.5897003620289839,""pick up leg"":0.18487911361914414,""spin leg"":0.10694547584280371}",0.10365205665047351,0.014823013179816016,0.8815249514909317
2,spin leg,1970-01-01T00:00:47.960Z,1970-01-01T00:01:06.240Z,complete,case2:frames1199-1656,Lack_TV_Bench/0006_black_floor_05_02_2019_08_19_16_26,18.280,1199,1656,457,"{""spin leg"":0.8717685511225683,""align leg screw with table thread"":0.09578127917758224,""pick up leg"":0.010458117030475379}",0.015834515009491137,0.006157568478198852,0.978007947330626
2,pick up leg,1970-01-01T00:01:06.240Z,1970-01-01T00:01:07.720Z,complete,case2:frames1656-1693,Lack_TV_Bench/0006_black_floor_05_02_2019_08_19_16_26,1.480,1656,1693,37,"{""pick up leg"":0.44357469718198517,""spin leg"":0.2488165247203732,""align leg screw with table thread"":0.12484239293514071}",0.13139848672860377,0.051367931040427514,0.817233614837499
2,align leg screw with table thread,1970-01-01T00:01:07.720Z,1970-01-01T00:01:09.960Z,complete,case2:frames1693-1749,Lack_TV_Bench/0006_black_floor_05_02_2019_08_19_16_26,2.240,1693,1749,56,"{""align leg screw with table thread"":0.6161328694517059,""spin leg"":0.19508406326141475,""pick up leg"":0.08249901008925267}",0.09610264981165528,0.01018139761817663,0.8937159428023733
2,spin leg,1970-01-01T00:01:09.960Z,1970-01-01T00:01:22.320Z,complete,case2:frames1749-2058,Lack_TV_Bench/0006_black_floor_05_02_2019_08_19_16_26,12.360,1749,2058,309,"{""spin leg"":0.9325358273527768,""align leg screw with table thread"":0.05400259946216754,""pick up leg"":0.003982746420190052}",0.008122291021097246,0.001356539472602858,0.9905211732351344
2,tighten leg,1970-01-01T00:01:22.320Z,1970-01-01T00:01:27.320Z,complete,case2:frames2058-2183,Lack_TV_Bench/0006_black_floor_05_02_2019_08_19_16_26,5.000,2058,2183,125,"{""tighten leg"":0.49996845656074584,""spin leg"":0.1792255734205246,""flip table"":0.039206091775558886}",0.2010043688043952,0.0805955524565014,0.7184001217568293
2,flip table,1970-01-01T00:01:27.320Z,1970-01-01T00:01:34.480Z,complete,case2:frames2183-2362,Lack_TV_Bench/0006_black_floor_05_02_2019_08_19_16_26,7.160,2183,2362,179,"{""flip table"":0.870903323982015,""rotate table"":0.027380302158189554,""tighten leg"":0.013184245976047265}",0.060735207279967195,0.027796883793002627,0.9114678721162518
2,pick up shelf,1970-01-01T00:01:34.480Z,1970-01-01T00:01:39.320Z,complete,case2:frames2362-2483,Lack_TV_Bench/0006_black_floor_05_02_2019_08_19_16_26,4.840,2362,2483,121,"{""pick up shelf"":0.6319323959183102,""flip table"":0.2474273836070841,""attach shelf to table"":0.026306262724717294}",0.05954865113762785,0.03478529865627527,0.9056660422501115
2,attach shelf to table,1970-01-01T00:01:39.320Z,1970-01-01T00:01:53.960Z,complete,case2:frames2483-2849,Lack_TV_Bench/0006_black_floor_05_02_2019_08_19_16_26,14.640,2483,2849,366,"{""attach shelf to table"":0.9281251808333266,""pick up shelf"":0.04140710358801872,""flip table"":0.00714301537188769}",0.019689715823637006,0.003634994299233731,0.976675299793233
20,pick up leg,1970-01-01T00:00:02.480Z,1970-01-01T00:00:04.880Z,complete,case20:frames62-122,Lack_TV_Bench/0041_black_floor_08_04_2019_08_28_12_18,2.400,62,122,60,"{""pick up leg"":0.14905404523015023,""align leg screw with table thread"":0.14754436860481898,""flip table top"":0.0040625023888424035}",0.3568306237459183,0.34250848915820975,0.30066091622381164
20,align leg screw with table thread,1970-01-01T00:00:07.440Z,1970-01-01T00:00:08.520Z,complete,case20:frames186-213,Lack_TV_Bench/0041_black_floor_08_04_2019_08_28_12_18,1.080,186,213,27,"{""align leg screw with table thread"":0.75296836760309,""spin leg"":0.13339834363648184,""tighten leg"":0.027076387570963964}",0.058602583353166225,0.02795433146090827,0.9134430988105359
20,spin leg,1970-01-01T00:00:08.520Z,1970-01-01T00:00:19.720Z,complete,case20:frames213-493,Lack_TV_Bench/0041_black_floor_08_04_2019_08_28_12_18,11.200,213,493,280,"{""spin leg"":0.8749690358127866,""tighten leg"":0.0666999655908772,""align leg screw with table thread"":0.03179605486137527}",0.02418512132550989,0.0023498445750527557,0.9734650562650391
20,tighten leg,1970-01-01T00:00:19.720Z,1970-01-01T00:00:21.320Z,complete,case20:frames493-533,Lack_TV_Bench/0041_black_floor_08_04_2019_08_28_12_18,1.600,493,533,40,"{""tighten leg"":0.3382653806358576,""spin leg"":0.2668690733611584,""align leg screw with table thread"":0.11342326812446117}",0.22904652059078218,0.0523957934569836,0.7185577221214772
20,align leg screw with table thread,1970-01-01T00:00:21.320Z,1970-01-01T00:00:22.720Z,complete,case20:frames533-568,Lack_TV_Bench/0041_black_floor_08_04_2019_08_28_12_18,1.400,533,568,35,"{""align leg screw with table thread"":0.3224820558513914,""pick up leg"":0.24278341201799256,""spin leg"":0.11012664181845529}",0.20116313866206578,0.12344481751702976,0.6753921096878392
20,tighten leg,1970-01-01T00:00:22.720Z,1970-01-01T00:00:24.400Z,complete,case20:frames568-610,Lack_TV_Bench/0041_black_floor_08_04_2019_08_28_12_18,1.680,568,610,42,"{""tighten leg"":0.3477086176474889,""align leg screw with table thread"":0.3048809419075648,""spin leg"":0.15348956485589346}",0.11556050784531094,0.07836041079268952,0.8060791244109472
20,spin leg,1970-01-01T00:00:24.400Z,1970-01-01T00:00:35.160Z,complete,case20:frames610-879,Lack_TV_Bench/0041_black_floor_08_04_2019_08_28_12_18,10.760,610,879,269,"{""spin leg"":0.9033608766736594,""tighten leg"":0.05611933014428305,""align leg screw with table thread"":0.02674952570390524}",0.010494795139726653,0.0032754958476974,0.9862297325218476
20,align leg screw with table thread,1970-01-01T00:00:35.160Z,1970-01-01T00:00:40.000Z,complete,case20:frames879-1000,Lack_TV_Bench/0041_black_floor_08_04_2019_08_28_12_18,4.840,879,1000,121,"{""align leg screw with table thread"":0.23836448776327873,""tighten leg"":0.20229097424952452,""spin leg"":0.17562977366211}",0.15435164178575367,0.22936310243292227,0.6162852356749132
20,pick up leg,1970-01-01T00:00:40.000Z,1970-01-01T00:00:42.040Z,complete,case20:frames1000-1051,Lack_TV_Bench/0041_black_floor_08_04_2019_08_28_12_18,2.040,1000,1051,51,"{""pick up leg"":0.42850972390642356,""align leg screw with table thread"":0.11931558742242701,""tighten leg"":0.09683297895917706}",0.23769607131972031,0.1176456181564085,0.6446582902880277
20,align leg screw with table thread,1970-01-01T00:00:42.040Z,1970-01-01T00:00:43.240Z,complete,case20:frames1051-1081,Lack_TV_Bench/0041_black_floor_08_04_2019_08_28_12_18,1.200,1051,1081,30,"{""align leg screw with table thread"":0.7130345910787582,""spin leg"":0.13407564821342627,""pick up leg"":0.10192941206817825}",0.03246777877211571,0.01849260761143369,0.9490396513603628
20,spin leg,1970-01-01T00:00:43.240Z,1970-01-01T00:00:56.640Z,complete,case20:frames1081-1416,Lack_TV_Bench/0041_black_floor_08_04_2019_08_28_12_18,13.400,1081,1416,335,"{""spin leg"":0.9186864419659572,""align leg screw with table thread"":0.047389585202309625,""flip table"":0.004137784314911757}",0.021032015173070465,0.008754182987307464,0.9702138114831785
20,pick up shelf,1970-01-01T00:00:56.680Z,1970-01-01T00:00:59.960Z,complete,case20:frames1417-1499,Lack_TV_Bench/0041_black_floor_08_04_2019_08_28_12_18,3.280,1417,1499,82,"{""pick up shelf"":0.2361915512237607,""pick up leg"":0.21527430297034542,""flip table"":0.13865418459584072}",0.17516446876816633,0.234715500378673,0.5901200387899468
20,spin leg,1970-01-01T00:00:59.960Z,1970-01-01T00:01:01.600Z,complete,case20:frames1499-1540,Lack_TV_Bench/0041_black_floor_08_04_2019_08_28_12_18,1.640,1499,1540,41,"{""spin leg"":0.7727338628071111,""align leg screw with table thread"":0.17252370442559078,""pick up leg"":0.02197729455443417}",0.01618136833535462,0.0165837322907156,0.9672348617871361
20,spin leg,1970-01-01T00:01:01.600Z,1970-01-01T00:01:18.960Z,complete,case20:frames1540-1974,Lack_TV_Bench/0041_black_floor_08_04_2019_08_28_12_18,17.360,1540,1974,434,"{""spin leg"":0.9893480759062525,""align leg screw with table thread"":0.008513033789183413,""pick up leg"":0.00021783953284724585}",0.0014498387077128009,0.0004712246743866822,0.9980789492282832
20,spin leg,1970-01-01T00:01:18.960Z,1970-01-01T00:01:22.040Z,complete,case20:frames1974-2051,Lack_TV_Bench/0041_black_floor_08_04_2019_08_28_12_18,3.080,1974,2051,77,"{""spin leg"":0.5486397185882965,""align leg screw with table thread"":0.28244335388208364,""tighten leg"":0.04632918500075383}",0.07266644514226295,0.04992130917935148,0.8774122574711339
20,flip table,1970-01-01T00:01:22.040Z,1970-01-01T00:01:25.720Z,complete,case20:frames2051-2143,Lack_TV_Bench/0041_black_floor_08_04_2019_08_28_12_18,3.680,2051,2143,92,"{""flip table"":0.4055150678158616,""align leg screw with table thread"":0.38767295201187546,""pick up leg"":0.07102122318768955}",0.048549833606280714,0.08724093356164049,0.8642092430154266
20,pick up shelf,1970-01-01T00:01:25.840Z,1970-01-01T00:01:30.720Z,complete,case20:frames2146-2268,Lack_TV_Bench/0041_black_floor_08_04_2019_08_28_12_18,4.880,2146,2268,122,"{""pick up shelf"":0.31433238406650355,""align leg screw with table thread"":0.11563480217925838,""pick up leg"":0.10013868415453395}",0.35174850606527486,0.11814561058479245,0.5301058704002959
20,attach shelf to table,1970-01-01T00:01:30.720Z,1970-01-01T00:01:38.960Z,complete,case20:frames2268-2474,Lack_TV_Bench/0041_black_floor_08_04_2019_08_28_12_18,8.240,2268,2474,206,"{""attach shelf to table"":0.3647682814343462,""spin leg"":0.23549447794562406,""align leg screw with table thread"":0.09974041093791862}",0.16946165798937232,0.1305351888038844,0.700003170317889
21,pick up leg,1970-01-01T00:00:01.600Z,1970-01-01T00:00:03.600Z,complete,case21:frames40-90,Lack_TV_Bench/0001_black_floor_05_02_2019_08_19_16_48,2.000,40,90,50,"{""pick up leg"":0.6937226343154907,""align leg screw with table thread"":0.026437195986509322,""spin leg"":0.007653324380517006}",0.2623812618851662,0.00980558569723712,0.7278131546825171
21,align leg screw with table thread,1970-01-01T00:00:03.600Z,1970-01-01T00:00:06.360Z,complete,case21:frames90-159,Lack_TV_Bench/0001_black_floor_05_02_2019_08_19_16_48,2.760,90,159,69,"{""align leg screw with table thread"":0.46546332689299097,""pick up leg"":0.36407107390139415,""spin leg"":0.0470486420976079}",0.10114422894042471,0.022272720097127777,0.8765830428919931
21,spin leg,1970-01-01T00:00:06.360Z,1970-01-01T00:00:24.280Z,complete,case21:frames159-607,Lack_TV_Bench/0001_black_floor_05_02_2019_08_19_16_48,17.920,159,607,448,"{""spin leg"":0.6319062429413732,""align leg screw with table thread"":0.22414792804712697,""pick up leg"":0.0343394965394899}",0.07269500257513885,0.03691130391287701,0.89039366752799
21,pick up leg,1970-01-01T00:00:24.280Z,1970-01-01T00:00:26.280Z,complete,case21:frames607-657,Lack_TV_Bench/0001_black_floor_05_02_2019_08_19_16_48,2.000,607,657,50,"{""pick up leg"":0.4694641425833106,""align leg screw with table thread"":0.20644633948802948,""spin leg"":0.10834151476621628}",0.12927038386464118,0.08647758612593752,0.7842519968375563
21,align leg screw with table thread,1970-01-01T00:00:26.280Z,1970-01-01T00:00:28.440Z,complete,case21:frames657-711,Lack_TV_Bench/0001_black_floor_05_02_2019_08_19_16_48,2.160,657,711,54,"{""align leg screw with table thread"":0.34674035799172187,""spin leg"":0.30375058038367164,""pick up leg"":0.08788224633921075}",0.1478544423977534,0.11377235639575067,0.7383731847146042
21,spin leg,1970-01-01T00:00:28.440Z,1970-01-01T00:00:49.080Z,complete,case21:frames711-1227,Lack_TV_Bench/0001_black_floor_05_02_2019_08_19_16_48,20.640,711,1227,516,"{""spin leg"":0.5153363571996807,""align leg screw with table thread"":0.248569187935615,""pick up leg"":0.08451957864571334}",0.10321727062958155,0.04835760642853171,0.8484251237810091
21,pick up leg,1970-01-01T00:00:49.080Z,1970-01-01T00:00:50.680Z,complete,case21:frames1227-1267,Lack_TV_Bench/0001_black_floor_05_02_2019_08_19_16_48,1.600,1227,1267,40,"{""pick up leg"":0.6931431123521179,""align leg screw with table thread"":0.21005417839623988,""spin leg"":0.026874648709781467}",0.06243641758337617,0.0074916730172999366,0.9300719394581393
21,spin leg,1970-01-01T00:00:50.680Z,1970-01-01T00:00:53.160Z,complete,case21:frames1267-1329,Lack_TV_Bench/0001_black_floor_05_02_2019_08_19_16_48,2.480,1267,1329,62,"{""spin leg"":0.43065538617872423,""align leg screw with table thread"":0.2786132424108444,""flip table"":0.1173905096046867}",0.07364084829966869,0.09970002659822948,0.8266591381942553
21,spin leg,1970-01-01T00:00:53.160Z,1970-01-01T00:01:08.000Z,complete,case21:frames1329-1700,Lack_TV_Bench/0001_black_floor_05_02_2019_08_19_16_48,14.840,1329,1700,371,"{""spin leg"":0.8415518879408463,""align leg screw with table thread"":0.0683131613982013,""pick up leg"":0.018313753004424334}",0.041087103821839284,0.030734097317183778,0.9281788023434719
21,pick up leg,1970-01-01T00:01:08.000Z,1970-01-01T00:01:09.560Z,complete,case21:frames1700-1739,Lack_TV_Bench/0001_black_floor_05_02_2019_08_19_16_48,1.560,1700,1739,39,"{""pick up leg"":0.6001393779730185,""spin leg"":0.1469472742233521,""align leg screw with table thread"":0.11924050538203655}",0.0919698301034096,0.04170301787851024,0.8663271575784072
21,align leg screw with table thread,1970-01-01T00:01:09.560Z,1970-01-01T00:01:11.760Z,complete,case21:frames1739-1794,Lack_TV_Bench/0001_black_floor_05_02_2019_08_19_16_48,2.200,1739,1794,55,"{""align leg screw with table thread"":0.3477051317691803,""pick up leg"":0.26759450882673264,""spin leg"":0.24876736158674415}",0.09452456251125443,0.04140839573419093,0.8640670021826571
21,spin leg,1970-01-01T00:01:11.760Z,1970-01-01T00:01:30.560Z,complete,case21:frames1794-2264,Lack_TV_Bench/0001_black_floor_05_02_2019_08_19_16_48,18.800,1794,2264,470,"{""spin leg"":0.8031462496899544,""align leg screw with table thread"":0.10066216053797844,""pick up leg"":0.03404148666069229}",0.032638321117438536,0.029511796273785355,0.9378498968886252
21,flip table,1970-01-01T00:01:30.560Z,1970-01-01T00:01:33.560Z,complete,case21:frames2264-2339,Lack_TV_Bench/0001_black_floor_05_02_2019_08_19_16_48,3.000,2264,2339,75,"{""flip table"":0.408515181740125,""pick up leg"":0.18675402363141377,""rotate table"":0.12550649985671045}",0.0698447992404302,0.20937948002756965,0.7207757052282493
21,flip table,1970-01-01T00:01:33.560Z,1970-01-01T00:01:38.640Z,complete,case21:frames2339-2466,Lack_TV_Bench/0001_black_floor_05_02_2019_08_19_16_48,5.080,2339,2466,127,"{""flip table"":0.7460473272216133,""pick up shelf"":0.1995505141974317,""attach shelf to table"":0.01234224847679239}",0.030517701572907254,0.011542253449036307,0.9579400898958373
21,pick up shelf,1970-01-01T00:01:38.640Z,1970-01-01T00:01:41.520Z,complete,case21:frames2466-2538,Lack_TV_Bench/0001_black_floor_05_02_2019_08_19_16_48,2.880,2466,2538,72,"{""pick up shelf"":0.92120551235146,""attach shelf to table"":0.03751991224837386,""flip table"":0.02107248589810398}",0.01632631989195943,0.0038757683297876923,0.9797979104979377
21,attach shelf to table,1970-01-01T00:01:41.520Z,1970-01-01T00:01:52.200Z,complete,case21:frames2538-2805,Lack_TV_Bench/0001_black_floor_05_02_2019_08_19_16_48,10.680,2538,2805,267,"{""attach shelf to table"":0.7434146457843567,""pick up shelf"":0.1814367432728905,""flip table"":0.01745743827641252}",0.04915250216397955,0.008538648786702841,0.9423088273336597
22,flip table top,1970-01-01T00:00:00.160Z,1970-01-01T00:00:06.640Z,complete,case22:frames4-166,Lack_TV_Bench/0012_white_table_04_02_2019_08_20_11_45,6.480,4,166,162,"{""flip table top"":0.5717332849715963,""rotate table"":0.12342983759640727,""pick up leg"":0.013429556293470531}",0.26834325847089474,0.02306409305778159,0.708592678861474
22,pick up leg,1970-01-01T00:00:06.640Z,1970-01-01T00:00:09.160Z,complete,case22:frames166-229,Lack_TV_Bench/0012_white_table_04_02_2019_08_20_11_45,2.520,166,229,63,"{""pick up leg"":0.3481877866008925,""align leg screw with table thread"":0.1346770329844384,""flip table top"":0.1301794130362511}",0.2985162782290625,0.08843948827445812,0.613044232621582
22,align leg screw with table thread,1970-01-01T00:00:09.160Z,1970-01-01T00:00:10.440Z,complete,case22:frames229-261,Lack_TV_Bench/0012_white_table_04_02_2019_08_20_11_45,1.280,229,261,32,"{""align leg screw with table thread"":0.6205304432660341,""pick up leg"":0.17346092010848224,""spin leg"":0.03217540489276871}",0.15129324491135776,0.022540047981947975,0.8261667682672851
22,spin leg,1970-01-01T00:00:10.440Z,1970-01-01T00:00:30.200Z,complete,case22:frames261-755,Lack_TV_Bench/0012_white_table_04_02_2019_08_20_11_45,19.760,261,755,494,"{""spin leg"":0.8864812871162225,""align leg screw with table thread"":0.07176408139981238,""tighten leg"":0.007103442031322688}",0.030451385402365735,0.004199802132591843,0.9653488105473577
22,pick up leg,1970-01-01T00:00:30.200Z,1970-01-01T00:00:32.560Z,complete,case22:frames755-814,Lack_TV_Bench/0012_white_table_04_02_2019_08_20_11_45,2.360,755,814,59,"{""pick up leg"":0.281666623554745,""align leg screw with table thread"":0.23492134375087284,""spin leg"":0.16284647094622506}",0.27626600710012145,0.04429959537681798,0.6794344382518429
22,spin leg,1970-01-01T00:00:32.560Z,1970-01-01T00:00:53.240Z,complete,case22:frames814-1331,Lack_TV_Bench/0012_white_table_04_02_2019_08_20_11_45,20.680,814,1331,517,"{""spin leg"":0.8331577840082823,""align leg screw with table thread"":0.10894670162703013,""tighten leg"":0.010094073921715845}",0.04028489589114715,0.0075165692185474725,0.9521985595570283
22,pick up leg,1970-01-01T00:00:53.240Z,1970-01-01T00:00:55.760Z,complete,case22:frames1331-1394,Lack_TV_Bench/0012_white_table_04_02_2019_08_20_11_45,2.520,1331,1394,63,"{""pick up leg"":0.46699100933850757,""align leg screw with table thread"":0.08909903318872528,""spin leg"":0.020101936918402476}",0.38344624709515346,0.04036181247862225,0.5761919794456353
22,align leg screw with table thread,1970-01-01T00:00:55.760Z,1970-01-01T00:00:58.080Z,complete,case22:frames1394-1452,Lack_TV_Bench/0012_white_table_04_02_2019_08_20_11_45,2.320,1394,1452,58,"{""align leg screw with table thread"":0.674506713604105,""pick up leg"":0.18206121811065182,""spin leg"":0.06300756489408427}",0.0687071467781889,0.011717387363977283,0.919575496608841
22,spin leg,1970-01-01T00:00:58.080Z,1970-01-01T00:01:19.320Z,complete,case22:frames1452-1983,Lack_TV_Bench/0012_white_table_04_02_2019_08_20_11_45,21.240,1452,1983,531,"{""spin leg"":0.9903191588468246,""align leg screw with table thread"":0.005985206488095462,""pick up leg"":0.0022039856235139344}",0.001294287145681497,0.00019738702950593186,0.998508350958434
22,pick up leg,1970-01-01T00:01:19.320Z,1970-01-01T00:01:22.000Z,complete,case22:frames1983-2050,Lack_TV_Bench/0012_white_table_04_02_2019_08_20_11_45,2.680,1983,2050,67,"{""pick up leg"":0.4620615549595356,""spin leg"":0.3075794699921537,""align leg screw with table thread"":0.09262059251916831}",0.13012860263280793,0.007609782642945055,0.8622616174708576
22,align leg screw with table thread,1970-01-01T00:01:22.000Z,1970-01-01T00:01:23.960Z,complete,case22:frames2050-2099,Lack_TV_Bench/0012_white_table_04_02_2019_08_20_11_45,1.960,2050,2099,49,"{""align leg screw with table thread"":0.46534311720550214,""pick up leg"":0.1556837905543721,""spin leg"":0.08520826340025785}",0.2792243166429903,0.01454050728119993,0.7062351711601321
22,spin leg,1970-01-01T00:01:23.960Z,1970-01-01T00:01:46.440Z,complete,case22:frames2099-2661,Lack_TV_Bench/0012_white_table_04_02_2019_08_20_11_45,22.480,2099,2661,562,"{""spin leg"":0.9803811768832156,""align leg screw with table thread"":0.012033080922032034,""tighten leg"":0.0018345942675898116}",0.00487853387514464,0.0008726499981981024,0.9942488520728374
22,flip table,1970-01-01T00:01:46.440Z,1970-01-01T00:01:59.760Z,complete,case22:frames2661-2994,Lack_TV_Bench/0012_white_table_04_02_2019_08_20_11_45,13.320,2661,2994,333,"{""flip table"":0.6268558495401128,""spin leg"":0.09579597555796329,""rotate table"":0.08835251220649139}",0.11219926519241105,0.07679639385476204,0.8110043373045674
22,pick up shelf,1970-01-01T00:01:59.760Z,1970-01-01T00:02:04.800Z,complete,case22:frames2994-3120,Lack_TV_Bench/0012_white_table_04_02_2019_08_20_11_45,5.040,2994,3120,126,"{""pick up shelf"":0.6344574453338744,""flip table"":0.10777077152733765,""attach shelf to table"":0.04712725253332229}",0.1848980663787751,0.025746499772897856,0.7893554693945343
22,pick up shelf,1970-01-01T00:02:04.800Z,1970-01-01T00:02:06.600Z,complete,case22:frames3120-3165,Lack_TV_Bench/0012_white_table_04_02_2019_08_20_11_45,1.800,3120,3165,45,"{""pick up shelf"":0.8823138289981418,""attach shelf to table"":0.0496163773867819,""flip shelf"":0.001345140745656358}",0.05077780154016283,0.01594689977213825,0.9332753471305801
22,attach shelf to table,1970-01-01T00:02:06.600Z,1970-01-01T00:02:21.160Z,complete,case22:frames3165-3529,Lack_TV_Bench/0012_white_table_04_02_2019_08_20_11_45,14.560,3165,3529,364,"{""attach shelf to table"":0.5963656730990816,""pick up shelf"":0.04909572429036476,""spin leg"":0.00454149719063515}",0.33836307691840023,0.011634035422035156,0.6500028945800815
23,pick up leg,1970-01-01T00:00:02.760Z,1970-01-01T00:00:03.880Z,complete,case23:frames69-97,Lack_TV_Bench/0024_white_floor_05_02_2019_08_19_17_01,1.120,69,97,28,"{""pick up leg"":0.7860256688935416,""align leg screw with table thread"":0.019481124934307963,""flip table top"":0.009580954303081464}",0.17657839427036898,0.00833386673163921,0.8150877481309311
23,align leg screw with table thread,1970-01-01T00:00:03.880Z,1970-01-01T00:00:05.760Z,complete,case23:frames97-144,Lack_TV_Bench/0024_white_floor_05_02_2019_08_19_17_01,1.880,97,144,47,"{""align leg screw with table thread"":0.5320030278030862,""pick up leg"":0.3378090300458543,""spin leg"":0.01260156007087294}",0.11251310766377348,0.005073230369245728,0.8824136179198134
23,spin leg,1970-01-01T00:00:05.760Z,1970-01-01T00:00:17.640Z,complete,case23:frames144-441,Lack_TV_Bench/0024_white_floor_05_02_2019_08_19_17_01,11.880,144,441,297,"{""spin leg"":0.5697352147664285,""align leg screw with table thread"":0.3045768712706839,""pick up leg"":0.015252464090282669}",0.10279280449003483,0.007642652872713234,0.8895645501273951
23,pick up leg,1970-01-01T00:00:17.640Z,1970-01-01T00:00:18.760Z,complete,case23:frames441-469,Lack_TV_Bench/0024_white_floor_05_02_2019_08_19_17_01,1.120,441,469,28,"{""pick up leg"":0.5546739394111293,""align leg screw with table thread"":0.10741409659385681,""spin leg"":0.05585622857324779}",0.26838430017232895,0.013671407842922787,0.7179442645782339
23,align leg screw with table thread,1970-01-01T00:00:20.800Z,1970-01-01T00:00:24.040Z,complete,case23:frames520-601,Lack_TV_Bench/0024_white_floor_05_02_2019_08_19_17_01,3.240,520,601,81,"{""align leg screw with table thread"":0.471678386637826,""spin leg"":0.3380574217917007,""tighten leg"":0.011044513632508891}",0.16232557583278345,0.016894102627799504,0.8207803220620357
23,spin leg,1970-01-01T00:00:24.040Z,1970-01-01T00:00:37.560Z,complete,case23:frames601-939,Lack_TV_Bench/0024_white_floor_05_02_2019_08_19_17_01,13.520,601,939,338,"{""spin leg"":0.9092436252966435,""align leg screw with table thread"":0.06839549648382608,""tighten leg"":0.002673254796777736}",0.017303952864597183,0.0023836391218882715,0.9803123765772472
23,pick up leg,1970-01-01T00:00:38.320Z,1970-01-01T00:00:39.200Z,complete,case23:frames958-980,Lack_TV_Bench/0024_white_floor_05_02_2019_08_19_17_01,0.880,958,980,22,"{""pick up leg"":0.8487312224778262,""align leg screw with table thread"":0.05261654271320863,""spin leg"":0.004580663030289791}",0.083848775787787,0.010222817934433689,0.9059284282213246
23,align leg screw with table thread,1970-01-01T00:00:40.560Z,1970-01-01T00:00:42.680Z,complete,case23:frames1014-1067,Lack_TV_Bench/0024_white_floor_05_02_2019_08_19_17_01,2.120,1014,1067,53,"{""align leg screw with table thread"":0.9008236842335395,""spin leg"":0.03579702498918434,""pick up leg"":0.033621367699695086}",0.02849733463998111,0.0012605881022756675,0.9702420769224189
23,spin leg,1970-01-01T00:00:42.680Z,1970-01-01T00:00:56.200Z,complete,case23:frames1067-1405,Lack_TV_Bench/0024_white_floor_05_02_2019_08_19_17_01,13.520,1067,1405,338,"{""spin leg"":0.9266632992179084,""align leg screw with table thread"":0.057007796533361695,""pick up leg"":0.0014568419221887838}",0.013369108621890727,0.0015029404206269254,0.9851279376734589
23,align leg screw with table thread,1970-01-01T00:00:57.080Z,1970-01-01T00:00:58.480Z,complete,case23:frames1427-1462,Lack_TV_Bench/0024_white_floor_05_02_2019_08_19_17_01,1.400,1427,1462,35,"{""align leg screw with table thread"":0.3079028589384896,""pick up leg"":0.1873415844781058,""spin leg"":0.054779561662248205}",0.39171514000211444,0.05826092303148585,0.5500240050788436
23,align leg screw with table thread,1970-01-01T00:00:59.960Z,1970-01-01T00:01:00.360Z,complete,case23:frames1499-1509,Lack_TV_Bench/0024_white_floor_05_02_2019_08_19_17_01,0.400,1499,1509,10,"{""align leg screw with table thread"":0.6773559749126434,""spin leg"":0.21133648231625557,""pick up leg"":0.03982758102938533}",0.06502286158502102,0.006457125362601346,0.9285200382582843
23,spin leg,1970-01-01T00:01:00.360Z,1970-01-01T00:01:12.720Z,complete,case23:frames1509-1818,Lack_TV_Bench/0024_white_floor_05_02_2019_08_19_17_01,12.360,1509,1818,309,"{""spin leg"":0.7894695082673363,""align leg screw with table thread"":0.19574003864357,""pick up leg"":0.0029272923894410404}",0.009778443735972963,0.002084711349792283,0.9881368393003473
23,flip table,1970-01-01T00:01:12.720Z,1970-01-01T00:01:18.360Z,complete,case23:frames1818-1959,Lack_TV_Bench/0024_white_floor_05_02_2019_08_19_17_01,5.640,1818,1959,141,"{""flip table"":0.6561945520493314,""rotate table"":0.08579298153462661,""align leg screw with table thread"":0.04490146680044816}",0.12789386880735978,0.08521711555879122,0.7868890003844062
23,pick up shelf,1970-01-01T00:01:18.640Z,1970-01-01T00:01:23.640Z,complete,case23:frames1966-2091,Lack_TV_Bench/0024_white_floor_05_02_2019_08_19_17_01,5.000,1966,2091,125,"{""pick up shelf"":0.29609213847666976,""attach shelf to table"":0.08008383558690547,""flip table"":0.060450649470090864}",0.45521641719341277,0.1081569420055493,0.4366266235336661
23,attach shelf to table,1970-01-01T00:01:23.640Z,1970-01-01T00:01:34.760Z,complete,case23:frames2091-2369,Lack_TV_Bench/0024_white_floor_05_02_2019_08_19_17_01,11.120,2091,2369,278,"{""attach shelf to table"":0.1328695561978028,""align side panel holes with front panel dowels"":0.05367666205004772,""pick up shelf"":0.0527818226154974}",0.5908148876733059,0.16985707379667606,0.23932804086334794
24,flip table top,1970-01-01T00:00:03.480Z,1970-01-01T00:00:05.800Z,complete,case24:frames87-145,Lack_TV_Bench/0025_white_floor_05_02_2019_08_19_17_14,2.320,87,145,58,"{""flip table top"":0.6844596302714842,""flip table"":0.19016496806329214,""pick up leg"":0.0229379341231081}",0.044165289928687027,0.0582721617089027,0.8975625324578843
24,pick up leg,1970-01-01T00:00:06.400Z,1970-01-01T00:00:07.520Z,complete,case24:frames160-188,Lack_TV_Bench/0025_white_floor_05_02_2019_08_19_17_14,1.120,160,188,28,"{""pick up leg"":0.5425644607416221,""align leg screw with table thread"":0.23859473211424692,""spin leg"":0.15131380355783872}",0.048835394637925286,0.018691632014047898,0.9324729964137077
24,align leg screw with table thread,1970-01-01T00:00:07.520Z,1970-01-01T00:00:09.040Z,complete,case24:frames188-226,Lack_TV_Bench/0025_white_floor_05_02_2019_08_19_17_14,1.520,188,226,38,"{""align leg screw with table thread"":0.6483832182068574,""spin leg"":0.21023679407019363,""pick up leg"":0.037965196135797}",0.05833803940760462,0.045076747633595156,0.8965852084128481
24,spin leg,1970-01-01T00:00:09.040Z,1970-01-01T00:00:26.080Z,complete,case24:frames226-652,Lack_TV_Bench/0025_white_floor_05_02_2019_08_19_17_14,17.040,226,652,426,"{""spin leg"":0.8864998614564188,""tighten leg"":0.03937259589938421,""align leg screw with table thread"":0.030783735856221454}",0.030511677973497082,0.012832150433095706,0.9566561932120244
24,pick up leg,1970-01-01T00:00:26.560Z,1970-01-01T00:00:28.240Z,complete,case24:frames664-706,Lack_TV_Bench/0025_white_floor_05_02_2019_08_19_17_14,1.680,664,706,42,"{""pick up leg"":0.4923071355691978,""align leg screw with table thread"":0.3410657948503892,""other"":0.014010580672350312}",0.10683813212173325,0.04577835150256045,0.8473835110919372
24,align leg screw with table thread,1970-01-01T00:00:28.240Z,1970-01-01T00:00:30.240Z,complete,case24:frames706-756,Lack_TV_Bench/0025_white_floor_05_02_2019_08_19_17_14,2.000,706,756,50,"{""align leg screw with table thread"":0.5604733014106751,""tighten leg"":0.14337538687512277,""pick up leg"":0.10000820115208625}",0.0832852689921856,0.11285782321201739,0.8038568894378841
24,spin leg,1970-01-01T00:00:30.240Z,1970-01-01T00:00:46.760Z,complete,case24:frames756-1169,Lack_TV_Bench/0025_white_floor_05_02_2019_08_19_17_14,16.520,756,1169,413,"{""spin leg"":0.8686807754000798,""align leg screw with table thread"":0.043753644047850704,""pick up leg"":0.016211173878802262}",0.050615814629464115,0.020738592665873776,0.9286455933267328
24,pick up leg,1970-01-01T00:00:47.600Z,1970-01-01T00:00:48.840Z,complete,case24:frames1190-1221,Lack_TV_Bench/0025_white_floor_05_02_2019_08_19_17_14,1.240,1190,1221,31,"{""pick up leg"":0.707080003054392,""align leg screw with table thread"":0.2523208308604456,""pick up side panel"":0.0023558011394456}",0.028763526930443702,0.009479845442483783,0.9617566350542832
24,align leg screw with table thread,1970-01-01T00:00:48.840Z,1970-01-01T00:00:51.000Z,complete,case24:frames1221-1275,Lack_TV_Bench/0025_white_floor_05_02_2019_08_19_17_14,2.160,1221,1275,54,"{""align leg screw with table thread"":0.9304966341566157,""spin leg"":0.03227446046312926,""pick up leg"":0.014590438938251248}",0.019123081669763283,0.0035153318020207484,0.9773615335579963
24,spin leg,1970-01-01T00:00:51.000Z,1970-01-01T00:01:06.880Z,complete,case24:frames1275-1672,Lack_TV_Bench/0025_white_floor_05_02_2019_08_19_17_14,15.880,1275,1672,397,"{""spin leg"":0.9361366021543066,""align leg screw with table thread"":0.041997975512625886,""tighten leg"":0.007244548134585509}",0.008785836752832536,0.005835068055109881,0.985379125801518
24,tighten leg,1970-01-01T00:01:07.040Z,1970-01-01T00:01:08.320Z,complete,case24:frames1676-1708,Lack_TV_Bench/0025_white_floor_05_02_2019_08_19_17_14,1.280,1676,1708,32,"{""tighten leg"":0.33598028123378754,""spin leg"":0.21464846096932888,""align leg screw with table thread"":0.04413912328891456}",0.31328690610826015,0.09194522538909666,0.594767865492031
24,align leg screw with table thread,1970-01-01T00:01:08.800Z,1970-01-01T00:01:10.720Z,complete,case24:frames1720-1768,Lack_TV_Bench/0025_white_floor_05_02_2019_08_19_17_14,1.920,1720,1768,48,"{""align leg screw with table thread"":0.4561684854949514,""pick up leg"":0.3535754179271559,""spin leg"":0.031908899933720626}",0.12033154939611752,0.03801563310429994,0.8416528033558279
24,align leg screw with table thread,1970-01-01T00:01:10.720Z,1970-01-01T00:01:14.120Z,complete,case24:frames1768-1853,Lack_TV_Bench/0025_white_floor_05_02_2019_08_19_17_14,3.400,1768,1853,85,"{""align leg screw with table thread"":0.6093843773226527,""spin leg"":0.3578005811747383,""pick up leg"":0.015146790197297163}",0.008089941049761632,0.009578321287702269,0.9823317486946882
24,spin leg,1970-01-01T00:01:14.120Z,1970-01-01T00:01:35.120Z,complete,case24:frames1853-2378,Lack_TV_Bench/0025_white_floor_05_02_2019_08_19_17_14,21.000,1853,2378,525,"{""spin leg"":0.64861795039404,""align leg screw with table thread"":0.31055831847801096,""pick up leg"":0.013968790959555744}",0.010595878912579446,0.016259056722352228,0.9731450598316067
24,flip table,1970-01-01T00:01:36.840Z,1970-01-01T00:01:42.880Z,complete,case24:frames2421-2572,Lack_TV_Bench/0025_white_floor_05_02_2019_08_19_17_14,6.040,2421,2572,151,"{""flip table"":0.24315708209544618,""attach shelf to table"":0.1518121131430596,""pick up shelf"":0.09338330153980298}",0.26346165869409677,0.248185849813647,0.4883524967783087
24,flip table,1970-01-01T00:01:42.880Z,1970-01-01T00:01:48.320Z,complete,case24:frames2572-2708,Lack_TV_Bench/0025_white_floor_05_02_2019_08_19_17_14,5.440,2572,2708,136,"{""flip table"":0.24525171770330736,""attach shelf to table"":0.21175999928484945,""rotate table"":0.06795551189262529}",0.36671891720855937,0.10831384046597282,0.5249672288807821
24,flip table,1970-01-01T00:01:51.000Z,1970-01-01T00:01:55.960Z,complete,case24:frames2775-2899,Lack_TV_Bench/0025_white_floor_05_02_2019_08_19_17_14,4.960,2775,2899,124,"{""flip table"":0.9056672288044807,""attach shelf to table"":0.018067973851312643,""rotate table"":0.01145409856126794}",0.05085491878731597,0.013955745387986078,0.9351893012170612
24,attach shelf to table,1970-01-01T00:01:55.960Z,1970-01-01T00:01:57.280Z,complete,case24:frames2899-2932,Lack_TV_Bench/0025_white_floor_05_02_2019_08_19_17_14,1.320,2899,2932,33,"{""attach shelf to table"":0.6034710172450903,""flip table"":0.08287667415358803,""pick up shelf"":0.01643402609183933}",0.23069378101464474,0.06652449864997945,0.7027817174905177
24,attach shelf to table,1970-01-01T00:01:57.280Z,1970-01-01T00:02:05.320Z,complete,case24:frames2932-3133,Lack_TV_Bench/0025_white_floor_05_02_2019_08_19_17_14,8.040,2932,3133,201,"{""attach shelf to table"":0.5199547937853419,""flip table"":0.023849895530361775,""pick up shelf"":0.004001098826865837}",0.43941367636272566,0.012780517689340392,0.5478057881425695
25,pick up shelf,1970-01-01T00:00:02.160Z,1970-01-01T00:00:04.480Z,complete,case25:frames54-112,Lack_TV_Bench/0002_black_floor_05_02_2019_08_19_17_43,2.320,54,112,58,"{""pick up shelf"":0.2711395196745108,""pick up leg"":0.12199342353590603,""flip table top"":0.032624024303694224}",0.2793617495175066,0.29488127702690425,0.425756967514111
25,pick up leg,1970-01-01T00:00:05.040Z,1970-01-01T00:00:06.000Z,complete,case25:frames126-150,Lack_TV_Bench/0002_black_floor_05_02_2019_08_19_17_43,0.960,126,150,24,"{""pick up leg"":0.8333667193849882,""flip table top"":0.022855074052737717,""align leg screw with table thread"":0.01594893168658018}",0.060579243736962475,0.06725000379391116,0.872170725124306
25,align leg screw with table thread,1970-01-01T00:00:06.920Z,1970-01-01T00:00:07.880Z,complete,case25:frames173-197,Lack_TV_Bench/0002_black_floor_05_02_2019_08_19_17_43,0.960,173,197,24,"{""align leg screw with table thread"":0.8633677996695042,""pick up leg"":0.0720086566482981,""spin leg"":0.03960587600401292}",0.02279003478664284,0.0022276631318541395,0.9749823323218152
25,spin leg,1970-01-01T00:00:07.880Z,1970-01-01T00:00:15.640Z,complete,case25:frames197-391,Lack_TV_Bench/0002_black_floor_05_02_2019_08_19_17_43,7.760,197,391,194,"{""spin leg"":0.6342713575541359,""align leg screw with table thread"":0.33165077097022655,""pick up leg"":0.019445560241271694}",0.006744037394306248,0.00788829449365791,0.9853676887656341
25,spin leg,1970-01-01T00:00:15.640Z,1970-01-01T00:00:22.560Z,complete,case25:frames391-564,Lack_TV_Bench/0002_black_floor_05_02_2019_08_19_17_43,6.920,391,564,173,"{""spin leg"":0.8178703815950824,""align leg screw with table thread"":0.11814121092330514,""tighten leg"":0.0436575719225355}",0.014364877678023254,0.005965944940144651,0.979669164440923
25,pick up leg,1970-01-01T00:00:23.680Z,1970-01-01T00:00:24.760Z,complete,case25:frames592-619,Lack_TV_Bench/0002_black_floor_05_02_2019_08_19_17_43,1.080,592,619,27,"{""pick up leg"":0.8414747428011011,""push table top"":0.028043815053361294,""align leg screw with table thread"":0.016718555241823196}",0.09098243023510333,0.022780475290012963,0.8862371130962856
25,align leg screw with table thread,1970-01-01T00:00:25.160Z,1970-01-01T00:00:26.920Z,complete,case25:frames629-673,Lack_TV_Bench/0002_black_floor_05_02_2019_08_19_17_43,1.760,629,673,44,"{""align leg screw with table thread"":0.6563149958171628,""pick up leg"":0.18901075625432318,""spin leg"":0.09649610968137329}",0.05051997111348266,0.007658198693202502,0.9418218617528593
25,spin leg,1970-01-01T00:00:26.920Z,1970-01-01T00:00:39.560Z,complete,case25:frames673-989,Lack_TV_Bench/0002_black_floor_05_02_2019_08_19_17_43,12.640,673,989,316,"{""spin leg"":0.8909190702664701,""align leg screw with table thread"":0.09703467644845383,""tighten leg"":0.0023913273095636615}",0.007307207480049397,0.0023477201638020632,0.9903450740244877
25,pick up leg,1970-01-01T00:00:40.240Z,1970-01-01T00:00:41.360Z,complete,case25:frames1006-1034,Lack_TV_Bench/0002_black_floor_05_02_2019_08_19_17_43,1.120,1006,1034,28,"{""pick up leg"":0.5927588726793017,""spin leg"":0.04379473466958318,""align leg screw with table thread"":0.034934548794158866}",0.21713137839521682,0.11138041020716827,0.6714881561430438
25,spin leg,1970-01-01T00:00:42.280Z,1970-01-01T00:00:57.680Z,complete,case25:frames1057-1442,Lack_TV_Bench/0002_black_floor_05_02_2019_08_19_17_43,15.400,1057,1442,385,"{""spin leg"":0.776759323110054,""align leg screw with table thread"":0.12355833614317628,""tighten leg"":0.03328784247497459}",0.044078898584687866,0.02231559026906145,0.9336055017282049
25,rotate table,1970-01-01T00:00:58.080Z,1970-01-01T00:01:02.160Z,complete,case25:frames1452-1554,Lack_TV_Bench/0002_black_floor_05_02_2019_08_19_17_43,4.080,1452,1554,102,"{""rotate table"":0.5035757435595288,""pick up leg"":0.28165557308524264,""flip table"":0.06410877569578588}",0.05799293072492469,0.09266697150057579,0.8493400923405574
25,pick up leg,1970-01-01T00:01:02.160Z,1970-01-01T00:01:03.120Z,complete,case25:frames1554-1578,Lack_TV_Bench/0002_black_floor_05_02_2019_08_19_17_43,0.960,1554,1578,24,"{""pick up leg"":0.46780504782994586,""rotate table"":0.37451499453163706,""pick up side panel"":0.0505774968478363}",0.035606666933745146,0.07149582343305382,0.8928975392094192
25,align leg screw with table thread,1970-01-01T00:01:04.480Z,1970-01-01T00:01:04.600Z,complete,case25:frames1612-1615,Lack_TV_Bench/0002_black_floor_05_02_2019_08_19_17_43,0.120,1612,1615,3,"{""align leg screw with table thread"":0.6152361631393433,""pick up leg"":0.1746366173028946,""spin leg"":0.15839286148548126}",0.03743135929107666,0.014303055915661389,0.9482656419277191
25,spin leg,1970-01-01T00:01:04.600Z,1970-01-01T00:01:19.160Z,complete,case25:frames1615-1979,Lack_TV_Bench/0002_black_floor_05_02_2019_08_19_17_43,14.560,1615,1979,364,"{""spin leg"":0.8468514795896116,""align leg screw with table thread"":0.11548860806071169,""pick up leg"":0.0181566057528451}",0.011460339051804371,0.008042991563348579,0.9804966934031684
25,flip table,1970-01-01T00:01:21.600Z,1970-01-01T00:01:25.960Z,complete,case25:frames2040-2149,Lack_TV_Bench/0002_black_floor_05_02_2019_08_19_17_43,4.360,2040,2149,109,"{""flip table"":0.7471821148529512,""rotate table"":0.143443536756714,""attach shelf to table"":0.035260322524839155}",0.016521127253702476,0.05759288833551636,0.9258859741345042
25,pick up shelf,1970-01-01T00:01:26.360Z,1970-01-01T00:01:31.240Z,complete,case25:frames2159-2281,Lack_TV_Bench/0002_black_floor_05_02_2019_08_19_17_43,4.880,2159,2281,122,"{""pick up shelf"":0.8362748243036817,""attach shelf to table"":0.10489278976790241,""flip table"":0.014510320400300085}",0.027381489259480942,0.01694062215655498,0.9556779344718842
25,attach shelf to table,1970-01-01T00:01:31.240Z,1970-01-01T00:01:44.040Z,complete,case25:frames2281-2601,Lack_TV_Bench/0002_black_floor_05_02_2019_08_19_17_43,12.800,2281,2601,320,"{""attach shelf to table"":0.903080171579495,""pick up shelf"":0.0657559456162744,""flip table"":0.001980788850491422}",0.025861004981561565,0.0033220873756164785,0.9708169060462609
26,flip table top,1970-01-01T00:00:00.920Z,1970-01-01T00:00:06.080Z,complete,case26:frames23-152,Lack_TV_Bench/0006_black_table_04_02_2019_08_20_12_00,5.160,23,152,129,"{""flip table top"":0.6434159209706294,""flip table"":0.1302749272345659,""pick up shelf"":0.022598047531390376}",0.15714673735490142,0.04656438917957888,0.7962888957365857
26,pick up leg,1970-01-01T00:00:06.560Z,1970-01-01T00:00:08.120Z,complete,case26:frames164-203,Lack_TV_Bench/0006_black_table_04_02_2019_08_20_12_00,1.560,164,203,39,"{""pick up leg"":0.7297692925502093,""flip table top"":0.14727954930948237,""align leg screw with table thread"":0.03461692852374071}",0.06852689822419332,0.019807338038155913,0.9116657703834323
26,spin leg,1970-01-01T00:00:08.800Z,1970-01-01T00:00:11.280Z,complete,case26:frames220-282,Lack_TV_Bench/0006_black_table_04_02_2019_08_20_12_00,2.480,220,282,62,"{""spin leg"":0.6272653983605485,""align leg screw with table thread"":0.3490045618626379,""pick up leg"":0.010009908275077901}",0.011478122834476733,0.0022420077018135373,0.9862798684982642
26,spin leg,1970-01-01T00:00:11.280Z,1970-01-01T00:00:29.600Z,complete,case26:frames282-740,Lack_TV_Bench/0006_black_table_04_02_2019_08_20_12_00,18.320,282,740,458,"{""spin leg"":0.9220087122188385,""align leg screw with table thread"":0.027219020265386355,""other"":0.008046012559571271}",0.031176679585673987,0.011549578822762118,0.9572737450437961
26,pick up leg,1970-01-01T00:00:29.600Z,1970-01-01T00:00:33.200Z,complete,case26:frames740-830,Lack_TV_Bench/0006_black_table_04_02_2019_08_20_12_00,3.600,740,830,90,"{""pick up leg"":0.28412115772565205,""align leg screw with table thread"":0.22605216470029618,""tighten leg"":0.02075996326489581}",0.24431759284602272,0.22474914442906094,0.5309332856908441
26,pick up leg,1970-01-01T00:00:34.120Z,1970-01-01T00:00:35.440Z,complete,case26:frames853-886,Lack_TV_Bench/0006_black_table_04_02_2019_08_20_12_00,1.320,853,886,33,"{""pick up leg"":0.8794377283616499,""align leg screw with table thread"":0.03211473227676117,""other"":0.004032052954602422}",0.07887685840780084,0.0055386147812954215,0.9155845135930135
26,spin leg,1970-01-01T00:00:36.360Z,1970-01-01T00:00:38.400Z,complete,case26:frames909-960,Lack_TV_Bench/0006_black_table_04_02_2019_08_20_12_00,2.040,909,960,51,"{""spin leg"":0.6870322436386463,""align leg screw with table thread"":0.2604021400797601,""pick up leg"":0.021457236881057423}",0.029174750634268217,0.0019336432837233457,0.9688916205994639
26,spin leg,1970-01-01T00:00:38.400Z,1970-01-01T00:00:53.280Z,complete,case26:frames960-1332,Lack_TV_Bench/0006_black_table_04_02_2019_08_20_12_00,14.880,960,1332,372,"{""spin leg"":0.94600631601067,""align leg screw with table thread"":0.01823059028835707,""pick up leg"":0.0069929283975701155}",0.025403596192938825,0.003366570247377458,0.9712298346965972
26,spin leg,1970-01-01T00:00:53.280Z,1970-01-01T00:01:19.720Z,complete,case26:frames1332-1993,Lack_TV_Bench/0006_black_table_04_02_2019_08_20_12_00,26.440,1332,1993,661,"{""spin leg"":0.25349189132251587,""rotate table"":0.1987627937666101,""tighten leg"":0.04364135868181813}",0.17541606125313333,0.3286878852543323,0.4958960437709441
26,pick up leg,1970-01-01T00:01:21.080Z,1970-01-01T00:01:22.200Z,complete,case26:frames2027-2055,Lack_TV_Bench/0006_black_table_04_02_2019_08_20_12_00,1.120,2027,2055,28,"{""pick up leg"":0.6620833831174033,""align leg screw with table thread"":0.19408620933869056,""spin leg"":0.031182343123613725}",0.09506343524636966,0.017584677142655353,0.8873519355797076
26,align leg screw with table thread,1970-01-01T00:01:22.200Z,1970-01-01T00:01:24.920Z,complete,case26:frames2055-2123,Lack_TV_Bench/0006_black_table_04_02_2019_08_20_12_00,2.720,2055,2123,68,"{""align leg screw with table thread"":0.4914758119129521,""spin leg"":0.37268140701823593,""pick up leg"":0.12679838411414118}",0.007906078895115676,0.0011383395743700436,0.9909556030453293
26,spin leg,1970-01-01T00:01:24.920Z,1970-01-01T00:01:43.640Z,complete,case26:frames2123-2591,Lack_TV_Bench/0006_black_table_04_02_2019_08_20_12_00,18.720,2123,2591,468,"{""spin leg"":0.9267670926757348,""align leg screw with table thread"":0.05262064992332768,""tighten leg"":0.00804628470092196}",0.007381333518050945,0.005184658071081934,0.9874340272999844
26,pick up leg,1970-01-01T00:01:43.880Z,1970-01-01T00:01:45.680Z,complete,case26:frames2597-2642,Lack_TV_Bench/0006_black_table_04_02_2019_08_20_12_00,1.800,2597,2642,45,"{""pick up leg"":0.8063146366013421,""flip table"":0.021897483855071995,""align leg screw with table thread"":0.01957290901078118}",0.12371882730060153,0.028496137952804108,0.8477850294671951
26,align leg screw with table thread,1970-01-01T00:01:46.360Z,1970-01-01T00:01:48.400Z,complete,case26:frames2659-2710,Lack_TV_Bench/0006_black_table_04_02_2019_08_20_12_00,2.040,2659,2710,51,"{""align leg screw with table thread"":0.803372279101727,""pick up leg"":0.11786945244553042,""spin leg"":0.04659754844546756}",0.0291178542024949,0.0030429129740919963,0.967839279992725
26,spin leg,1970-01-01T00:01:48.400Z,1970-01-01T00:02:06.680Z,complete,case26:frames2710-3167,Lack_TV_Bench/0006_black_table_04_02_2019_08_20_12_00,18.280,2710,3167,457,"{""spin leg"":0.8981599228648179,""align leg screw with table thread"":0.0937319565931217,""pick up leg"":0.0014872007016948458}",0.004745610564727034,0.0018753050705565368,0.9933790801596345
26,spin leg,1970-01-01T00:02:06.680Z,1970-01-01T00:02:09.640Z,complete,case26:frames3167-3241,Lack_TV_Bench/0006_black_table_04_02_2019_08_20_12_00,2.960,3167,3241,74,"{""spin leg"":0.28821621432497696,""align leg screw with table thread"":0.22622962658469742,""tighten leg"":0.20321646420838865}",0.1663926172296743,0.11594510771672115,0.7176623051180631
26,flip table,1970-01-01T00:02:11.680Z,1970-01-01T00:02:18.880Z,complete,case26:frames3292-3472,Lack_TV_Bench/0006_black_table_04_02_2019_08_20_12_00,7.200,3292,3472,180,"{""flip table"":0.9310385558340285,""rotate table"":0.02913106170862092,""pick up shelf"":0.005546889764971436}",0.029097930307034402,0.005185606252624938,0.9657165073076208
26,pick up shelf,1970-01-01T00:02:20.240Z,1970-01-01T00:02:22.720Z,complete,case26:frames3506-3568,Lack_TV_Bench/0006_black_table_04_02_2019_08_20_12_00,2.480,3506,3568,62,"{""pick up shelf"":0.6493379915914228,""attach shelf to table"":0.0690368945079465,""flip table"":0.044641431240785505}",0.207546325460557,0.02943737720459874,0.7630163173401547
26,attach shelf to table,1970-01-01T00:02:22.720Z,1970-01-01T00:02:55.680Z,complete,case26:frames3568-4392,Lack_TV_Bench/0006_black_table_04_02_2019_08_20_12_00,32.960,3568,4392,824,"{""attach shelf to table"":0.7806675936122542,""pick up shelf"":0.12030652516029292,""flip table"":0.010985789809814536}",0.08331905505665153,0.004721048161382403,0.9119599085823618
27,pick up leg,1970-01-01T00:00:02.640Z,1970-01-01T00:00:03.960Z,complete,case27:frames66-99,Lack_TV_Bench/0027_white_table_04_02_2019_08_20_10_43,1.320,66,99,33,"{""pick up leg"":0.5852537319967241,""align leg screw with table thread"":0.10523938514630903,""push table top"":0.05143287893037213}",0.21180130563902133,0.046272665371350906,0.7419259960734053
27,align leg screw with table thread,1970-01-01T00:00:03.960Z,1970-01-01T00:00:05.120Z,complete,case27:frames99-128,Lack_TV_Bench/0027_white_table_04_02_2019_08_20_10_43,1.160,99,128,29,"{""align leg screw with table thread"":0.861488689636362,""spin leg"":0.06443802985073678,""pick up leg"":0.047359284141968036}",0.026056334119418573,0.0006576576006154781,0.9732860036290668
27,spin leg,1970-01-01T00:00:05.120Z,1970-01-01T00:00:23.240Z,complete,case27:frames128-581,Lack_TV_Bench/0027_white_table_04_02_2019_08_20_10_43,18.120,128,581,453,"{""spin leg"":0.9198249504792506,""align leg screw with table thread"":0.062309424078326354,""tighten leg"":0.003806873155546027}",0.012909093368017252,0.0011496660923286126,0.9859412477131231
27,align leg screw with table thread,1970-01-01T00:00:24.040Z,1970-01-01T00:00:25.360Z,complete,case27:frames601-634,Lack_TV_Bench/0027_white_table_04_02_2019_08_20_10_43,1.320,601,634,33,"{""align leg screw with table thread"":0.5310472333521554,""pick up leg"":0.156678168611093,""spin leg"":0.031870232838572876}",0.26558662725217413,0.01481774815169956,0.7195956348018213
27,spin leg,1970-01-01T00:00:25.360Z,1970-01-01T00:00:26.840Z,complete,case27:frames634-671,Lack_TV_Bench/0027_white_table_04_02_2019_08_20_10_43,1.480,634,671,37,"{""spin leg"":0.7118699319056563,""align leg screw with table thread"":0.1912527458893286,""pick up leg"":0.03763087986137818}",0.056319679360131956,0.002926741946321795,0.940753557656363
27,spin leg,1970-01-01T00:00:26.840Z,1970-01-01T00:00:43.320Z,complete,case27:frames671-1083,Lack_TV_Bench/0027_white_table_04_02_2019_08_20_10_43,16.480,671,1083,412,"{""spin leg"":0.9717612305601824,""align leg screw with table thread"":0.01346138846671697,""tighten leg"":0.001675481191447493}",0.011537865197593436,0.001564064770238778,0.9868981002183468
27,pick up leg,1970-01-01T00:00:44.120Z,1970-01-01T00:00:45.440Z,complete,case27:frames1103-1136,Lack_TV_Bench/0027_white_table_04_02_2019_08_20_10_43,1.320,1103,1136,33,"{""pick up leg"":0.793476839973168,""align leg screw with table thread"":0.08273541927337646,""spin leg"":0.023750757967883892}",0.09154814797820467,0.008488856650591048,0.8999630172144283
27,spin leg,1970-01-01T00:00:46.280Z,1970-01-01T00:00:48.240Z,complete,case27:frames1157-1206,Lack_TV_Bench/0027_white_table_04_02_2019_08_20_10_43,1.960,1157,1206,49,"{""spin leg"":0.6243247767644269,""align leg screw with table thread"":0.2705802154176089,""tighten leg"":0.0349752215053221}",0.052626842442823916,0.017492983844626487,0.9298802136873578
27,spin leg,1970-01-01T00:00:48.240Z,1970-01-01T00:01:13.800Z,complete,case27:frames1206-1845,Lack_TV_Bench/0027_white_table_04_02_2019_08_20_10_43,25.560,1206,1845,639,"{""spin leg"":0.9162669503632845,""align leg screw with table thread"":0.027337165727208665,""tighten leg"":0.005946974812952892}",0.038951011972154996,0.011497913063139943,0.9495510909034461
27,pick up leg,1970-01-01T00:01:14.120Z,1970-01-01T00:01:15.920Z,complete,case27:frames1853-1898,Lack_TV_Bench/0027_white_table_04_02_2019_08_20_10_43,1.800,1853,1898,45,"{""pick up leg"":0.35669624507427217,""flip table"":0.19642349754770597,""align leg screw with table thread"":0.18062006483475368}",0.1537881145874659,0.11247206295293939,0.7337398074567318
27,spin leg,1970-01-01T00:01:16.920Z,1970-01-01T00:01:18.080Z,complete,case27:frames1923-1952,Lack_TV_Bench/0027_white_table_04_02_2019_08_20_10_43,1.160,1923,1952,29,"{""spin leg"":0.9659247788889654,""align leg screw with table thread"":0.01948081175314969,""tighten leg"":0.002857229412445028}",0.0069021401798416825,0.004835076323430471,0.9882628200545601
27,spin leg,1970-01-01T00:01:18.080Z,1970-01-01T00:01:39.640Z,complete,case27:frames1952-2491,Lack_TV_Bench/0027_white_table_04_02_2019_08_20_10_43,21.560,1952,2491,539,"{""spin leg"":0.9856499539677862,""align leg screw with table thread"":0.0058351674433348355,""tighten leg"":0.002292228263287921}",0.004692053313475925,0.0015306100526846845,0.9937773496744089
27,flip table,1970-01-01T00:01:40.440Z,1970-01-01T00:01:50.360Z,complete,case27:frames2511-2759,Lack_TV_Bench/0027_white_table_04_02_2019_08_20_10_43,9.920,2511,2759,248,"{""flip table"":0.8346717304159557,""pick up shelf"":0.03922862022052193,""align leg screw with table thread"":0.029868783988208195}",0.04296554236451254,0.053265347456947804,0.9037691346246859
27,pick up shelf,1970-01-01T00:01:51.000Z,1970-01-01T00:01:52.320Z,complete,case27:frames2775-2808,Lack_TV_Bench/0027_white_table_04_02_2019_08_20_10_43,1.320,2775,2808,33,"{""pick up shelf"":0.8859028292424751,""attach shelf to table"":0.0398938770998608,""flip table"":0.01904171614935904}",0.05147042554436308,0.003691068567311986,0.9448384224916949
27,attach shelf to table,1970-01-01T00:01:52.320Z,1970-01-01T00:02:09.280Z,complete,case27:frames2808-3232,Lack_TV_Bench/0027_white_table_04_02_2019_08_20_10_43,16.960,2808,3232,424,"{""attach shelf to table"":0.7515856859818945,""pick up shelf"":0.11367805559794365,""flip table"":0.008922626674077791}",0.12031872544156492,0.005494903468950816,0.8741863682539159
28,pick up leg,1970-01-01T00:00:02.960Z,1970-01-01T00:00:03.920Z,complete,case28:frames74-98,Lack_TV_Bench/0023_black_floor_05_02_2019_08_19_16_11,0.960,74,98,24,"{""pick up leg"":0.7128548954303066,""align leg screw with table thread"":0.09739668038673699,""flip table top"":0.003885937933318928}",0.17338229327773055,0.012480253058262395,0.8141375137503625
28,align leg screw with table thread,1970-01-01T00:00:04.200Z,1970-01-01T00:00:05.640Z,complete,case28:frames105-141,Lack_TV_Bench/0023_black_floor_05_02_2019_08_19_16_11,1.440,105,141,36,"{""align leg screw with table thread"":0.9396346592240863,""pick up leg"":0.025842239355875388,""spin leg"":0.009911218994400568}",0.021601474119557276,0.0030104550827924196,0.9753881175743623
28,spin leg,1970-01-01T00:00:05.640Z,1970-01-01T00:00:23.400Z,complete,case28:frames141-585,Lack_TV_Bench/0023_black_floor_05_02_2019_08_19_16_11,17.760,141,585,444,"{""spin leg"":0.9145269909273699,""align leg screw with table thread"":0.06426781706872757,""tighten leg"":0.006232779642838675}",0.012955469216706718,0.0020169549680720622,0.985027587638936
28,spin leg,1970-01-01T00:00:23.400Z,1970-01-01T00:00:25.640Z,complete,case28:frames585-641,Lack_TV_Bench/0023_black_floor_05_02_2019_08_19_16_11,2.240,585,641,56,"{""spin leg"":0.7504988512955606,""align leg screw with table thread"":0.14058136309696628,""tighten leg"":0.043994590168170235}",0.04923937643512285,0.015685880193801717,0.9350748045606971
28,pick up leg,1970-01-01T00:00:25.640Z,1970-01-01T00:00:27.240Z,complete,case28:frames641-681,Lack_TV_Bench/0023_black_floor_05_02_2019_08_19_16_11,1.600,641,681,40,"{""pick up leg"":0.5810698930174112,""align leg screw with table thread"":0.23304571881890296,""spin leg"":0.008581726346164942}",0.16680195666849612,0.010500682744562088,0.8226973381824791
28,align leg screw with table thread,1970-01-01T00:00:27.240Z,1970-01-01T00:00:29.840Z,complete,case28:frames681-746,Lack_TV_Bench/0023_black_floor_05_02_2019_08_19_16_11,2.600,681,746,65,"{""align leg screw with table thread"":0.893080066717588,""spin leg"":0.030532755545125558,""pick up leg"":0.028545497300533147}",0.03126021159382967,0.016581490661869664,0.9521583195632467
28,spin leg,1970-01-01T00:00:29.840Z,1970-01-01T00:00:50.120Z,complete,case28:frames746-1253,Lack_TV_Bench/0023_black_floor_05_02_2019_08_19_16_11,20.280,746,1253,507,"{""spin leg"":0.9031050075010876,""align leg screw with table thread"":0.04517725905811293,""tighten leg"":0.021522679300041946}",0.024460998924055982,0.005734042451623199,0.9698049458592425
28,spin leg,1970-01-01T00:00:50.120Z,1970-01-01T00:00:54.040Z,complete,case28:frames1253-1351,Lack_TV_Bench/0023_black_floor_05_02_2019_08_19_16_11,3.920,1253,1351,98,"{""spin leg"":0.5195555135759772,""tighten leg"":0.1794994605743155,""align leg screw with table thread"":0.10691382564908387}",0.15526840805399175,0.03876278407431759,0.8059687997993766
28,pick up leg,1970-01-01T00:00:54.040Z,1970-01-01T00:00:57.120Z,complete,case28:frames1351-1428,Lack_TV_Bench/0023_black_floor_05_02_2019_08_19_16_11,3.080,1351,1428,77,"{""pick up leg"":0.6313874528005525,""align leg screw with table thread"":0.043185708004158815,""spin leg"":0.012448036656170697}",0.2518508666521543,0.061127935363413585,0.687021197460882
28,align leg screw with table thread,1970-01-01T00:00:57.120Z,1970-01-01T00:00:59.680Z,complete,case28:frames1428-1492,Lack_TV_Bench/0023_black_floor_05_02_2019_08_19_16_11,2.560,1428,1492,64,"{""align leg screw with table thread"":0.7426364095881581,""pick up leg"":0.15984298038529232,""spin leg"":0.02504313667304814}",0.0672285548353102,0.005248971695019117,0.9275225266464986
28,spin leg,1970-01-01T00:00:59.680Z,1970-01-01T00:01:18.600Z,complete,case28:frames1492-1965,Lack_TV_Bench/0023_black_floor_05_02_2019_08_19_16_11,18.920,1492,1965,473,"{""spin leg"":0.9072793691909339,""align leg screw with table thread"":0.08061870852245084,""tighten leg"":0.0026222266932165775}",0.006276920599268304,0.0032027908369950736,0.9905203044066013
28,align leg screw with table thread,1970-01-01T00:01:18.600Z,1970-01-01T00:01:21.480Z,complete,case28:frames1965-2037,Lack_TV_Bench/0023_black_floor_05_02_2019_08_19_16_11,2.880,1965,2037,72,"{""align leg screw with table thread"":0.3578818216919899,""spin leg"":0.31299859293115634,""pick up leg"":0.23348357948836768}",0.0509780362351901,0.0446579713902099,0.9043639941115138
28,spin leg,1970-01-01T00:01:21.480Z,1970-01-01T00:01:50.280Z,complete,case28:frames2037-2757,Lack_TV_Bench/0023_black_floor_05_02_2019_08_19_16_11,28.800,2037,2757,720,"{""spin leg"":0.695130712676069,""align leg screw with table thread"":0.2497876631665147,""tighten leg"":0.011283921380203942}",0.03031327254138887,0.013484421966221847,0.9562022972227876
28,flip table,1970-01-01T00:01:52.560Z,1970-01-01T00:01:58.680Z,complete,case28:frames2814-2967,Lack_TV_Bench/0023_black_floor_05_02_2019_08_19_16_11,6.120,2814,2967,153,"{""flip table"":0.8392385115810469,""rotate table"":0.08472864694735097,""attach shelf to table"":0.005385753420163311}",0.05526163516675725,0.01538545627039114,0.9293529119485612
28,pick up shelf,1970-01-01T00:02:01.960Z,1970-01-01T00:02:06.360Z,complete,case28:frames3049-3159,Lack_TV_Bench/0023_black_floor_05_02_2019_08_19_16_11,4.400,3049,3159,110,"{""pick up shelf"":0.6896491885185242,""attach shelf to table"":0.18809517378156834,""flip table"":0.030080461844971235}",0.08477840159427036,0.007396734223340218,0.9078248241450638
28,attach shelf to table,1970-01-01T00:02:06.520Z,1970-01-01T00:02:21.840Z,complete,case28:frames3163-3546,Lack_TV_Bench/0023_black_floor_05_02_2019_08_19_16_11,15.320,3163,3546,383,"{""attach shelf to table"":0.9525926641477929,""pick up shelf"":0.013631044124759486,""rotate table"":0.001283153344118845}",0.031211776041253116,0.001281369587492014,0.9675068616166712
29,tighten leg,1970-01-01T00:00:05.080Z,1970-01-01T00:00:06.240Z,complete,case29:frames127-156,Lack_Coffee_Table/0039_white_floor_08_04_2019_08_28_10_35,1.160,127,156,29,"{""tighten leg"":0.295372127458967,""spin leg"":0.13399797857835374,""pick up leg"":0.06446695995741877}",0.33641255107419243,0.16975038931448283,0.49383706599473953
29,pick up shelf,1970-01-01T00:00:06.280Z,1970-01-01T00:00:07.240Z,complete,case29:frames157-181,Lack_Coffee_Table/0039_white_floor_08_04_2019_08_28_10_35,0.960,157,181,24,"{""pick up shelf"":0.3264090259326622,""pick up leg"":0.2277316047499577,""lay down leg"":0.0009861815681991477}",0.2968647852540016,0.1480083788582956,0.5551268122508191
29,pick up shelf,1970-01-01T00:00:07.720Z,1970-01-01T00:00:11.000Z,complete,case29:frames193-275,Lack_Coffee_Table/0039_white_floor_08_04_2019_08_28_10_35,3.280,193,275,82,"{""pick up shelf"":0.3057910385428042,""align leg screw with table thread"":0.13060334215803845,""flip table top"":0.0023107028022556135}",0.1430219524517292,0.4182729494817754,0.4387050835030983
29,align leg screw with table thread,1970-01-01T00:00:11.160Z,1970-01-01T00:00:12.440Z,complete,case29:frames279-311,Lack_Coffee_Table/0039_white_floor_08_04_2019_08_28_10_35,1.280,279,311,32,"{""align leg screw with table thread"":0.17733420291915536,""spin leg"":0.16482081590220332,""pick up leg"":0.1420899184886366}",0.33283888828009367,0.1829162047916526,0.4842449373099953
29,align leg screw with table thread,1970-01-01T00:00:12.480Z,1970-01-01T00:00:14.000Z,complete,case29:frames312-350,Lack_Coffee_Table/0039_white_floor_08_04_2019_08_28_10_35,1.520,312,350,38,"{""align leg screw with table thread"":0.1844051558720438,""spin leg"":0.12686988789784281,""pick up leg"":0.09713545480841085}",0.3209581524133682,0.270631351678898,0.4084104985782975
29,spin leg,1970-01-01T00:00:14.040Z,1970-01-01T00:00:31.960Z,complete,case29:frames351-799,Lack_Coffee_Table/0039_white_floor_08_04_2019_08_28_10_35,17.920,351,799,448,"{""spin leg"":0.3137581190426967,""align leg screw with table thread"":0.1402682355671589,""tighten leg"":0.07387455435569532}",0.2971414419755872,0.17495764773265626,0.5279009089655509
29,align leg screw with table thread,1970-01-01T00:00:33.040Z,1970-01-01T00:00:33.840Z,complete,case29:frames826-846,Lack_Coffee_Table/0039_white_floor_08_04_2019_08_28_10_35,0.800,826,846,20,"{""align leg screw with table thread"":0.32947357594966886,""pick up leg"":0.25571324974298476,""spin leg"":0.06013757698237896}",0.26449447572231294,0.09018116089027899,0.6453244026750325
29,align leg screw with table thread,1970-01-01T00:00:33.840Z,1970-01-01T00:00:35.360Z,complete,case29:frames846-884,Lack_Coffee_Table/0039_white_floor_08_04_2019_08_28_10_35,1.520,846,884,38,"{""align leg screw with table thread"":0.41331680040610463,""spin leg"":0.10975503705834087,""pick up leg"":0.07982341523625348}",0.2423723849811052,0.1547323213956432,0.602895252700699
29,spin leg,1970-01-01T00:00:35.360Z,1970-01-01T00:00:48.040Z,complete,case29:frames884-1201,Lack_Coffee_Table/0039_white_floor_08_04_2019_08_28_10_35,12.680,884,1201,317,"{""spin leg"":0.5978507999718565,""align leg screw with table thread"":0.22181560275400475,""tighten leg"":0.03219591340855093}",0.10231671235538807,0.04582096972246128,0.8518623161344122
29,pick up leg,1970-01-01T00:00:48.360Z,1970-01-01T00:00:49.640Z,complete,case29:frames1209-1241,Lack_Coffee_Table/0039_white_floor_08_04_2019_08_28_10_35,1.280,1209,1241,32,"{""pick up leg"":0.27482580998912454,""align leg screw with table thread"":0.09711399371735752,""tighten leg"":0.03032694768626243}",0.47030338691547513,0.1274298594813672,0.4022667513927445
29,tighten leg,1970-01-01T00:00:49.640Z,1970-01-01T00:00:53.040Z,complete,case29:frames1241-1326,Lack_Coffee_Table/0039_white_floor_08_04_2019_08_28_10_35,3.400,1241,1326,85,"{""tighten leg"":0.46939058838521736,""align leg screw with table thread"":0.14311425221316953,""spin leg"":0.13923633747241076}",0.11285052579991958,0.13540827187002705,0.7517411780707977
29,tighten leg,1970-01-01T00:00:53.040Z,1970-01-01T00:01:03.560Z,complete,case29:frames1326-1589,Lack_Coffee_Table/0039_white_floor_08_04_2019_08_28_10_35,10.520,1326,1589,263,"{""tighten leg"":0.541988659947544,""spin leg"":0.2978035889197665,""align leg screw with table thread"":0.036230752797011184}",0.11078307366869748,0.013193916953050933,0.8760230016643216
29,pick up leg,1970-01-01T00:01:03.840Z,1970-01-01T00:01:05.240Z,complete,case29:frames1596-1631,Lack_Coffee_Table/0039_white_floor_08_04_2019_08_28_10_35,1.400,1596,1631,35,"{""pick up leg"":0.36112487337418964,""align leg screw with table thread"":0.10392716548272542,""tighten leg"":0.08819997193557876}",0.29542414886610846,0.15132390849518876,0.5532520107924938
29,attach shelf to table,1970-01-01T00:01:05.240Z,1970-01-01T00:01:08.040Z,complete,case29:frames1631-1701,Lack_Coffee_Table/0039_white_floor_08_04_2019_08_28_10_35,2.800,1631,1701,70,"{""attach shelf to table"":0.3060555194105421,""align leg screw with table thread"":0.26273058418716705,""spin leg"":0.1793121686205268}",0.11727485262921879,0.13462686379759659,0.7480982722182359
29,spin leg,1970-01-01T00:01:08.040Z,1970-01-01T00:01:21.960Z,complete,case29:frames1701-2049,Lack_Coffee_Table/0039_white_floor_08_04_2019_08_28_10_35,13.920,1701,2049,348,"{""spin leg"":0.42529875708037407,""align leg screw with table thread"":0.17319492075121265,""tighten leg"":0.14699296411340948}",0.0811664330740941,0.17334692476609279,0.7454866419449961
29,attach shelf to table,1970-01-01T00:01:23.280Z,1970-01-01T00:01:27.200Z,complete,case29:frames2082-2180,Lack_Coffee_Table/0039_white_floor_08_04_2019_08_28_10_35,3.920,2082,2180,98,"{""attach shelf to table"":0.4218057704215147,""pick up shelf"":0.21484933785942137,""flip shelf"":8.248934570975526e-05}",0.19940454166914737,0.16385786913500705,0.6367375976266458
29,pick up shelf,1970-01-01T00:01:27.200Z,1970-01-01T00:01:28.920Z,complete,case29:frames2180-2223,Lack_Coffee_Table/0039_white_floor_08_04_2019_08_28_10_35,1.720,2180,2223,43,"{""pick up shelf"":0.7224376534306726,""attach shelf to table"":0.11365062344905942,""flip table"":0.022264356421696586}",0.08327471438881963,0.05837264874137424,0.8583526333014285
29,pick up shelf,1970-01-01T00:01:29.720Z,1970-01-01T00:01:31.880Z,complete,case29:frames2243-2297,Lack_Coffee_Table/0039_white_floor_08_04_2019_08_28_10_35,2.160,2243,2297,54,"{""pick up shelf"":0.4488809398651399,""attach shelf to table"":0.11061582954048559,""lay down shelf"":0.013146954190300743}",0.14169792582591376,0.28565835484297336,0.5726437235959262
29,flip table,1970-01-01T00:01:31.880Z,1970-01-01T00:01:38.560Z,complete,case29:frames2297-2464,Lack_Coffee_Table/0039_white_floor_08_04_2019_08_28_10_35,6.680,2297,2464,167,"{""flip table"":0.25320067631727655,""pick up shelf"":0.19015113515835144,""attach shelf to table"":0.11945021654964386}",0.11168838127287561,0.3255095889230511,0.5628020280252718
29,pick up shelf,1970-01-01T00:01:38.560Z,1970-01-01T00:01:41.320Z,complete,case29:frames2464-2533,Lack_Coffee_Table/0039_white_floor_08_04_2019_08_28_10_35,2.760,2464,2533,69,"{""pick up shelf"":0.3883680472339409,""attach shelf to table"":0.2667470946907997,""flip shelf"":0.0022183061042544095}",0.12156421912537105,0.22110231278979645,0.6573334480289951
29,attach shelf to table,1970-01-01T00:01:41.320Z,1970-01-01T00:01:54.320Z,complete,case29:frames2533-2858,Lack_Coffee_Table/0039_white_floor_08_04_2019_08_28_10_35,13.000,2533,2858,325,"{""attach shelf to table"":0.4390327618672298,""align leg screw with table thread"":0.088464262358701,""pick up shelf"":0.08187542690250736}",0.19253348922500244,0.19809406276954358,0.6093724511284382
3,align leg screw with table thread,1970-01-01T00:00:07.040Z,1970-01-01T00:00:10.040Z,complete,case3:frames176-251,Lack_TV_Bench/0040_white_floor_08_04_2019_08_28_11_55,3.000,176,251,75,"{""align leg screw with table thread"":0.37097108860810596,""pick up leg"":0.24852525770664216,""pick up table top"":2.6376801785469675e-05}",0.07500458141167958,0.30547266923222527,0.6195227231165337
3,align leg screw with table thread,1970-01-01T00:00:10.040Z,1970-01-01T00:00:15.480Z,complete,case3:frames251-387,Lack_TV_Bench/0040_white_floor_08_04_2019_08_28_11_55,5.440,251,387,136,"{""align leg screw with table thread"":0.40569336876711426,""pick up leg"":0.15586642668965986,""flip table top"":0.012909025807269192}",0.14936898128293893,0.2761621995210138,0.5744688212640433
3,tighten leg,1970-01-01T00:00:15.480Z,1970-01-01T00:00:18.720Z,complete,case3:frames387-468,Lack_TV_Bench/0040_white_floor_08_04_2019_08_28_11_55,3.240,387,468,81,"{""tighten leg"":0.2652139922756311,""align leg screw with table thread"":0.23689190417896083,""lay down table top"":5.825806029850041e-05}",0.14658940215537578,0.3512464396118864,0.5021641545148904
3,pick up leg,1970-01-01T00:00:18.720Z,1970-01-01T00:00:20.520Z,complete,case3:frames468-513,Lack_TV_Bench/0040_white_floor_08_04_2019_08_28_11_55,1.800,468,513,45,"{""pick up leg"":0.6042536762025621,""pick up shelf"":0.10231199358952128,""align leg screw with table thread"":0.04414034883181254}",0.19165432022677528,0.057639620301223556,0.7507060186238959
3,spin leg,1970-01-01T00:00:20.520Z,1970-01-01T00:00:23.720Z,complete,case3:frames513-593,Lack_TV_Bench/0040_white_floor_08_04_2019_08_28_11_55,3.200,513,593,80,"{""spin leg"":0.24376088343560695,""pick up leg"":0.15367605151841418,""align leg screw with table thread"":0.13818623786792159}",0.3347332950681448,0.12964352340881038,0.5356231728219427
3,spin leg,1970-01-01T00:00:23.720Z,1970-01-01T00:00:40.240Z,complete,case3:frames593-1006,Lack_TV_Bench/0040_white_floor_08_04_2019_08_28_11_55,16.520,593,1006,413,"{""spin leg"":0.8327587671199087,""align leg screw with table thread"":0.033269025186938174,""tighten leg"":0.018294540177534624}",0.09430104313693381,0.021376617286030377,0.8843223324843815
3,pick up leg,1970-01-01T00:00:40.240Z,1970-01-01T00:00:43.640Z,complete,case3:frames1006-1091,Lack_TV_Bench/0040_white_floor_08_04_2019_08_28_11_55,3.400,1006,1091,85,"{""pick up leg"":0.38933839828652494,""align leg screw with table thread"":0.20891507522148245,""spin leg"":0.06722911605063607}",0.25365120856200946,0.08086620290680459,0.6654825895586435
3,spin leg,1970-01-01T00:00:43.640Z,1970-01-01T00:00:50.480Z,complete,case3:frames1091-1262,Lack_TV_Bench/0040_white_floor_08_04_2019_08_28_11_55,6.840,1091,1262,171,"{""spin leg"":0.5304259211696379,""align leg screw with table thread"":0.39726475966081287,""pick up leg"":0.014314513170495303}",0.03375142457083478,0.02424337684972057,0.9420051940009461
3,spin leg,1970-01-01T00:00:50.480Z,1970-01-01T00:01:09.000Z,complete,case3:frames1262-1725,Lack_TV_Bench/0040_white_floor_08_04_2019_08_28_11_55,18.520,1262,1725,463,"{""spin leg"":0.6280929279749002,""tighten leg"":0.19228677309171516,""align leg screw with table thread"":0.035082980592133675}",0.10574017049338404,0.03879715797856451,0.8554626816587491
3,spin leg,1970-01-01T00:01:09.000Z,1970-01-01T00:01:16.240Z,complete,case3:frames1725-1906,Lack_TV_Bench/0040_white_floor_08_04_2019_08_28_11_55,7.240,1725,1906,181,"{""spin leg"":0.24493745753531299,""tighten leg"":0.23581132819639386,""align leg screw with table thread"":0.07945978315289837}",0.27994347738297604,0.15984797878587606,0.5602085688846052
3,pick up leg,1970-01-01T00:01:18.440Z,1970-01-01T00:01:20.480Z,complete,case3:frames1961-2012,Lack_TV_Bench/0040_white_floor_08_04_2019_08_28_11_55,2.040,1961,2012,51,"{""pick up leg"":0.5477065391400281,""align leg screw with table thread"":0.042155968280983905,""pick up shelf"":0.0206195910223851}",0.3443662360602734,0.04515166395499452,0.6104820984433971
3,spin leg,1970-01-01T00:01:20.480Z,1970-01-01T00:01:23.480Z,complete,case3:frames2012-2087,Lack_TV_Bench/0040_white_floor_08_04_2019_08_28_11_55,3.000,2012,2087,75,"{""spin leg"":0.2335400109986464,""align leg screw with table thread"":0.21285187502702077,""tighten leg"":0.20453486904191473}",0.20346489787101746,0.14560833094502112,0.6509267550675819
3,spin leg,1970-01-01T00:01:23.480Z,1970-01-01T00:01:36.360Z,complete,case3:frames2087-2409,Lack_TV_Bench/0040_white_floor_08_04_2019_08_28_11_55,12.880,2087,2409,322,"{""spin leg"":0.6935629080171171,""tighten leg"":0.10068085133126989,""align leg screw with table thread"":0.08197052869367304}",0.08976590179878732,0.03401979707797726,0.87621428804206
3,pick up leg,1970-01-01T00:01:36.360Z,1970-01-01T00:01:42.800Z,complete,case3:frames2409-2570,Lack_TV_Bench/0040_white_floor_08_04_2019_08_28_11_55,6.440,2409,2570,161,"{""pick up leg"":0.2643755123782787,""spin leg"":0.16577732660200284,""align leg screw with table thread"":0.11223643111146014}",0.2982114141587145,0.15939929310844148,0.5423892700917416
3,align leg screw with table thread,1970-01-01T00:01:42.800Z,1970-01-01T00:01:46.000Z,complete,case3:frames2570-2650,Lack_TV_Bench/0040_white_floor_08_04_2019_08_28_11_55,3.200,2570,2650,80,"{""align leg screw with table thread"":0.5650072742253542,""spin leg"":0.3432924802880734,""pick up leg"":0.024691857054131107}",0.05600247432012111,0.01100590600068294,0.9329916115675588
3,spin leg,1970-01-01T00:01:46.000Z,1970-01-01T00:02:00.720Z,complete,case3:frames2650-3018,Lack_TV_Bench/0040_white_floor_08_04_2019_08_28_11_55,14.720,2650,3018,368,"{""spin leg"":0.916333620638951,""align leg screw with table thread"":0.04800643692926868,""tighten leg"":0.014795155459939016}",0.01608500713178807,0.004779769746060953,0.9791352130281586
3,pick up shelf,1970-01-01T00:02:09.960Z,1970-01-01T00:02:18.400Z,complete,case3:frames3249-3460,Lack_TV_Bench/0040_white_floor_08_04_2019_08_28_11_55,8.440,3249,3460,211,"{""pick up shelf"":0.27292009992127736,""flip table"":0.12876620622996188,""align leg screw with table thread"":0.12029977358648139}",0.21529637411307384,0.2627175465373251,0.5219860797377206
3,pick up shelf,1970-01-01T00:02:18.400Z,1970-01-01T00:02:22.240Z,complete,case3:frames3460-3556,Lack_TV_Bench/0040_white_floor_08_04_2019_08_28_11_55,3.840,3460,3556,96,"{""pick up shelf"":0.3052405919879675,""pick up leg"":0.23106289684559064,""align leg screw with table thread"":0.040662773622898385}",0.34070113984247047,0.08233259737367818,0.5769662624564565
3,attach shelf to table,1970-01-01T00:02:22.240Z,1970-01-01T00:02:36.320Z,complete,case3:frames3556-3908,Lack_TV_Bench/0040_white_floor_08_04_2019_08_28_11_55,14.080,3556,3908,352,"{""attach shelf to table"":0.5865161933225781,""pick up shelf"":0.17866957058537414,""spin leg"":0.03809577366105672}",0.13219294540414755,0.06452553043459341,0.803281537569009
30,pick up leg,1970-01-01T00:00:02.200Z,1970-01-01T00:00:08.400Z,complete,case30:frames55-210,Lack_Coffee_Table/0004_white_floor_08_04_2019_08_28_11_04,6.200,55,210,155,"{""pick up leg"":0.24819470884338501,""align leg screw with table thread"":0.15572479708540823,""flip table top"":0.08105218965680369}",0.20997091137593793,0.3050573908214495,0.48497169558559694
30,align leg screw with table thread,1970-01-01T00:00:08.400Z,1970-01-01T00:00:10.920Z,complete,case30:frames210-273,Lack_Coffee_Table/0004_white_floor_08_04_2019_08_28_11_04,2.520,210,273,63,"{""align leg screw with table thread"":0.3796956889213078,""pick up leg"":0.30885665574007565,""spin leg"":0.06611695530868712}",0.18720339664391109,0.05812733663315601,0.7546692999700706
30,spin leg,1970-01-01T00:00:10.920Z,1970-01-01T00:00:23.720Z,complete,case30:frames273-593,Lack_Coffee_Table/0004_white_floor_08_04_2019_08_28_11_04,12.800,273,593,320,"{""spin leg"":0.88113219832303,""align leg screw with table thread"":0.11179342563264072,""pick up leg"":0.0012735853240883443}",0.0038545336516108363,0.0019462368414497335,0.9941992092797591
30,spin leg,1970-01-01T00:00:23.720Z,1970-01-01T00:00:26.920Z,complete,case30:frames593-673,Lack_Coffee_Table/0004_white_floor_08_04_2019_08_28_11_04,3.200,593,673,80,"{""spin leg"":0.37952436037303416,""align leg screw with table thread"":0.2731916387565434,""pick up leg"":0.22540478256414645}",0.09551537747029215,0.02636385984040431,0.878120781693724
30,spin leg,1970-01-01T00:00:26.920Z,1970-01-01T00:00:43.400Z,complete,case30:frames673-1085,Lack_Coffee_Table/0004_white_floor_08_04_2019_08_28_11_04,16.480,673,1085,412,"{""spin leg"":0.6351635018798739,""align leg screw with table thread"":0.21541879337407577,""tighten leg"":0.12079679925361754}",0.02196722717060554,0.0066536821426880395,0.9713790945075672
30,tighten leg,1970-01-01T00:00:43.400Z,1970-01-01T00:00:47.600Z,complete,case30:frames1085-1190,Lack_Coffee_Table/0004_white_floor_08_04_2019_08_28_11_04,4.200,1085,1190,105,"{""tighten leg"":0.3476590950574194,""align leg screw with table thread"":0.16957030166827497,""pick up leg"":0.10850690649600611}",0.18813634794205428,0.18612736360585155,0.6257363032217005
30,spin leg,1970-01-01T00:00:47.600Z,1970-01-01T00:01:00.560Z,complete,case30:frames1190-1514,Lack_Coffee_Table/0004_white_floor_08_04_2019_08_28_11_04,12.960,1190,1514,324,"{""spin leg"":0.8729801433459844,""align leg screw with table thread"":0.04712135513761529,""tighten leg"":0.025594246102336012}",0.03736298634774155,0.016941281264304973,0.9456957445859356
30,pick up leg,1970-01-01T00:01:00.560Z,1970-01-01T00:01:03.600Z,complete,case30:frames1514-1590,Lack_Coffee_Table/0004_white_floor_08_04_2019_08_28_11_04,3.040,1514,1590,76,"{""pick up leg"":0.2678315086676249,""align leg screw with table thread"":0.1866836258161225,""spin leg"":0.11685848432151895}",0.29522321990838174,0.1334031418106601,0.5713736188052663
30,spin leg,1970-01-01T00:01:03.600Z,1970-01-01T00:01:16.880Z,complete,case30:frames1590-1922,Lack_Coffee_Table/0004_white_floor_08_04_2019_08_28_11_04,13.280,1590,1922,332,"{""spin leg"":0.5228424197040409,""tighten leg"":0.15972351963373732,""align leg screw with table thread"":0.14072817056832543}",0.09609511193920331,0.08061077365883465,0.8232941099061036
30,flip table,1970-01-01T00:01:23.280Z,1970-01-01T00:01:28.160Z,complete,case30:frames2082-2204,Lack_Coffee_Table/0004_white_floor_08_04_2019_08_28_11_04,4.880,2082,2204,122,"{""flip table"":0.28607825940993964,""attach shelf to table"":0.23081638877180818,""pick up shelf"":0.21698917237446322}",0.06063159707872594,0.2054845566043893,0.733883820556211
30,pick up shelf,1970-01-01T00:01:41.800Z,1970-01-01T00:01:47.840Z,complete,case30:frames2545-2696,Lack_Coffee_Table/0004_white_floor_08_04_2019_08_28_11_04,6.040,2545,2696,151,"{""pick up shelf"":0.9031020312119793,""attach shelf to table"":0.08611523308205289,""flip table"":0.0015785254743135232}",0.0063156668028936085,0.0028885168825667105,0.9907957897683457
30,attach shelf to table,1970-01-01T00:01:47.840Z,1970-01-01T00:02:07.720Z,complete,case30:frames2696-3193,Lack_Coffee_Table/0004_white_floor_08_04_2019_08_28_11_04,19.880,2696,3193,497,"{""attach shelf to table"":0.7172740853768239,""pick up shelf"":0.15411214193987888,""spin leg"":0.029473602378710925}",0.06656726925695686,0.03257293397251036,0.9008598296954137
31,flip table,1970-01-01T00:00:02.600Z,1970-01-01T00:00:11.000Z,complete,case31:frames65-275,Lack_Coffee_Table/0012_black_table_04_02_2019_08_20_11_49,8.400,65,275,210,"{""flip table"":0.43812916489162795,""flip table top"":0.18896617805363522,""rotate table"":0.11330496324669748}",0.10603210411611058,0.15356761293517127,0.7404003061919606
31,pick up leg,1970-01-01T00:00:11.000Z,1970-01-01T00:00:13.200Z,complete,case31:frames275-330,Lack_Coffee_Table/0012_black_table_04_02_2019_08_20_11_49,2.200,275,330,55,"{""pick up leg"":0.46368175745010376,""align leg screw with table thread"":0.19206621213392777,""rotate table"":0.0238696176558733}",0.27097330635244193,0.04940912265385785,0.6796175872399048
31,align leg screw with table thread,1970-01-01T00:00:13.200Z,1970-01-01T00:00:14.600Z,complete,case31:frames330-365,Lack_Coffee_Table/0012_black_table_04_02_2019_08_20_11_49,1.400,330,365,35,"{""align leg screw with table thread"":0.6421808481216431,""pick up leg"":0.14224876346332685,""rotate table"":0.12775668145290442}",0.046578849266682355,0.04123478887774872,0.9121862930378744
31,spin leg,1970-01-01T00:00:14.600Z,1970-01-01T00:00:37.240Z,complete,case31:frames365-931,Lack_Coffee_Table/0012_black_table_04_02_2019_08_20_11_49,22.640,365,931,566,"{""spin leg"":0.7419632249314325,""align leg screw with table thread"":0.24052876829047928,""pick up leg"":0.006380675842676167}",0.007446718474606533,0.003680646888309934,0.988872669064588
31,align leg screw with table thread,1970-01-01T00:00:37.240Z,1970-01-01T00:00:43.640Z,complete,case31:frames931-1091,Lack_Coffee_Table/0012_black_table_04_02_2019_08_20_11_49,6.400,931,1091,160,"{""align leg screw with table thread"":0.39522892916575075,""spin leg"":0.2195548244169913,""tighten leg"":0.009744593734103546}",0.17245734720490874,0.20301428507132396,0.6245283473168456
31,pick up leg,1970-01-01T00:00:43.640Z,1970-01-01T00:00:45.040Z,complete,case31:frames1091-1126,Lack_Coffee_Table/0012_black_table_04_02_2019_08_20_11_49,1.400,1091,1126,35,"{""pick up leg"":0.7391441651753017,""align leg screw with table thread"":0.17522436763559068,""spin leg"":0.00733329603182418}",0.0660608383161681,0.012237363925055433,0.9217018288427166
31,align leg screw with table thread,1970-01-01T00:00:45.040Z,1970-01-01T00:00:47.440Z,complete,case31:frames1126-1186,Lack_Coffee_Table/0012_black_table_04_02_2019_08_20_11_49,2.400,1126,1186,60,"{""align leg screw with table thread"":0.7607989170278112,""pick up leg"":0.11880611628779054,""spin leg"":0.056461259226004284}",0.062176941661164165,0.0017567586146715424,0.9360662925416061
31,spin leg,1970-01-01T00:00:47.440Z,1970-01-01T00:01:08.640Z,complete,case31:frames1186-1716,Lack_Coffee_Table/0012_black_table_04_02_2019_08_20_11_49,21.200,1186,1716,530,"{""spin leg"":0.9616957904595249,""align leg screw with table thread"":0.01231693502445266,""pick up leg"":0.002815981443756137}",0.019463262111300006,0.003708022263683218,0.9768287069277337
31,pick up leg,1970-01-01T00:01:08.640Z,1970-01-01T00:01:11.040Z,complete,case31:frames1716-1776,Lack_Coffee_Table/0012_black_table_04_02_2019_08_20_11_49,2.400,1716,1776,60,"{""pick up leg"":0.39269661009311674,""align leg screw with table thread"":0.07337722033262253,""rotate table"":0.033175710464517276}",0.46668990155061085,0.03406055513473233,0.4992495408902565
31,align leg screw with table thread,1970-01-01T00:01:11.040Z,1970-01-01T00:01:13.640Z,complete,case31:frames1776-1841,Lack_Coffee_Table/0012_black_table_04_02_2019_08_20_11_49,2.600,1776,1841,65,"{""align leg screw with table thread"":0.5290201175957918,""spin leg"":0.15124854032809917,""pick up leg"":0.11826755993265228}",0.12172897572163492,0.07973486384146057,0.7985362178565433
31,spin leg,1970-01-01T00:01:13.640Z,1970-01-01T00:01:40.480Z,complete,case31:frames1841-2512,Lack_Coffee_Table/0012_black_table_04_02_2019_08_20_11_49,26.840,1841,2512,671,"{""spin leg"":0.8956031652747608,""align leg screw with table thread"":0.06676053973928027,""pick up leg"":0.01368453269333394}",0.020075005128523043,0.0038767397001976812,0.976048237707375
31,pick up leg,1970-01-01T00:01:40.680Z,1970-01-01T00:01:42.480Z,complete,case31:frames2517-2562,Lack_Coffee_Table/0012_black_table_04_02_2019_08_20_11_49,1.800,2517,2562,45,"{""pick up leg"":0.5439264837238523,""align leg screw with table thread"":0.25482370919651454,""spin leg"":0.040435857739713456}",0.1516151054037942,0.009198858320520977,0.8391860506600803
31,spin leg,1970-01-01T00:01:42.480Z,1970-01-01T00:01:44.880Z,complete,case31:frames2562-2622,Lack_Coffee_Table/0012_black_table_04_02_2019_08_20_11_49,2.400,2562,2622,60,"{""spin leg"":0.349227648973465,""align leg screw with table thread"":0.2873238659774264,""pick up leg"":0.21907024411096548}",0.13830521754377212,0.0060730363369092205,0.8556217590618569
31,spin leg,1970-01-01T00:01:44.880Z,1970-01-01T00:02:04.680Z,complete,case31:frames2622-3117,Lack_Coffee_Table/0012_black_table_04_02_2019_08_20_11_49,19.800,2622,3117,495,"{""spin leg"":0.8640025787732818,""align leg screw with table thread"":0.05864072426250486,""pick up leg"":0.01572033029044931}",0.05228820335392775,0.009348155602145282,0.938363633326236
31,flip table,1970-01-01T00:02:04.680Z,1970-01-01T00:02:14.520Z,complete,case31:frames3117-3363,Lack_Coffee_Table/0012_black_table_04_02_2019_08_20_11_49,9.840,3117,3363,246,"{""flip table"":0.8997551290757531,""pick up leg"":0.0156767543276844,""rotate table"":0.011378908651789236}",0.06274010490747836,0.010449094264689249,0.9268107920552268
31,pick up leg,1970-01-01T00:02:14.520Z,1970-01-01T00:02:18.120Z,complete,case31:frames3363-3453,Lack_Coffee_Table/0012_black_table_04_02_2019_08_20_11_49,3.600,3363,3453,90,"{""pick up leg"":0.18950217167536418,""spin leg"":0.18255917636884583,""pick up shelf"":0.023220962110078996}",0.2455106129248937,0.35920707066134794,0.395282310154289
31,pick up shelf,1970-01-01T00:02:18.120Z,1970-01-01T00:02:37.120Z,complete,case31:frames3453-3928,Lack_Coffee_Table/0012_black_table_04_02_2019_08_20_11_49,19.000,3453,3928,475,"{""pick up shelf"":0.140347808226943,""other"":0.1346887578501513,""attach shelf to table"":0.12372267983265613}",0.31756224440900904,0.2836785025373894,0.3987592459097504
32,align leg screw with table thread,1970-01-01T00:00:04.120Z,1970-01-01T00:00:06.840Z,complete,case32:frames103-171,Lack_Coffee_Table/0021_oak_floor_05_02_2019_08_19_13_11,2.720,103,171,68,"{""align leg screw with table thread"":0.41955783755025444,""spin leg"":0.3481170938843313,""pick up leg"":0.17024603718206943}",0.03416777076199651,0.0279112667922807,0.9379209686166552
32,spin leg,1970-01-01T00:00:06.840Z,1970-01-01T00:00:07.160Z,complete,case32:frames171-179,Lack_Coffee_Table/0021_oak_floor_05_02_2019_08_19_13_11,0.320,171,179,8,"{""spin leg"":0.8108280971646309,""tighten leg"":0.07613445236347616,""align leg screw with table thread"":0.063744040671736}",0.03906588000245392,0.010227504755293548,0.950706590199843
32,spin leg,1970-01-01T00:00:07.160Z,1970-01-01T00:00:21.520Z,complete,case32:frames179-538,Lack_Coffee_Table/0021_oak_floor_05_02_2019_08_19_13_11,14.360,179,538,359,"{""spin leg"":0.8983361516822347,""tighten leg"":0.047420726398986694,""align leg screw with table thread"":0.01588566559768985}",0.026577049835188143,0.011780418448480684,0.9616425436789112
32,pick up leg,1970-01-01T00:00:21.520Z,1970-01-01T00:00:24.840Z,complete,case32:frames538-621,Lack_Coffee_Table/0021_oak_floor_05_02_2019_08_19_13_11,3.320,538,621,83,"{""pick up leg"":0.42500081297055065,""align leg screw with table thread"":0.33742712415665027,""spin leg"":0.054447319493236314}",0.07933246474488671,0.10379234821195976,0.8168752566204373
32,align leg screw with table thread,1970-01-01T00:00:24.840Z,1970-01-01T00:00:27.440Z,complete,case32:frames621-686,Lack_Coffee_Table/0021_oak_floor_05_02_2019_08_19_13_11,2.600,621,686,65,"{""align leg screw with table thread"":0.6736112759663508,""spin leg"":0.24893434804219466,""tighten leg"":0.03175918590277434}",0.03097723418703446,0.014717970999307677,0.9543048099113198
32,spin leg,1970-01-01T00:00:27.440Z,1970-01-01T00:00:40.920Z,complete,case32:frames686-1023,Lack_Coffee_Table/0021_oak_floor_05_02_2019_08_19_13_11,13.480,686,1023,337,"{""spin leg"":0.9019380374991222,""tighten leg"":0.04660126862865085,""align leg screw with table thread"":0.01691035069083071}",0.02755915665396597,0.006991189109457945,0.9654496568186037
32,align leg screw with table thread,1970-01-01T00:00:44.480Z,1970-01-01T00:00:46.240Z,complete,case32:frames1112-1156,Lack_Coffee_Table/0021_oak_floor_05_02_2019_08_19_13_11,1.760,1112,1156,44,"{""align leg screw with table thread"":0.5177241672169078,""pick up leg"":0.3367689571936022,""spin leg"":0.05145800181410529}",0.0793345436792482,0.014714292398123566,0.9059511262246154
32,align leg screw with table thread,1970-01-01T00:00:46.240Z,1970-01-01T00:00:46.960Z,complete,case32:frames1156-1174,Lack_Coffee_Table/0021_oak_floor_05_02_2019_08_19_13_11,0.720,1156,1174,18,"{""align leg screw with table thread"":0.6349385486294826,""spin leg"":0.35050664842128754,""pick up leg"":0.006020268968616922}",0.006411497325946887,0.00212299602176839,0.9914654660193871
32,spin leg,1970-01-01T00:00:46.960Z,1970-01-01T00:01:01.240Z,complete,case32:frames1174-1531,Lack_Coffee_Table/0021_oak_floor_05_02_2019_08_19_13_11,14.280,1174,1531,357,"{""spin leg"":0.9046481567270616,""align leg screw with table thread"":0.054432968267289196,""tighten leg"":0.012318239435788338}",0.02077586765476719,0.007824755658998464,0.9713993644301391
32,pick up leg,1970-01-01T00:01:01.240Z,1970-01-01T00:01:06.600Z,complete,case32:frames1531-1665,Lack_Coffee_Table/0021_oak_floor_05_02_2019_08_19_13_11,5.360,1531,1665,134,"{""pick up leg"":0.36433449876147195,""align leg screw with table thread"":0.2710639564181442,""spin leg"":0.07068376263964977}",0.21286305803944594,0.08105473910075664,0.706082217819266
32,align leg screw with table thread,1970-01-01T00:01:06.600Z,1970-01-01T00:01:07.640Z,complete,case32:frames1665-1691,Lack_Coffee_Table/0021_oak_floor_05_02_2019_08_19_13_11,1.040,1665,1691,26,"{""align leg screw with table thread"":0.9468322900625376,""spin leg"":0.02175988328571503,""pick up leg"":0.014858272535583148}",0.014647107392262954,0.0019025925955249434,0.9834504458838357
32,spin leg,1970-01-01T00:01:07.640Z,1970-01-01T00:01:31.120Z,complete,case32:frames1691-2278,Lack_Coffee_Table/0021_oak_floor_05_02_2019_08_19_13_11,23.480,1691,2278,587,"{""spin leg"":0.763311740331466,""tighten leg"":0.13861412400188594,""align leg screw with table thread"":0.05741828833936731}",0.031551100564343154,0.00910473611092656,0.9593441526727192
32,flip table,1970-01-01T00:01:31.120Z,1970-01-01T00:01:36.800Z,complete,case32:frames2278-2420,Lack_Coffee_Table/0021_oak_floor_05_02_2019_08_19_13_11,5.680,2278,2420,142,"{""flip table"":0.7981111515103512,""pick up leg"":0.030906942416012,""rotate table"":0.008965753242668604}",0.1344429978471197,0.027573143587771527,0.8379838471690317
32,pick up shelf,1970-01-01T00:01:36.800Z,1970-01-01T00:01:46.840Z,complete,case32:frames2420-2671,Lack_Coffee_Table/0021_oak_floor_05_02_2019_08_19_13_11,10.040,2420,2671,251,"{""pick up shelf"":0.3384905450372582,""attach shelf to table"":0.21595592704783398,""rotate table"":0.11103211751437757}",0.2293077033176365,0.10521369605557838,0.6654785895994697
32,attach shelf to table,1970-01-01T00:01:46.840Z,1970-01-01T00:02:06.520Z,complete,case32:frames2671-3163,Lack_Coffee_Table/0021_oak_floor_05_02_2019_08_19_13_11,19.680,2671,3163,492,"{""attach shelf to table"":0.6734361837549907,""pick up shelf"":0.08382423430713408,""rotate table"":0.0724172137774209}",0.1570392362924853,0.01328315390329309,0.8296776318395457
33,spin leg,1970-01-01T00:00:02.280Z,1970-01-01T00:00:03.880Z,complete,case33:frames57-97,Lack_Coffee_Table/0008_black_floor_08_04_2019_08_28_11_29,1.600,57,97,40,"{""spin leg"":0.3275233406573534,""align leg screw with table thread"":0.21117570381611586,""pick up leg"":0.04200537549331784}",0.2677160304039717,0.15157955248371027,0.5807044199667871
33,spin leg,1970-01-01T00:00:03.880Z,1970-01-01T00:00:16.040Z,complete,case33:frames97-401,Lack_Coffee_Table/0008_black_floor_08_04_2019_08_28_11_29,12.160,97,401,304,"{""spin leg"":0.708775903490421,""tighten leg"":0.08216445491110023,""align leg screw with table thread"":0.06244682678707728}",0.1226664804608414,0.023946317680860234,0.8533871851885985
33,spin leg,1970-01-01T00:00:16.040Z,1970-01-01T00:00:19.720Z,complete,case33:frames401-493,Lack_Coffee_Table/0008_black_floor_08_04_2019_08_28_11_29,3.680,401,493,92,"{""spin leg"":0.2670840894924882,""align leg screw with table thread"":0.22902220329674688,""pick up leg"":0.030990792256172583}",0.24437093896710355,0.2285319745790133,0.5270970850454076
33,spin leg,1970-01-01T00:00:20.600Z,1970-01-01T00:00:29.240Z,complete,case33:frames515-731,Lack_Coffee_Table/0008_black_floor_08_04_2019_08_28_11_29,8.640,515,731,216,"{""spin leg"":0.6942218682832189,""align leg screw with table thread"":0.16342633455577824,""tighten leg"":0.02357316898026814}",0.10354547272436321,0.015233148071469103,0.8812213718192653
33,spin leg,1970-01-01T00:00:29.920Z,1970-01-01T00:00:36.960Z,complete,case33:frames748-924,Lack_Coffee_Table/0008_black_floor_08_04_2019_08_28_11_29,7.040,748,924,176,"{""spin leg"":0.28983240269801835,""rotate table"":0.11292959637384312,""tighten leg"":0.10771092294122685}",0.18080352433025837,0.30872355839999116,0.5104729220130884
33,spin leg,1970-01-01T00:00:36.960Z,1970-01-01T00:00:49.120Z,complete,case33:frames924-1228,Lack_Coffee_Table/0008_black_floor_08_04_2019_08_28_11_29,12.160,924,1228,304,"{""spin leg"":0.3890512381729327,""tighten leg"":0.07439884732134248,""pick up shelf"":0.050038453142501806}",0.32739050098155675,0.15912095126974407,0.513488538636777
33,rotate table,1970-01-01T00:00:53.520Z,1970-01-01T00:00:55.440Z,complete,case33:frames1338-1386,Lack_Coffee_Table/0008_black_floor_08_04_2019_08_28_11_29,1.920,1338,1386,48,"{""rotate table"":0.4629143302639325,""spin leg"":0.06857169190576921,""pick up leg"":0.06477889030550917}",0.2600958365947008,0.14363924623049226,0.596264912475211
33,spin leg,1970-01-01T00:00:55.440Z,1970-01-01T00:00:57.040Z,complete,case33:frames1386-1426,Lack_Coffee_Table/0008_black_floor_08_04_2019_08_28_11_29,1.600,1386,1426,40,"{""spin leg"":0.16432973463088274,""rotate table"":0.10362774701789021,""pick up leg"":0.023806375917047262}",0.37216805666685104,0.33606799084150235,0.29176385756582024
33,spin leg,1970-01-01T00:00:57.040Z,1970-01-01T00:01:04.800Z,complete,case33:frames1426-1620,Lack_Coffee_Table/0008_black_floor_08_04_2019_08_28_11_29,7.760,1426,1620,194,"{""spin leg"":0.7449631839990616,""align leg screw with table thread"":0.07527214019876166,""tighten leg"":0.012600634266267117}",0.12304406881946878,0.04412000279834233,0.8328359584640904
33,rotate table,1970-01-01T00:01:13.240Z,1970-01-01T00:01:16.760Z,complete,case33:frames1831-1919,Lack_Coffee_Table/0008_black_floor_08_04_2019_08_28_11_29,3.520,1831,1919,88,"{""rotate table"":0.47885288765246514,""spin leg"":0.1716161252168769,""tighten leg"":0.15578387206716632}",0.09746398954567584,0.09628316558874997,0.8062528849365083
33,rotate table,1970-01-01T00:01:16.760Z,1970-01-01T00:01:24.320Z,complete,case33:frames1919-2108,Lack_Coffee_Table/0008_black_floor_08_04_2019_08_28_11_29,7.560,1919,2108,189,"{""rotate table"":0.197828471660614,""flip table"":0.16911839307458312,""attach shelf to table"":0.09450690384224925}",0.24465252837491414,0.2938937173077331,0.46145376857744635
33,attach shelf to table,1970-01-01T00:01:24.320Z,1970-01-01T00:01:59.000Z,complete,case33:frames2108-2975,Lack_Coffee_Table/0008_black_floor_08_04_2019_08_28_11_29,34.680,2108,2975,867,"{""attach shelf to table"":0.4621279155609929,""pick up shelf"":0.08799974443241922,""spin leg"":0.04014972331162946}",0.32080806875998863,0.08891454960133525,0.5902773833050416
34,flip table,1970-01-01T00:00:02.960Z,1970-01-01T00:00:06.720Z,complete,case34:frames74-168,Lack_Coffee_Table/0025_oak_floor_05_02_2019_08_19_17_17,3.760,74,168,94,"{""flip table"":0.6616902045430021,""flip table top"":0.10103857462997845,""rotate table"":0.09900048216606708}",0.08543875559847405,0.05283198404273822,0.8617292613390476
34,pick up leg,1970-01-01T00:00:07.280Z,1970-01-01T00:00:07.880Z,complete,case34:frames182-197,Lack_Coffee_Table/0025_oak_floor_05_02_2019_08_19_17_17,0.600,182,197,15,"{""pick up leg"":0.9056901931762695,""align leg screw with table thread"":0.04302726686000824,""rotate table"":0.01227573654614389}",0.030490995695193607,0.00851583982641794,0.9609931965824217
34,spin leg,1970-01-01T00:00:09.680Z,1970-01-01T00:00:24.640Z,complete,case34:frames242-616,Lack_Coffee_Table/0025_oak_floor_05_02_2019_08_19_17_17,14.960,242,616,374,"{""spin leg"":0.7788337129641344,""align leg screw with table thread"":0.20874445068644967,""pick up leg"":0.0037812885546927304}",0.007150362342855031,0.0014901947734598205,0.9913594522052768
34,pick up leg,1970-01-01T00:00:26.040Z,1970-01-01T00:00:26.800Z,complete,case34:frames651-670,Lack_Coffee_Table/0025_oak_floor_05_02_2019_08_19_17_17,0.760,651,670,19,"{""pick up leg"":0.9355545985071283,""align leg screw with table thread"":0.03278664592653513,""spin leg"":0.0011520245951894474}",0.028566584971390273,0.001940154866772266,0.9694932690288529
34,spin leg,1970-01-01T00:00:28.800Z,1970-01-01T00:00:45.360Z,complete,case34:frames720-1134,Lack_Coffee_Table/0025_oak_floor_05_02_2019_08_19_17_17,16.560,720,1134,414,"{""spin leg"":0.8577645654263704,""align leg screw with table thread"":0.11242846491328184,""pick up leg"":0.02078670877367168}",0.008182032470217938,0.0008382193204881549,0.9909797391133239
34,pick up leg,1970-01-01T00:00:47.120Z,1970-01-01T00:00:47.520Z,complete,case34:frames1178-1188,Lack_Coffee_Table/0025_oak_floor_05_02_2019_08_19_17_17,0.400,1178,1188,10,"{""pick up leg"":0.8927468657493591,""align leg screw with table thread"":0.03723159246146679,""rotate table"":0.0056894545443356035}",0.05946913957595825,0.004863025695551482,0.9356679127551615
34,spin leg,1970-01-01T00:00:50.680Z,1970-01-01T00:01:04.480Z,complete,case34:frames1267-1612,Lack_Coffee_Table/0025_oak_floor_05_02_2019_08_19_17_17,13.800,1267,1612,345,"{""spin leg"":0.9543371597925822,""align leg screw with table thread"":0.02998273364011792,""tighten leg"":0.00274500977990312}",0.009088415404160817,0.003846715722782784,0.9870649032126032
34,pick up leg,1970-01-01T00:01:06.040Z,1970-01-01T00:01:07.800Z,complete,case34:frames1651-1695,Lack_Coffee_Table/0025_oak_floor_05_02_2019_08_19_17_17,1.760,1651,1695,44,"{""pick up leg"":0.7580831863663413,""flip table"":0.03470836244311861,""tighten leg"":0.026120992460743186}",0.14508742415769535,0.03600001713606808,0.8189125412702031
34,spin leg,1970-01-01T00:01:09.200Z,1970-01-01T00:01:29.720Z,complete,case34:frames1730-2243,Lack_Coffee_Table/0025_oak_floor_05_02_2019_08_19_17_17,20.520,1730,2243,513,"{""spin leg"":0.8871744365302472,""align leg screw with table thread"":0.07606244752953759,""flip table"":0.025228651370726104}",0.007229102063800624,0.004305390452724446,0.9884655354305109
34,flip table,1970-01-01T00:01:30.480Z,1970-01-01T00:01:35.800Z,complete,case34:frames2262-2395,Lack_Coffee_Table/0025_oak_floor_05_02_2019_08_19_17_17,5.320,2262,2395,133,"{""flip table"":0.9460091967331735,""pick up shelf"":0.012923960344860666,""rotate table"":0.007824727829503721}",0.024329570220097116,0.008912543982247202,0.9667578849075379
34,pick up shelf,1970-01-01T00:01:37.600Z,1970-01-01T00:01:41.920Z,complete,case34:frames2440-2548,Lack_Coffee_Table/0025_oak_floor_05_02_2019_08_19_17_17,4.320,2440,2548,108,"{""pick up shelf"":0.9011219806141324,""attach shelf to table"":0.0347451765642122,""flip table"":0.018611171041373855}",0.03893679242443155,0.006584856843416644,0.9544783282197185
34,flip table,1970-01-01T00:01:51.960Z,1970-01-01T00:01:57.680Z,complete,case34:frames2799-2942,Lack_Coffee_Table/0025_oak_floor_05_02_2019_08_19_17_17,5.720,2799,2942,143,"{""flip table"":0.8887003388229784,""pick up shelf"":0.03009352131935579,""spin leg"":0.01112545355145984}",0.03578110580768931,0.03429960991272027,0.9299193136937941
34,spin leg,1970-01-01T00:01:59.080Z,1970-01-01T00:02:08.360Z,complete,case34:frames2977-3209,Lack_Coffee_Table/0025_oak_floor_05_02_2019_08_19_17_17,9.280,2977,3209,232,"{""spin leg"":0.37118734412922944,""align leg screw with table thread"":0.22366613931632762,""tighten leg"":0.014077621873403931}",0.13334154205974832,0.2577273644887389,0.6089311053189609
34,flip table,1970-01-01T00:02:09.720Z,1970-01-01T00:02:15.240Z,complete,case34:frames3243-3381,Lack_Coffee_Table/0025_oak_floor_05_02_2019_08_19_17_17,5.520,3243,3381,138,"{""flip table"":0.912677715100564,""rotate table"":0.02228337080568831,""pick up shelf"":0.017976650658385843}",0.03159151185789834,0.01547071617622042,0.9529377365646381
34,pick up shelf,1970-01-01T00:02:15.840Z,1970-01-01T00:02:20.360Z,complete,case34:frames3396-3509,Lack_Coffee_Table/0025_oak_floor_05_02_2019_08_19_17_17,4.520,3396,3509,113,"{""pick up shelf"":0.3805353543927184,""attach shelf to table"":0.23332577838306934,""pick up leg"":0.05706068692086017}",0.2546267430339239,0.07445145706508892,0.6709218196966479
34,attach shelf to table,1970-01-01T00:02:20.960Z,1970-01-01T00:02:32.400Z,complete,case34:frames3524-3810,Lack_Coffee_Table/0025_oak_floor_05_02_2019_08_19_17_17,11.440,3524,3810,286,"{""attach shelf to table"":0.8731293963802444,""pick up shelf"":0.060663513329622526,""flip table"":0.031162266192918682}",0.023389907879429263,0.01165492842426891,0.9649551759027857
35,pick up leg,1970-01-01T00:00:00.640Z,1970-01-01T00:00:01.800Z,complete,case35:frames16-45,Lack_Coffee_Table/0021_black_table_04_02_2019_08_20_13_54,1.160,16,45,29,"{""pick up leg"":0.9777262971319002,""align leg screw with table thread"":0.005408211996586159,""other"":0.0014035291809203296}",0.013672012739397329,0.0017899588769872464,0.9845380383094067
35,align leg screw with table thread,1970-01-01T00:00:02.800Z,1970-01-01T00:00:04.240Z,complete,case35:frames70-106,Lack_Coffee_Table/0021_black_table_04_02_2019_08_20_13_54,1.440,70,106,36,"{""align leg screw with table thread"":0.432650367418925,""pick up leg"":0.3712383210659027,""spin leg"":0.1644182966815101}",0.019856697879731655,0.011836299495579244,0.9683069851663378
35,spin leg,1970-01-01T00:00:04.240Z,1970-01-01T00:00:15.880Z,complete,case35:frames106-397,Lack_Coffee_Table/0021_black_table_04_02_2019_08_20_13_54,11.640,106,397,291,"{""spin leg"":0.9071344630312674,""pick up leg"":0.048574314011849744,""align leg screw with table thread"":0.01921373032212667}",0.011609513635820745,0.013468006523921315,0.9749225073652439
35,pick up leg,1970-01-01T00:00:17.000Z,1970-01-01T00:00:18.160Z,complete,case35:frames425-454,Lack_Coffee_Table/0021_black_table_04_02_2019_08_20_13_54,1.160,425,454,29,"{""pick up leg"":0.7932050145905594,""align leg screw with table thread"":0.05951800245534757,""other"":0.007973698545889607}",0.13237289673295513,0.006930344614096457,0.8606967155917965
35,align leg screw with table thread,1970-01-01T00:00:18.160Z,1970-01-01T00:00:19.920Z,complete,case35:frames454-498,Lack_Coffee_Table/0021_black_table_04_02_2019_08_20_13_54,1.760,454,498,44,"{""align leg screw with table thread"":0.47309994020245294,""pick up leg"":0.2810834344815124,""spin leg"":0.05356179958802055}",0.14960993064398115,0.042644931442009884,0.8077451742719859
35,spin leg,1970-01-01T00:00:19.920Z,1970-01-01T00:00:33.560Z,complete,case35:frames498-839,Lack_Coffee_Table/0021_black_table_04_02_2019_08_20_13_54,13.640,498,839,341,"{""spin leg"":0.9484973482547268,""align leg screw with table thread"":0.03259234540601455,""pick up leg"":0.006968287730253577}",0.009891181867405816,0.0020508301195593897,0.9880579813909949
35,spin leg,1970-01-01T00:00:33.560Z,1970-01-01T00:00:36.960Z,complete,case35:frames839-924,Lack_Coffee_Table/0021_black_table_04_02_2019_08_20_13_54,3.400,839,924,85,"{""spin leg"":0.31379099733689253,""pick up leg"":0.18349089482251335,""tighten leg"":0.0009743064498145352}",0.16156700656694525,0.34017677997794166,0.49825619860922044
35,pick up leg,1970-01-01T00:00:37.520Z,1970-01-01T00:00:40.920Z,complete,case35:frames938-1023,Lack_Coffee_Table/0021_black_table_04_02_2019_08_20_13_54,3.400,938,1023,85,"{""pick up leg"":0.38215341638116274,""align leg screw with table thread"":0.27550033541286695,""spin leg"":0.14302969005178004}",0.16514787647654028,0.03416870023615131,0.8006834418458098
35,pick up leg,1970-01-01T00:00:44.160Z,1970-01-01T00:00:45.960Z,complete,case35:frames1104-1149,Lack_Coffee_Table/0021_black_table_04_02_2019_08_20_13_54,1.800,1104,1149,45,"{""pick up leg"":0.5540147907204098,""align leg screw with table thread"":0.13762194398376676,""spin leg"":0.028678570108281242}",0.23135446517003908,0.048330265034315305,0.7203153048124578
35,spin leg,1970-01-01T00:00:45.960Z,1970-01-01T00:00:47.280Z,complete,case35:frames1149-1182,Lack_Coffee_Table/0021_black_table_04_02_2019_08_20_13_54,1.320,1149,1182,33,"{""spin leg"":0.6288723469232068,""align leg screw with table thread"":0.3129753750382048,""pick up leg"":0.04622083734438726}",0.009469966827468439,0.002461449816033955,0.988068559305799
35,spin leg,1970-01-01T00:00:47.280Z,1970-01-01T00:01:00.400Z,complete,case35:frames1182-1510,Lack_Coffee_Table/0021_black_table_04_02_2019_08_20_13_54,13.120,1182,1510,328,"{""spin leg"":0.9096965124694313,""align leg screw with table thread"":0.05451118258089281,""pick up leg"":0.025295378445928402}",0.009346774200022948,0.0011501452231001447,0.9895030734962525
35,spin leg,1970-01-01T00:01:00.400Z,1970-01-01T00:01:06.920Z,complete,case35:frames1510-1673,Lack_Coffee_Table/0021_black_table_04_02_2019_08_20_13_54,6.520,1510,1673,163,"{""spin leg"":0.8344848704484343,""align leg screw with table thread"":0.09269678673244144,""tighten leg"":0.03880606145024667}",0.016148449550954156,0.01786380186005182,0.9659877186311224
35,pick up leg,1970-01-01T00:01:07.720Z,1970-01-01T00:01:09.200Z,complete,case35:frames1693-1730,Lack_Coffee_Table/0021_black_table_04_02_2019_08_20_13_54,1.480,1693,1730,37,"{""pick up leg"":0.8229101944614101,""align leg screw with table thread"":0.09358310820283117,""spin leg"":0.007711932717545613}",0.06197640219250241,0.013818344110648226,0.9242052353817869
35,align leg screw with table thread,1970-01-01T00:01:09.200Z,1970-01-01T00:01:11.520Z,complete,case35:frames1730-1788,Lack_Coffee_Table/0021_black_table_04_02_2019_08_20_13_54,2.320,1730,1788,58,"{""align leg screw with table thread"":0.6970541600523323,""spin leg"":0.26366735760379456,""pick up leg"":0.025735457684716273}",0.01257116456740889,0.0009719026406708837,0.9864569753408432
35,spin leg,1970-01-01T00:01:11.520Z,1970-01-01T00:01:36.360Z,complete,case35:frames1788-2409,Lack_Coffee_Table/0021_black_table_04_02_2019_08_20_13_54,24.840,1788,2409,621,"{""spin leg"":0.9851349198323901,""align leg screw with table thread"":0.012405392135704917,""pick up leg"":0.0006123133783188204}",0.0014622716830020558,0.00038509895404041205,0.9981526253464138
35,tighten leg,1970-01-01T00:01:36.360Z,1970-01-01T00:01:40.120Z,complete,case35:frames2409-2503,Lack_Coffee_Table/0021_black_table_04_02_2019_08_20_13_54,3.760,2409,2503,94,"{""tighten leg"":0.46803315725435124,""spin leg"":0.2753397438754427,""align leg screw with table thread"":0.04107058805195575}",0.1609836818174796,0.05457283347576764,0.7844434891817497
35,flip table,1970-01-01T00:01:43.720Z,1970-01-01T00:01:49.960Z,complete,case35:frames2593-2749,Lack_Coffee_Table/0021_black_table_04_02_2019_08_20_13_54,6.240,2593,2749,156,"{""flip table"":0.9093648610779872,""pick up leg"":0.02899600861181211,""rotate table"":0.020885788247072084}",0.010588892717630817,0.03016445527935866,0.9592466579368714
35,flip table,1970-01-01T00:01:50.920Z,1970-01-01T00:01:54.360Z,complete,case35:frames2773-2859,Lack_Coffee_Table/0021_black_table_04_02_2019_08_20_13_54,3.440,2773,2859,86,"{""flip table"":0.20508599896417107,""pick up leg"":0.18941848948164736,""pick up shelf"":0.18139675848705825}",0.27995319993690004,0.14414555286605854,0.5759012469328767
35,attach shelf to table,1970-01-01T00:01:54.360Z,1970-01-01T00:02:06.800Z,complete,case35:frames2859-3170,Lack_Coffee_Table/0021_black_table_04_02_2019_08_20_13_54,12.440,2859,3170,311,"{""attach shelf to table"":0.47863188365001197,""other"":0.1674236127286191,""pick up shelf"":0.10233366543313314}",0.2022209059195503,0.04938993907982214,0.7483891618117643
36,pick up leg,1970-01-01T00:00:00.000Z,1970-01-01T00:00:02.880Z,complete,case36:frames0-72,Lack_Coffee_Table/0023_black_floor_05_02_2019_08_19_16_14,2.880,0,72,72,"{""pick up leg"":0.5842854504783949,""align leg screw with table thread"":0.16887690706385505,""spin leg"":0.1030244595474667}",0.13319159754448467,0.010621588184685993,0.8561868170897167
36,align leg screw with table thread,1970-01-01T00:00:02.880Z,1970-01-01T00:00:04.560Z,complete,case36:frames72-114,Lack_Coffee_Table/0023_black_floor_05_02_2019_08_19_16_14,1.680,72,114,42,"{""align leg screw with table thread"":0.9038494789884204,""spin leg"":0.06638208173570179,""pick up leg"":0.01640822943244573}",0.012102821553569464,0.0012573727003065637,0.9866397901565679
36,spin leg,1970-01-01T00:00:04.560Z,1970-01-01T00:00:23.240Z,complete,case36:frames114-581,Lack_Coffee_Table/0023_black_floor_05_02_2019_08_19_16_14,18.680,114,581,467,"{""spin leg"":0.8881768484697607,""tighten leg"":0.08426072762539208,""align leg screw with table thread"":0.010498709502037639}",0.01610402046349817,0.0009596778646963265,0.9829362855971905
36,pick up leg,1970-01-01T00:00:24.320Z,1970-01-01T00:00:27.600Z,complete,case36:frames608-690,Lack_Coffee_Table/0023_black_floor_05_02_2019_08_19_16_14,3.280,608,690,82,"{""pick up leg"":0.5246702379933218,""align leg screw with table thread"":0.2067073860728159,""flip table"":0.015931772170361222}",0.2137031216265225,0.03898753060625272,0.747309396236499
36,align leg screw with table thread,1970-01-01T00:00:27.600Z,1970-01-01T00:00:29.080Z,complete,case36:frames690-727,Lack_Coffee_Table/0023_black_floor_05_02_2019_08_19_16_14,1.480,690,727,37,"{""align leg screw with table thread"":0.7522792763806678,""spin leg"":0.15376644450667742,""pick up leg"":0.053752861036038074}",0.01704074321566401,0.02316067321856195,0.9597985819233833
36,spin leg,1970-01-01T00:00:29.480Z,1970-01-01T00:00:44.640Z,complete,case36:frames737-1116,Lack_Coffee_Table/0023_black_floor_05_02_2019_08_19_16_14,15.160,737,1116,379,"{""spin leg"":0.9544959128060253,""align leg screw with table thread"":0.028527782895752182,""tighten leg"":0.0025123677383567695}",0.008989687397766436,0.005474240986222709,0.9855360634401342
36,align leg screw with table thread,1970-01-01T00:00:48.840Z,1970-01-01T00:00:50.120Z,complete,case36:frames1221-1253,Lack_Coffee_Table/0023_black_floor_05_02_2019_08_19_16_14,1.280,1221,1253,32,"{""align leg screw with table thread"":0.45420783339068294,""pick up leg"":0.27269454882480204,""spin leg"":0.045926676131784916}",0.2165754902525805,0.010595419345857948,0.7728290583472699
36,align leg screw with table thread,1970-01-01T00:00:50.120Z,1970-01-01T00:00:51.640Z,complete,case36:frames1253-1291,Lack_Coffee_Table/0023_black_floor_05_02_2019_08_19_16_14,1.520,1253,1291,38,"{""align leg screw with table thread"":0.8813882313276592,""pick up leg"":0.0652258911807286,""spin leg"":0.021527270786464214}",0.029903140850365162,0.0019554243917705087,0.968141393294852
36,align leg screw with table thread,1970-01-01T00:00:51.640Z,1970-01-01T00:01:11.920Z,complete,case36:frames1291-1798,Lack_Coffee_Table/0023_black_floor_05_02_2019_08_19_16_14,20.280,1291,1798,507,"{""align leg screw with table thread"":0.44003018013824374,""spin leg"":0.4167845698525391,""pick up leg"":0.05594284092562909}",0.07979476434974041,0.007447636266100556,0.9127575909164118
36,spin leg,1970-01-01T00:01:11.920Z,1970-01-01T00:01:13.080Z,complete,case36:frames1798-1827,Lack_Coffee_Table/0023_black_floor_05_02_2019_08_19_16_14,1.160,1798,1827,29,"{""spin leg"":0.645586371421814,""align leg screw with table thread"":0.1523736766700087,""tighten leg"":0.01992311733293122}",0.1418488816968326,0.04026788236822361,0.8178831654247538
36,pick up leg,1970-01-01T00:01:16.600Z,1970-01-01T00:01:17.760Z,complete,case36:frames1915-1944,Lack_Coffee_Table/0023_black_floor_05_02_2019_08_19_16_14,1.160,1915,1944,29,"{""pick up leg"":0.4128272420373456,""flip table"":0.20150062400879787,""align leg screw with table thread"":0.1840468255867218}",0.08569144586036945,0.11593378530250414,0.7983746916328653
36,spin leg,1970-01-01T00:01:17.760Z,1970-01-01T00:01:21.880Z,complete,case36:frames1944-2047,Lack_Coffee_Table/0023_black_floor_05_02_2019_08_19_16_14,4.120,1944,2047,103,"{""spin leg"":0.5180947988936044,""flip table"":0.20888879367159408,""align leg screw with table thread"":0.1371696317948184}",0.0578340441711898,0.0780127604233802,0.864153224360017
36,spin leg,1970-01-01T00:01:21.880Z,1970-01-01T00:01:43.200Z,complete,case36:frames2047-2580,Lack_Coffee_Table/0023_black_floor_05_02_2019_08_19_16_14,21.320,2047,2580,533,"{""spin leg"":0.8862888518909576,""align leg screw with table thread"":0.04749985479559281,""tighten leg"":0.023443718414620878}",0.017042846864484266,0.025724726163782685,0.9572324251011713
36,flip table,1970-01-01T00:01:48.360Z,1970-01-01T00:01:54.840Z,complete,case36:frames2709-2871,Lack_Coffee_Table/0023_black_floor_05_02_2019_08_19_16_14,6.480,2709,2871,162,"{""flip table"":0.9235324388668861,""rotate table"":0.054731011097851195,""attach shelf to table"":0.0020585599772913817}",0.017021538982926694,0.002656487484330052,0.9803220099420287
36,pick up shelf,1970-01-01T00:02:00.000Z,1970-01-01T00:02:06.800Z,complete,case36:frames3000-3170,Lack_Coffee_Table/0023_black_floor_05_02_2019_08_19_16_14,6.800,3000,3170,170,"{""pick up shelf"":0.7086022271829493,""attach shelf to table"":0.17740005809156334,""flip shelf"":0.02101802944756962}",0.04857979769654134,0.04439987167408814,0.9070203147220822
36,attach shelf to table,1970-01-01T00:02:06.800Z,1970-01-01T00:02:29.880Z,complete,case36:frames3170-3747,Lack_Coffee_Table/0023_black_floor_05_02_2019_08_19_16_14,23.080,3170,3747,577,"{""attach shelf to table"":0.8085161704227871,""pick up shelf"":0.1538784639179796,""lay down shelf"":0.009029837068167035}",0.025035995960984526,0.0035395262420165694,0.9714244714089338
37,pick up leg,1970-01-01T00:00:01.920Z,1970-01-01T00:00:02.880Z,complete,case37:frames48-72,Lack_Coffee_Table/0036_oak_floor_08_04_2019_08_28_12_14,0.960,48,72,24,"{""pick up leg"":0.29027053713798523,""align leg screw with table thread"":0.08769182115793228,""attach shelf to table"":0.0865863710641861}",0.3283628821372986,0.2070884021313067,0.4645487293601036
37,spin leg,1970-01-01T00:00:02.880Z,1970-01-01T00:00:15.960Z,complete,case37:frames72-399,Lack_Coffee_Table/0036_oak_floor_08_04_2019_08_28_12_14,13.080,72,399,327,"{""spin leg"":0.6239375071514637,""tighten leg"":0.09967947566727979,""align leg screw with table thread"":0.085029999529003}",0.1114544735634728,0.07989856425993902,0.8086469823477465
37,pick up leg,1970-01-01T00:00:15.960Z,1970-01-01T00:00:17.760Z,complete,case37:frames399-444,Lack_Coffee_Table/0036_oak_floor_08_04_2019_08_28_12_14,1.800,399,444,45,"{""pick up leg"":0.23460727705516748,""align leg screw with table thread"":0.16932455682092243,""tighten leg"":0.08097088072035048}",0.28783122019635304,0.22726605058314944,0.48490271459644035
37,spin leg,1970-01-01T00:00:17.760Z,1970-01-01T00:00:30.000Z,complete,case37:frames444-750,Lack_Coffee_Table/0036_oak_floor_08_04_2019_08_28_12_14,12.240,444,750,306,"{""spin leg"":0.3973607647847506,""tighten leg"":0.3011632059134689,""align leg screw with table thread"":0.08513791674102833}",0.155366558849422,0.06097154678254285,0.7836618874392478
37,align leg screw with table thread,1970-01-01T00:00:30.000Z,1970-01-01T00:00:31.560Z,complete,case37:frames750-789,Lack_Coffee_Table/0036_oak_floor_08_04_2019_08_28_12_14,1.560,750,789,39,"{""align leg screw with table thread"":0.171436852369553,""pick up leg"":0.14883518954500174,""tighten leg"":0.12968511377962735}",0.3000858976290776,0.24995696471353154,0.44995715569418204
37,spin leg,1970-01-01T00:00:31.560Z,1970-01-01T00:00:44.520Z,complete,case37:frames789-1113,Lack_Coffee_Table/0036_oak_floor_08_04_2019_08_28_12_14,12.960,789,1113,324,"{""spin leg"":0.7231996183364112,""align leg screw with table thread"":0.09957599731875055,""tighten leg"":0.022235663096064034}",0.13028340680915632,0.024705315046621514,0.8450112787512258
37,spin leg,1970-01-01T00:00:44.520Z,1970-01-01T00:00:49.120Z,complete,case37:frames1113-1228,Lack_Coffee_Table/0036_oak_floor_08_04_2019_08_28_12_14,4.600,1113,1228,115,"{""spin leg"":0.2040266956972039,""pick up shelf"":0.12667185801040867,""tighten leg"":0.07861446628104085}",0.38371177924715955,0.20697521045577025,0.40931301998865344
37,flip table,1970-01-01T00:00:50.320Z,1970-01-01T00:00:53.080Z,complete,case37:frames1258-1327,Lack_Coffee_Table/0036_oak_floor_08_04_2019_08_28_12_14,2.760,1258,1327,69,"{""flip table"":0.31240525323411694,""pick up leg"":0.11842238762672397,""spin leg"":0.0708375542924024}",0.3279154542563618,0.17041937566535745,0.5016651951532434
37,spin leg,1970-01-01T00:00:53.080Z,1970-01-01T00:01:01.960Z,complete,case37:frames1327-1549,Lack_Coffee_Table/0036_oak_floor_08_04_2019_08_28_12_14,8.880,1327,1549,222,"{""spin leg"":0.8022569209874213,""align leg screw with table thread"":0.1284713268045101,""flip table"":0.016559763142009482}",0.03744609323686811,0.015265884948299186,0.9472880109339409
37,spin leg,1970-01-01T00:01:09.760Z,1970-01-01T00:01:12.160Z,complete,case37:frames1744-1804,Lack_Coffee_Table/0036_oak_floor_08_04_2019_08_28_12_14,2.400,1744,1804,60,"{""spin leg"":0.4141751855611801,""align leg screw with table thread"":0.27405131260553994,""tighten leg"":0.05653464968005816}",0.1834612270196279,0.07177760741376273,0.7447611478467783
37,pick up shelf,1970-01-01T00:01:12.160Z,1970-01-01T00:01:19.480Z,complete,case37:frames1804-1987,Lack_Coffee_Table/0036_oak_floor_08_04_2019_08_28_12_14,7.320,1804,1987,183,"{""pick up shelf"":0.2453548765125496,""flip table"":0.2412461986755087,""align leg screw with table thread"":0.13153187872567138}",0.17206719525850536,0.20979982881875375,0.6181329539137297
37,pick up leg,1970-01-01T00:01:19.480Z,1970-01-01T00:01:22.360Z,complete,case37:frames1987-2059,Lack_Coffee_Table/0036_oak_floor_08_04_2019_08_28_12_14,2.880,1987,2059,72,"{""pick up leg"":0.1459114414950212,""align leg screw with table thread"":0.12342561758123338,""pick up shelf"":0.06234430376854208}",0.4670383052693473,0.2012803245201743,0.33168136284479666
37,attach shelf to table,1970-01-01T00:01:22.360Z,1970-01-01T00:01:33.880Z,complete,case37:frames2059-2347,Lack_Coffee_Table/0036_oak_floor_08_04_2019_08_28_12_14,11.520,2059,2347,288,"{""attach shelf to table"":0.39963659782531774,""pick up shelf"":0.07222322556966294,""spin leg"":0.047375225843603}",0.28885257947776055,0.19191237564805122,0.5192350492385837
39,spin leg,1970-01-01T00:00:00.880Z,1970-01-01T00:00:03.040Z,complete,case39:frames22-76,Lack_Coffee_Table/0040_oak_floor_08_04_2019_08_28_11_58,2.160,22,76,54,"{""spin leg"":0.2933271027825497,""pick up leg"":0.2297414252879443,""align leg screw with table thread"":0.11929075640660745}",0.2798540106526128,0.07778668346114265,0.6423592844771014
39,pick up shelf,1970-01-01T00:00:10.400Z,1970-01-01T00:00:21.640Z,complete,case39:frames260-541,Lack_Coffee_Table/0040_oak_floor_08_04_2019_08_28_11_58,11.240,260,541,281,"{""pick up shelf"":0.24595935193028837,""align leg screw with table thread"":0.11084383699605474,""flip table top"":0.04947422213066913}",0.35297628484162574,0.24074629802626518,0.4062774110570122
39,pick up leg,1970-01-01T00:00:23.800Z,1970-01-01T00:00:25.520Z,complete,case39:frames595-638,Lack_Coffee_Table/0040_oak_floor_08_04_2019_08_28_11_58,1.720,595,638,43,"{""pick up leg"":0.6637628729953322,""align leg screw with table thread"":0.03150546796847308,""flip table top"":0.006116669855167179}",0.2820297763791195,0.01658524844292198,0.7013850108189725
39,spin leg,1970-01-01T00:00:28.120Z,1970-01-01T00:00:42.000Z,complete,case39:frames703-1050,Lack_Coffee_Table/0040_oak_floor_08_04_2019_08_28_11_58,13.880,703,1050,347,"{""spin leg"":0.8487050866960448,""tighten leg"":0.03400066960602999,""align leg screw with table thread"":0.02634114585280075}",0.07541599929848047,0.015537108052256969,0.9090469021548756
39,pick up leg,1970-01-01T00:00:43.920Z,1970-01-01T00:00:46.320Z,complete,case39:frames1098-1158,Lack_Coffee_Table/0040_oak_floor_08_04_2019_08_28_11_58,2.400,1098,1158,60,"{""pick up leg"":0.4893758406241735,""spin leg"":0.08726203142044445,""align leg screw with table thread"":0.0454159429607292}",0.3218357567985853,0.056110432694436,0.6220538150053471
39,spin leg,1970-01-01T00:00:47.600Z,1970-01-01T00:01:00.360Z,complete,case39:frames1190-1509,Lack_Coffee_Table/0040_oak_floor_08_04_2019_08_28_11_58,12.760,1190,1509,319,"{""spin leg"":0.7418009713058561,""align leg screw with table thread"":0.17065559788884413,""tighten leg"":0.031361636380536545}",0.050268685451028486,0.005913121551729499,0.9438182055752368
39,tighten leg,1970-01-01T00:01:00.360Z,1970-01-01T00:01:04.920Z,complete,case39:frames1509-1623,Lack_Coffee_Table/0040_oak_floor_08_04_2019_08_28_11_58,4.560,1509,1623,114,"{""tighten leg"":0.4039038069170426,""spin leg"":0.24837835848723588,""pick up leg"":0.07943817084499945}",0.20229223060111204,0.06598745032163067,0.731720336249278
39,pick up leg,1970-01-01T00:01:04.920Z,1970-01-01T00:01:06.000Z,complete,case39:frames1623-1650,Lack_Coffee_Table/0040_oak_floor_08_04_2019_08_28_11_58,1.080,1623,1650,27,"{""pick up leg"":0.825624492433336,""align leg screw with table thread"":0.02370106194306303,""spin leg"":0.009962116540582091}",0.13326554441893543,0.0074467471364709215,0.8592876709169811
39,spin leg,1970-01-01T00:01:09.040Z,1970-01-01T00:01:27.880Z,complete,case39:frames1726-2197,Lack_Coffee_Table/0040_oak_floor_08_04_2019_08_28_11_58,18.840,1726,2197,471,"{""spin leg"":0.8334950711578131,""align leg screw with table thread"":0.03424704802517172,""pick up leg"":0.01943101746874472}",0.08417822926793635,0.02864864264951842,0.8871731366517296
39,pick up leg,1970-01-01T00:01:27.880Z,1970-01-01T00:01:30.680Z,complete,case39:frames2197-2267,Lack_Coffee_Table/0040_oak_floor_08_04_2019_08_28_11_58,2.800,2197,2267,70,"{""pick up leg"":0.5001877776214054,""align leg screw with table thread"":0.10046265151883875,""spin leg"":0.050607195257076194}",0.2784972427146775,0.07024510637388306,0.6512576243973204
39,spin leg,1970-01-01T00:01:33.040Z,1970-01-01T00:01:54.920Z,complete,case39:frames2326-2873,Lack_Coffee_Table/0040_oak_floor_08_04_2019_08_28_11_58,21.880,2326,2873,547,"{""spin leg"":0.802615538729828,""align leg screw with table thread"":0.0544393155281134,""tighten leg"":0.03972623747998212}",0.048210895124829664,0.055008048782653335,0.8967810917379236
39,spin leg,1970-01-01T00:01:54.920Z,1970-01-01T00:01:58.800Z,complete,case39:frames2873-2970,Lack_Coffee_Table/0040_oak_floor_08_04_2019_08_28_11_58,3.880,2873,2970,97,"{""spin leg"":0.15654192699753133,""align leg screw with table thread"":0.15216257695838348,""tighten leg"":0.04936397351209343}",0.35316896791925134,0.2887625480574741,0.35806847746800824
39,flip table,1970-01-01T00:02:02.040Z,1970-01-01T00:02:09.840Z,complete,case39:frames3051-3246,Lack_Coffee_Table/0040_oak_floor_08_04_2019_08_28_11_58,7.800,3051,3246,195,"{""flip table"":0.3476251467107198,""align leg screw with table thread"":0.12111902663675256,""spin leg"":0.11101746374072555}",0.1394612971597757,0.28077705873108283,0.579761637088198
39,pick up shelf,1970-01-01T00:02:11.800Z,1970-01-01T00:02:22.600Z,complete,case39:frames3295-3565,Lack_Coffee_Table/0040_oak_floor_08_04_2019_08_28_11_58,10.800,3295,3565,270,"{""pick up shelf"":0.3791252570019828,""attach shelf to table"":0.09562181804191183,""tighten leg"":0.07262599905486611}",0.2504206062260049,0.2022063203399568,0.5473730740987608
39,spin leg,1970-01-01T00:02:22.600Z,1970-01-01T00:02:45.120Z,complete,case39:frames3565-4128,Lack_Coffee_Table/0040_oak_floor_08_04_2019_08_28_11_58,22.520,3565,4128,563,"{""spin leg"":0.11628613369035103,""tighten leg"":0.0938266268873044,""attach shelf to table"":0.08760509602593168}",0.4987408414079442,0.20354128981357186,0.2977178566035871
4,align leg screw with table thread,1970-01-01T00:00:04.920Z,1970-01-01T00:00:07.120Z,complete,case4:frames123-178,Lack_TV_Bench/0006_white_floor_08_04_2019_08_28_12_08,2.200,123,178,55,"{""align leg screw with table thread"":0.6016171883453022,""spin leg"":0.2654619021849199,""flip table top"":0.00025220392867181956}",0.03554406464099884,0.09712462610460476,0.867331294458894
4,align leg screw with table thread,1970-01-01T00:00:07.120Z,1970-01-01T00:00:09.720Z,complete,case4:frames178-243,Lack_TV_Bench/0006_white_floor_08_04_2019_08_28_12_08,2.600,178,243,65,"{""align leg screw with table thread"":0.5339561242323655,""spin leg"":0.2456659414447271,""pick up leg"":0.1586234298749612}",0.05577838524029805,0.005976139906281638,0.9382454955520538
4,spin leg,1970-01-01T00:00:09.720Z,1970-01-01T00:00:12.080Z,complete,case4:frames243-302,Lack_TV_Bench/0006_white_floor_08_04_2019_08_28_12_08,2.360,243,302,59,"{""spin leg"":0.7219588868951393,""align leg screw with table thread"":0.22135411483882847,""tighten leg"":0.0069213484994025305}",0.036380218057814294,0.013385417132205129,0.9502343502333703
4,spin leg,1970-01-01T00:00:12.080Z,1970-01-01T00:00:23.600Z,complete,case4:frames302-590,Lack_TV_Bench/0006_white_floor_08_04_2019_08_28_12_08,11.520,302,590,288,"{""spin leg"":0.953163418918848,""align leg screw with table thread"":0.015939773545445252,""tighten leg"":0.002695768008076508}",0.023288571573276486,0.004912490902977315,0.9717989604723698
4,align leg screw with table thread,1970-01-01T00:00:23.600Z,1970-01-01T00:00:25.320Z,complete,case4:frames590-633,Lack_TV_Bench/0006_white_floor_08_04_2019_08_28_12_08,1.720,590,633,43,"{""align leg screw with table thread"":0.6974559589180835,""spin leg"":0.17051594236562417,""pick up leg"":0.0669484029220807}",0.05504405983658724,0.01003560501494926,0.9349203042057884
4,align leg screw with table thread,1970-01-01T00:00:25.320Z,1970-01-01T00:00:26.920Z,complete,case4:frames633-673,Lack_TV_Bench/0006_white_floor_08_04_2019_08_28_12_08,1.600,633,673,40,"{""align leg screw with table thread"":0.7941679313778878,""spin leg"":0.16242157481610775,""pick up leg"":0.00987295062514022}",0.0261498399078846,0.007387695226600144,0.9664624568191358
4,spin leg,1970-01-01T00:00:26.920Z,1970-01-01T00:00:38.560Z,complete,case4:frames673-964,Lack_TV_Bench/0006_white_floor_08_04_2019_08_28_12_08,11.640,673,964,291,"{""spin leg"":0.78178550308103,""align leg screw with table thread"":0.07942410258902717,""tighten leg"":0.03288536311424885}",0.07609931863460344,0.0298057394139455,0.894094968784306
4,pick up leg,1970-01-01T00:00:38.560Z,1970-01-01T00:00:42.760Z,complete,case4:frames964-1069,Lack_TV_Bench/0006_white_floor_08_04_2019_08_28_12_08,4.200,964,1069,105,"{""pick up leg"":0.4332793692392962,""align leg screw with table thread"":0.14011841075760978,""spin leg"":0.07118049888383775}",0.23698640295437404,0.11843534242560144,0.6445782788807437
4,align leg screw with table thread,1970-01-01T00:00:42.760Z,1970-01-01T00:00:43.560Z,complete,case4:frames1069-1089,Lack_TV_Bench/0006_white_floor_08_04_2019_08_28_12_08,0.800,1069,1089,20,"{""align leg screw with table thread"":0.2550052456557751,""tighten leg"":0.1920107953250408,""spin leg"":0.15658108592033387}",0.17534181326627732,0.22106108331345245,0.6035971269011497
4,spin leg,1970-01-01T00:00:43.560Z,1970-01-01T00:00:57.200Z,complete,case4:frames1089-1430,Lack_TV_Bench/0006_white_floor_08_04_2019_08_28_12_08,13.640,1089,1430,341,"{""spin leg"":0.4480467926809166,""tighten leg"":0.18878539557680707,""align leg screw with table thread"":0.08386388731317436}",0.14095033595988476,0.13835358938625864,0.7206960755708981
4,pick up leg,1970-01-01T00:00:57.200Z,1970-01-01T00:01:00.600Z,complete,case4:frames1430-1515,Lack_TV_Bench/0006_white_floor_08_04_2019_08_28_12_08,3.400,1430,1515,85,"{""pick up leg"":0.4346795099623063,""align leg screw with table thread"":0.0708535743986859,""pick up shelf"":0.05791585105745231}",0.23077373750069563,0.20577731639804542,0.5634489354184445
4,tighten leg,1970-01-01T00:01:00.600Z,1970-01-01T00:01:01.920Z,complete,case4:frames1515-1548,Lack_TV_Bench/0006_white_floor_08_04_2019_08_28_12_08,1.320,1515,1548,33,"{""tighten leg"":0.4389377963362318,""spin leg"":0.15875418258435797,""align leg screw with table thread"":0.0713209223115083}",0.1931301165710796,0.13785697686950354,0.6690129012320981
4,spin leg,1970-01-01T00:01:01.920Z,1970-01-01T00:01:17.640Z,complete,case4:frames1548-1941,Lack_TV_Bench/0006_white_floor_08_04_2019_08_28_12_08,15.720,1548,1941,393,"{""spin leg"":0.4770288529211025,""tighten leg"":0.15353533967324645,""align leg screw with table thread"":0.10088199778974208}",0.15516221329911065,0.11339161581510872,0.731446190384091
4,align leg screw with table thread,1970-01-01T00:01:17.640Z,1970-01-01T00:01:22.760Z,complete,case4:frames1941-2069,Lack_TV_Bench/0006_white_floor_08_04_2019_08_28_12_08,5.120,1941,2069,128,"{""align leg screw with table thread"":0.4218598148727324,""flip table"":0.13253474268458376,""pick up shelf"":0.11118460516672712}",0.07852589333197102,0.25589493206059816,0.6655791627240433
4,pick up leg,1970-01-01T00:01:22.760Z,1970-01-01T00:01:28.800Z,complete,case4:frames2069-2220,Lack_TV_Bench/0006_white_floor_08_04_2019_08_28_12_08,6.040,2069,2220,151,"{""pick up leg"":0.20766482938895162,""align leg screw with table thread"":0.2048754325716306,""pick up shelf"":0.15705544950551545}",0.15832146720973073,0.2720827990058893,0.5695957114660977
40,pick up shelf,1970-01-01T00:00:04.120Z,1970-01-01T00:00:06.920Z,complete,case40:frames103-173,Lack_Coffee_Table/0007_white_floor_08_04_2019_08_28_10_49,2.800,103,173,70,"{""pick up shelf"":0.2052695188139166,""rotate table"":0.11174011951578515,""flip table top"":0.014191298985055514}",0.28407499747616904,0.3847240675128335,0.33120093731475725
40,attach shelf to table,1970-01-01T00:00:08.920Z,1970-01-01T00:00:10.040Z,complete,case40:frames223-251,Lack_Coffee_Table/0007_white_floor_08_04_2019_08_28_10_49,1.120,223,251,28,"{""attach shelf to table"":0.28641648324472563,""pick up shelf"":0.2225583841625069,""pick up leg"":0.1263643866404891}",0.059249933143811565,0.30541078840810065,0.6353392540477216
40,spin leg,1970-01-01T00:00:11.200Z,1970-01-01T00:00:12.040Z,complete,case40:frames280-301,Lack_Coffee_Table/0007_white_floor_08_04_2019_08_28_10_49,0.840,280,301,21,"{""spin leg"":0.6716165542602539,""align leg screw with table thread"":0.19247957407718613,""rotate table"":0.017997227076973234}",0.07068621775224096,0.04722042904366863,0.8820933554144132
40,spin leg,1970-01-01T00:00:12.040Z,1970-01-01T00:00:25.200Z,complete,case40:frames301-630,Lack_Coffee_Table/0007_white_floor_08_04_2019_08_28_10_49,13.160,301,630,329,"{""spin leg"":0.8815683075722228,""align leg screw with table thread"":0.030775153947184514,""tighten leg"":0.005420932650996378}",0.06353840969027356,0.018697190151698805,0.9177643941704038
40,pick up leg,1970-01-01T00:00:25.200Z,1970-01-01T00:00:26.640Z,complete,case40:frames630-666,Lack_Coffee_Table/0007_white_floor_08_04_2019_08_28_10_49,1.440,630,666,36,"{""pick up leg"":0.3777015194710758,""spin leg"":0.18574194465246466,""align leg screw with table thread"":0.14610528863138622}",0.2368042783604728,0.05364697515804709,0.7095487527549267
40,align leg screw with table thread,1970-01-01T00:00:26.640Z,1970-01-01T00:00:28.480Z,complete,case40:frames666-712,Lack_Coffee_Table/0007_white_floor_08_04_2019_08_28_10_49,1.840,666,712,46,"{""align leg screw with table thread"":0.34074541148932086,""spin leg"":0.20138260446812795,""tighten leg"":0.14662885773198112}",0.12653124915516895,0.1847118877675435,0.68875687368943
40,spin leg,1970-01-01T00:00:28.480Z,1970-01-01T00:00:40.640Z,complete,case40:frames712-1016,Lack_Coffee_Table/0007_white_floor_08_04_2019_08_28_10_49,12.160,712,1016,304,"{""spin leg"":0.6718169448799208,""tighten leg"":0.12182367455802466,""align leg screw with table thread"":0.04888699051776999}",0.12952923343369835,0.027943146590772763,0.8425276099557155
40,pick up leg,1970-01-01T00:00:40.640Z,1970-01-01T00:00:42.480Z,complete,case40:frames1016-1062,Lack_Coffee_Table/0007_white_floor_08_04_2019_08_28_10_49,1.840,1016,1062,46,"{""pick up leg"":0.3833616337050562,""align leg screw with table thread"":0.12990550048973248,""spin leg"":0.03038952499628067}",0.3383640063845593,0.11797933782752255,0.5436566591910694
40,align leg screw with table thread,1970-01-01T00:00:43.200Z,1970-01-01T00:00:44.760Z,complete,case40:frames1080-1119,Lack_Coffee_Table/0007_white_floor_08_04_2019_08_28_10_49,1.560,1080,1119,39,"{""align leg screw with table thread"":0.8835052970128182,""pick up leg"":0.025747987035757456,""spin leg"":0.019412873503871452}",0.049823882774664804,0.02150997699101144,0.9286661575524471
40,spin leg,1970-01-01T00:00:44.760Z,1970-01-01T00:00:59.320Z,complete,case40:frames1119-1483,Lack_Coffee_Table/0007_white_floor_08_04_2019_08_28_10_49,14.560,1119,1483,364,"{""spin leg"":0.759437277078997,""align leg screw with table thread"":0.2144780752996167,""pick up leg"":0.0051272634812119}",0.01521116379484698,0.005746232899056326,0.9790426158598257
40,pick up leg,1970-01-01T00:00:59.320Z,1970-01-01T00:01:00.760Z,complete,case40:frames1483-1519,Lack_Coffee_Table/0007_white_floor_08_04_2019_08_28_10_49,1.440,1483,1519,36,"{""pick up leg"":0.4060510831574599,""align leg screw with table thread"":0.22608376128806007,""pick up shelf"":0.15559330706795058}",0.09956640491469039,0.11270541494108798,0.7877281515134705
40,align leg screw with table thread,1970-01-01T00:01:00.760Z,1970-01-01T00:01:03.880Z,complete,case40:frames1519-1597,Lack_Coffee_Table/0007_white_floor_08_04_2019_08_28_10_49,3.120,1519,1597,78,"{""align leg screw with table thread"":0.4516916076342265,""spin leg"":0.3328778171696915,""pick up leg"":0.0783858850884896}",0.1017766945446149,0.035267965036483655,0.8629553098924077
40,spin leg,1970-01-01T00:01:03.880Z,1970-01-01T00:01:15.920Z,complete,case40:frames1597-1898,Lack_Coffee_Table/0007_white_floor_08_04_2019_08_28_10_49,12.040,1597,1898,301,"{""spin leg"":0.842190340111818,""align leg screw with table thread"":0.11219295968248995,""tighten leg"":0.022746918333131215}",0.01864740754975829,0.004222366593929633,0.9771302181274393
40,flip table,1970-01-01T00:01:15.920Z,1970-01-01T00:01:21.840Z,complete,case40:frames1898-2046,Lack_Coffee_Table/0007_white_floor_08_04_2019_08_28_10_49,5.920,1898,2046,148,"{""flip table"":0.43391209022091654,""pick up shelf"":0.15275561089652614,""align leg screw with table thread"":0.11181677320367985}",0.12700053800300165,0.17451503102743765,0.6984844743211226
40,pick up shelf,1970-01-01T00:01:24.120Z,1970-01-01T00:01:26.960Z,complete,case40:frames2103-2174,Lack_Coffee_Table/0007_white_floor_08_04_2019_08_28_10_49,2.840,2103,2174,71,"{""pick up shelf"":0.5968311614763568,""attach shelf to table"":0.09273060138376665,""tighten leg"":0.05045615415692224}",0.1683676754924613,0.09161438757884097,0.7400179170170458
40,attach shelf to table,1970-01-01T00:01:26.960Z,1970-01-01T00:01:49.040Z,complete,case40:frames2174-2726,Lack_Coffee_Table/0007_white_floor_08_04_2019_08_28_10_49,22.080,2174,2726,552,"{""attach shelf to table"":0.5741323251344695,""pick up shelf"":0.15380991896719037,""tighten leg"":0.02149302338248294}",0.18867754860632663,0.06188717093460349,0.7494352674841428
41,flip table top,1970-01-01T00:00:01.080Z,1970-01-01T00:00:07.520Z,complete,case41:frames27-188,Lack_Coffee_Table/0028_black_table_04_02_2019_08_20_11_01,6.440,27,188,161,"{""flip table top"":0.5478423719890184,""pick up leg"":0.21257623763804134,""flip table"":0.029547080575121183}",0.18256078195405304,0.02747351736774721,0.789965690202181
41,pick up leg,1970-01-01T00:00:07.520Z,1970-01-01T00:00:08.240Z,complete,case41:frames188-206,Lack_Coffee_Table/0028_black_table_04_02_2019_08_20_11_01,0.720,188,206,18,"{""pick up leg"":0.9392686618698968,""align leg screw with table thread"":0.011412413532121314,""flip table top"":0.0009740167491448423}",0.04613799270656374,0.002206902848490146,0.951655092151163
41,align leg screw with table thread,1970-01-01T00:00:08.800Z,1970-01-01T00:00:10.400Z,complete,case41:frames220-260,Lack_Coffee_Table/0028_black_table_04_02_2019_08_20_11_01,1.600,220,260,40,"{""align leg screw with table thread"":0.7518152900040149,""pick up leg"":0.03943157736212015,""rotate table"":0.016131154613140096}",0.1682931575924158,0.02432883188513532,0.8073780219792751
41,spin leg,1970-01-01T00:00:10.400Z,1970-01-01T00:00:27.800Z,complete,case41:frames260-695,Lack_Coffee_Table/0028_black_table_04_02_2019_08_20_11_01,17.400,260,695,435,"{""spin leg"":0.7576438525798677,""align leg screw with table thread"":0.1626694673779367,""pick up leg"":0.008448195744348668}",0.06858508254604778,0.002653401659894693,0.928761515702153
41,pick up leg,1970-01-01T00:00:28.880Z,1970-01-01T00:00:30.160Z,complete,case41:frames722-754,Lack_Coffee_Table/0028_black_table_04_02_2019_08_20_11_01,1.280,722,754,32,"{""pick up leg"":0.8641574829816818,""align leg screw with table thread"":0.015249699863488786,""flip table top"":0.005145332454048912}",0.1101888413541019,0.00525866947729603,0.8845525152992195
41,pick up leg,1970-01-01T00:00:30.160Z,1970-01-01T00:00:33.200Z,complete,case41:frames754-830,Lack_Coffee_Table/0028_black_table_04_02_2019_08_20_11_01,3.040,754,830,76,"{""pick up leg"":0.33863616499461624,""align leg screw with table thread"":0.3253792724327037,""spin leg"":0.10457785865046869}",0.14747748386703038,0.08392918953270667,0.7685932960777886
41,align leg screw with table thread,1970-01-01T00:00:33.200Z,1970-01-01T00:00:51.120Z,complete,case41:frames830-1278,Lack_Coffee_Table/0028_black_table_04_02_2019_08_20_11_01,17.920,830,1278,448,"{""align leg screw with table thread"":0.5774624583178333,""spin leg"":0.22256476678220288,""pick up leg"":0.042766355510268896}",0.10818175665502038,0.04902467073460898,0.8427935806103051
41,pick up leg,1970-01-01T00:00:52.760Z,1970-01-01T00:00:54.000Z,complete,case41:frames1319-1350,Lack_Coffee_Table/0028_black_table_04_02_2019_08_20_11_01,1.240,1319,1350,31,"{""pick up leg"":0.8247033876757468,""align leg screw with table thread"":0.09538617261475132,""spin leg"":0.011709467932251432}",0.0532586089064998,0.014942300369211679,0.9317990282227496
41,align leg screw with table thread,1970-01-01T00:00:54.000Z,1970-01-01T00:00:55.440Z,complete,case41:frames1350-1386,Lack_Coffee_Table/0028_black_table_04_02_2019_08_20_11_01,1.440,1350,1386,36,"{""align leg screw with table thread"":0.7746922108862135,""pick up leg"":0.12941275205877092,""spin leg"":0.02789563002685706}",0.03990182872965104,0.028097513589577894,0.9320005929718415
41,spin leg,1970-01-01T00:00:55.440Z,1970-01-01T00:01:17.880Z,complete,case41:frames1386-1947,Lack_Coffee_Table/0028_black_table_04_02_2019_08_20_11_01,22.440,1386,1947,561,"{""spin leg"":0.8027805053975945,""align leg screw with table thread"":0.11890409512315842,""pick up leg"":0.027715494952524834}",0.028759004363919642,0.021840902537101997,0.9494000954732776
41,pick up leg,1970-01-01T00:01:17.880Z,1970-01-01T00:01:18.960Z,complete,case41:frames1947-1974,Lack_Coffee_Table/0028_black_table_04_02_2019_08_20_11_01,1.080,1947,1974,27,"{""pick up leg"":0.8546052310201857,""align leg screw with table thread"":0.07935179383666427,""spin leg"":0.00841598361040707}",0.04927637055516243,0.008350631802902294,0.942373008467257
41,align leg screw with table thread,1970-01-01T00:01:18.960Z,1970-01-01T00:01:20.920Z,complete,case41:frames1974-2023,Lack_Coffee_Table/0028_black_table_04_02_2019_08_20_11_01,1.960,1974,2023,49,"{""align leg screw with table thread"":0.5954908406247899,""pick up leg"":0.21007954146789046,""spin leg"":0.1111340442938464}",0.07750843693407214,0.005787160413616702,0.9167044263865267
41,spin leg,1970-01-01T00:01:20.920Z,1970-01-01T00:01:39.560Z,complete,case41:frames2023-2489,Lack_Coffee_Table/0028_black_table_04_02_2019_08_20_11_01,18.640,2023,2489,466,"{""spin leg"":0.6247745846026446,""align leg screw with table thread"":0.3219630704161435,""pick up leg"":0.016276745447417314}",0.03299455877089705,0.003991050608000076,0.9630144004662053
41,pick up leg,1970-01-01T00:01:40.640Z,1970-01-01T00:01:43.160Z,complete,case41:frames2516-2579,Lack_Coffee_Table/0028_black_table_04_02_2019_08_20_11_01,2.520,2516,2579,63,"{""pick up leg"":0.1836166803444189,""align leg screw with table thread"":0.15967298674559782,""pick up shelf"":0.030233570803252476}",0.3232237214133853,0.30325303970242207,0.3735232378932692
41,pick up leg,1970-01-01T00:01:50.520Z,1970-01-01T00:01:53.560Z,complete,case41:frames2763-2839,Lack_Coffee_Table/0028_black_table_04_02_2019_08_20_11_01,3.040,2763,2839,76,"{""pick up leg"":0.20553718829576514,""pick up shelf"":0.18458836486465052,""lay down shelf"":0.00175800550019439}",0.27527284504551636,0.33284361091992937,0.39188355866061003
41,flip table,1970-01-01T00:01:54.280Z,1970-01-01T00:02:03.440Z,complete,case41:frames2857-3086,Lack_Coffee_Table/0028_black_table_04_02_2019_08_20_11_01,9.160,2857,3086,229,"{""flip table"":0.9099934257924817,""pick up shelf"":0.028138636225553872,""pick up leg"":0.0201602521337918}",0.032903419835004936,0.00880426694021852,0.9582923141518274
41,attach shelf to table,1970-01-01T00:02:03.440Z,1970-01-01T00:02:18.160Z,complete,case41:frames3086-3454,Lack_Coffee_Table/0028_black_table_04_02_2019_08_20_11_01,14.720,3086,3454,368,"{""attach shelf to table"":0.6213785242289305,""pick up shelf"":0.15595692580656917,""other"":0.06862066771772453}",0.0961008581849139,0.0579430532972989,0.8459561177532242
42,pick up shelf,1970-01-01T00:00:00.000Z,1970-01-01T00:00:11.000Z,complete,case42:frames0-275,Lack_Coffee_Table/0023_black_table_04_02_2019_08_20_14_06,11.000,0,275,275,"{""pick up shelf"":0.27254676648669623,""flip table"":0.17969200517643583,""flip table top"":0.0248729571192102}",0.21234317942099137,0.3105451116047292,0.4771117287823423
42,pick up leg,1970-01-01T00:00:11.000Z,1970-01-01T00:00:12.560Z,complete,case42:frames275-314,Lack_Coffee_Table/0023_black_table_04_02_2019_08_20_14_06,1.560,275,314,39,"{""pick up leg"":0.6023986889765813,""align leg screw with table thread"":0.22628247413115624,""spin leg"":0.014841105299404798}",0.1208898384983723,0.03558788428012057,0.8435222684071423
42,align leg screw with table thread,1970-01-01T00:00:12.560Z,1970-01-01T00:00:14.360Z,complete,case42:frames314-359,Lack_Coffee_Table/0023_black_table_04_02_2019_08_20_14_06,1.800,314,359,45,"{""align leg screw with table thread"":0.5056223564677769,""spin leg"":0.4196959517068333,""pick up leg"":0.056688191990057625}",0.01673462548189693,0.0012588319294051097,0.9820065001646677
42,spin leg,1970-01-01T00:00:14.360Z,1970-01-01T00:00:32.760Z,complete,case42:frames359-819,Lack_Coffee_Table/0023_black_table_04_02_2019_08_20_14_06,18.400,359,819,460,"{""spin leg"":0.9583860335466654,""align leg screw with table thread"":0.028246653189315744,""pick up leg"":0.007354201812742521}",0.004769495234865209,0.0012436438981964296,0.9939868885487236
42,pick up leg,1970-01-01T00:00:33.880Z,1970-01-01T00:00:35.920Z,complete,case42:frames847-898,Lack_Coffee_Table/0023_black_table_04_02_2019_08_20_14_06,2.040,847,898,51,"{""pick up leg"":0.7964250795981463,""align leg screw with table thread"":0.029965835751271715,""flip table"":0.01187396009781343}",0.13964181685564564,0.022093325866831926,0.8382648754472315
42,pick up leg,1970-01-01T00:00:35.920Z,1970-01-01T00:00:38.600Z,complete,case42:frames898-965,Lack_Coffee_Table/0023_black_table_04_02_2019_08_20_14_06,2.680,898,965,67,"{""pick up leg"":0.5513197961471864,""align leg screw with table thread"":0.2569758274884366,""spin leg"":0.1059193460743374}",0.07648776571697263,0.009297233421878394,0.9142149697099604
42,spin leg,1970-01-01T00:00:38.600Z,1970-01-01T00:00:55.880Z,complete,case42:frames965-1397,Lack_Coffee_Table/0023_black_table_04_02_2019_08_20_14_06,17.280,965,1397,432,"{""spin leg"":0.681889699427066,""align leg screw with table thread"":0.19484808697813638,""pick up leg"":0.050150376839425276}",0.05070884782751953,0.022402996702722673,0.9268881632446276
42,spin leg,1970-01-01T00:00:55.880Z,1970-01-01T00:01:04.640Z,complete,case42:frames1397-1616,Lack_Coffee_Table/0023_black_table_04_02_2019_08_20_14_06,8.760,1397,1616,219,"{""spin leg"":0.4915876655273786,""align leg screw with table thread"":0.2353742077062119,""tighten leg"":0.00906512519285151}",0.06480221896002826,0.19917078367638752,0.736026998426442
42,spin leg,1970-01-01T00:01:07.800Z,1970-01-01T00:01:09.600Z,complete,case42:frames1695-1740,Lack_Coffee_Table/0023_black_table_04_02_2019_08_20_14_06,1.800,1695,1740,45,"{""spin leg"":0.469750620259179,""align leg screw with table thread"":0.15491990215248533,""pick up leg"":0.12508106546269523}",0.1677381220791075,0.08251026212354998,0.7497515878743596
42,spin leg,1970-01-01T00:01:09.600Z,1970-01-01T00:01:12.960Z,complete,case42:frames1740-1824,Lack_Coffee_Table/0023_black_table_04_02_2019_08_20_14_06,3.360,1740,1824,84,"{""spin leg"":0.4768848561105274,""align leg screw with table thread"":0.13406535344464438,""pick up leg"":0.12412015384151823}",0.1859118626231239,0.07901776223204947,0.73507036339669
42,spin leg,1970-01-01T00:01:12.960Z,1970-01-01T00:01:27.520Z,complete,case42:frames1824-2188,Lack_Coffee_Table/0023_black_table_04_02_2019_08_20_14_06,14.560,1824,2188,364,"{""spin leg"":0.49757808446884155,""align leg screw with table thread"":0.13588409289553927,""pick up leg"":0.11212110765032716}",0.17995671453056755,0.0744600064502088,0.7455832850147079
42,spin leg,1970-01-01T00:01:27.520Z,1970-01-01T00:01:33.840Z,complete,case42:frames2188-2346,Lack_Coffee_Table/0023_black_table_04_02_2019_08_20_14_06,6.320,2188,2346,158,"{""spin leg"":0.5056654629828055,""align leg screw with table thread"":0.1427492420130138,""tighten leg"":0.00611777905421921}",0.1657978416998175,0.17966968336524958,0.6545324840500385
42,pick up leg,1970-01-01T00:01:37.400Z,1970-01-01T00:01:39.200Z,complete,case42:frames2435-2480,Lack_Coffee_Table/0023_black_table_04_02_2019_08_20_14_06,1.800,2435,2480,45,"{""pick up leg"":0.45123732288678486,""other"":0.19493382287522157,""align leg screw with table thread"":0.06894340763489405}",0.20802785621749031,0.07685760195552462,0.7151145533969004
42,pick up leg,1970-01-01T00:01:39.200Z,1970-01-01T00:01:41.920Z,complete,case42:frames2480-2548,Lack_Coffee_Table/0023_black_table_04_02_2019_08_20_14_06,2.720,2480,2548,68,"{""pick up leg"":0.24460278977366054,""align leg screw with table thread"":0.2334277675870587,""spin leg"":0.14418830985532088}",0.25398805299225974,0.1237930889790177,0.62221886721604
42,rotate table,1970-01-01T00:01:41.920Z,1970-01-01T00:01:44.840Z,complete,case42:frames2548-2621,Lack_Coffee_Table/0023_black_table_04_02_2019_08_20_14_06,2.920,2548,2621,73,"{""rotate table"":0.3162955966306059,""pick up leg"":0.18368077563912902,""lay down leg"":0.11609324923882337}",0.093578941405636,0.29035143379167805,0.6160696215085583
42,pick up leg,1970-01-01T00:01:44.840Z,1970-01-01T00:01:46.600Z,complete,case42:frames2621-2665,Lack_Coffee_Table/0023_black_table_04_02_2019_08_20_14_06,1.760,2621,2665,44,"{""pick up leg"":0.32752547616308386,""align leg screw with table thread"":0.1552297364581715,""flip table"":0.14304554964077065}",0.11728221787647768,0.25691703551789435,0.6258007622620261
42,spin leg,1970-01-01T00:01:46.600Z,1970-01-01T00:02:05.040Z,complete,case42:frames2665-3126,Lack_Coffee_Table/0023_black_table_04_02_2019_08_20_14_06,18.440,2665,3126,461,"{""spin leg"":0.8577027382923051,""align leg screw with table thread"":0.06268642766809257,""pick up leg"":0.024988100146814178}",0.027907398276822943,0.02671534210098746,0.945377266107212
42,flip table,1970-01-01T00:02:07.720Z,1970-01-01T00:02:19.840Z,complete,case42:frames3193-3496,Lack_Coffee_Table/0023_black_table_04_02_2019_08_20_14_06,12.120,3193,3496,303,"{""flip table"":0.6988101213580311,""pick up shelf"":0.14420272898937117,""rotate table"":0.051141334928513776}",0.05498505025800846,0.050860779734381634,0.8941541852759161
42,pick up shelf,1970-01-01T00:02:20.960Z,1970-01-01T00:02:24.120Z,complete,case42:frames3524-3603,Lack_Coffee_Table/0023_black_table_04_02_2019_08_20_14_06,3.160,3524,3603,79,"{""pick up shelf"":0.91438065224056,""attach shelf to table"":0.01578181404384631,""flip table"":0.008432743752587445}",0.04562925453050227,0.01577553756228146,0.9385952100369936
42,attach shelf to table,1970-01-01T00:02:24.120Z,1970-01-01T00:02:53.280Z,complete,case42:frames3603-4332,Lack_Coffee_Table/0023_black_table_04_02_2019_08_20_14_06,29.160,3603,4332,729,"{""attach shelf to table"":0.57024287463093,""pick up shelf"":0.12277878785955583,""other"":0.09359780742003695}",0.11393662526518801,0.09944390256666945,0.7866194699105229
43,pick up leg,1970-01-01T00:00:01.120Z,1970-01-01T00:00:02.040Z,complete,case43:frames28-51,Lack_Coffee_Table/0031_oak_table_04_02_2019_08_20_14_23,0.920,28,51,23,"{""pick up leg"":0.6113474959831523,""align leg screw with table thread"":0.10528656573075315,""spin leg"":0.04728758302719697}",0.2114409896666589,0.02463739388094302,0.7639216447411024
43,align leg screw with table thread,1970-01-01T00:00:02.040Z,1970-01-01T00:00:03.840Z,complete,case43:frames51-96,Lack_Coffee_Table/0031_oak_table_04_02_2019_08_20_14_23,1.800,51,96,45,"{""align leg screw with table thread"":0.7543609738349915,""spin leg"":0.18299692140685186,""pick up leg"":0.03383196519894732}",0.027634358323282666,0.0011757626031130674,0.9711898604407907
43,spin leg,1970-01-01T00:00:04.040Z,1970-01-01T00:00:17.000Z,complete,case43:frames101-425,Lack_Coffee_Table/0031_oak_table_04_02_2019_08_20_14_23,12.960,101,425,324,"{""spin leg"":0.9961374280629335,""align leg screw with table thread"":0.0026222594645748166,""tighten leg"":0.00010671565214130326}",0.0010230101265565113,0.00011061943458446917,0.9988664031796496
43,pick up leg,1970-01-01T00:00:17.880Z,1970-01-01T00:00:19.080Z,complete,case43:frames447-477,Lack_Coffee_Table/0031_oak_table_04_02_2019_08_20_14_23,1.200,447,477,30,"{""pick up leg"":0.6999149218201637,""rotate table"":0.034929221185545124,""align leg screw with table thread"":0.032657097280025485}",0.20825128654638927,0.024247381039945993,0.7675012402857343
43,spin leg,1970-01-01T00:00:19.080Z,1970-01-01T00:00:22.760Z,complete,case43:frames477-569,Lack_Coffee_Table/0031_oak_table_04_02_2019_08_20_14_23,3.680,477,569,92,"{""spin leg"":0.5719786220452869,""align leg screw with table thread"":0.26784120479841594,""pick up leg"":0.07349692258740896}",0.08155190952770087,0.005131319919986555,0.9133167494311119
43,spin leg,1970-01-01T00:00:23.120Z,1970-01-01T00:00:37.120Z,complete,case43:frames578-928,Lack_Coffee_Table/0031_oak_table_04_02_2019_08_20_14_23,14.000,578,928,350,"{""spin leg"":0.9611863568850926,""align leg screw with table thread"":0.015093236405934607,""pick up leg"":0.001850651423446834}",0.02099591178553445,0.000873851947318102,0.9781302447144741
43,spin leg,1970-01-01T00:00:37.280Z,1970-01-01T00:00:38.880Z,complete,case43:frames932-972,Lack_Coffee_Table/0031_oak_table_04_02_2019_08_20_14_23,1.600,932,972,40,"{""spin leg"":0.6882756948471069,""align leg screw with table thread"":0.12930023446679115,""tighten leg"":0.0031218731310218573}",0.15223985090851783,0.027062334464845246,0.82069780244492
43,pick up leg,1970-01-01T00:00:40.520Z,1970-01-01T00:00:41.920Z,complete,case43:frames1013-1048,Lack_Coffee_Table/0031_oak_table_04_02_2019_08_20_14_23,1.400,1013,1048,35,"{""pick up leg"":0.7767960207802909,""align leg screw with table thread"":0.07500140685588122,""spin leg"":0.039887563288877055}",0.09813326405627387,0.010181655397628575,0.8916849909250492
43,spin leg,1970-01-01T00:00:41.920Z,1970-01-01T00:00:44.560Z,complete,case43:frames1048-1114,Lack_Coffee_Table/0031_oak_table_04_02_2019_08_20_14_23,2.640,1048,1114,66,"{""spin leg"":0.5181923653140212,""align leg screw with table thread"":0.3588253018079382,""pick up leg"":0.055626878176223145}",0.046563505392634506,0.020791938449952328,0.9326445452981825
43,spin leg,1970-01-01T00:00:44.560Z,1970-01-01T00:01:00.800Z,complete,case43:frames1114-1520,Lack_Coffee_Table/0031_oak_table_04_02_2019_08_20_14_23,16.240,1114,1520,406,"{""spin leg"":0.9452282739390293,""align leg screw with table thread"":0.02949749188396731,""pick up leg"":0.008354723464991219}",0.0090690871351972,0.007850414983956088,0.9830804892879879
43,tighten leg,1970-01-01T00:01:01.640Z,1970-01-01T00:01:01.960Z,complete,case43:frames1541-1549,Lack_Coffee_Table/0031_oak_table_04_02_2019_08_20_14_23,0.320,1541,1549,8,"{""tighten leg"":0.6734583973884583,""spin leg"":0.1555674523115158,""align leg screw with table thread"":0.06187770888209343}",0.08931302279233932,0.019783482204360325,0.8909035585820675
43,tighten leg,1970-01-01T00:01:01.960Z,1970-01-01T00:01:02.200Z,complete,case43:frames1549-1555,Lack_Coffee_Table/0031_oak_table_04_02_2019_08_20_14_23,0.240,1549,1555,6,"{""tighten leg"":0.4779239743947983,""spin leg"":0.2591402158141136,""rotate table"":0.0023942403495311737}",0.06144905462861061,0.19909252753028994,0.7394584305584431
43,spin leg,1970-01-01T00:01:02.200Z,1970-01-01T00:01:04.000Z,complete,case43:frames1555-1600,Lack_Coffee_Table/0031_oak_table_04_02_2019_08_20_14_23,1.800,1555,1600,45,"{""spin leg"":0.5626428524653116,""align leg screw with table thread"":0.21643368469344246,""tighten leg"":0.18997938434282938}",0.02306005126900143,0.00788402154978895,0.9690559215015835
43,tighten leg,1970-01-01T00:01:04.000Z,1970-01-01T00:01:04.520Z,complete,case43:frames1600-1613,Lack_Coffee_Table/0031_oak_table_04_02_2019_08_20_14_23,0.520,1600,1613,13,"{""tighten leg"":0.5147250294685364,""align leg screw with table thread"":0.27214518189430237,""rotate table"":0.003302468452602625}",0.022419344633817673,0.1874078660036318,0.7901726798154414
43,tighten leg,1970-01-01T00:01:04.520Z,1970-01-01T00:01:04.640Z,complete,case43:frames1613-1616,Lack_Coffee_Table/0031_oak_table_04_02_2019_08_20_14_23,0.120,1613,1616,3,"{""tighten leg"":0.5147250294685364,""align leg screw with table thread"":0.27214518189430237,""spin leg"":0.17662948369979858}",0.022419344633817673,0.014080850756435837,0.9634996950626373
43,pick up leg,1970-01-01T00:01:05.640Z,1970-01-01T00:01:06.840Z,complete,case43:frames1641-1671,Lack_Coffee_Table/0031_oak_table_04_02_2019_08_20_14_23,1.200,1641,1671,30,"{""pick up leg"":0.8683920900026957,""align leg screw with table thread"":0.02327096852629135,""spin leg"":0.003294338968892892}",0.0979648020118475,0.007077713065586031,0.89495739749788
43,pick up leg,1970-01-01T00:01:06.840Z,1970-01-01T00:01:07.400Z,complete,case43:frames1671-1685,Lack_Coffee_Table/0031_oak_table_04_02_2019_08_20_14_23,0.560,1671,1685,14,"{""pick up leg"":0.3990754352084228,""align leg screw with table thread"":0.23283594314541137,""flip table"":0.053000212547236254}",0.25870351919106077,0.05638490836273341,0.6849115909010705
43,align leg screw with table thread,1970-01-01T00:01:07.400Z,1970-01-01T00:01:07.920Z,complete,case43:frames1685-1698,Lack_Coffee_Table/0031_oak_table_04_02_2019_08_20_14_23,0.520,1685,1698,13,"{""align leg screw with table thread"":0.45837961710416353,""flip table"":0.11729174841625187,""rotate table"":0.009862246296296898}",0.17909725583516634,0.23536916254529502,0.5855336118167124
43,align leg screw with table thread,1970-01-01T00:01:07.920Z,1970-01-01T00:01:08.480Z,complete,case43:frames1698-1712,Lack_Coffee_Table/0031_oak_table_04_02_2019_08_20_14_23,0.560,1698,1712,14,"{""align leg screw with table thread"":0.30652880668640137,""spin leg"":0.25169408321380615,""pick up leg"":0.16330166161060333}",0.2640377879142761,0.014437632548752077,0.7215245515108109
43,spin leg,1970-01-01T00:01:08.480Z,1970-01-01T00:01:23.680Z,complete,case43:frames1712-2092,Lack_Coffee_Table/0031_oak_table_04_02_2019_08_20_14_23,15.200,1712,2092,380,"{""spin leg"":0.6203997345347153,""align leg screw with table thread"":0.21312878916138098,""pick up leg"":0.024404488503932953}",0.12622555792331697,0.01584142294850245,0.8579330122000293
43,align leg screw with table thread,1970-01-01T00:01:26.080Z,1970-01-01T00:01:26.960Z,complete,case43:frames2152-2174,Lack_Coffee_Table/0031_oak_table_04_02_2019_08_20_14_23,0.880,2152,2174,22,"{""align leg screw with table thread"":0.3286264186555689,""flip table"":0.3213463479822332,""rotate table"":0.001688463835638355}",0.09105562350966713,0.2572832123530369,0.6516612304734405
43,spin leg,1970-01-01T00:01:26.960Z,1970-01-01T00:01:28.560Z,complete,case43:frames2174-2214,Lack_Coffee_Table/0031_oak_table_04_02_2019_08_20_14_23,1.600,2174,2214,40,"{""spin leg"":0.35457843393087385,""flip table"":0.24830942321568727,""tighten leg"":0.16538301920518278}",0.11390083730220794,0.11782833562940126,0.7682708763517438
43,flip table,1970-01-01T00:01:29.680Z,1970-01-01T00:01:30.000Z,complete,case43:frames2242-2250,Lack_Coffee_Table/0031_oak_table_04_02_2019_08_20_14_23,0.320,2242,2250,8,"{""flip table"":0.825012743473053,""rotate table"":0.010482708923518658,""pick up leg"":0.008309291675686836}",0.14480604231357574,0.011389291524814382,0.8438047440722585
43,flip table,1970-01-01T00:01:30.440Z,1970-01-01T00:01:36.960Z,complete,case43:frames2261-2424,Lack_Coffee_Table/0031_oak_table_04_02_2019_08_20_14_23,6.520,2261,2424,163,"{""flip table"":0.9812650274645331,""pick up shelf"":0.004031434149532779,""rotate table"":0.0006760504865453599}",0.011978751985481912,0.0020487282749392086,0.9859725121006113
43,pick up shelf,1970-01-01T00:01:38.240Z,1970-01-01T00:01:39.840Z,complete,case43:frames2456-2496,Lack_Coffee_Table/0031_oak_table_04_02_2019_08_20_14_23,1.600,2456,2496,40,"{""pick up shelf"":0.7560368657112122,""attach shelf to table"":0.12848296361044048,""flip table"":0.029797902796417475}",0.07357529550790787,0.012106948939253926,0.9143177321180702
43,attach shelf to table,1970-01-01T00:01:39.840Z,1970-01-01T00:01:50.640Z,complete,case43:frames2496-2766,Lack_Coffee_Table/0031_oak_table_04_02_2019_08_20_14_23,10.800,2496,2766,270,"{""attach shelf to table"":0.6628625352073598,""pick up shelf"":0.07340091439308943,""rotate table"":0.043274535325624836}",0.18480009520253926,0.035661936666887634,0.7795379849260741
44,spin leg,1970-01-01T00:00:09.080Z,1970-01-01T00:00:24.360Z,complete,case44:frames227-609,Lack_Coffee_Table/0020_white_floor_05_02_2019_08_19_12_55,15.280,227,609,382,"{""spin leg"":0.5666930792141335,""flip table"":0.25003255250332246,""align leg screw with table thread"":0.08333478634933214}",0.04751791806004122,0.052421656734840866,0.900060418066788
44,align leg screw with table thread,1970-01-01T00:00:24.360Z,1970-01-01T00:00:28.080Z,complete,case44:frames609-702,Lack_Coffee_Table/0020_white_floor_05_02_2019_08_19_12_55,3.720,609,702,93,"{""align leg screw with table thread"":0.30215310665868944,""attach shelf to table"":0.19676332391037415,""tighten leg"":0.026222511715385862}",0.10864337301382454,0.36621770579273116,0.5251389422844495
44,pick up leg,1970-01-01T00:00:28.080Z,1970-01-01T00:00:31.000Z,complete,case44:frames702-775,Lack_Coffee_Table/0020_white_floor_05_02_2019_08_19_12_55,2.920,702,775,73,"{""pick up leg"":0.40627977343863003,""rotate table"":0.18028190578908138,""align leg screw with table thread"":0.10070478436473297}",0.1423169328537706,0.17041657063765367,0.6872664635924444
44,rotate table,1970-01-01T00:00:31.000Z,1970-01-01T00:00:33.600Z,complete,case44:frames775-840,Lack_Coffee_Table/0020_white_floor_05_02_2019_08_19_12_55,2.600,775,840,65,"{""rotate table"":0.25634133850152674,""spin leg"":0.15430002289179426,""align leg screw with table thread"":0.07531120582268788}",0.1772200067455952,0.33682741754282813,0.4859525672160089
44,spin leg,1970-01-01T00:00:33.600Z,1970-01-01T00:00:51.120Z,complete,case44:frames840-1278,Lack_Coffee_Table/0020_white_floor_05_02_2019_08_19_12_55,17.520,840,1278,438,"{""spin leg"":0.6130131882143347,""pick up shelf"":0.1151077853660333,""align leg screw with table thread"":0.05245275322569015}",0.09333548589384175,0.12609078414805988,0.7805737268060582
44,align leg screw with table thread,1970-01-01T00:00:51.120Z,1970-01-01T00:00:53.080Z,complete,case44:frames1278-1327,Lack_Coffee_Table/0020_white_floor_05_02_2019_08_19_12_55,1.960,1278,1327,49,"{""align leg screw with table thread"":0.28389570725207425,""spin leg"":0.19052451772957432,""tighten leg"":0.035888095842484306}",0.22141382037376872,0.26827783976888697,0.5103083208241329
44,spin leg,1970-01-01T00:00:53.080Z,1970-01-01T00:00:57.280Z,complete,case44:frames1327-1432,Lack_Coffee_Table/0020_white_floor_05_02_2019_08_19_12_55,4.200,1327,1432,105,"{""spin leg"":0.35212363877466746,""rotate table"":0.13884508891829422,""other"":0.0003037582848697812}",0.11928494714555286,0.38944254952816343,0.49127248597783146
44,flip table,1970-01-01T00:00:58.520Z,1970-01-01T00:00:59.880Z,complete,case44:frames1463-1497,Lack_Coffee_Table/0020_white_floor_05_02_2019_08_19_12_55,1.360,1463,1497,34,"{""flip table"":0.28501555937177997,""pick up shelf"":0.20475412883302746,""pick up leg"":0.1446137406370219}",0.18629323340514126,0.17932333525234037,0.6343834288418293
44,flip table,1970-01-01T00:00:59.880Z,1970-01-01T00:01:01.360Z,complete,case44:frames1497-1534,Lack_Coffee_Table/0020_white_floor_05_02_2019_08_19_12_55,1.480,1497,1534,37,"{""flip table"":0.3343181698708921,""spin leg"":0.19713647864960335,""align leg screw with table thread"":0.07142500317579992}",0.16587791450925776,0.2312424298057841,0.6028796516962953
44,spin leg,1970-01-01T00:01:01.360Z,1970-01-01T00:01:14.320Z,complete,case44:frames1534-1858,Lack_Coffee_Table/0020_white_floor_05_02_2019_08_19_12_55,12.960,1534,1858,324,"{""spin leg"":0.6406834374331398,""flip table"":0.09941896235133395,""align leg screw with table thread"":0.05858725002380433}",0.11183976391215383,0.08947059390571102,0.7986896498082781
44,pick up leg,1970-01-01T00:01:14.320Z,1970-01-01T00:01:16.120Z,complete,case44:frames1858-1903,Lack_Coffee_Table/0020_white_floor_05_02_2019_08_19_12_55,1.800,1858,1903,45,"{""pick up leg"":0.4506444536977344,""flip table"":0.1330446210793323,""align leg screw with table thread"":0.05977017804980278}",0.26935978366269003,0.08718097634845592,0.6434592528268694
44,align leg screw with table thread,1970-01-01T00:01:16.120Z,1970-01-01T00:01:17.240Z,complete,case44:frames1903-1931,Lack_Coffee_Table/0020_white_floor_05_02_2019_08_19_12_55,1.120,1903,1931,28,"{""align leg screw with table thread"":0.679091064525502,""pick up leg"":0.10858479434890407,""spin leg"":0.06042418890033981}",0.07911687823278564,0.07278303516941012,0.848100047774746
44,spin leg,1970-01-01T00:01:17.240Z,1970-01-01T00:01:30.400Z,complete,case44:frames1931-2260,Lack_Coffee_Table/0020_white_floor_05_02_2019_08_19_12_55,13.160,1931,2260,329,"{""spin leg"":0.6862311682049581,""flip table"":0.10609969929834448,""align leg screw with table thread"":0.09875381453738387}",0.057716585775005054,0.05119871139362899,0.8910846820406865
44,flip table,1970-01-01T00:01:33.000Z,1970-01-01T00:01:39.000Z,complete,case44:frames2325-2475,Lack_Coffee_Table/0020_white_floor_05_02_2019_08_19_12_55,6.000,2325,2475,150,"{""flip table"":0.6497937347491582,""rotate table"":0.244403999458688,""align leg screw with table thread"":0.020480562482383297}",0.058470719524969655,0.026850973015164675,0.9146782966902295
44,pick up shelf,1970-01-01T00:01:40.440Z,1970-01-01T00:01:42.880Z,complete,case44:frames2511-2572,Lack_Coffee_Table/0020_white_floor_05_02_2019_08_19_12_55,2.440,2511,2572,61,"{""pick up shelf"":0.5399768596789876,""attach shelf to table"":0.1422749870136136,""rotate table"":0.08989811934469664}",0.21847785349752083,0.009372198895086467,0.7721499660372978
44,attach shelf to table,1970-01-01T00:01:42.880Z,1970-01-01T00:02:04.000Z,complete,case44:frames2572-3100,Lack_Coffee_Table/0020_white_floor_05_02_2019_08_19_12_55,21.120,2572,3100,528,"{""attach shelf to table"":0.528920798872908,""rotate table"":0.11319626691913458,""pick up shelf"":0.09600173992415269}",0.19581188018800635,0.0660693045367828,0.7381188057161953
45,flip table top,1970-01-01T00:00:02.120Z,1970-01-01T00:00:08.280Z,complete,case45:frames53-207,Lack_Coffee_Table/0024_oak_floor_05_02_2019_08_19_17_03,6.160,53,207,154,"{""flip table top"":0.38513603743601155,""flip table"":0.21099942841932975,""rotate table"":0.08347061757820767}",0.2033690165776711,0.11702490872665064,0.6796060834335489
45,pick up leg,1970-01-01T00:00:08.600Z,1970-01-01T00:00:10.080Z,complete,case45:frames215-252,Lack_Coffee_Table/0024_oak_floor_05_02_2019_08_19_17_03,1.480,215,252,37,"{""pick up leg"":0.8784884214401245,""align leg screw with table thread"":0.03077250740465683,""spin leg"":0.011101682487925564}",0.06620022241730948,0.01343719915386576,0.9203626113327069
45,align leg screw with table thread,1970-01-01T00:00:10.080Z,1970-01-01T00:00:11.520Z,complete,case45:frames252-288,Lack_Coffee_Table/0024_oak_floor_05_02_2019_08_19_17_03,1.440,252,288,36,"{""align leg screw with table thread"":0.49883509592877495,""pick up leg"":0.41944028933842975,""spin leg"":0.018036426251961127}",0.05831659543845388,0.005371620380064397,0.9363118115191659
45,spin leg,1970-01-01T00:00:11.520Z,1970-01-01T00:00:26.320Z,complete,case45:frames288-658,Lack_Coffee_Table/0024_oak_floor_05_02_2019_08_19_17_03,14.800,288,658,370,"{""spin leg"":0.7470956567171457,""align leg screw with table thread"":0.2256248693611171,""tighten leg"":0.012842558223653483}",0.008506114785937038,0.005930794917594424,0.9855630843019162
45,pick up leg,1970-01-01T00:00:26.320Z,1970-01-01T00:00:28.920Z,complete,case45:frames658-723,Lack_Coffee_Table/0024_oak_floor_05_02_2019_08_19_17_03,2.600,658,723,65,"{""pick up leg"":0.540665192124792,""spin leg"":0.20714298822702124,""align leg screw with table thread"":0.18421748005426847}",0.05549778373768696,0.012476518971276763,0.9320256604060817
45,pick up leg,1970-01-01T00:00:28.920Z,1970-01-01T00:00:31.360Z,complete,case45:frames723-784,Lack_Coffee_Table/0024_oak_floor_05_02_2019_08_19_17_03,2.440,723,784,61,"{""pick up leg"":0.3587733233561281,""align leg screw with table thread"":0.34489847035681614,""rotate table"":0.05115398389027744}",0.19086638703698017,0.05430786919418913,0.7548257776032217
45,align leg screw with table thread,1970-01-01T00:00:31.360Z,1970-01-01T00:00:47.400Z,complete,case45:frames784-1185,Lack_Coffee_Table/0024_oak_floor_05_02_2019_08_19_17_03,16.040,784,1185,401,"{""align leg screw with table thread"":0.6142013655636376,""spin leg"":0.21009884005472845,""pick up leg"":0.07694087632725066}",0.09209714766749717,0.006661770952548167,0.9012410819456167
45,pick up leg,1970-01-01T00:00:47.400Z,1970-01-01T00:00:49.360Z,complete,case45:frames1185-1234,Lack_Coffee_Table/0024_oak_floor_05_02_2019_08_19_17_03,1.960,1185,1234,49,"{""pick up leg"":0.6814420965253091,""align leg screw with table thread"":0.15170329322620313,""spin leg"":0.01670818927944923}",0.14235661528548416,0.007789743920230366,0.8498535790309615
45,align leg screw with table thread,1970-01-01T00:00:49.360Z,1970-01-01T00:00:51.000Z,complete,case45:frames1234-1275,Lack_Coffee_Table/0024_oak_floor_05_02_2019_08_19_17_03,1.640,1234,1275,41,"{""align leg screw with table thread"":0.8175150999208776,""pick up leg"":0.07515777592978827,""spin leg"":0.06895022884738154}",0.029047212949613245,0.009329670840070576,0.9616231046980473
45,spin leg,1970-01-01T00:00:51.000Z,1970-01-01T00:01:07.560Z,complete,case45:frames1275-1689,Lack_Coffee_Table/0024_oak_floor_05_02_2019_08_19_17_03,16.560,1275,1689,414,"{""spin leg"":0.9655669866768635,""align leg screw with table thread"":0.030843802039390026,""tighten leg"":0.0004595147581053403}",0.00227501825991892,0.0008546709742068007,0.9968703034743589
45,pick up leg,1970-01-01T00:01:07.560Z,1970-01-01T00:01:10.000Z,complete,case45:frames1689-1750,Lack_Coffee_Table/0024_oak_floor_05_02_2019_08_19_17_03,2.440,1689,1750,61,"{""pick up leg"":0.7599450057357183,""spin leg"":0.11257460070621284,""align leg screw with table thread"":0.06839342775647758}",0.05128697904407001,0.0077999585857337055,0.9409130341984088
45,align leg screw with table thread,1970-01-01T00:01:10.000Z,1970-01-01T00:01:12.120Z,complete,case45:frames1750-1803,Lack_Coffee_Table/0024_oak_floor_05_02_2019_08_19_17_03,2.120,1750,1803,53,"{""align leg screw with table thread"":0.6040812224712012,""spin leg"":0.24080798381342078,""pick up leg"":0.09694215637754719}",0.05338705492750654,0.004781617751477461,0.9418313626621693
45,spin leg,1970-01-01T00:01:12.120Z,1970-01-01T00:01:23.480Z,complete,case45:frames1803-2087,Lack_Coffee_Table/0024_oak_floor_05_02_2019_08_19_17_03,11.360,1803,2087,284,"{""spin leg"":0.7473393853845626,""align leg screw with table thread"":0.2255380360383383,""pick up leg"":0.0070458336710326475}",0.017873130594445785,0.002203611692627763,0.9799232550939335
45,flip table,1970-01-01T00:01:23.960Z,1970-01-01T00:01:29.320Z,complete,case45:frames2099-2233,Lack_Coffee_Table/0024_oak_floor_05_02_2019_08_19_17_03,5.360,2099,2233,134,"{""flip table"":0.7086306823723352,""pick up shelf"":0.053779695954941795,""other"":0.027650944855578466}",0.13199451789537917,0.07794418574417739,0.7900613231828555
45,flip table,1970-01-01T00:01:29.480Z,1970-01-01T00:01:33.880Z,complete,case45:frames2237-2347,Lack_Coffee_Table/0024_oak_floor_05_02_2019_08_19_17_03,4.400,2237,2347,110,"{""flip table"":0.16108494807373394,""attach shelf to table"":0.1605384972793135,""pick up shelf"":0.15861085924235258}",0.34344185997139326,0.17632383819287575,0.4802343045954
45,attach shelf to table,1970-01-01T00:01:33.880Z,1970-01-01T00:02:05.680Z,complete,case45:frames2347-3142,Lack_Coffee_Table/0024_oak_floor_05_02_2019_08_19_17_03,31.800,2347,3142,795,"{""attach shelf to table"":0.6759315114890067,""pick up leg"":0.07558899200129697,""pick up shelf"":0.050076347906376766}",0.11726602790584355,0.0811371244692189,0.8015968513966804
46,pick up leg,1970-01-01T00:00:01.840Z,1970-01-01T00:00:04.120Z,complete,case46:frames46-103,Lack_Coffee_Table/0014_oak_floor_05_02_2019_08_19_12_40,2.280,46,103,57,"{""pick up leg"":0.5862369035419664,""align leg screw with table thread"":0.06411370765744594,""rotate table"":0.026644154811245307}",0.289531893636051,0.03347334911919339,0.6769947660106577
46,spin leg,1970-01-01T00:00:04.920Z,1970-01-01T00:00:16.560Z,complete,case46:frames123-414,Lack_Coffee_Table/0014_oak_floor_05_02_2019_08_19_12_40,11.640,123,414,291,"{""spin leg"":0.9384946101969204,""align leg screw with table thread"":0.05063898355741681,""pick up leg"":0.004612517983695057}",0.005472871658945924,0.0007810447688846845,0.9937461117380323
46,pick up leg,1970-01-01T00:00:16.960Z,1970-01-01T00:00:18.720Z,complete,case46:frames424-468,Lack_Coffee_Table/0014_oak_floor_05_02_2019_08_19_12_40,1.760,424,468,44,"{""pick up leg"":0.5279071114280007,""align leg screw with table thread"":0.26910225369713525,""spin leg"":0.03491217558356849}",0.16117721118710257,0.006901177308476071,0.8319215407087045
46,spin leg,1970-01-01T00:00:20.440Z,1970-01-01T00:00:33.160Z,complete,case46:frames511-829,Lack_Coffee_Table/0014_oak_floor_05_02_2019_08_19_12_40,12.720,511,829,318,"{""spin leg"":0.891374349853305,""align leg screw with table thread"":0.06483008424933039,""pick up leg"":0.010322959891538013}",0.018098401772619795,0.015374208331834761,0.9665273939941733
46,pick up leg,1970-01-01T00:00:33.280Z,1970-01-01T00:00:34.600Z,complete,case46:frames832-865,Lack_Coffee_Table/0014_oak_floor_05_02_2019_08_19_12_40,1.320,832,865,33,"{""pick up leg"":0.734543527617599,""align leg screw with table thread"":0.14005342374245325,""spin leg"":0.03223237550506989}",0.07087665976900043,0.022294001693493444,0.9068293268651221
46,spin leg,1970-01-01T00:00:37.120Z,1970-01-01T00:00:53.600Z,complete,case46:frames928-1340,Lack_Coffee_Table/0014_oak_floor_05_02_2019_08_19_12_40,16.480,928,1340,412,"{""spin leg"":0.8854805844501384,""align leg screw with table thread"":0.0942438270679666,""pick up leg"":0.0026031323155903626}",0.01355126874467123,0.004121191716659244,0.9823275438336955
46,rotate table,1970-01-01T00:00:54.640Z,1970-01-01T00:00:57.280Z,complete,case46:frames1366-1432,Lack_Coffee_Table/0014_oak_floor_05_02_2019_08_19_12_40,2.640,1366,1432,66,"{""rotate table"":0.5786604339426215,""flip table"":0.15269222324996284,""align leg screw with table thread"":0.09661810145233617}",0.07971900724100345,0.09231025174667366,0.8279707586449205
46,pick up leg,1970-01-01T00:00:57.280Z,1970-01-01T00:00:58.240Z,complete,case46:frames1432-1456,Lack_Coffee_Table/0014_oak_floor_05_02_2019_08_19_12_40,0.960,1432,1456,24,"{""pick up leg"":0.5540951788425446,""rotate table"":0.22537445835769176,""flip table"":0.03423573969242474}",0.12324560433626175,0.0630491046123775,0.8137053768926611
46,align leg screw with table thread,1970-01-01T00:00:58.240Z,1970-01-01T00:00:58.360Z,complete,case46:frames1456-1459,Lack_Coffee_Table/0014_oak_floor_05_02_2019_08_19_12_40,0.120,1456,1459,3,"{""align leg screw with table thread"":0.6361902356147766,""pick up leg"":0.26747146248817444,""rotate table"":0.002125435508787632}",0.0659102126955986,0.02830262895198743,0.9057871336117387
46,spin leg,1970-01-01T00:00:59.280Z,1970-01-01T00:01:15.320Z,complete,case46:frames1482-1883,Lack_Coffee_Table/0014_oak_floor_05_02_2019_08_19_12_40,16.040,1482,1883,401,"{""spin leg"":0.7801157829962541,""align leg screw with table thread"":0.0956107955733709,""pick up leg"":0.017445971851383437}",0.07706220688628139,0.029765256809563368,0.8931725504210084
46,flip table,1970-01-01T00:01:15.320Z,1970-01-01T00:01:22.520Z,complete,case46:frames1883-2063,Lack_Coffee_Table/0014_oak_floor_05_02_2019_08_19_12_40,7.200,1883,2063,180,"{""flip table"":0.7423638845483462,""pick up shelf"":0.05946122208454956,""rotate table"":0.019337643096514513}",0.14150228448108668,0.037334968767606114,0.8211627497294103
46,pick up shelf,1970-01-01T00:01:25.680Z,1970-01-01T00:01:26.880Z,complete,case46:frames2142-2172,Lack_Coffee_Table/0014_oak_floor_05_02_2019_08_19_12_40,1.200,2142,2172,30,"{""pick up shelf"":0.4483388384183248,""flip table"":0.167209163804849,""attach shelf to table"":0.06804735288023948}",0.2712631642818451,0.04514153701738336,0.6835953551034132
46,attach shelf to table,1970-01-01T00:01:28.480Z,1970-01-01T00:01:44.000Z,complete,case46:frames2212-2600,Lack_Coffee_Table/0014_oak_floor_05_02_2019_08_19_12_40,15.520,2212,2600,388,"{""attach shelf to table"":0.4658190338877174,""spin leg"":0.15126677457100385,""pick up shelf"":0.037707465292751485}",0.27236348232158375,0.07284324324271697,0.6547932737514727
47,flip table top,1970-01-01T00:00:01.880Z,1970-01-01T00:00:07.760Z,complete,case47:frames47-194,Lack_Coffee_Table/0029_white_table_04_02_2019_08_20_11_33,5.880,47,194,147,"{""flip table top"":0.8984251006119917,""pick up leg"":0.027055270051216187,""flip table"":0.010226288790573829}",0.05686355889046273,0.007429776428576533,0.9357066594537817
47,pick up leg,1970-01-01T00:00:07.920Z,1970-01-01T00:00:08.480Z,complete,case47:frames198-212,Lack_Coffee_Table/0029_white_table_04_02_2019_08_20_11_33,0.560,198,212,14,"{""pick up leg"":0.7730792420251029,""flip table top"":0.09472513911480616,""align leg screw with table thread"":0.032887266034127345}",0.0867588562624795,0.012549586952360412,0.9006916471740365
47,align leg screw with table thread,1970-01-01T00:00:08.880Z,1970-01-01T00:00:10.000Z,complete,case47:frames222-250,Lack_Coffee_Table/0029_white_table_04_02_2019_08_20_11_33,1.120,222,250,28,"{""align leg screw with table thread"":0.8423235629286084,""pick up leg"":0.08145692505474601,""spin leg"":0.025104884723467485}",0.04983441611485822,0.0012802739773653774,0.9488853727068219
47,spin leg,1970-01-01T00:00:10.000Z,1970-01-01T00:00:25.880Z,complete,case47:frames250-647,Lack_Coffee_Table/0029_white_table_04_02_2019_08_20_11_33,15.880,250,647,397,"{""spin leg"":0.97506861249806,""align leg screw with table thread"":0.01818636530583316,""pick up leg"":0.0004615406043914332}",0.005950299408333728,0.00033319338694395243,0.9937165184082846
47,spin leg,1970-01-01T00:00:25.880Z,1970-01-01T00:00:26.240Z,complete,case47:frames647-656,Lack_Coffee_Table/0029_white_table_04_02_2019_08_20_11_33,0.360,647,656,9,"{""spin leg"":0.9531702995300293,""align leg screw with table thread"":0.009844668209552765,""tighten leg"":0.0011268280213698745}",0.0348476804792881,0.0010105276411203068,0.9641417957609519
47,pick up leg,1970-01-01T00:00:26.640Z,1970-01-01T00:00:27.560Z,complete,case47:frames666-689,Lack_Coffee_Table/0029_white_table_04_02_2019_08_20_11_33,0.920,666,689,23,"{""pick up leg"":0.13814574666321278,""spin leg"":0.13515611190308371,""rotate table"":0.0680483381577727}",0.6057589902825977,0.05289072477855382,0.3413501967240692
47,align leg screw with table thread,1970-01-01T00:00:28.320Z,1970-01-01T00:00:30.400Z,complete,case47:frames708-760,Lack_Coffee_Table/0029_white_table_04_02_2019_08_20_11_33,2.080,708,760,52,"{""align leg screw with table thread"":0.669455716243157,""pick up leg"":0.10457282155179061,""spin leg"":0.015533405320289044}",0.2070811757674584,0.0033568665607099594,0.7895619431152366
47,spin leg,1970-01-01T00:00:30.400Z,1970-01-01T00:00:44.960Z,complete,case47:frames760-1124,Lack_Coffee_Table/0029_white_table_04_02_2019_08_20_11_33,14.560,760,1124,364,"{""spin leg"":0.9727972742620405,""align leg screw with table thread"":0.021135397506161377,""pick up leg"":0.00038275705422735314}",0.005375446063456136,0.000309138023101533,0.9943154288224292
47,spin leg,1970-01-01T00:00:46.080Z,1970-01-01T00:00:52.320Z,complete,case47:frames1152-1308,Lack_Coffee_Table/0029_white_table_04_02_2019_08_20_11_33,6.240,1152,1308,156,"{""spin leg"":0.5498791323640407,""align leg screw with table thread"":0.06555002010785617,""pick up leg"":0.014276692098997628}",0.3506422554835295,0.019651923112776384,0.6297058445708945
47,spin leg,1970-01-01T00:00:52.880Z,1970-01-01T00:00:54.960Z,complete,case47:frames1322-1374,Lack_Coffee_Table/0029_white_table_04_02_2019_08_20_11_33,2.080,1322,1374,52,"{""spin leg"":0.374389381855368,""align leg screw with table thread"":0.12201740758833833,""flip table"":0.1114735018569403}",0.2778412648118459,0.11427844391727626,0.6078802913006467
47,rotate table,1970-01-01T00:00:54.960Z,1970-01-01T00:01:00.800Z,complete,case47:frames1374-1520,Lack_Coffee_Table/0029_white_table_04_02_2019_08_20_11_33,5.840,1374,1520,146,"{""rotate table"":0.8031846707150953,""pick up leg"":0.028395619600603026,""flip table"":0.022589372234954816}",0.1021815003597573,0.043648858936073606,0.8541696625506531
47,pick up leg,1970-01-01T00:01:01.000Z,1970-01-01T00:01:02.120Z,complete,case47:frames1525-1553,Lack_Coffee_Table/0029_white_table_04_02_2019_08_20_11_33,1.120,1525,1553,28,"{""pick up leg"":0.8023981984172549,""rotate table"":0.014922923237983403,""align leg screw with table thread"":0.012244129969206239}",0.1426026155906064,0.027832111478947548,0.8295652516244445
47,spin leg,1970-01-01T00:01:02.880Z,1970-01-01T00:01:04.600Z,complete,case47:frames1572-1615,Lack_Coffee_Table/0029_white_table_04_02_2019_08_20_11_33,1.720,1572,1615,43,"{""spin leg"":0.39306404545556667,""align leg screw with table thread"":0.33927979320287704,""pick up leg"":0.09245952795974391}",0.14488940867920255,0.030307162813587835,0.8248033666181876
47,spin leg,1970-01-01T00:01:04.600Z,1970-01-01T00:01:23.640Z,complete,case47:frames1615-2091,Lack_Coffee_Table/0029_white_table_04_02_2019_08_20_11_33,19.040,1615,2091,476,"{""spin leg"":0.9490602609286664,""flip table"":0.005192445986072666,""pick up shelf"":0.004385020124718416}",0.03236287403773485,0.008999398393040623,0.9586377270394575
47,pick up leg,1970-01-01T00:01:24.240Z,1970-01-01T00:01:25.560Z,complete,case47:frames2106-2139,Lack_Coffee_Table/0029_white_table_04_02_2019_08_20_11_33,1.320,2106,2139,33,"{""pick up leg"":0.5972858793807753,""align leg screw with table thread"":0.10803255181985372,""flip table"":0.035557403564312015}",0.20815790828430292,0.05096626865257594,0.740875834764941
47,align leg screw with table thread,1970-01-01T00:01:25.560Z,1970-01-01T00:01:27.240Z,complete,case47:frames2139-2181,Lack_Coffee_Table/0029_white_table_04_02_2019_08_20_11_33,1.680,2139,2181,42,"{""align leg screw with table thread"":0.6502415295690298,""spin leg"":0.08875589089889434,""pick up leg"":0.08830800178943068}",0.14028824830339068,0.03240644262475846,0.8273054222573548
47,spin leg,1970-01-01T00:01:27.240Z,1970-01-01T00:01:45.920Z,complete,case47:frames2181-2648,Lack_Coffee_Table/0029_white_table_04_02_2019_08_20_11_33,18.680,2181,2648,467,"{""spin leg"":0.891840479486249,""tighten leg"":0.027647067732667518,""flip table"":0.004211398365067785}",0.06827616590280604,0.008024944974725643,0.9236989455839844
47,flip table,1970-01-01T00:01:45.920Z,1970-01-01T00:01:56.880Z,complete,case47:frames2648-2922,Lack_Coffee_Table/0029_white_table_04_02_2019_08_20_11_33,10.960,2648,2922,274,"{""flip table"":0.903383095334046,""rotate table"":0.01686475860976754,""pick up shelf"":0.008223974006165527}",0.06666881561197084,0.004859366120088423,0.9284718279499791
47,pick up shelf,1970-01-01T00:01:56.880Z,1970-01-01T00:02:00.680Z,complete,case47:frames2922-3017,Lack_Coffee_Table/0029_white_table_04_02_2019_08_20_11_33,3.800,2922,3017,95,"{""pick up shelf"":0.3678098003134916,""flip table"":0.16845093638096986,""rotate table"":0.10480966824106872}",0.23602912155421157,0.12290048545101989,0.6410704049355301
47,attach shelf to table,1970-01-01T00:02:00.680Z,1970-01-01T00:02:25.960Z,complete,case47:frames3017-3649,Lack_Coffee_Table/0029_white_table_04_02_2019_08_20_11_33,25.280,3017,3649,632,"{""attach shelf to table"":0.5890912347932971,""pick up shelf"":0.1617396857482278,""flip table"":0.006947951966370205}",0.2326083901467957,0.009612737419103646,0.7577788725078951
48,align leg screw with table thread,1970-01-01T00:00:02.240Z,1970-01-01T00:00:04.480Z,complete,case48:frames56-112,Lack_Coffee_Table/0022_white_floor_05_02_2019_08_19_15_53,2.240,56,112,56,"{""align leg screw with table thread"":0.5045310812337058,""pick up leg"":0.3602554015815258,""spin leg"":0.05516814387270382}",0.04579541566116469,0.034249967965079356,0.9199546266879355
48,spin leg,1970-01-01T00:00:04.480Z,1970-01-01T00:00:23.320Z,complete,case48:frames112-583,Lack_Coffee_Table/0022_white_floor_05_02_2019_08_19_15_53,18.840,112,583,471,"{""spin leg"":0.8823586037331073,""align leg screw with table thread"":0.10260369506864285,""tighten leg"":0.003052121059941385}",0.009601937065142228,0.00238366591043718,0.9880144198616915
48,rotate table,1970-01-01T00:00:27.520Z,1970-01-01T00:00:29.480Z,complete,case48:frames688-737,Lack_Coffee_Table/0022_white_floor_05_02_2019_08_19_15_53,1.960,688,737,49,"{""rotate table"":0.24582088982676897,""pick up leg"":0.2360080271503147,""flip table"":0.13130846792565926}",0.163101455481837,0.223761134405015,0.6131373849027428
48,align leg screw with table thread,1970-01-01T00:00:29.480Z,1970-01-01T00:00:56.160Z,complete,case48:frames737-1404,Lack_Coffee_Table/0022_white_floor_05_02_2019_08_19_15_53,26.680,737,1404,667,"{""align leg screw with table thread"":0.5157546169575544,""spin leg"":0.46856611321444275,""pick up leg"":0.0026817148344694583}",0.009592971912511196,0.003404583064233962,0.9870024450064666
48,rotate table,1970-01-01T00:00:58.400Z,1970-01-01T00:01:02.880Z,complete,case48:frames1460-1572,Lack_Coffee_Table/0022_white_floor_05_02_2019_08_19_15_53,4.480,1460,1572,112,"{""rotate table"":0.4813219491126282,""flip table"":0.22864597995067015,""pick up leg"":0.10200724692549556}",0.11119700524224234,0.07682778187172412,0.8119751759887939
48,pick up shelf,1970-01-01T00:01:02.880Z,1970-01-01T00:01:04.560Z,complete,case48:frames1572-1614,Lack_Coffee_Table/0022_white_floor_05_02_2019_08_19_15_53,1.680,1572,1614,42,"{""pick up shelf"":0.21251858016919523,""flip table"":0.15819319071514265,""pick up leg"":0.14961531119687216}",0.2196190995829446,0.26005386356422777,0.52032708208121
48,spin leg,1970-01-01T00:01:04.560Z,1970-01-01T00:01:27.320Z,complete,case48:frames1614-2183,Lack_Coffee_Table/0022_white_floor_05_02_2019_08_19_15_53,22.760,1614,2183,569,"{""spin leg"":0.6939530582257231,""align leg screw with table thread"":0.07002899503770738,""flip table"":0.03209128475016366}",0.1605069464717473,0.0434197149517237,0.7960733380135941
48,align leg screw with table thread,1970-01-01T00:01:31.520Z,1970-01-01T00:01:38.840Z,complete,case48:frames2288-2471,Lack_Coffee_Table/0022_white_floor_05_02_2019_08_19_15_53,7.320,2288,2471,183,"{""align leg screw with table thread"":0.19710821416127225,""pick up leg"":0.17842640392889417,""rotate table"":0.08723965043849642}",0.39082782327762394,0.1463979110384932,0.4627742685286628
48,spin leg,1970-01-01T00:01:38.840Z,1970-01-01T00:02:20.400Z,complete,case48:frames2471-3510,Lack_Coffee_Table/0022_white_floor_05_02_2019_08_19_15_53,41.560,2471,3510,1039,"{""spin leg"":0.6194813357105011,""tighten leg"":0.09556654031733337,""align leg screw with table thread"":0.08973223159378314}",0.10946148944636798,0.08575839984213827,0.8047801076216177
48,flip table,1970-01-01T00:02:20.400Z,1970-01-01T00:02:41.720Z,complete,case48:frames3510-4043,Lack_Coffee_Table/0022_white_floor_05_02_2019_08_19_15_53,21.320,3510,4043,533,"{""flip table"":0.37848871627623326,""align leg screw with table thread"":0.08371583554676627,""spin leg"":0.08156722886763045}",0.21329450428374042,0.2429337059597838,0.5437717806906299
48,attach shelf to table,1970-01-01T00:02:41.720Z,1970-01-01T00:03:08.680Z,complete,case48:frames4043-4717,Lack_Coffee_Table/0022_white_floor_05_02_2019_08_19_15_53,26.960,4043,4717,674,"{""attach shelf to table"":0.5677263541064206,""pick up shelf"":0.2560518772233532,""rotate table"":0.03533518034023459}",0.10066919651114623,0.04021738945052027,0.8591134116700084
49,align leg screw with table thread,1970-01-01T00:00:01.800Z,1970-01-01T00:00:06.160Z,complete,case49:frames45-154,Lack_Coffee_Table/0005_black_floor_08_04_2019_08_28_11_20,4.360,45,154,109,"{""align leg screw with table thread"":0.3258716140044938,""flip table"":0.14262596242249423,""push table top"":3.774215592617578e-05}",0.2443025340454294,0.2871621557798294,0.46853531858291425
49,pick up shelf,1970-01-01T00:00:06.160Z,1970-01-01T00:00:07.960Z,complete,case49:frames154-199,Lack_Coffee_Table/0005_black_floor_08_04_2019_08_28_11_20,1.800,154,199,45,"{""pick up shelf"":0.2212560398504138,""align leg screw with table thread"":0.1895491817759143,""pick up leg"":0.1600378468632698}",0.3208084997203615,0.10834842494763022,0.5708430684895979
49,spin leg,1970-01-01T00:00:07.960Z,1970-01-01T00:00:12.600Z,complete,case49:frames199-315,Lack_Coffee_Table/0005_black_floor_08_04_2019_08_28_11_20,4.640,199,315,116,"{""spin leg"":0.2802870303055207,""align leg screw with table thread"":0.14221629066842384,""pick up leg"":0.0852782258358463}",0.38919557126817006,0.10302289712974762,0.5077815468097908
49,spin leg,1970-01-01T00:00:12.600Z,1970-01-01T00:00:26.240Z,complete,case49:frames315-656,Lack_Coffee_Table/0005_black_floor_08_04_2019_08_28_11_20,13.640,315,656,341,"{""spin leg"":0.9590594806978779,""align leg screw with table thread"":0.016235775000189058,""tighten leg"":0.006100194348442939}",0.017366964752373457,0.0012376032605937767,0.9813954500465099
49,align leg screw with table thread,1970-01-01T00:00:26.240Z,1970-01-01T00:00:28.480Z,complete,case49:frames656-712,Lack_Coffee_Table/0005_black_floor_08_04_2019_08_28_11_20,2.240,656,712,56,"{""align leg screw with table thread"":0.47221311926841736,""spin leg"":0.3363982651914869,""pick up leg"":0.02965475366051708}",0.14549484529665538,0.016239100873276256,0.8382661381204214
49,spin leg,1970-01-01T00:00:28.480Z,1970-01-01T00:00:42.440Z,complete,case49:frames712-1061,Lack_Coffee_Table/0005_black_floor_08_04_2019_08_28_11_20,13.960,712,1061,349,"{""spin leg"":0.538323250372379,""align leg screw with table thread"":0.24503207450097475,""tighten leg"":0.014491336232045916}",0.18399358807627997,0.018159756239153006,0.7978466611053997
49,pick up leg,1970-01-01T00:00:42.720Z,1970-01-01T00:00:44.680Z,complete,case49:frames1068-1117,Lack_Coffee_Table/0005_black_floor_08_04_2019_08_28_11_20,1.960,1068,1117,49,"{""pick up leg"":0.41146537509499764,""align leg screw with table thread"":0.15930757656389352,""attach shelf to table"":0.05381504043328519}",0.31032197572747056,0.0650900066143266,0.6245879920921764
49,spin leg,1970-01-01T00:00:44.680Z,1970-01-01T00:00:47.520Z,complete,case49:frames1117-1188,Lack_Coffee_Table/0005_black_floor_08_04_2019_08_28_11_20,2.840,1117,1188,71,"{""spin leg"":0.3422873983500709,""align leg screw with table thread"":0.26655944132469067,""pick up leg"":0.12056058823642596}",0.208595807283697,0.06199679310947818,0.7294074279111875
49,spin leg,1970-01-01T00:00:47.520Z,1970-01-01T00:00:57.880Z,complete,case49:frames1188-1447,Lack_Coffee_Table/0005_black_floor_08_04_2019_08_28_11_20,10.360,1188,1447,259,"{""spin leg"":0.7170258251425152,""align leg screw with table thread"":0.07662506929767753,""pick up leg"":0.012830374787586767}",0.16677705086336173,0.026741679723262145,0.8064812692277795
49,tighten leg,1970-01-01T00:00:59.520Z,1970-01-01T00:01:02.520Z,complete,case49:frames1488-1563,Lack_Coffee_Table/0005_black_floor_08_04_2019_08_28_11_20,3.000,1488,1563,75,"{""tighten leg"":0.12233965083956719,""spin leg"":0.11252088862160842,""pick up leg"":0.10823707520961762}",0.4414236621061961,0.21547871001585614,0.34309761467079325
49,spin leg,1970-01-01T00:01:03.000Z,1970-01-01T00:01:16.640Z,complete,case49:frames1575-1916,Lack_Coffee_Table/0005_black_floor_08_04_2019_08_28_11_20,13.640,1575,1916,341,"{""spin leg"":0.7619976465156045,""align leg screw with table thread"":0.04442127287125657,""pick up leg"":0.019211349995189572}",0.12661782540708694,0.04775189492883316,0.8256302693820506
49,flip table,1970-01-01T00:01:17.400Z,1970-01-01T00:01:19.640Z,complete,case49:frames1935-1991,Lack_Coffee_Table/0005_black_floor_08_04_2019_08_28_11_20,2.240,1935,1991,56,"{""flip table"":0.6411934280768037,""pick up leg"":0.1002848742729319,""align leg screw with table thread"":0.03824420803825238}",0.16874776115374907,0.051529699347515716,0.7797225103879879
49,align leg screw with table thread,1970-01-01T00:01:23.240Z,1970-01-01T00:01:27.560Z,complete,case49:frames2081-2189,Lack_Coffee_Table/0005_black_floor_08_04_2019_08_28_11_20,4.320,2081,2189,108,"{""align leg screw with table thread"":0.48207295410059114,""spin leg"":0.32264732469425156,""flip table"":0.09593213025342535}",0.03573111365376799,0.06361649098529522,0.900652409048268
49,pick up shelf,1970-01-01T00:01:28.040Z,1970-01-01T00:01:31.920Z,complete,case49:frames2201-2298,Lack_Coffee_Table/0005_black_floor_08_04_2019_08_28_11_20,3.880,2201,2298,97,"{""pick up shelf"":0.3138926872892363,""flip table"":0.2545230615999281,""pick up leg"":0.07030114784990389}",0.28718209723682747,0.07410097131354076,0.6387168967390683
49,attach shelf to table,1970-01-01T00:01:32.840Z,1970-01-01T00:01:35.840Z,complete,case49:frames2321-2396,Lack_Coffee_Table/0005_black_floor_08_04_2019_08_28_11_20,3.000,2321,2396,75,"{""attach shelf to table"":0.4391879618912935,""pick up shelf"":0.12658062527577083,""pick up leg"":0.03737398168692986}",0.3251472810904185,0.07171019002073954,0.6031425688539942
49,attach shelf to table,1970-01-01T00:01:35.840Z,1970-01-01T00:01:49.920Z,complete,case49:frames2396-2748,Lack_Coffee_Table/0005_black_floor_08_04_2019_08_28_11_20,14.080,2396,2748,352,"{""attach shelf to table"":0.40207154947248375,""flip table"":0.0617841288516171,""pick up shelf"":0.040745544787073}",0.3380618514493108,0.15733691926096868,0.5046012231111738
5,flip table top,1970-01-01T00:00:03.800Z,1970-01-01T00:00:07.200Z,complete,case5:frames95-180,Lack_TV_Bench/0023_white_table_04_02_2019_08_20_14_02,3.400,95,180,85,"{""flip table top"":0.6038367467768052,""flip table"":0.26292564777438254,""rotate table"":0.03229859322583412}",0.07257666605360368,0.028362378516094192,0.8990609877770219
5,pick up leg,1970-01-01T00:00:07.200Z,1970-01-01T00:00:08.800Z,complete,case5:frames180-220,Lack_TV_Bench/0023_white_table_04_02_2019_08_20_14_02,1.600,180,220,40,"{""pick up leg"":0.6600069373846054,""flip table top"":0.051712077477714044,""align leg screw with table thread"":0.008852410549297928}",0.26663489229977133,0.01279369017038938,0.7205714254116173
5,align leg screw with table thread,1970-01-01T00:00:08.800Z,1970-01-01T00:00:10.680Z,complete,case5:frames220-267,Lack_TV_Bench/0023_white_table_04_02_2019_08_20_14_02,1.880,220,267,47,"{""align leg screw with table thread"":0.7252729829955609,""pick up leg"":0.10806234622810115,""spin leg"":0.07637637978954677}",0.0882977286868907,0.001990564270864084,0.9097117090132089
5,spin leg,1970-01-01T00:00:10.680Z,1970-01-01T00:00:25.640Z,complete,case5:frames267-641,Lack_TV_Bench/0023_white_table_04_02_2019_08_20_14_02,14.960,267,641,374,"{""spin leg"":0.8923395429463947,""align leg screw with table thread"":0.03641864771825227,""tighten leg"":0.003419222178206565}",0.06184404840404018,0.005978558825707901,0.9321774128428536
5,pick up leg,1970-01-01T00:00:25.640Z,1970-01-01T00:00:29.840Z,complete,case5:frames641-746,Lack_TV_Bench/0023_white_table_04_02_2019_08_20_14_02,4.200,641,746,105,"{""pick up leg"":0.3551313239194098,""align leg screw with table thread"":0.025318913769331715,""tighten leg"":0.010418799957482234}",0.5709032387960524,0.0382276899459536,0.39086903764622377
5,spin leg,1970-01-01T00:00:29.840Z,1970-01-01T00:00:32.520Z,complete,case5:frames746-813,Lack_TV_Bench/0023_white_table_04_02_2019_08_20_14_02,2.680,746,813,67,"{""spin leg"":0.5833288986625066,""pick up leg"":0.08596976212948672,""align leg screw with table thread"":0.0745614732462746}",0.24907299951274894,0.007066857538183616,0.7438601340382679
5,spin leg,1970-01-01T00:00:32.520Z,1970-01-01T00:00:48.680Z,complete,case5:frames813-1217,Lack_TV_Bench/0023_white_table_04_02_2019_08_20_14_02,16.160,813,1217,404,"{""spin leg"":0.9904420317915996,""align leg screw with table thread"":0.002460900398483039,""tighten leg"":0.0001760218992695618}",0.006330825794156235,0.0005902277502069714,0.9930789540893522
5,spin leg,1970-01-01T00:00:48.680Z,1970-01-01T00:00:53.280Z,complete,case5:frames1217-1332,Lack_TV_Bench/0023_white_table_04_02_2019_08_20_14_02,4.600,1217,1332,115,"{""spin leg"":0.5768791667955078,""rotate table"":0.015018784063463303,""tighten leg"":0.0025050706068134826}",0.36493678222531856,0.04066024495784613,0.5944030214657846
5,rotate table,1970-01-01T00:00:53.280Z,1970-01-01T00:00:55.080Z,complete,case5:frames1332-1377,Lack_TV_Bench/0023_white_table_04_02_2019_08_20_14_02,1.800,1332,1377,45,"{""rotate table"":0.656890438662635,""pick up leg"":0.04456181642082002,""push table"":0.0021769461636722554}",0.26262182162867653,0.033749022747912256,0.7036292012471272
5,pick up leg,1970-01-01T00:00:55.080Z,1970-01-01T00:00:56.160Z,complete,case5:frames1377-1404,Lack_TV_Bench/0023_white_table_04_02_2019_08_20_14_02,1.080,1377,1404,27,"{""pick up leg"":0.7013917101754082,""rotate table"":0.05696258611149258,""align leg screw with table thread"":0.031005876138806343}",0.19011534916030037,0.02052449667378811,0.7893601724257072
5,align leg screw with table thread,1970-01-01T00:00:56.160Z,1970-01-01T00:00:58.880Z,complete,case5:frames1404-1472,Lack_TV_Bench/0023_white_table_04_02_2019_08_20_14_02,2.720,1404,1472,68,"{""align leg screw with table thread"":0.6635549721472404,""spin leg"":0.21281630578724778,""pick up leg"":0.07160052766694742}",0.0468764425638844,0.005151825795797335,0.9479718056014356
5,spin leg,1970-01-01T00:00:58.880Z,1970-01-01T00:01:21.000Z,complete,case5:frames1472-2025,Lack_TV_Bench/0023_white_table_04_02_2019_08_20_14_02,22.120,1472,2025,553,"{""spin leg"":0.9722791604064472,""align leg screw with table thread"":0.01589614138088002,""rotate table"":0.0034227959315290854}",0.006429373114883469,0.001972548092471133,0.9915980977188563
5,align leg screw with table thread,1970-01-01T00:01:21.000Z,1970-01-01T00:01:27.520Z,complete,case5:frames2025-2188,Lack_TV_Bench/0023_white_table_04_02_2019_08_20_14_02,6.520,2025,2188,163,"{""align leg screw with table thread"":0.1894317327032974,""rotate table"":0.16937845188658684,""pick up leg"":0.16934035085834437}",0.3496421669307022,0.12220727967544802,0.5281505354482285
5,align leg screw with table thread,1970-01-01T00:01:27.520Z,1970-01-01T00:01:29.720Z,complete,case5:frames2188-2243,Lack_TV_Bench/0023_white_table_04_02_2019_08_20_14_02,2.200,2188,2243,55,"{""align leg screw with table thread"":0.5466446775604378,""pick up leg"":0.16962653660977428,""spin leg"":0.08307384658943523}",0.18780842829834332,0.012846528040589887,0.7993450607596473
5,spin leg,1970-01-01T00:01:29.720Z,1970-01-01T00:01:59.160Z,complete,case5:frames2243-2979,Lack_TV_Bench/0023_white_table_04_02_2019_08_20_14_02,29.440,2243,2979,736,"{""spin leg"":0.6571851628073289,""other"":0.025396698922359854,""align leg screw with table thread"":0.022847183765565125}",0.25624557873537845,0.03832539840705469,0.7054290454952539
5,flip table,1970-01-01T00:01:59.160Z,1970-01-01T00:02:10.520Z,complete,case5:frames2979-3263,Lack_TV_Bench/0023_white_table_04_02_2019_08_20_14_02,11.360,2979,3263,284,"{""flip table"":0.7111796543959685,""attach shelf to table"":0.07349030160941804,""rotate table"":0.02022828577510538}",0.14781166292170742,0.04729007869436974,0.804898241780492
5,pick up shelf,1970-01-01T00:02:10.520Z,1970-01-01T00:02:16.440Z,complete,case5:frames3263-3411,Lack_TV_Bench/0023_white_table_04_02_2019_08_20_14_02,5.920,3263,3411,148,"{""pick up shelf"":0.6771886544050397,""attach shelf to table"":0.23059329295505746,""flip table"":0.007802540810803908}",0.07970961384676598,0.004705873857681129,0.9155844881709011
5,attach shelf to table,1970-01-01T00:02:16.440Z,1970-01-01T00:02:35.200Z,complete,case5:frames3411-3880,Lack_TV_Bench/0023_white_table_04_02_2019_08_20_14_02,18.760,3411,3880,469,"{""attach shelf to table"":0.9089917051258372,""pick up shelf"":0.00476092336846313,""flip table"":0.0012576331856470906}",0.08143935455823503,0.0035503711634273937,0.9150102616799474
50,align leg screw with table thread,1970-01-01T00:00:02.120Z,1970-01-01T00:00:03.960Z,complete,case50:frames53-99,Lack_Coffee_Table/0041_oak_floor_08_04_2019_08_28_12_22,1.840,53,99,46,"{""align leg screw with table thread"":0.398905406827512,""pick up leg"":0.2138112539668446,""spin leg"":0.06089884859165582}",0.26136470164941705,0.0650197400149372,0.6736155093860124
50,spin leg,1970-01-01T00:00:03.960Z,1970-01-01T00:00:13.800Z,complete,case50:frames99-345,Lack_Coffee_Table/0041_oak_floor_08_04_2019_08_28_12_22,9.840,99,345,246,"{""spin leg"":0.4905213419294999,""tighten leg"":0.233768819380084,""align leg screw with table thread"":0.17065918461487786}",0.07537357527308347,0.029677069649126437,0.8949493459244617
50,align leg screw with table thread,1970-01-01T00:00:15.760Z,1970-01-01T00:00:16.920Z,complete,case50:frames394-423,Lack_Coffee_Table/0041_oak_floor_08_04_2019_08_28_12_22,1.160,394,423,29,"{""align leg screw with table thread"":0.46401343674495305,""pick up leg"":0.35467903463747996,""tighten leg"":0.03706750530621101}",0.10073655612509826,0.0435034502880247,0.8557599766886441
50,spin leg,1970-01-01T00:00:16.920Z,1970-01-01T00:00:31.360Z,complete,case50:frames423-784,Lack_Coffee_Table/0041_oak_floor_08_04_2019_08_28_12_22,14.440,423,784,361,"{""spin leg"":0.8745403606908969,""align leg screw with table thread"":0.0614747302426113,""tighten leg"":0.04509465988735743}",0.015667374480587953,0.0032228980762834844,0.9811097508208656
50,pick up leg,1970-01-01T00:00:32.840Z,1970-01-01T00:00:34.320Z,complete,case50:frames821-858,Lack_Coffee_Table/0041_oak_floor_08_04_2019_08_28_12_22,1.480,821,858,37,"{""pick up leg"":0.3828314362546882,""align leg screw with table thread"":0.33196703646634074,""spin leg"":0.039850467664969934}",0.18954087874373873,0.055810172832597794,0.7546489403859988
50,spin leg,1970-01-01T00:00:34.960Z,1970-01-01T00:00:52.360Z,complete,case50:frames874-1309,Lack_Coffee_Table/0041_oak_floor_08_04_2019_08_28_12_22,17.400,874,1309,435,"{""spin leg"":0.8178335708448257,""tighten leg"":0.047406747907228854,""align leg screw with table thread"":0.04637599027362363}",0.0664922558884511,0.02189143977216495,0.9116163090256781
50,pick up leg,1970-01-01T00:00:54.840Z,1970-01-01T00:00:56.640Z,complete,case50:frames1371-1416,Lack_Coffee_Table/0041_oak_floor_08_04_2019_08_28_12_22,1.800,1371,1416,45,"{""pick up leg"":0.46381733351283605,""align leg screw with table thread"":0.10069395038816664,""flip table"":0.055926071712747216}",0.24112342496713002,0.1384392633222609,0.6204373556137499
50,spin leg,1970-01-01T00:00:56.640Z,1970-01-01T00:01:11.600Z,complete,case50:frames1416-1790,Lack_Coffee_Table/0041_oak_floor_08_04_2019_08_28_12_22,14.960,1416,1790,374,"{""spin leg"":0.8894502528529754,""tighten leg"":0.04323538073044728,""align leg screw with table thread"":0.028112368369325597}",0.02694940518209322,0.012252610543206088,0.9607980019527483
50,pick up shelf,1970-01-01T00:01:12.720Z,1970-01-01T00:01:18.160Z,complete,case50:frames1818-1954,Lack_Coffee_Table/0041_oak_floor_08_04_2019_08_28_12_22,5.440,1818,1954,136,"{""pick up shelf"":0.5908808013259926,""flip table"":0.08678527075030348,""pick up leg"":0.05032245488837361}",0.12112215703681987,0.15088929086087893,0.7279885269646698
50,pick up leg,1970-01-01T00:01:18.160Z,1970-01-01T00:01:19.960Z,complete,case50:frames1954-1999,Lack_Coffee_Table/0041_oak_floor_08_04_2019_08_28_12_22,1.800,1954,1999,45,"{""pick up leg"":0.29188948720693586,""tighten leg"":0.16339146876707672,""pick up shelf"":0.1051354298988978}",0.28075194358825684,0.15883169187029833,0.5604163858729104
50,attach shelf to table,1970-01-01T00:01:55.400Z,1970-01-01T00:02:04.280Z,complete,case50:frames2885-3107,Lack_Coffee_Table/0041_oak_floor_08_04_2019_08_28_12_22,8.880,2885,3107,222,"{""attach shelf to table"":0.6519053947549682,""pick up shelf"":0.31103323678263706,""flip table"":0.004304941617364592}",0.026293876488600765,0.006462581662114099,0.9672435731549699
51,flip table top,1970-01-01T00:00:02.480Z,1970-01-01T00:00:03.400Z,complete,case51:frames62-85,Lack_Coffee_Table/0024_oak_table_04_02_2019_08_20_11_19,0.920,62,85,23,"{""flip table top"":0.28721992606702057,""pick up leg"":0.09497734580350958,""rotate table"":0.036477511829656105}",0.44316576615623804,0.1381594259503838,0.41867478370018624
51,pick up leg,1970-01-01T00:00:03.760Z,1970-01-01T00:00:05.520Z,complete,case51:frames94-138,Lack_Coffee_Table/0024_oak_table_04_02_2019_08_20_11_19,1.760,94,138,44,"{""pick up leg"":0.3563093041831797,""flip table top"":0.0789624353849583,""rotate table"":0.0278048160570589}",0.49009697003798053,0.04682647470762771,0.4630765556251969
51,pick up leg,1970-01-01T00:00:05.560Z,1970-01-01T00:00:07.000Z,complete,case51:frames139-175,Lack_Coffee_Table/0024_oak_table_04_02_2019_08_20_11_19,1.440,139,175,36,"{""pick up leg"":0.39500197644035023,""align leg screw with table thread"":0.3622299686798619,""spin leg"":0.009824501389327148}",0.22190725042795142,0.011036270467321547,0.7670564465095392
51,spin leg,1970-01-01T00:00:07.080Z,1970-01-01T00:00:18.320Z,complete,case51:frames177-458,Lack_Coffee_Table/0024_oak_table_04_02_2019_08_20_11_19,11.240,177,458,281,"{""spin leg"":0.9485261299750135,""align leg screw with table thread"":0.04483921064256137,""pick up leg"":0.005826071556201834}",0.0007165683851017222,9.202283687334979e-05,0.9991914121737767
51,pick up leg,1970-01-01T00:00:18.880Z,1970-01-01T00:00:19.800Z,complete,case51:frames472-495,Lack_Coffee_Table/0024_oak_table_04_02_2019_08_20_11_19,0.920,472,495,23,"{""pick up leg"":0.571430350775304,""spin leg"":0.3118636570263492,""align leg screw with table thread"":0.09799236933822217}",0.01612873909913975,0.0025848377973957154,0.9812863771398754
51,spin leg,1970-01-01T00:00:19.840Z,1970-01-01T00:00:22.040Z,complete,case51:frames496-551,Lack_Coffee_Table/0024_oak_table_04_02_2019_08_20_11_19,2.200,496,551,55,"{""spin leg"":0.6512100024656816,""align leg screw with table thread"":0.31220649535005746,""pick up leg"":0.018582699430937117}",0.017344309948384762,0.0006565733131579035,0.9819991972466763
51,spin leg,1970-01-01T00:00:22.080Z,1970-01-01T00:00:34.400Z,complete,case51:frames552-860,Lack_Coffee_Table/0024_oak_table_04_02_2019_08_20_11_19,12.320,552,860,308,"{""spin leg"":0.988380436773424,""align leg screw with table thread"":0.008852211156763233,""pick up leg"":0.00021492289178914016}",0.0023361304291076475,0.00021629928545308845,0.9974475708219764
51,pick up leg,1970-01-01T00:00:35.440Z,1970-01-01T00:00:36.400Z,complete,case51:frames886-910,Lack_Coffee_Table/0024_oak_table_04_02_2019_08_20_11_19,0.960,886,910,24,"{""pick up leg"":0.9538102000951767,""align leg screw with table thread"":0.007050094854397078,""lay down leg"":0.00023312895124642333}",0.035220520958925285,0.003686055233576606,0.9610934239008202
51,align leg screw with table thread,1970-01-01T00:00:37.240Z,1970-01-01T00:00:39.280Z,complete,case51:frames931-982,Lack_Coffee_Table/0024_oak_table_04_02_2019_08_20_11_19,2.040,931,982,51,"{""align leg screw with table thread"":0.4404311364187914,""pick up leg"":0.24703418521904477,""other"":0.07761411918966356}",0.15491332741929034,0.08000725064296642,0.7650794408274997
51,spin leg,1970-01-01T00:00:39.320Z,1970-01-01T00:00:51.920Z,complete,case51:frames983-1298,Lack_Coffee_Table/0024_oak_table_04_02_2019_08_20_11_19,12.600,983,1298,315,"{""spin leg"":0.9646280807162088,""align leg screw with table thread"":0.02714964633896237,""pick up leg"":0.0020802183765991932}",0.004815443226742366,0.0013266232562803655,0.9938579454317703
51,pick up leg,1970-01-01T00:00:54.200Z,1970-01-01T00:00:55.360Z,complete,case51:frames1355-1384,Lack_Coffee_Table/0024_oak_table_04_02_2019_08_20_11_19,1.160,1355,1384,29,"{""pick up leg"":0.8672216041334744,""flip table"":0.007473431623958308,""align leg screw with table thread"":0.006122542352511965}",0.10239913545805833,0.016783308072459032,0.8808175781099447
51,align leg screw with table thread,1970-01-01T00:00:55.920Z,1970-01-01T00:00:57.960Z,complete,case51:frames1398-1449,Lack_Coffee_Table/0024_oak_table_04_02_2019_08_20_11_19,2.040,1398,1449,51,"{""align leg screw with table thread"":0.3898935627703573,""pick up leg"":0.3755103506732221,""spin leg"":0.009388645197830949}",0.20608379385050604,0.01912368280346454,0.7747925586414104
51,spin leg,1970-01-01T00:00:58.000Z,1970-01-01T00:01:11.240Z,complete,case51:frames1450-1781,Lack_Coffee_Table/0024_oak_table_04_02_2019_08_20_11_19,13.240,1450,1781,331,"{""spin leg"":0.9292886592560304,""align leg screw with table thread"":0.05099931832971304,""pick up leg"":0.005233646875083464}",0.01401364302763496,0.00046475469594131115,0.9855216244608269
51,flip table,1970-01-01T00:01:12.520Z,1970-01-01T00:01:18.520Z,complete,case51:frames1813-1963,Lack_Coffee_Table/0024_oak_table_04_02_2019_08_20_11_19,6.000,1813,1963,150,"{""flip table"":0.9546425251166025,""pick up shelf"":0.004721268392374137,""rotate table"":0.0028986622073261968}",0.03590060904093358,0.0018369383571008977,0.9622624557163029
51,pick up shelf,1970-01-01T00:01:19.320Z,1970-01-01T00:01:23.640Z,complete,case51:frames1983-2091,Lack_Coffee_Table/0024_oak_table_04_02_2019_08_20_11_19,4.320,1983,2091,108,"{""pick up shelf"":0.563006536828147,""attach shelf to table"":0.08618750164492263,""flip table"":0.02396405353728268}",0.3176278553351208,0.009214024210859019,0.6731580920103524
51,pick up shelf,1970-01-01T00:01:23.680Z,1970-01-01T00:01:26.920Z,complete,case51:frames2092-2173,Lack_Coffee_Table/0024_oak_table_04_02_2019_08_20_11_19,3.240,2092,2173,81,"{""pick up shelf"":0.7020948764718609,""attach shelf to table"":0.11841725015345915,""other"":0.00034435103391584605}",0.14806379009912043,0.031079698936197993,0.8208564776592359
51,attach shelf to table,1970-01-01T00:01:26.960Z,1970-01-01T00:01:51.280Z,complete,case51:frames2174-2782,Lack_Coffee_Table/0024_oak_table_04_02_2019_08_20_11_19,24.320,2174,2782,608,"{""attach shelf to table"":0.7737766622418636,""pick up shelf"":0.14361202958145058,""flip table"":0.0022410181338727853}",0.07622631862882133,0.004143963342518503,0.919629709957187
52,pick up shelf,1970-01-01T00:00:03.440Z,1970-01-01T00:00:11.760Z,complete,case52:frames86-294,Lack_Coffee_Table/0026_black_floor_05_02_2019_08_19_17_25,8.320,86,294,208,"{""pick up shelf"":0.14127852402340907,""flip table top"":0.1227123448524463,""pick up leg"":0.059763968035650365}",0.5202832574454638,0.15596193281500992,0.32375483691150575
52,pick up leg,1970-01-01T00:00:11.760Z,1970-01-01T00:00:14.560Z,complete,case52:frames294-364,Lack_Coffee_Table/0026_black_floor_05_02_2019_08_19_17_25,2.800,294,364,70,"{""pick up leg"":0.4488501829760415,""pick up shelf"":0.026188803168978276,""align leg screw with table thread"":0.018913872872612307}",0.454148302759443,0.05189882278771774,0.4939528590176321
52,align leg screw with table thread,1970-01-01T00:00:14.560Z,1970-01-01T00:00:16.680Z,complete,case52:frames364-417,Lack_Coffee_Table/0026_black_floor_05_02_2019_08_19_17_25,2.120,364,417,53,"{""align leg screw with table thread"":0.6346331778562294,""spin leg"":0.2182723583899579,""pick up leg"":0.0662798106863673}",0.06354622156271394,0.017268453486835117,0.9191853469325546
52,spin leg,1970-01-01T00:00:16.680Z,1970-01-01T00:00:33.600Z,complete,case52:frames417-840,Lack_Coffee_Table/0026_black_floor_05_02_2019_08_19_17_25,16.920,417,840,423,"{""spin leg"":0.8437337988093672,""align leg screw with table thread"":0.051835568784681055,""pick up leg"":0.009531377429686416}",0.0811306561297136,0.013768600535056852,0.9051007450237347
52,pick up leg,1970-01-01T00:00:35.520Z,1970-01-01T00:00:37.040Z,complete,case52:frames888-926,Lack_Coffee_Table/0026_black_floor_05_02_2019_08_19_17_25,1.520,888,926,38,"{""pick up leg"":0.5571498368915758,""align leg screw with table thread"":0.014796709445746322,""tighten leg"":0.012085224030000207}",0.37480337996231883,0.041164889064188366,0.5840317703673223
52,pick up leg,1970-01-01T00:00:37.040Z,1970-01-01T00:00:38.320Z,complete,case52:frames926-958,Lack_Coffee_Table/0026_black_floor_05_02_2019_08_19_17_25,1.280,926,958,32,"{""pick up leg"":0.4071455793455243,""align leg screw with table thread"":0.2757825842127204,""spin leg"":0.02464214150677435}",0.25162065774202347,0.04080900399022447,0.7075703050650191
52,spin leg,1970-01-01T00:00:38.320Z,1970-01-01T00:01:04.640Z,complete,case52:frames958-1616,Lack_Coffee_Table/0026_black_floor_05_02_2019_08_19_17_25,26.320,958,1616,658,"{""spin leg"":0.6617356454415706,""align leg screw with table thread"":0.19212204764815086,""pick up leg"":0.01148600699832963}",0.11724576544254384,0.01741053246798075,0.8653437000880511
52,pick up leg,1970-01-01T00:01:06.560Z,1970-01-01T00:01:09.760Z,complete,case52:frames1664-1744,Lack_Coffee_Table/0026_black_floor_05_02_2019_08_19_17_25,3.200,1664,1744,80,"{""pick up leg"":0.6004156649112702,""rotate table"":0.022102721378905697,""pick up side panel"":0.021799174463376404}",0.2965417981147766,0.05914066750926566,0.6443175607535523
52,pick up leg,1970-01-01T00:01:09.760Z,1970-01-01T00:01:11.680Z,complete,case52:frames1744-1792,Lack_Coffee_Table/0026_black_floor_05_02_2019_08_19_17_25,1.920,1744,1792,48,"{""pick up leg"":0.30077871556083363,""rotate table"":0.10794258334984382,""align leg screw with table thread"":0.03649715520441532}",0.2587498848636945,0.2960316772945147,0.44521845411509275
52,spin leg,1970-01-01T00:01:11.680Z,1970-01-01T00:01:36.320Z,complete,case52:frames1792-2408,Lack_Coffee_Table/0026_black_floor_05_02_2019_08_19_17_25,24.640,1792,2408,616,"{""spin leg"":0.2986642714444693,""tighten leg"":0.10158329327627048,""rotate table"":0.09641932212300115}",0.2037942885578453,0.29953882241549384,0.4966668868437409
52,pick up leg,1970-01-01T00:01:37.600Z,1970-01-01T00:01:38.880Z,complete,case52:frames2440-2472,Lack_Coffee_Table/0026_black_floor_05_02_2019_08_19_17_25,1.280,2440,2472,32,"{""pick up leg"":0.5605340637266636,""attach shelf to table"":0.0476604932337068,""pick up shelf"":0.04614054859848693}",0.15314741432666779,0.19251752191220683,0.6543351055588573
52,pick up leg,1970-01-01T00:01:41.000Z,1970-01-01T00:01:44.000Z,complete,case52:frames2525-2600,Lack_Coffee_Table/0026_black_floor_05_02_2019_08_19_17_25,3.000,2525,2600,75,"{""pick up leg"":0.16540979385375976,""spin leg"":0.14991926991691193,""align leg screw with table thread"":0.07824367453654607}",0.3488540585835775,0.2575731953120946,0.3935727383072178
52,spin leg,1970-01-01T00:01:44.000Z,1970-01-01T00:02:06.280Z,complete,case52:frames2600-3157,Lack_Coffee_Table/0026_black_floor_05_02_2019_08_19_17_25,22.280,2600,3157,557,"{""spin leg"":0.37489018138478003,""tighten leg"":0.07889998952324771,""align leg screw with table thread"":0.07737545742648294}",0.2868882410188124,0.18194612511943117,0.5311656283345108
52,flip table,1970-01-01T00:02:09.280Z,1970-01-01T00:02:14.200Z,complete,case52:frames3232-3355,Lack_Coffee_Table/0026_black_floor_05_02_2019_08_19_17_25,4.920,3232,3355,123,"{""flip table"":0.508269319628797,""pick up shelf"":0.25278504353349773,""attach shelf to table"":0.11006834329204346}",0.08617954973767443,0.04269774660780267,0.8711227064543381
52,pick up shelf,1970-01-01T00:02:14.200Z,1970-01-01T00:02:17.400Z,complete,case52:frames3355-3435,Lack_Coffee_Table/0026_black_floor_05_02_2019_08_19_17_25,3.200,3355,3435,80,"{""pick up shelf"":0.6510030400007963,""pick up leg"":0.11861454087193124,""flip table"":0.027787025645375253}",0.1561058782041073,0.04648947928952686,0.7974046065181029
52,pick up shelf,1970-01-01T00:02:17.400Z,1970-01-01T00:02:45.840Z,complete,case52:frames3435-4146,Lack_Coffee_Table/0026_black_floor_05_02_2019_08_19_17_25,28.440,3435,4146,711,"{""pick up shelf"":0.19171311766624388,""spin leg"":0.16252943295438588,""attach shelf to table"":0.0869530580719113}",0.2296870483502054,0.32911735488294386,0.44119560869254104
53,flip table,1970-01-01T00:00:00.000Z,1970-01-01T00:00:07.120Z,complete,case53:frames0-178,Lack_Coffee_Table/0002_white_floor_05_02_2019_08_19_17_47,7.120,0,178,178,"{""flip table"":0.28755051136838294,""rotate table"":0.23493969281402866,""lay down table top"":4.521966097905697e-05}",0.10065368089950487,0.37681085613395915,0.5225354238433906
53,pick up leg,1970-01-01T00:00:07.120Z,1970-01-01T00:00:08.760Z,complete,case53:frames178-219,Lack_Coffee_Table/0002_white_floor_05_02_2019_08_19_17_47,1.640,178,219,41,"{""pick up leg"":0.44655056879287813,""align leg screw with table thread"":0.25958704871193666,""rotate table"":0.07724251951908738}",0.14202402863742375,0.07459576827479261,0.7833801370239022
53,align leg screw with table thread,1970-01-01T00:00:08.760Z,1970-01-01T00:00:09.440Z,complete,case53:frames219-236,Lack_Coffee_Table/0002_white_floor_05_02_2019_08_19_17_47,0.680,219,236,17,"{""align leg screw with table thread"":0.910176322740667,""pick up leg"":0.04141699303598965,""spin leg"":0.027202801176292056}",0.007252994596081621,0.01395079526308465,0.9787961169529487
53,spin leg,1970-01-01T00:00:09.440Z,1970-01-01T00:00:23.040Z,complete,case53:frames236-576,Lack_Coffee_Table/0002_white_floor_05_02_2019_08_19_17_47,13.600,236,576,340,"{""spin leg"":0.8707654313567806,""align leg screw with table thread"":0.12096554575597539,""pick up leg"":0.0037129583936321604}",0.0021234531448606183,0.002432625915378757,0.9954439355063882
53,align leg screw with table thread,1970-01-01T00:00:23.040Z,1970-01-01T00:00:27.000Z,complete,case53:frames576-675,Lack_Coffee_Table/0002_white_floor_05_02_2019_08_19_17_47,3.960,576,675,99,"{""align leg screw with table thread"":0.6833143258335614,""pick up leg"":0.17815319317007305,""spin leg"":0.04423057105900212}",0.022616937121545725,0.07168494454405656,0.9056980900626366
53,align leg screw with table thread,1970-01-01T00:00:27.000Z,1970-01-01T00:00:27.960Z,complete,case53:frames675-699,Lack_Coffee_Table/0002_white_floor_05_02_2019_08_19_17_47,0.960,675,699,24,"{""align leg screw with table thread"":0.9651045029362043,""pick up leg"":0.024444510772203405,""spin leg"":0.005387421037691335}",0.0037345433665905148,0.0013289148146831136,0.994936434746099
53,spin leg,1970-01-01T00:00:27.960Z,1970-01-01T00:00:44.480Z,complete,case53:frames699-1112,Lack_Coffee_Table/0002_white_floor_05_02_2019_08_19_17_47,16.520,699,1112,413,"{""spin leg"":0.765963900416016,""align leg screw with table thread"":0.1534232325202472,""rotate table"":0.031601700114449044}",0.016103071446438064,0.032908088259473764,0.9509888330507124
53,rotate table,1970-01-01T00:00:44.480Z,1970-01-01T00:00:49.040Z,complete,case53:frames1112-1226,Lack_Coffee_Table/0002_white_floor_05_02_2019_08_19_17_47,4.560,1112,1226,114,"{""rotate table"":0.4318713357002197,""pick up leg"":0.31051588594390633,""align leg screw with table thread"":0.16735163050818078}",0.04520550010758534,0.0450556480573197,0.9097388521523069
53,align leg screw with table thread,1970-01-01T00:00:49.040Z,1970-01-01T00:00:49.560Z,complete,case53:frames1226-1239,Lack_Coffee_Table/0002_white_floor_05_02_2019_08_19_17_47,0.520,1226,1239,13,"{""align leg screw with table thread"":0.9410335192313561,""pick up leg"":0.03234028300413719,""spin leg"":0.00815288400134215}",0.0126742936240939,0.005799006907100061,0.9815266862368355
53,spin leg,1970-01-01T00:00:49.560Z,1970-01-01T00:01:10.560Z,complete,case53:frames1239-1764,Lack_Coffee_Table/0002_white_floor_05_02_2019_08_19_17_47,21.000,1239,1764,525,"{""spin leg"":0.7355502703750417,""align leg screw with table thread"":0.0674966824906213,""tighten leg"":0.06685313183363178}",0.09704318809189967,0.03305673468326767,0.8699000846992948
53,rotate table,1970-01-01T00:01:10.560Z,1970-01-01T00:01:16.720Z,complete,case53:frames1764-1918,Lack_Coffee_Table/0002_white_floor_05_02_2019_08_19_17_47,6.160,1764,1918,154,"{""rotate table"":0.43365509929619245,""pick up leg"":0.30671573459327994,""align leg screw with table thread"":0.13056690806776963}",0.07355818440291015,0.05550405984484364,0.8709377419572419
53,align leg screw with table thread,1970-01-01T00:01:16.720Z,1970-01-01T00:01:17.440Z,complete,case53:frames1918-1936,Lack_Coffee_Table/0002_white_floor_05_02_2019_08_19_17_47,0.720,1918,1936,18,"{""align leg screw with table thread"":0.8243894245889452,""pick up leg"":0.12141697274314033,""spin leg"":0.03180829021665785}",0.012881580119331678,0.009503728993160442,0.9776146875487434
53,spin leg,1970-01-01T00:01:17.440Z,1970-01-01T00:01:34.240Z,complete,case53:frames1936-2356,Lack_Coffee_Table/0002_white_floor_05_02_2019_08_19_17_47,16.800,1936,2356,420,"{""spin leg"":0.8660169060741152,""align leg screw with table thread"":0.10984810784991299,""tighten leg"":0.004634571597368146}",0.010913150194322778,0.008587263579723977,0.9804995855213963
53,pick up leg,1970-01-01T00:01:34.240Z,1970-01-01T00:01:37.800Z,complete,case53:frames2356-2445,Lack_Coffee_Table/0002_white_floor_05_02_2019_08_19_17_47,3.560,2356,2445,89,"{""pick up leg"":0.420079083087739,""align leg screw with table thread"":0.2418588860734795,""pick up shelf"":0.0045376907500407}",0.08012782355372826,0.2533965184666086,0.6664756599112592
53,flip table,1970-01-01T00:01:37.800Z,1970-01-01T00:01:44.320Z,complete,case53:frames2445-2608,Lack_Coffee_Table/0002_white_floor_05_02_2019_08_19_17_47,6.520,2445,2608,163,"{""flip table"":0.5765065337342719,""rotate table"":0.16946758243163898,""pick up shelf"":0.16702651498486443}",0.01600168744799184,0.07099765517703024,0.9130006311507752
53,pick up shelf,1970-01-01T00:01:44.320Z,1970-01-01T00:01:48.360Z,complete,case53:frames2608-2709,Lack_Coffee_Table/0002_white_floor_05_02_2019_08_19_17_47,4.040,2608,2709,101,"{""pick up shelf"":0.5262706286117139,""attach shelf to table"":0.3539716418426816,""rotate table"":0.0405830021481961}",0.048324123790284786,0.030850576945300204,0.9208252726025916
53,attach shelf to table,1970-01-01T00:01:48.360Z,1970-01-01T00:01:58.120Z,complete,case53:frames2709-2953,Lack_Coffee_Table/0002_white_floor_05_02_2019_08_19_17_47,9.760,2709,2953,244,"{""attach shelf to table"":0.9854185862130806,""rotate table"":0.0005804181134602108,""pick up shelf"":0.00033553865633904455}",0.013273812864800213,0.0003916551285446618,0.9863345429828799
53,attach shelf to table,1970-01-01T00:01:58.120Z,1970-01-01T00:02:01.960Z,complete,case53:frames2953-3049,Lack_Coffee_Table/0002_white_floor_05_02_2019_08_19_17_47,3.840,2953,3049,96,"{""attach shelf to table"":0.9220968335866928,""rotate table"":0.0011224406822899862,""tighten leg"":0.00018167968998265374}",0.07559058303013444,0.001008475371757652,0.9234009539589654
54,flip table,1970-01-01T00:00:02.120Z,1970-01-01T00:00:06.880Z,complete,case54:frames53-172,Lack_Coffee_Table/0025_oak_table_04_02_2019_08_20_13_42,4.760,53,172,119,"{""flip table"":0.4965133017727307,""pick up shelf"":0.23850432614318462,""flip table top"":0.13128071594415938}",0.05672414168840697,0.07697751784839732,0.8662983438600746
54,pick up leg,1970-01-01T00:00:06.880Z,1970-01-01T00:00:08.520Z,complete,case54:frames172-213,Lack_Coffee_Table/0025_oak_table_04_02_2019_08_20_13_42,1.640,172,213,41,"{""pick up leg"":0.6058227185432504,""align leg screw with table thread"":0.07960568186713428,""spin leg"":0.04260504990816116}",0.1890868886214931,0.0828796598335398,0.7280334503185458
54,align leg screw with table thread,1970-01-01T00:00:08.520Z,1970-01-01T00:00:10.480Z,complete,case54:frames213-262,Lack_Coffee_Table/0025_oak_table_04_02_2019_08_20_13_42,1.960,213,262,49,"{""align leg screw with table thread"":0.4569863604039562,""spin leg"":0.0781147486093093,""pick up leg"":0.0662760635723873}",0.34818617847501016,0.05043666324154255,0.6013771725856527
54,spin leg,1970-01-01T00:00:10.480Z,1970-01-01T00:00:24.720Z,complete,case54:frames262-618,Lack_Coffee_Table/0025_oak_table_04_02_2019_08_20_13_42,14.240,262,618,356,"{""spin leg"":0.8786484280998788,""align leg screw with table thread"":0.09937143074662498,""pick up leg"":0.0036574578700126724}",0.0161343893936176,0.0021883041423535737,0.9816773167165165
54,spin leg,1970-01-01T00:00:24.720Z,1970-01-01T00:00:26.520Z,complete,case54:frames618-663,Lack_Coffee_Table/0025_oak_table_04_02_2019_08_20_13_42,1.800,618,663,45,"{""spin leg"":0.6138619516044855,""align leg screw with table thread"":0.1086885694000456,""tighten leg"":0.001240301600450443}",0.18238503229286934,0.09382420015204974,0.7237908226049815
54,pick up leg,1970-01-01T00:00:26.520Z,1970-01-01T00:00:27.360Z,complete,case54:frames663-684,Lack_Coffee_Table/0025_oak_table_04_02_2019_08_20_13_42,0.840,663,684,21,"{""pick up leg"":0.6505601363522666,""pick up shelf"":0.053328536983047216,""align leg screw with table thread"":0.020379789705787386}",0.24110226120267594,0.03462923532385429,0.7242684630411012
54,align leg screw with table thread,1970-01-01T00:00:27.360Z,1970-01-01T00:00:29.320Z,complete,case54:frames684-733,Lack_Coffee_Table/0025_oak_table_04_02_2019_08_20_13_42,1.960,684,733,49,"{""align leg screw with table thread"":0.2755445277660477,""pick up leg"":0.17848084692140015,""pick up shelf"":0.09853786040021449}",0.35370656543848467,0.09373020324495199,0.5525632350876624
54,spin leg,1970-01-01T00:00:29.320Z,1970-01-01T00:00:46.480Z,complete,case54:frames733-1162,Lack_Coffee_Table/0025_oak_table_04_02_2019_08_20_13_42,17.160,733,1162,429,"{""spin leg"":0.7711938012452114,""align leg screw with table thread"":0.08207113817518703,""pick up leg"":0.02446363662788943}",0.08708040899920574,0.03519102429863575,0.8777285760482879
54,pick up leg,1970-01-01T00:00:46.480Z,1970-01-01T00:00:49.760Z,complete,case54:frames1162-1244,Lack_Coffee_Table/0025_oak_table_04_02_2019_08_20_13_42,3.280,1162,1244,82,"{""pick up leg"":0.2915737425408712,""rotate table"":0.1290148814583606,""align leg screw with table thread"":0.05814731429989745}",0.3827617041221479,0.13850236279373565,0.47873593829912925
54,align leg screw with table thread,1970-01-01T00:00:49.760Z,1970-01-01T00:00:51.880Z,complete,case54:frames1244-1297,Lack_Coffee_Table/0025_oak_table_04_02_2019_08_20_13_42,2.120,1244,1297,53,"{""align leg screw with table thread"":0.6113839914213937,""pick up leg"":0.20042981755621028,""spin leg"":0.03843744317034505}",0.10277526351219078,0.04697350078481524,0.8502512521479489
54,spin leg,1970-01-01T00:00:51.880Z,1970-01-01T00:01:15.640Z,complete,case54:frames1297-1891,Lack_Coffee_Table/0025_oak_table_04_02_2019_08_20_13_42,23.760,1297,1891,594,"{""spin leg"":0.959070666652386,""align leg screw with table thread"":0.028558097414434058,""pick up leg"":0.0036900191953341457}",0.004975092300975864,0.0037061128076806946,0.9913187832621543
54,pick up leg,1970-01-01T00:01:17.440Z,1970-01-01T00:01:18.240Z,complete,case54:frames1936-1956,Lack_Coffee_Table/0025_oak_table_04_02_2019_08_20_13_42,0.800,1936,1956,20,"{""pick up leg"":0.2744224190711975,""flip table"":0.23391468748450278,""align leg screw with table thread"":0.06656418293714524}",0.2780716761946678,0.1470270455306178,0.5749012894928456
54,align leg screw with table thread,1970-01-01T00:01:18.240Z,1970-01-01T00:01:20.040Z,complete,case54:frames1956-2001,Lack_Coffee_Table/0025_oak_table_04_02_2019_08_20_13_42,1.800,1956,2001,45,"{""align leg screw with table thread"":0.6732486380471123,""pick up leg"":0.25190658966700236,""spin leg"":0.014044193095631069}",0.04991517240802447,0.010885426518755358,0.9391994208097457
54,spin leg,1970-01-01T00:01:20.040Z,1970-01-01T00:01:36.440Z,complete,case54:frames2001-2411,Lack_Coffee_Table/0025_oak_table_04_02_2019_08_20_13_42,16.400,2001,2411,410,"{""spin leg"":0.9649387686354358,""align leg screw with table thread"":0.030223325689652615,""pick up leg"":0.0015675919410657625}",0.0026196542218690964,0.0006506666767079869,0.9967296862661542
54,spin leg,1970-01-01T00:01:36.440Z,1970-01-01T00:01:43.320Z,complete,case54:frames2411-2583,Lack_Coffee_Table/0025_oak_table_04_02_2019_08_20_13_42,6.880,2411,2583,172,"{""spin leg"":0.7107346311623101,""flip table"":0.10323743098029639,""tighten leg"":0.02397084065109253}",0.0882989174529347,0.07375819688524701,0.837942902793699
54,flip table,1970-01-01T00:01:43.320Z,1970-01-01T00:01:52.000Z,complete,case54:frames2583-2800,Lack_Coffee_Table/0025_oak_table_04_02_2019_08_20_13_42,8.680,2583,2800,217,"{""flip table"":0.9558630547215862,""pick up shelf"":0.011230392161057189,""align leg screw with table thread"":0.0023557699060731156}",0.02355504946671598,0.00699569568242105,0.9694492167887164
54,pick up shelf,1970-01-01T00:01:53.280Z,1970-01-01T00:01:54.920Z,complete,case54:frames2832-2873,Lack_Coffee_Table/0025_oak_table_04_02_2019_08_20_13_42,1.640,2832,2873,41,"{""pick up shelf"":0.9678120220579752,""flip table"":0.009775256075777068,""attach shelf to table"":0.0015962373510729976}",0.01775450753502366,0.003061958798483855,0.9791835154848253
54,attach shelf to table,1970-01-01T00:01:54.920Z,1970-01-01T00:02:06.880Z,complete,case54:frames2873-3172,Lack_Coffee_Table/0025_oak_table_04_02_2019_08_20_13_42,11.960,2873,3172,299,"{""attach shelf to table"":0.643264882303899,""pick up shelf"":0.17557733274379553,""flip table"":0.008798102342954254}",0.16683487604873684,0.005524831251836114,0.8276403173906488
55,pick up leg,1970-01-01T00:00:01.920Z,1970-01-01T00:00:03.160Z,complete,case55:frames48-79,Lack_Coffee_Table/0030_white_table_04_02_2019_08_20_12_12,1.240,48,79,31,"{""pick up leg"":0.5031038561174946,""rotate table"":0.07194229223833029,""align leg screw with table thread"":0.04980156883116691}",0.35523476788113195,0.019917523868603692,0.6248477171869918
55,align leg screw with table thread,1970-01-01T00:00:03.160Z,1970-01-01T00:00:04.920Z,complete,case55:frames79-123,Lack_Coffee_Table/0030_white_table_04_02_2019_08_20_12_12,1.760,79,123,44,"{""align leg screw with table thread"":0.9470911578021266,""pick up leg"":0.03421090052209117,""spin leg"":0.004914965403837745}",0.012055718974972313,0.0017272259246169268,0.9862170237280555
55,spin leg,1970-01-01T00:00:04.920Z,1970-01-01T00:00:20.200Z,complete,case55:frames123-505,Lack_Coffee_Table/0030_white_table_04_02_2019_08_20_12_12,15.280,123,505,382,"{""spin leg"":0.9078432174194702,""align leg screw with table thread"":0.0752677160232323,""pick up leg"":0.00822988316216823}",0.006394286708252904,0.002264915045889066,0.9913408166048707
55,spin leg,1970-01-01T00:00:20.200Z,1970-01-01T00:00:28.600Z,complete,case55:frames505-715,Lack_Coffee_Table/0030_white_table_04_02_2019_08_20_12_12,8.400,505,715,210,"{""spin leg"":0.29796083083464986,""tighten leg"":0.27985808976171983,""align leg screw with table thread"":0.2695642317157416}",0.06549552618747666,0.08712130337511681,0.8473831523121114
55,pick up leg,1970-01-01T00:00:28.600Z,1970-01-01T00:00:31.800Z,complete,case55:frames715-795,Lack_Coffee_Table/0030_white_table_04_02_2019_08_20_12_12,3.200,715,795,80,"{""pick up leg"":0.5479479232744779,""rotate table"":0.225789315466227,""tighten leg"":0.05074334519031254}",0.11971884651575238,0.055800582993418606,0.8244805839310174
55,align leg screw with table thread,1970-01-01T00:00:31.800Z,1970-01-01T00:00:33.080Z,complete,case55:frames795-827,Lack_Coffee_Table/0030_white_table_04_02_2019_08_20_12_12,1.280,795,827,32,"{""align leg screw with table thread"":0.7701777240727097,""pick up leg"":0.20023728837259114,""spin leg"":0.005146591776792775}",0.023379328107694164,0.001059086973023815,0.9755616042220936
55,spin leg,1970-01-01T00:00:33.080Z,1970-01-01T00:00:48.160Z,complete,case55:frames827-1204,Lack_Coffee_Table/0030_white_table_04_02_2019_08_20_12_12,15.080,827,1204,377,"{""spin leg"":0.903956864071165,""align leg screw with table thread"":0.08685284938455734,""tighten leg"":0.001513811906569082}",0.005863350716021791,0.0018131225652784095,0.9923235253622914
55,pick up leg,1970-01-01T00:00:48.160Z,1970-01-01T00:00:50.560Z,complete,case55:frames1204-1264,Lack_Coffee_Table/0030_white_table_04_02_2019_08_20_12_12,2.400,1204,1264,60,"{""pick up leg"":0.5748625890662272,""align leg screw with table thread"":0.13986374015609424,""spin leg"":0.07292934252570073}",0.1962318037947019,0.01611252735278156,0.7876556717480222
55,align leg screw with table thread,1970-01-01T00:00:50.560Z,1970-01-01T00:00:52.000Z,complete,case55:frames1264-1300,Lack_Coffee_Table/0030_white_table_04_02_2019_08_20_12_12,1.440,1264,1300,36,"{""align leg screw with table thread"":0.7279344929589165,""pick up leg"":0.08381868071026272,""spin leg"":0.044821340383754835}",0.10901819314393732,0.03440731085190247,0.856574514052934
55,spin leg,1970-01-01T00:00:52.000Z,1970-01-01T00:01:04.400Z,complete,case55:frames1300-1610,Lack_Coffee_Table/0030_white_table_04_02_2019_08_20_12_12,12.400,1300,1610,310,"{""spin leg"":0.9516213865770448,""align leg screw with table thread"":0.043503180506729314,""pick up leg"":0.0017607300403817076}",0.0026793234771297822,0.00043540950533759,0.9968852971241557
55,pick up leg,1970-01-01T00:01:04.400Z,1970-01-01T00:01:07.880Z,complete,case55:frames1610-1697,Lack_Coffee_Table/0030_white_table_04_02_2019_08_20_12_12,3.480,1610,1697,87,"{""pick up leg"":0.3621413436391787,""align leg screw with table thread"":0.2523322682613614,""spin leg"":0.08720337115656371}",0.24609677279475092,0.052226230092930925,0.7016769830571038
55,align leg screw with table thread,1970-01-01T00:01:07.880Z,1970-01-01T00:01:09.960Z,complete,case55:frames1697-1749,Lack_Coffee_Table/0030_white_table_04_02_2019_08_20_12_12,2.080,1697,1749,52,"{""align leg screw with table thread"":0.5103317387402058,""pick up leg"":0.2639226529460687,""spin leg"":0.04622236624933206}",0.15434239188639018,0.025180845603941286,0.8204767579356066
55,spin leg,1970-01-01T00:01:09.960Z,1970-01-01T00:01:24.120Z,complete,case55:frames1749-2103,Lack_Coffee_Table/0030_white_table_04_02_2019_08_20_12_12,14.160,1749,2103,354,"{""spin leg"":0.7637000307019821,""align leg screw with table thread"":0.1547225768451637,""pick up leg"":0.046600242182191484}",0.02580520218122477,0.009171957019340142,0.9650228497293373
55,flip table,1970-01-01T00:01:24.120Z,1970-01-01T00:01:32.840Z,complete,case55:frames2103-2321,Lack_Coffee_Table/0030_white_table_04_02_2019_08_20_12_12,8.720,2103,2321,218,"{""flip table"":0.7329139519128265,""rotate table"":0.051388938453374486,""pick up leg"":0.045271453900818624}",0.09782882645371618,0.07259681430524113,0.8295743442670196
55,pick up shelf,1970-01-01T00:01:32.840Z,1970-01-01T00:01:37.120Z,complete,case55:frames2321-2428,Lack_Coffee_Table/0030_white_table_04_02_2019_08_20_12_12,4.280,2321,2428,107,"{""pick up shelf"":0.49635385185758646,""flip table"":0.10082515236860681,""attach shelf to table"":0.09106637704595227}",0.25720780224443596,0.05454682370884393,0.6882453812721456
55,attach shelf to table,1970-01-01T00:01:37.120Z,1970-01-01T00:02:00.040Z,complete,case55:frames2428-3001,Lack_Coffee_Table/0030_white_table_04_02_2019_08_20_12_12,22.920,2428,3001,573,"{""attach shelf to table"":0.34886069476188375,""pick up shelf"":0.1457516834055306,""flip table"":0.031824790101407346}",0.3467225223311579,0.1268403094547966,0.5264371682688217
56,flip table top,1970-01-01T00:00:01.080Z,1970-01-01T00:00:07.240Z,complete,case56:frames27-181,Lack_Coffee_Table/0001_black_floor_05_02_2019_08_19_16_51,6.160,27,181,154,"{""flip table top"":0.30955535507845605,""pick up shelf"":0.1676715256210852,""flip table"":0.14098973563485234}",0.17995608317387568,0.20182728114120504,0.6182166163343936
56,pick up leg,1970-01-01T00:00:07.240Z,1970-01-01T00:00:09.560Z,complete,case56:frames181-239,Lack_Coffee_Table/0001_black_floor_05_02_2019_08_19_16_51,2.320,181,239,58,"{""pick up leg"":0.6495504777493148,""align leg screw with table thread"":0.16241678223013878,""spin leg"":0.03437844993032772}",0.13274890197248296,0.020905385543572654,0.8463457099097813
56,spin leg,1970-01-01T00:00:09.560Z,1970-01-01T00:00:25.680Z,complete,case56:frames239-642,Lack_Coffee_Table/0001_black_floor_05_02_2019_08_19_16_51,16.120,239,642,403,"{""spin leg"":0.921643480048434,""align leg screw with table thread"":0.06276904247128047,""pick up leg"":0.006256814300493977}",0.007739041948104023,0.001591633781963425,0.9906693368202084
56,pick up leg,1970-01-01T00:00:25.680Z,1970-01-01T00:00:27.880Z,complete,case56:frames642-697,Lack_Coffee_Table/0001_black_floor_05_02_2019_08_19_16_51,2.200,642,697,55,"{""pick up leg"":0.8537360353903337,""align leg screw with table thread"":0.08385271660306237,""spin leg"":0.009327942099083554}",0.04770595455034213,0.0053773433724229975,0.9469166940924797
56,align leg screw with table thread,1970-01-01T00:00:27.880Z,1970-01-01T00:00:30.720Z,complete,case56:frames697-768,Lack_Coffee_Table/0001_black_floor_05_02_2019_08_19_16_51,2.840,697,768,71,"{""align leg screw with table thread"":0.6173123371013454,""spin leg"":0.22892643020711315,""pick up leg"":0.10369872039472552}",0.033533700571303636,0.016528838318416283,0.949937487703184
56,spin leg,1970-01-01T00:00:30.720Z,1970-01-01T00:00:50.120Z,complete,case56:frames768-1253,Lack_Coffee_Table/0001_black_floor_05_02_2019_08_19_16_51,19.400,768,1253,485,"{""spin leg"":0.9433983888822732,""align leg screw with table thread"":0.035374852830601725,""pick up leg"":0.003930269415999196}",0.012484954650869075,0.0048115357761685735,0.9827035111288741
56,pick up leg,1970-01-01T00:00:50.120Z,1970-01-01T00:00:55.280Z,complete,case56:frames1253-1382,Lack_Coffee_Table/0001_black_floor_05_02_2019_08_19_16_51,5.160,1253,1382,129,"{""pick up leg"":0.3695527105483898,""align leg screw with table thread"":0.2632836480011312,""spin leg"":0.18664195134427197}",0.1353865036986364,0.0451351969065775,0.8194783098937929
56,align leg screw with table thread,1970-01-01T00:00:55.280Z,1970-01-01T00:00:57.800Z,complete,case56:frames1382-1445,Lack_Coffee_Table/0001_black_floor_05_02_2019_08_19_16_51,2.520,1382,1445,63,"{""align leg screw with table thread"":0.8456976108607792,""spin leg"":0.10801369430763381,""pick up leg"":0.036621551495045424}",0.008157717241417794,0.001509430434590704,0.9903328566634585
56,spin leg,1970-01-01T00:00:57.800Z,1970-01-01T00:01:16.440Z,complete,case56:frames1445-1911,Lack_Coffee_Table/0001_black_floor_05_02_2019_08_19_16_51,18.640,1445,1911,466,"{""spin leg"":0.6790841543735224,""align leg screw with table thread"":0.25252376084291883,""pick up leg"":0.019557863940552773}",0.022854132321962983,0.025980101361472663,0.9511657791569941
56,pick up leg,1970-01-01T00:01:16.440Z,1970-01-01T00:01:17.760Z,complete,case56:frames1911-1944,Lack_Coffee_Table/0001_black_floor_05_02_2019_08_19_16_51,1.320,1911,1944,33,"{""pick up leg"":0.830071154868964,""align leg screw with table thread"":0.09983543193701541,""spin leg"":0.015364674399747993}",0.04933967791271932,0.005389118534521357,0.9452712612057274
56,spin leg,1970-01-01T00:01:17.760Z,1970-01-01T00:01:21.120Z,complete,case56:frames1944-2028,Lack_Coffee_Table/0001_black_floor_05_02_2019_08_19_16_51,3.360,1944,2028,84,"{""spin leg"":0.5346377882662983,""align leg screw with table thread"":0.29152827408342136,""pick up leg"":0.13795260296735382}",0.03262461451370092,0.003256720934936107,0.9641186653170734
56,spin leg,1970-01-01T00:01:21.120Z,1970-01-01T00:01:34.280Z,complete,case56:frames2028-2357,Lack_Coffee_Table/0001_black_floor_05_02_2019_08_19_16_51,13.160,2028,2357,329,"{""spin leg"":0.9093848397123053,""align leg screw with table thread"":0.0318277873053558,""tighten leg"":0.017670946815836676}",0.0239095173176027,0.017206930962472167,0.9588835738334979
56,flip table,1970-01-01T00:01:34.280Z,1970-01-01T00:01:40.080Z,complete,case56:frames2357-2502,Lack_Coffee_Table/0001_black_floor_05_02_2019_08_19_16_51,5.800,2357,2502,145,"{""flip table"":0.8860114884787592,""pick up shelf"":0.018671838933770578,""spin leg"":0.013504197831659032}",0.050986680868563464,0.030825792772068792,0.9181875252441888
56,pick up shelf,1970-01-01T00:01:40.080Z,1970-01-01T00:01:44.000Z,complete,case56:frames2502-2600,Lack_Coffee_Table/0001_black_floor_05_02_2019_08_19_16_51,3.920,2502,2600,98,"{""pick up shelf"":0.561854172117856,""flip table"":0.19615723618439265,""attach shelf to table"":0.09446964002385431}",0.1340369874117326,0.01348195293896481,0.8524810483261029
56,attach shelf to table,1970-01-01T00:01:44.000Z,1970-01-01T00:01:59.520Z,complete,case56:frames2600-2988,Lack_Coffee_Table/0001_black_floor_05_02_2019_08_19_16_51,15.520,2600,2988,388,"{""attach shelf to table"":0.7510274280745959,""pick up shelf"":0.07905277264524688,""other"":0.021255576273800862}",0.13163869505383305,0.01702551210152468,0.8513357769936436
57,pick up leg,1970-01-01T00:00:02.200Z,1970-01-01T00:00:03.360Z,complete,case57:frames55-84,Lack_Coffee_Table/0027_white_table_04_02_2019_08_20_10_47,1.160,55,84,29,"{""pick up leg"":0.43872303528518514,""align leg screw with table thread"":0.38583201754452856,""spin leg"":0.006829294488476268}",0.16100622334613882,0.007609454164274977,0.8313843473181899
57,align leg screw with table thread,1970-01-01T00:00:03.680Z,1970-01-01T00:00:04.520Z,complete,case57:frames92-113,Lack_Coffee_Table/0027_white_table_04_02_2019_08_20_10_47,0.840,92,113,21,"{""align leg screw with table thread"":0.9425135347105208,""spin leg"":0.05109892874246552,""pick up leg"":0.002701094418409325}",0.0033492061886049454,0.00033713113545782585,0.9963135578713957
57,spin leg,1970-01-01T00:00:04.520Z,1970-01-01T00:00:21.160Z,complete,case57:frames113-529,Lack_Coffee_Table/0027_white_table_04_02_2019_08_20_10_47,16.640,113,529,416,"{""spin leg"":0.9061110967170232,""align leg screw with table thread"":0.08262927385826166,""tighten leg"":0.004344917847237621}",0.006167070725216315,0.0007476476337763373,0.9930852884225225
57,tighten leg,1970-01-01T00:00:21.160Z,1970-01-01T00:00:21.920Z,complete,case57:frames529-548,Lack_Coffee_Table/0027_white_table_04_02_2019_08_20_10_47,0.760,529,548,19,"{""tighten leg"":0.5675766719015021,""align leg screw with table thread"":0.19062356650829315,""spin leg"":0.12199284597054909}",0.060371916545064824,0.05943495109355462,0.8801930843803443
57,spin leg,1970-01-01T00:00:21.920Z,1970-01-01T00:00:24.320Z,complete,case57:frames548-608,Lack_Coffee_Table/0027_white_table_04_02_2019_08_20_10_47,2.400,548,608,60,"{""spin leg"":0.5406325101852417,""tighten leg"":0.2824110428492228,""align leg screw with table thread"":0.11081632475058238}",0.05050094376007716,0.015639178004376697,0.9338598777850469
57,pick up leg,1970-01-01T00:00:25.400Z,1970-01-01T00:00:26.440Z,complete,case57:frames635-661,Lack_Coffee_Table/0027_white_table_04_02_2019_08_20_10_47,1.040,635,661,26,"{""pick up leg"":0.6290482385800436,""align leg screw with table thread"":0.30033643171191216,""spin leg"":0.007060297343951578}",0.05808030140514557,0.005474711139090535,0.9364449676359072
57,spin leg,1970-01-01T00:00:26.920Z,1970-01-01T00:00:27.960Z,complete,case57:frames673-699,Lack_Coffee_Table/0027_white_table_04_02_2019_08_20_10_47,1.040,673,699,26,"{""spin leg"":0.6166839324511014,""align leg screw with table thread"":0.36345992839107144,""pick up leg"":0.003375087325156738}",0.01613569085020572,0.0003453808233740846,0.9835189481673297
57,spin leg,1970-01-01T00:00:27.960Z,1970-01-01T00:00:39.360Z,complete,case57:frames699-984,Lack_Coffee_Table/0027_white_table_04_02_2019_08_20_10_47,11.400,699,984,285,"{""spin leg"":0.9923432969210441,""align leg screw with table thread"":0.0018193659948577221,""other"":0.00029413130514113983}",0.005109554348644196,0.00043366241439900765,0.9944567942210429
57,pick up leg,1970-01-01T00:00:40.280Z,1970-01-01T00:00:41.520Z,complete,case57:frames1007-1038,Lack_Coffee_Table/0027_white_table_04_02_2019_08_20_10_47,1.240,1007,1038,31,"{""pick up leg"":0.7820999833845323,""align leg screw with table thread"":0.08720511654692312,""spin leg"":0.01191190768393778}",0.10798819026639385,0.010794774847285695,0.8812170076153932
57,align leg screw with table thread,1970-01-01T00:00:42.760Z,1970-01-01T00:00:43.840Z,complete,case57:frames1069-1096,Lack_Coffee_Table/0027_white_table_04_02_2019_08_20_10_47,1.080,1069,1096,27,"{""align leg screw with table thread"":0.22113917381675155,""spin leg"":0.21729437703335727,""pick up leg"":0.1383369305619487}",0.37693061983143844,0.04629886699137369,0.5767704814120576
57,spin leg,1970-01-01T00:00:43.840Z,1970-01-01T00:01:00.240Z,complete,case57:frames1096-1506,Lack_Coffee_Table/0027_white_table_04_02_2019_08_20_10_47,16.400,1096,1506,410,"{""spin leg"":0.6104248975835196,""align leg screw with table thread"":0.05391347757199916,""pick up leg"":0.016261881698922412}",0.290943772182232,0.02845597965897219,0.6806002568544411
57,pick up leg,1970-01-01T00:01:01.800Z,1970-01-01T00:01:02.720Z,complete,case57:frames1545-1568,Lack_Coffee_Table/0027_white_table_04_02_2019_08_20_10_47,0.920,1545,1568,23,"{""pick up leg"":0.6761680038078971,""align leg screw with table thread"":0.12804537169311359,""flip table"":0.016986281165610188}",0.13792543696320575,0.04087488440540178,0.8211996566666209
57,spin leg,1970-01-01T00:01:03.960Z,1970-01-01T00:01:06.760Z,complete,case57:frames1599-1669,Lack_Coffee_Table/0027_white_table_04_02_2019_08_20_10_47,2.800,1599,1669,70,"{""spin leg"":0.6703117985278368,""align leg screw with table thread"":0.09689624841724123,""pick up leg"":0.026574551699949163}",0.16414835623332433,0.04206905185491305,0.7937825986450272
57,spin leg,1970-01-01T00:01:06.760Z,1970-01-01T00:01:23.320Z,complete,case57:frames1669-2083,Lack_Coffee_Table/0027_white_table_04_02_2019_08_20_10_47,16.560,1669,2083,414,"{""spin leg"":0.7514612770454895,""align leg screw with table thread"":0.012310969863752812,""flip table"":0.009877378579930983}",0.20327683592188187,0.023073534227939233,0.7736496254891733
57,spin leg,1970-01-01T00:01:23.320Z,1970-01-01T00:01:24.440Z,complete,case57:frames2083-2111,Lack_Coffee_Table/0027_white_table_04_02_2019_08_20_10_47,1.120,2083,2111,28,"{""spin leg"":0.36716159858873915,""flip table"":0.022095637462501014,""tighten leg"":0.004512388492003083}",0.5378305592707225,0.06839980549893353,0.39376962454324327
57,flip table,1970-01-01T00:01:27.640Z,1970-01-01T00:01:37.200Z,complete,case57:frames2191-2430,Lack_Coffee_Table/0027_white_table_04_02_2019_08_20_10_47,9.560,2191,2430,239,"{""flip table"":0.8947065380951351,""rotate table"":0.08557850793824028,""pick up shelf"":0.002925579669319335}",0.012829567929710335,0.003959778519042179,0.9832106257026948
57,pick up shelf,1970-01-01T00:01:39.080Z,1970-01-01T00:01:42.080Z,complete,case57:frames2477-2552,Lack_Coffee_Table/0027_white_table_04_02_2019_08_20_10_47,3.000,2477,2552,75,"{""pick up shelf"":0.1955417784055074,""attach shelf to table"":0.18338191360235215,""flip table"":0.05973964740832647}",0.47093675335248314,0.09039992424469044,0.43866333941618607
57,attach shelf to table,1970-01-01T00:01:47.000Z,1970-01-01T00:02:03.280Z,complete,case57:frames2675-3082,Lack_Coffee_Table/0027_white_table_04_02_2019_08_20_10_47,16.280,2675,3082,407,"{""attach shelf to table"":0.6903983308803244,""pick up shelf"":0.056948717189289136,""flip table"":0.013251619788197942}",0.2150096439319395,0.024391683000143386,0.7605986678578115
58,flip table,1970-01-01T00:00:01.240Z,1970-01-01T00:00:07.360Z,complete,case58:frames31-184,Lack_Side_Table/0024_white_floor_05_02_2019_08_19_16_58,6.120,31,184,153,"{""flip table"":0.36524487060366895,""rotate table"":0.11068460656926522,""flip table top"":0.0348273676552268}",0.2566845357612847,0.2325586341908762,0.510756844828161
58,align leg screw with table thread,1970-01-01T00:00:09.000Z,1970-01-01T00:00:10.480Z,complete,case58:frames225-262,Lack_Side_Table/0024_white_floor_05_02_2019_08_19_16_58,1.480,225,262,37,"{""align leg screw with table thread"":0.9434902506905634,""spin leg"":0.03174986003117787,""pick up leg"":0.010429700358292542}",0.009687538799905294,0.004642626445927203,0.9856698110800337
58,spin leg,1970-01-01T00:00:10.480Z,1970-01-01T00:00:27.760Z,complete,case58:frames262-694,Lack_Side_Table/0024_white_floor_05_02_2019_08_19_16_58,17.280,262,694,432,"{""spin leg"":0.8641682213961354,""align leg screw with table thread"":0.10015660714082143,""tighten leg"":0.011644285386814267}",0.018521462630747852,0.005509432999180544,0.9759691139237711
58,pick up leg,1970-01-01T00:00:28.080Z,1970-01-01T00:00:28.640Z,complete,case58:frames702-716,Lack_Side_Table/0024_white_floor_05_02_2019_08_19_16_58,0.560,702,716,14,"{""pick up leg"":0.5888351329735347,""align leg screw with table thread"":0.179920956492424,""spin leg"":0.030515449919870923}",0.1591728020991598,0.04155567773295437,0.7992715393858296
58,align leg screw with table thread,1970-01-01T00:00:28.640Z,1970-01-01T00:00:31.120Z,complete,case58:frames716-778,Lack_Side_Table/0024_white_floor_05_02_2019_08_19_16_58,2.480,716,778,62,"{""align leg screw with table thread"":0.4674767923931922,""pick up leg"":0.2270765787651462,""spin leg"":0.15343587977751608}",0.0817477066190012,0.07026305343473384,0.8479892509358544
58,align leg screw with table thread,1970-01-01T00:00:31.120Z,1970-01-01T00:00:32.800Z,complete,case58:frames778-820,Lack_Side_Table/0024_white_floor_05_02_2019_08_19_16_58,1.680,778,820,42,"{""align leg screw with table thread"":0.9623138251758757,""spin leg"":0.01412839415882315,""pick up leg"":0.013832374564593746}",0.007515326009265014,0.002210108666944388,0.9902745938992926
58,align leg screw with table thread,1970-01-01T00:00:32.800Z,1970-01-01T00:00:49.680Z,complete,case58:frames820-1242,Lack_Side_Table/0024_white_floor_05_02_2019_08_19_16_58,16.880,820,1242,422,"{""align leg screw with table thread"":0.6146640404705753,""rotate table"":0.1084111107701449,""spin leg"":0.06241556262306128}",0.1196335345656739,0.09487573733854507,0.7854907138637814
58,align leg screw with table thread,1970-01-01T00:00:52.400Z,1970-01-01T00:00:53.640Z,complete,case58:frames1310-1341,Lack_Side_Table/0024_white_floor_05_02_2019_08_19_16_58,1.240,1310,1341,31,"{""align leg screw with table thread"":0.8938991350512351,""spin leg"":0.042287431837570284,""pick up leg"":0.04092356148025682}",0.013634885631261333,0.009254938649740214,0.9771101283690622
58,spin leg,1970-01-01T00:00:54.400Z,1970-01-01T00:00:54.960Z,complete,case58:frames1360-1374,Lack_Side_Table/0024_white_floor_05_02_2019_08_19_16_58,0.560,1360,1374,14,"{""spin leg"":0.35146641731262207,""tighten leg"":0.1711365431547165,""align leg screw with table thread"":0.1554596871137619}",0.16028548777103424,0.16165188658806073,0.6780626475811005
58,pick up leg,1970-01-01T00:00:55.880Z,1970-01-01T00:00:56.800Z,complete,case58:frames1397-1420,Lack_Side_Table/0024_white_floor_05_02_2019_08_19_16_58,0.920,1397,1420,23,"{""pick up leg"":0.7613597978716311,""align leg screw with table thread"":0.1243727278450261,""pick up side panel"":0.017205234536010285}",0.07898676589779231,0.018075504468134055,0.9029377602526675
58,align leg screw with table thread,1970-01-01T00:00:56.800Z,1970-01-01T00:00:58.240Z,complete,case58:frames1420-1456,Lack_Side_Table/0024_white_floor_05_02_2019_08_19_16_58,1.440,1420,1456,36,"{""align leg screw with table thread"":0.7989897007743517,""pick up leg"":0.140656022561921,""spin leg"":0.020608509011152718}",0.03248764615919855,0.007258225633007794,0.9602542323474255
58,spin leg,1970-01-01T00:00:58.240Z,1970-01-01T00:01:16.000Z,complete,case58:frames1456-1900,Lack_Side_Table/0024_white_floor_05_02_2019_08_19_16_58,17.760,1456,1900,444,"{""spin leg"":0.6593473052924818,""align leg screw with table thread"":0.2378427872249672,""pick up leg"":0.02341652286515848}",0.06175689751634727,0.017636491517850104,0.9206066153826075
58,align leg screw with table thread,1970-01-01T00:01:17.920Z,1970-01-01T00:01:19.600Z,complete,case58:frames1948-1990,Lack_Side_Table/0024_white_floor_05_02_2019_08_19_16_58,1.680,1948,1990,42,"{""align leg screw with table thread"":0.6642121445564997,""pick up leg"":0.2027961905779583,""spin leg"":0.014193851012913953}",0.10764454460392396,0.011153280612438449,0.8812021861473719
58,spin leg,1970-01-01T00:01:19.600Z,1970-01-01T00:01:39.080Z,complete,case58:frames1990-2477,Lack_Side_Table/0024_white_floor_05_02_2019_08_19_16_58,19.480,1990,2477,487,"{""spin leg"":0.7020824837940124,""align leg screw with table thread"":0.2436343999981146,""tighten leg"":0.010642616950476053}",0.03454386308651563,0.009096641151683215,0.9563595007426031
58,flip table,1970-01-01T00:01:40.400Z,1970-01-01T00:01:42.080Z,complete,case58:frames2510-2552,Lack_Side_Table/0024_white_floor_05_02_2019_08_19_16_58,1.680,2510,2552,42,"{""flip table"":0.3363042190404875,""align leg screw with table thread"":0.18173828862962269,""spin leg"":0.15160015203236116}",0.23804847842880658,0.09230889153306926,0.6696426597024714
58,flip table,1970-01-01T00:01:42.080Z,1970-01-01T00:01:45.760Z,complete,case58:frames2552-2644,Lack_Side_Table/0024_white_floor_05_02_2019_08_19_16_58,3.680,2552,2644,92,"{""flip table"":0.9007709939842639,""align leg screw with table thread"":0.016296701774041612,""rotate table"":0.002257941633180725}",0.058593746497417276,0.022080607342834107,0.9193256373914862
59,pick up leg,1970-01-01T00:00:02.000Z,1970-01-01T00:00:03.600Z,complete,case59:frames50-90,Lack_Side_Table/0024_black_table_04_02_2019_08_20_11_12,1.600,50,90,40,"{""pick up leg"":0.8858046293258667,""rotate table"":0.018054620921611787,""align leg screw with table thread"":0.006862602080218494}",0.07491825437173247,0.014359844328987494,0.910721852327697
59,spin leg,1970-01-01T00:00:04.120Z,1970-01-01T00:00:18.680Z,complete,case59:frames103-467,Lack_Side_Table/0024_black_table_04_02_2019_08_20_11_12,14.560,103,467,364,"{""spin leg"":0.8990612705801051,""align leg screw with table thread"":0.05566792254039383,""pick up leg"":0.037777470237035614}",0.006984224523786087,0.0005091287534006663,0.9925066633575346
59,spin leg,1970-01-01T00:00:21.200Z,1970-01-01T00:00:37.160Z,complete,case59:frames530-929,Lack_Side_Table/0024_black_table_04_02_2019_08_20_11_12,15.960,530,929,399,"{""spin leg"":0.9166554147400952,""align leg screw with table thread"":0.07040880450087234,""pick up leg"":0.005719459337593152}",0.006521994154666898,0.0006943248414706223,0.9927836785785606
59,pick up leg,1970-01-01T00:00:37.640Z,1970-01-01T00:00:38.760Z,complete,case59:frames941-969,Lack_Side_Table/0024_black_table_04_02_2019_08_20_11_12,1.120,941,969,28,"{""pick up leg"":0.7949168777891568,""align leg screw with table thread"":0.07265502294259411,""spin leg"":0.014613731730995434}",0.11079726261751992,0.007017087473627727,0.8821856324627463
59,spin leg,1970-01-01T00:00:39.240Z,1970-01-01T00:00:51.000Z,complete,case59:frames981-1275,Lack_Side_Table/0024_black_table_04_02_2019_08_20_11_12,11.760,981,1275,294,"{""spin leg"":0.9384252199915801,""align leg screw with table thread"":0.04600826913782326,""other"":0.003913062333149541}",0.007800562698457416,0.003852909280028352,0.988346551462553
59,pick up leg,1970-01-01T00:00:52.200Z,1970-01-01T00:00:52.920Z,complete,case59:frames1305-1323,Lack_Side_Table/0024_black_table_04_02_2019_08_20_11_12,0.720,1305,1323,18,"{""pick up leg"":0.6532779849237866,""flip table"":0.08924549939466589,""align leg screw with table thread"":0.028118184715923335}",0.20616469646079671,0.023193619836888703,0.7706416690343758
59,spin leg,1970-01-01T00:00:53.920Z,1970-01-01T00:01:05.440Z,complete,case59:frames1348-1636,Lack_Side_Table/0024_black_table_04_02_2019_08_20_11_12,11.520,1348,1636,288,"{""spin leg"":0.800943135180407,""align leg screw with table thread"":0.16405083056047765,""pick up leg"":0.012835837065924553}",0.021005227327502023,0.0011649807788884595,0.9778298028068092
59,flip table,1970-01-01T00:01:08.040Z,1970-01-01T00:01:16.080Z,complete,case59:frames1701-1902,Lack_Side_Table/0024_black_table_04_02_2019_08_20_11_12,8.040,1701,1902,201,"{""flip table"":0.8917288607477549,""align leg screw with table thread"":0.035629883332067444,""pick up leg"":0.02625909688288797}",0.02614005222749799,0.020242095284941614,0.9536178409627103
6,align leg screw with table thread,1970-01-01T00:00:04.320Z,1970-01-01T00:00:06.560Z,complete,case6:frames108-164,Lack_TV_Bench/0004_white_floor_08_04_2019_08_28_10_56,2.240,108,164,56,"{""align leg screw with table thread"":0.2718020634991782,""rotate table"":0.2684641176269257,""flip table top"":0.0024319880259489374}",0.11413388805730003,0.34316793338661006,0.5426981691520527
6,align leg screw with table thread,1970-01-01T00:00:06.920Z,1970-01-01T00:00:07.680Z,complete,case6:frames173-192,Lack_TV_Bench/0004_white_floor_08_04_2019_08_28_10_56,0.760,173,192,19,"{""align leg screw with table thread"":0.5754697244418295,""pick up leg"":0.2959065217720835,""spin leg"":0.019285924242515313}",0.08316058234164589,0.0261772078821722,0.8906621704564283
6,align leg screw with table thread,1970-01-01T00:00:08.120Z,1970-01-01T00:00:09.320Z,complete,case6:frames203-233,Lack_TV_Bench/0004_white_floor_08_04_2019_08_28_10_56,1.200,203,233,30,"{""align leg screw with table thread"":0.9552619338035584,""spin leg"":0.031854026050617296,""attach drawer side panel"":0.003313774111059805}",0.004167983122169971,0.005402268058118705,0.9904297339652355
6,spin leg,1970-01-01T00:00:09.320Z,1970-01-01T00:00:24.040Z,complete,case6:frames233-601,Lack_TV_Bench/0004_white_floor_08_04_2019_08_28_10_56,14.720,233,601,368,"{""spin leg"":0.8265564799632715,""align leg screw with table thread"":0.1644243793460824,""tighten leg"":0.0012905238730562141}",0.004597749761002057,0.003130866636523789,0.99227138318241
6,pick up leg,1970-01-01T00:00:24.920Z,1970-01-01T00:00:25.920Z,complete,case6:frames623-648,Lack_TV_Bench/0004_white_floor_08_04_2019_08_28_10_56,1.000,623,648,25,"{""pick up leg"":0.4434337031841278,""align leg screw with table thread"":0.39534948468208314,""spin leg"":0.01455723077058792}",0.1298270332813263,0.016832484760434453,0.8533404186367988
6,align leg screw with table thread,1970-01-01T00:00:26.840Z,1970-01-01T00:00:28.240Z,complete,case6:frames671-706,Lack_TV_Bench/0004_white_floor_08_04_2019_08_28_10_56,1.400,671,706,35,"{""align leg screw with table thread"":0.9270408817699978,""spin leg"":0.05106526911258698,""pick up leg"":0.011449444373803479}",0.008978378400206566,0.0014660459685036436,0.9895555952563883
6,spin leg,1970-01-01T00:00:28.240Z,1970-01-01T00:00:40.000Z,complete,case6:frames706-1000,Lack_TV_Bench/0004_white_floor_08_04_2019_08_28_10_56,11.760,706,1000,294,"{""spin leg"":0.9603123908140221,""align leg screw with table thread"":0.03227462259685101,""pick up leg"":0.0011825819442770919}",0.004236483344567471,0.0019939103478301442,0.9937695953551502
6,spin leg,1970-01-01T00:00:40.000Z,1970-01-01T00:00:42.040Z,complete,case6:frames1000-1051,Lack_TV_Bench/0004_white_floor_08_04_2019_08_28_10_56,2.040,1000,1051,51,"{""spin leg"":0.5063439642681795,""align leg screw with table thread"":0.36847064483399483,""tighten leg"":0.02748550343162873}",0.06806540007100385,0.029634452999354553,0.902300112533803
6,align leg screw with table thread,1970-01-01T00:00:45.960Z,1970-01-01T00:00:46.120Z,complete,case6:frames1149-1153,Lack_TV_Bench/0004_white_floor_08_04_2019_08_28_10_56,0.160,1149,1153,4,"{""align leg screw with table thread"":0.5025765672326088,""pick up leg"":0.2440127357840538,""spin leg"":0.05742286145687103}",0.14690852724015713,0.049079373391080594,0.8040121644735336
6,spin leg,1970-01-01T00:00:46.600Z,1970-01-01T00:00:47.480Z,complete,case6:frames1165-1187,Lack_TV_Bench/0004_white_floor_08_04_2019_08_28_10_56,0.880,1165,1187,22,"{""spin leg"":0.7881727159361948,""align leg screw with table thread"":0.16985717798921873,""pick up leg"":0.01553738966189981}",0.02350454838861796,0.0029281907804097743,0.9735672835873133
6,spin leg,1970-01-01T00:00:47.480Z,1970-01-01T00:00:58.000Z,complete,case6:frames1187-1450,Lack_TV_Bench/0004_white_floor_08_04_2019_08_28_10_56,10.520,1187,1450,263,"{""spin leg"":0.9759441133687705,""align leg screw with table thread"":0.01166805000834082,""tighten leg"":0.0006953492191197004}",0.010133843095229493,0.0015586456353186464,0.9883075125962311
6,align leg screw with table thread,1970-01-01T00:00:58.480Z,1970-01-01T00:00:59.640Z,complete,case6:frames1462-1491,Lack_TV_Bench/0004_white_floor_08_04_2019_08_28_10_56,1.160,1462,1491,29,"{""align leg screw with table thread"":0.6192150239286751,""spin leg"":0.16035785346195616,""pick up leg"":0.046856643760512615}",0.11957799206519949,0.05399244329395445,0.8264295211511439
6,spin leg,1970-01-01T00:01:00.240Z,1970-01-01T00:01:00.960Z,complete,case6:frames1506-1524,Lack_TV_Bench/0004_white_floor_08_04_2019_08_28_10_56,0.720,1506,1524,18,"{""spin leg"":0.421088887585534,""align leg screw with table thread"":0.17274227738380432,""tighten leg"":0.1244438932173782}",0.2122663160165151,0.06945862588689047,0.7182750581867166
6,spin leg,1970-01-01T00:01:00.960Z,1970-01-01T00:01:12.720Z,complete,case6:frames1524-1818,Lack_TV_Bench/0004_white_floor_08_04_2019_08_28_10_56,11.760,1524,1818,294,"{""spin leg"":0.9013769316429995,""align leg screw with table thread"":0.056219116816309846,""tighten leg"":0.006822694514301561}",0.028843134388226232,0.006738136042308924,0.9644187429736109
6,pick up shelf,1970-01-01T00:01:13.560Z,1970-01-01T00:01:17.840Z,complete,case6:frames1839-1946,Lack_TV_Bench/0004_white_floor_08_04_2019_08_28_10_56,4.280,1839,1946,107,"{""pick up shelf"":0.1793587368207975,""pick up leg"":0.137070308709256,""flip table"":0.04271008243140216}",0.3241185321707592,0.3167423453105506,0.35913912796145564
6,pick up shelf,1970-01-01T00:01:18.440Z,1970-01-01T00:01:22.040Z,complete,case6:frames1961-2051,Lack_TV_Bench/0004_white_floor_08_04_2019_08_28_10_56,3.600,1961,2051,90,"{""pick up shelf"":0.4729943507661422,""rotate table"":0.06558981398896625,""spin leg"":0.05211698155423316}",0.20580235125703944,0.20349648812172685,0.5907011463093417
6,spin leg,1970-01-01T00:01:22.960Z,1970-01-01T00:01:36.240Z,complete,case6:frames2074-2406,Lack_TV_Bench/0004_white_floor_08_04_2019_08_28_10_56,13.280,2074,2406,332,"{""spin leg"":0.2873112510929041,""align leg screw with table thread"":0.2761850808803217,""attach shelf to table"":0.06092781305919031}",0.125197886522994,0.25037796408604013,0.6244241450324161
60,flip table top,1970-01-01T00:00:00.000Z,1970-01-01T00:00:05.720Z,complete,case60:frames0-143,Lack_Side_Table/0031_oak_table_04_02_2019_08_20_14_13,5.720,0,143,143,"{""flip table top"":0.5840774378576479,""pick up leg"":0.04879500858902514,""pick up table top"":4.7961121040984165e-05}",0.2917422554553389,0.07533739746479076,0.6329204075677141
60,flip table top,1970-01-01T00:00:05.720Z,1970-01-01T00:00:07.400Z,complete,case60:frames143-185,Lack_Side_Table/0031_oak_table_04_02_2019_08_20_14_13,1.680,143,185,42,"{""flip table top"":0.7713979228089253,""pick up leg"":0.08151649393229968,""lay down table top"":8.999636325565266e-06}",0.05822017176875046,0.08885636725085294,0.8529234163775505
60,pick up leg,1970-01-01T00:00:07.400Z,1970-01-01T00:00:08.920Z,complete,case60:frames185-223,Lack_Side_Table/0031_oak_table_04_02_2019_08_20_14_13,1.520,185,223,38,"{""pick up leg"":0.630532734488186,""align leg screw with table thread"":0.1599140743185815,""rotate table"":0.043042553613256464}",0.1212828847530641,0.045227715407468866,0.833489362420024
60,align leg screw with table thread,1970-01-01T00:00:08.920Z,1970-01-01T00:00:11.040Z,complete,case60:frames223-276,Lack_Side_Table/0031_oak_table_04_02_2019_08_20_14_13,2.120,223,276,53,"{""align leg screw with table thread"":0.591020072968501,""spin leg"":0.35589881599792894,""pick up leg"":0.02609567959213032}",0.0192766047592433,0.007708834394074468,0.9730145685585603
60,spin leg,1970-01-01T00:00:11.040Z,1970-01-01T00:00:27.800Z,complete,case60:frames276-695,Lack_Side_Table/0031_oak_table_04_02_2019_08_20_14_13,16.760,276,695,419,"{""spin leg"":0.9736874153335225,""align leg screw with table thread"":0.022575879616213868,""tighten leg"":0.0010056885952343343}",0.002270935658423279,0.0004601026049995198,0.9972689835449707
60,pick up leg,1970-01-01T00:00:27.800Z,1970-01-01T00:00:29.280Z,complete,case60:frames695-732,Lack_Side_Table/0031_oak_table_04_02_2019_08_20_14_13,1.480,695,732,37,"{""pick up leg"":0.6072114684014909,""spin leg"":0.21663354488240705,""align leg screw with table thread"":0.05352490702392282}",0.10498849252188527,0.017641598396292348,0.8773699203078207
60,align leg screw with table thread,1970-01-01T00:00:29.280Z,1970-01-01T00:00:32.160Z,complete,case60:frames732-804,Lack_Side_Table/0031_oak_table_04_02_2019_08_20_14_13,2.880,732,804,72,"{""align leg screw with table thread"":0.6937747130998306,""spin leg"":0.2262627551228636,""pick up leg"":0.051454393948208436}",0.026542763277474377,0.0019653301724028576,0.9714918621709026
60,spin leg,1970-01-01T00:00:32.160Z,1970-01-01T00:00:54.200Z,complete,case60:frames804-1355,Lack_Side_Table/0031_oak_table_04_02_2019_08_20_14_13,22.040,804,1355,551,"{""spin leg"":0.8289877269315633,""align leg screw with table thread"":0.10780235125722124,""flip table"":0.013748545984432486}",0.032633934224095405,0.016827439372788463,0.9505386241732171
60,rotate table,1970-01-01T00:00:54.200Z,1970-01-01T00:00:58.120Z,complete,case60:frames1355-1453,Lack_Side_Table/0031_oak_table_04_02_2019_08_20_14_13,3.920,1355,1453,98,"{""rotate table"":0.4578807682027014,""align leg screw with table thread"":0.19679053074547223,""flip table"":0.10075014928469853}",0.1093612788055016,0.13521728639508065,0.7554214482328722
60,pick up leg,1970-01-01T00:00:58.120Z,1970-01-01T00:00:59.640Z,complete,case60:frames1453-1491,Lack_Side_Table/0031_oak_table_04_02_2019_08_20_14_13,1.520,1453,1491,38,"{""pick up leg"":0.4839247110250749,""flip table"":0.3002592754997558,""align leg screw with table thread"":0.10084313820851476}",0.08247723734300387,0.03249570670453489,0.8850271247333454
60,align leg screw with table thread,1970-01-01T00:00:59.640Z,1970-01-01T00:01:01.440Z,complete,case60:frames1491-1536,Lack_Side_Table/0031_oak_table_04_02_2019_08_20_14_13,1.800,1491,1536,45,"{""align leg screw with table thread"":0.5717816604508295,""spin leg"":0.3692575382275714,""pick up leg"":0.0466967503591958}",0.01171433606909381,0.0005496536654063652,0.9877359490375966
60,spin leg,1970-01-01T00:01:01.440Z,1970-01-01T00:01:25.760Z,complete,case60:frames1536-2144,Lack_Side_Table/0031_oak_table_04_02_2019_08_20_14_13,24.320,1536,2144,608,"{""spin leg"":0.9306352381643496,""align leg screw with table thread"":0.06372717547990185,""pick up leg"":0.0007068551452615985}",0.004206030191486015,0.0007247036207418719,0.995069268789513
60,pick up leg,1970-01-01T00:01:25.760Z,1970-01-01T00:01:28.040Z,complete,case60:frames2144-2201,Lack_Side_Table/0031_oak_table_04_02_2019_08_20_14_13,2.280,2144,2201,57,"{""pick up leg"":0.5325752098047942,""align leg screw with table thread"":0.21061845881897107,""spin leg"":0.1695367431170062}",0.0788614220525089,0.008408156838617998,0.9127304117407714
60,align leg screw with table thread,1970-01-01T00:01:28.040Z,1970-01-01T00:01:30.000Z,complete,case60:frames2201-2250,Lack_Side_Table/0031_oak_table_04_02_2019_08_20_14_13,1.960,2201,2250,49,"{""align leg screw with table thread"":0.7007035905381247,""spin leg"":0.22487307583190957,""pick up leg"":0.05521310943776352}",0.01831837022220906,0.000891893099610476,0.9807897758077977
60,spin leg,1970-01-01T00:01:30.000Z,1970-01-01T00:01:53.680Z,complete,case60:frames2250-2842,Lack_Side_Table/0031_oak_table_04_02_2019_08_20_14_13,23.680,2250,2842,592,"{""spin leg"":0.9910785163173804,""align leg screw with table thread"":0.007106847080207002,""flip table"":0.000626112988897689}",0.0007483132896988929,0.00044021416266628373,0.9988114763864852
60,flip table,1970-01-01T00:01:53.680Z,1970-01-01T00:01:57.920Z,complete,case60:frames2842-2948,Lack_Side_Table/0031_oak_table_04_02_2019_08_20_14_13,4.240,2842,2948,106,"{""flip table"":0.8901569380266767,""spin leg"":0.050701450477030244,""pick up shelf"":0.01220416433819271}",0.037230033212218364,0.009707384078921787,0.9530625528418997
61,pick up leg,1970-01-01T00:00:02.200Z,1970-01-01T00:00:03.760Z,complete,case61:frames55-94,Lack_Side_Table/0012_black_table_04_02_2019_08_20_11_42,1.560,55,94,39,"{""pick up leg"":0.4249500681956609,""rotate table"":0.13056060213309068,""align leg screw with table thread"":0.0716823585665761}",0.3303772379190494,0.042429724829590794,0.6271930288953277
61,align leg screw with table thread,1970-01-01T00:00:03.760Z,1970-01-01T00:00:06.160Z,complete,case61:frames94-154,Lack_Side_Table/0012_black_table_04_02_2019_08_20_11_42,2.400,94,154,60,"{""align leg screw with table thread"":0.8704245219628016,""pick up leg"":0.04467049532880386,""rotate table"":0.03317658719994749}",0.017312254818777243,0.034416153376106706,0.948271604491553
61,spin leg,1970-01-01T00:00:06.160Z,1970-01-01T00:00:21.240Z,complete,case61:frames154-531,Lack_Side_Table/0012_black_table_04_02_2019_08_20_11_42,15.080,154,531,377,"{""spin leg"":0.9220158966253228,""align leg screw with table thread"":0.06825634479443654,""tighten leg"":0.001939856333797674}",0.004900010796733181,0.0028879112212554557,0.992212097753557
61,pick up leg,1970-01-01T00:00:21.880Z,1970-01-01T00:00:23.600Z,complete,case61:frames547-590,Lack_Side_Table/0012_black_table_04_02_2019_08_20_11_42,1.720,547,590,43,"{""pick up leg"":0.7278985187064769,""align leg screw with table thread"":0.07263441115271213,""rotate table"":0.019574120424168055}",0.15683189658231514,0.02306102706964386,0.8201070502833571
61,pick up leg,1970-01-01T00:00:23.600Z,1970-01-01T00:00:25.960Z,complete,case61:frames590-649,Lack_Side_Table/0012_black_table_04_02_2019_08_20_11_42,2.360,590,649,59,"{""pick up leg"":0.30434822000689427,""rotate table"":0.23681026602448044,""lay down leg"":0.0033681372168742245}",0.18853903347152776,0.26693436468237275,0.544526623248249
61,spin leg,1970-01-01T00:00:25.960Z,1970-01-01T00:00:31.000Z,complete,case61:frames649-775,Lack_Side_Table/0012_black_table_04_02_2019_08_20_11_42,5.040,649,775,126,"{""spin leg"":0.6278875414355998,""align leg screw with table thread"":0.25366983082263717,""pick up leg"":0.06193759403235856}",0.043056955324515464,0.013448120675276598,0.9434949662905955
61,pick up leg,1970-01-01T00:00:31.000Z,1970-01-01T00:00:31.960Z,complete,case61:frames775-799,Lack_Side_Table/0012_black_table_04_02_2019_08_20_11_42,0.960,775,799,24,"{""pick up leg"":0.8473768010735512,""align leg screw with table thread"":0.02069144742563367,""rotate table"":0.010014915213105269}",0.10814878158271313,0.013768085931628704,0.8780831637122901
61,align leg screw with table thread,1970-01-01T00:00:32.440Z,1970-01-01T00:00:34.000Z,complete,case61:frames811-850,Lack_Side_Table/0012_black_table_04_02_2019_08_20_11_42,1.560,811,850,39,"{""align leg screw with table thread"":0.5886642161088113,""pick up leg"":0.23112234549644667,""rotate table"":0.10805894046400984}",0.05429101248200123,0.017863501551060017,0.9278455020692679
61,spin leg,1970-01-01T00:00:34.000Z,1970-01-01T00:00:58.400Z,complete,case61:frames850-1460,Lack_Side_Table/0012_black_table_04_02_2019_08_20_11_42,24.400,850,1460,610,"{""spin leg"":0.9014733251245295,""align leg screw with table thread"":0.08138743423414035,""pick up leg"":0.010018883430070747}",0.005837102038938491,0.0012832522210603026,0.9928796427887405
61,pick up leg,1970-01-01T00:00:59.200Z,1970-01-01T00:01:00.480Z,complete,case61:frames1480-1512,Lack_Side_Table/0012_black_table_04_02_2019_08_20_11_42,1.280,1480,1512,32,"{""pick up leg"":0.8019974678754807,""align leg screw with table thread"":0.13621077546849847,""spin leg"":0.012328451528446749}",0.047666825354099274,0.001796502332245098,0.9505366948724259
61,spin leg,1970-01-01T00:01:01.240Z,1970-01-01T00:01:02.360Z,complete,case61:frames1531-1559,Lack_Side_Table/0012_black_table_04_02_2019_08_20_11_42,1.120,1531,1559,28,"{""spin leg"":0.7192311928208385,""align leg screw with table thread"":0.18053401669853233,""pick up leg"":0.05044911341194945}",0.046802638830350976,0.002983126269309399,0.9502143229313202
61,spin leg,1970-01-01T00:01:02.360Z,1970-01-01T00:01:25.640Z,complete,case61:frames1559-2141,Lack_Side_Table/0012_black_table_04_02_2019_08_20_11_42,23.280,1559,2141,582,"{""spin leg"":0.9413480834452966,""align leg screw with table thread"":0.01882376375766567,""pick up leg"":0.00908918222632996}",0.029284467324582522,0.001454509832305139,0.9692610294292923
61,pick up leg,1970-01-01T00:01:26.920Z,1970-01-01T00:01:27.840Z,complete,case61:frames2173-2196,Lack_Side_Table/0012_black_table_04_02_2019_08_20_11_42,0.920,2173,2196,23,"{""pick up leg"":0.74665084351664,""spin leg"":0.05301374974458114,""align leg screw with table thread"":0.05148001954607342}",0.1235411128272181,0.02531430814986118,0.8511446128072946
61,align leg screw with table thread,1970-01-01T00:01:28.960Z,1970-01-01T00:01:31.160Z,complete,case61:frames2224-2279,Lack_Side_Table/0012_black_table_04_02_2019_08_20_11_42,2.200,2224,2279,55,"{""align leg screw with table thread"":0.7828129150650718,""spin leg"":0.11823338622396642,""pick up leg"":0.0680513034955683}",0.030112363736737858,0.0007900206919346053,0.9690976047846065
61,spin leg,1970-01-01T00:01:31.160Z,1970-01-01T00:01:50.680Z,complete,case61:frames2279-2767,Lack_Side_Table/0012_black_table_04_02_2019_08_20_11_42,19.520,2279,2767,488,"{""spin leg"":0.9445386466066368,""align leg screw with table thread"":0.02560588276227478,""tighten leg"":0.0049808223932918515}",0.021700121859302285,0.0031745236665920457,0.9751253517622035
61,flip table,1970-01-01T00:01:51.800Z,1970-01-01T00:02:02.360Z,complete,case61:frames2795-3059,Lack_Side_Table/0012_black_table_04_02_2019_08_20_11_42,10.560,2795,3059,264,"{""flip table"":0.971374366545316,""pick up shelf"":0.0027804917979555093,""rotate table"":0.0016291694060286814}",0.021395223820229257,0.0028207623817450168,0.9757840277493001
62,pick up leg,1970-01-01T00:00:02.240Z,1970-01-01T00:00:04.080Z,complete,case62:frames56-102,Lack_Side_Table/0006_white_table_04_02_2019_08_20_11_57,1.840,56,102,46,"{""pick up leg"":0.573190981603187,""flip table top"":0.034949684515595436,""rotate table"":0.01789983971811244}",0.35567846764688904,0.018281056268764244,0.626040505836895
62,spin leg,1970-01-01T00:00:04.080Z,1970-01-01T00:00:05.920Z,complete,case62:frames102-148,Lack_Side_Table/0006_white_table_04_02_2019_08_20_11_57,1.840,102,148,46,"{""spin leg"":0.33821881462759135,""align leg screw with table thread"":0.2786893425104411,""pick up leg"":0.1888395378406605}",0.18050513416528702,0.013747132682859419,0.8057476949786928
62,spin leg,1970-01-01T00:00:05.920Z,1970-01-01T00:00:16.720Z,complete,case62:frames148-418,Lack_Side_Table/0006_white_table_04_02_2019_08_20_11_57,10.800,148,418,270,"{""spin leg"":0.9635539851944755,""other"":0.011184478605153142,""align leg screw with table thread"":0.008872173981810057}",0.014061133025421037,0.002328192362078478,0.9836106377814388
62,attach drawer side panel,1970-01-01T00:00:16.720Z,1970-01-01T00:00:22.640Z,complete,case62:frames418-566,Lack_Side_Table/0006_white_table_04_02_2019_08_20_11_57,5.920,418,566,148,"{""attach drawer side panel"":0.16322613102140068,""spin leg"":0.13084807697482206,""tighten leg"":0.02931379382120999}",0.4804172386994233,0.1961947341085153,0.3233880018174327
62,pick up leg,1970-01-01T00:00:23.200Z,1970-01-01T00:00:25.280Z,complete,case62:frames580-632,Lack_Side_Table/0006_white_table_04_02_2019_08_20_11_57,2.080,580,632,52,"{""pick up leg"":0.6055302803332989,""other"":0.04249052330403803,""align leg screw with table thread"":0.03300597719275034}",0.29107233308828795,0.02790092361858963,0.6810267808300873
62,align leg screw with table thread,1970-01-01T00:00:25.280Z,1970-01-01T00:00:27.680Z,complete,case62:frames632-692,Lack_Side_Table/0006_white_table_04_02_2019_08_20_11_57,2.400,632,692,60,"{""align leg screw with table thread"":0.34045637169231974,""spin leg"":0.2797522313892841,""pick up leg"":0.1757577015067606}",0.194744806488355,0.00928889760194256,0.7959663045883645
62,spin leg,1970-01-01T00:00:27.680Z,1970-01-01T00:00:42.440Z,complete,case62:frames692-1061,Lack_Side_Table/0006_white_table_04_02_2019_08_20_11_57,14.760,692,1061,369,"{""spin leg"":0.9447604025686337,""align leg screw with table thread"":0.01674993298846855,""rotate table"":0.0034160764009608484}",0.0279042702370139,0.007169310731694368,0.9649264119580631
62,align leg screw with table thread,1970-01-01T00:00:42.440Z,1970-01-01T00:00:45.240Z,complete,case62:frames1061-1131,Lack_Side_Table/0006_white_table_04_02_2019_08_20_11_57,2.800,1061,1131,70,"{""align leg screw with table thread"":0.4872412770986557,""spin leg"":0.2064494701368468,""tighten leg"":0.007872732462627548}",0.14069729511226928,0.15773920476980915,0.70156347969813
62,rotate table,1970-01-01T00:00:45.400Z,1970-01-01T00:00:49.200Z,complete,case62:frames1135-1230,Lack_Side_Table/0006_white_table_04_02_2019_08_20_11_57,3.800,1135,1230,95,"{""rotate table"":0.5783030782777228,""pick up leg"":0.10362501195386836,""flip table"":0.03260500659479907}",0.20417597748731312,0.08129089001594467,0.7145330968263902
62,pick up leg,1970-01-01T00:00:49.880Z,1970-01-01T00:00:51.000Z,complete,case62:frames1247-1275,Lack_Side_Table/0006_white_table_04_02_2019_08_20_11_57,1.120,1247,1275,28,"{""pick up leg"":0.9281011947563717,""align leg screw with table thread"":0.02996589838793235,""lay down leg"":0.0016321094299200922}",0.03715460088902286,0.0031461558232435444,0.9596992025742241
62,align leg screw with table thread,1970-01-01T00:00:51.000Z,1970-01-01T00:00:52.720Z,complete,case62:frames1275-1318,Lack_Side_Table/0006_white_table_04_02_2019_08_20_11_57,1.720,1275,1318,43,"{""align leg screw with table thread"":0.8231547251343727,""pick up leg"":0.11725420409510302,""spin leg"":0.03999395025515019}",0.018647185288542926,0.0009499115272861281,0.9804028794846259
62,spin leg,1970-01-01T00:00:52.720Z,1970-01-01T00:01:06.480Z,complete,case62:frames1318-1662,Lack_Side_Table/0006_white_table_04_02_2019_08_20_11_57,13.760,1318,1662,344,"{""spin leg"":0.9108793263345264,""align leg screw with table thread"":0.048842631529496854,""tighten leg"":0.004957228530973986}",0.02549627624712018,0.009824539945391494,0.9646791863949973
62,tighten leg,1970-01-01T00:01:06.480Z,1970-01-01T00:01:12.800Z,complete,case62:frames1662-1820,Lack_Side_Table/0006_white_table_04_02_2019_08_20_11_57,6.320,1662,1820,158,"{""tighten leg"":0.302569176230279,""pick up leg"":0.14747426863995533,""align leg screw with table thread"":0.14621509762504434}",0.19039209394515316,0.21334934995311808,0.5962585424952787
62,rotate table,1970-01-01T00:01:12.800Z,1970-01-01T00:01:15.200Z,complete,case62:frames1820-1880,Lack_Side_Table/0006_white_table_04_02_2019_08_20_11_57,2.400,1820,1880,60,"{""rotate table"":0.6241666824712108,""pick up leg"":0.21492387515803177,""flip table"":0.043508285582841685}",0.08692143112421036,0.030479639565257104,0.8825988432120843
62,pick up leg,1970-01-01T00:01:15.200Z,1970-01-01T00:01:17.000Z,complete,case62:frames1880-1925,Lack_Side_Table/0006_white_table_04_02_2019_08_20_11_57,1.800,1880,1925,45,"{""pick up leg"":0.7726841522587671,""align leg screw with table thread"":0.043901450766457455,""flip table"":0.009585640734682481}",0.15546687708960638,0.01836186826902235,0.826171243759907
62,align leg screw with table thread,1970-01-01T00:01:17.000Z,1970-01-01T00:01:19.000Z,complete,case62:frames1925-1975,Lack_Side_Table/0006_white_table_04_02_2019_08_20_11_57,2.000,1925,1975,50,"{""align leg screw with table thread"":0.6798813843727112,""pick up leg"":0.18504685640335083,""spin leg"":0.02938790839165449}",0.10169622033834458,0.003987621094659346,0.8943161491677165
62,spin leg,1970-01-01T00:01:19.000Z,1970-01-01T00:01:34.160Z,complete,case62:frames1975-2354,Lack_Side_Table/0006_white_table_04_02_2019_08_20_11_57,15.160,1975,2354,379,"{""spin leg"":0.9131887442479033,""align leg screw with table thread"":0.02900567620324271,""pick up leg"":0.004656711783251506}",0.04873505160015931,0.00441382935131927,0.9468511322343975
62,other,1970-01-01T00:01:34.160Z,1970-01-01T00:01:41.480Z,complete,case62:frames2354-2537,Lack_Side_Table/0006_white_table_04_02_2019_08_20_11_57,7.320,2354,2537,183,"{""other"":0.33239719273949986,""align leg screw with table thread"":0.17807936489256354,""tighten leg"":0.024730619020210426}",0.21384504689870637,0.2509477757678611,0.5352071766522738
62,flip table,1970-01-01T00:01:42.440Z,1970-01-01T00:01:50.040Z,complete,case62:frames2561-2751,Lack_Side_Table/0006_white_table_04_02_2019_08_20_11_57,7.600,2561,2751,190,"{""flip table"":0.9157920661725496,""pick up shelf"":0.004234947191894447,""rotate table"":0.003226811770257068}",0.0729395742246293,0.0038066255101389676,0.9232538251347011
63,tighten leg,1970-01-01T00:00:02.440Z,1970-01-01T00:00:04.120Z,complete,case63:frames61-103,Lack_Side_Table/0006_oak_floor_08_04_2019_08_28_12_05,1.680,61,103,42,"{""tighten leg"":0.30235299460279447,""align leg screw with table thread"":0.2780659180134535,""pick up leg"":0.07090049371167663}",0.21590782772927058,0.13277276769643925,0.6513194063279246
63,spin leg,1970-01-01T00:00:04.920Z,1970-01-01T00:00:17.960Z,complete,case63:frames123-449,Lack_Side_Table/0006_oak_floor_08_04_2019_08_28_12_05,13.040,123,449,326,"{""spin leg"":0.723195482548212,""tighten leg"":0.14844442484614673,""align leg screw with table thread"":0.06361642495894725}",0.052573202463563964,0.012170471588420438,0.935256332353306
63,tighten leg,1970-01-01T00:00:18.480Z,1970-01-01T00:00:19.640Z,complete,case63:frames462-491,Lack_Side_Table/0006_oak_floor_08_04_2019_08_28_12_05,1.160,462,491,29,"{""tighten leg"":0.22900173838796287,""pick up leg"":0.1887744571371325,""align leg screw with table thread"":0.08486922907418218}",0.35907088785335933,0.13828368192469825,0.5026454245992775
63,spin leg,1970-01-01T00:00:20.320Z,1970-01-01T00:00:33.360Z,complete,case63:frames508-834,Lack_Side_Table/0006_oak_floor_08_04_2019_08_28_12_05,13.040,508,834,326,"{""spin leg"":0.8627026093883748,""align leg screw with table thread"":0.08692310001998226,""tighten leg"":0.03091108367601238}",0.01586134251824186,0.003601874293372047,0.9805367930843695
63,align leg screw with table thread,1970-01-01T00:00:34.160Z,1970-01-01T00:00:35.320Z,complete,case63:frames854-883,Lack_Side_Table/0006_oak_floor_08_04_2019_08_28_12_05,1.160,854,883,29,"{""align leg screw with table thread"":0.4308146592871896,""rotate table"":0.11672284017349112,""pick up leg"":0.09971695547473841}",0.23540540810289054,0.11734017550939231,0.6472544549354191
63,align leg screw with table thread,1970-01-01T00:00:35.680Z,1970-01-01T00:00:37.520Z,complete,case63:frames892-938,Lack_Side_Table/0006_oak_floor_08_04_2019_08_28_12_05,1.840,892,938,46,"{""align leg screw with table thread"":0.6351451498010884,""spin leg"":0.11230882548767587,""pick up leg"":0.0690933273214361}",0.11676296591758728,0.06668978875156953,0.8165473026102004
63,spin leg,1970-01-01T00:00:37.760Z,1970-01-01T00:01:00.400Z,complete,case63:frames944-1510,Lack_Side_Table/0006_oak_floor_08_04_2019_08_28_12_05,22.640,944,1510,566,"{""spin leg"":0.7413104921579361,""tighten leg"":0.12510411068797112,""align leg screw with table thread"":0.06064663433828539}",0.05420235795867317,0.01873640912347866,0.9270612371841926
63,rotate table,1970-01-01T00:01:00.520Z,1970-01-01T00:01:04.160Z,complete,case63:frames1513-1604,Lack_Side_Table/0006_oak_floor_08_04_2019_08_28_12_05,3.640,1513,1604,91,"{""rotate table"":0.19422618459633828,""tighten leg"":0.13442404658257306,""align leg screw with table thread"":0.11327004870706862}",0.28306642665967835,0.2750133066902813,0.44192027988598
63,align leg screw with table thread,1970-01-01T00:01:04.280Z,1970-01-01T00:01:05.440Z,complete,case63:frames1607-1636,Lack_Side_Table/0006_oak_floor_08_04_2019_08_28_12_05,1.160,1607,1636,29,"{""align leg screw with table thread"":0.3615553009098974,""pick up leg"":0.14698410342479573,""spin leg"":0.14616640837028108}",0.283490855118324,0.061803327933065144,0.6547058127049742
63,spin leg,1970-01-01T00:01:06.360Z,1970-01-01T00:01:19.160Z,complete,case63:frames1659-1979,Lack_Side_Table/0006_oak_floor_08_04_2019_08_28_12_05,12.800,1659,1979,320,"{""spin leg"":0.731170333083719,""tighten leg"":0.11343845698866062,""align leg screw with table thread"":0.06707888221135364}",0.058690808899700644,0.029621514078726513,0.9116876722837333
63,flip table,1970-01-01T00:01:20.040Z,1970-01-01T00:01:24.840Z,complete,case63:frames2001-2121,Lack_Side_Table/0006_oak_floor_08_04_2019_08_28_12_05,4.800,2001,2121,120,"{""flip table"":0.5418659092742019,""rotate table"":0.07392096378607675,""pick up leg"":0.07136654315205912}",0.16061637016634148,0.15223023146536915,0.6871534162123377
64,rotate table,1970-01-01T00:00:03.400Z,1970-01-01T00:00:05.640Z,complete,case64:frames85-141,Lack_Side_Table/0002_white_floor_05_02_2019_08_19_17_39,2.240,85,141,56,"{""rotate table"":0.22428674299070345,""pick up leg"":0.1766231660232214,""flip table top"":0.04605514869347514}",0.23593534316335404,0.3170995930581455,0.4469650577074
64,pick up side panel,1970-01-01T00:00:06.320Z,1970-01-01T00:00:07.400Z,complete,case64:frames158-185,Lack_Side_Table/0002_white_floor_05_02_2019_08_19_17_39,1.080,158,185,27,"{""pick up side panel"":0.6022255540721946,""pick up leg"":0.3119175500339932,""align leg screw with table thread"":0.04640755319484958}",0.024479318962053017,0.01496997493972877,0.9605506573010374
64,align leg screw with table thread,1970-01-01T00:00:07.400Z,1970-01-01T00:00:09.040Z,complete,case64:frames185-226,Lack_Side_Table/0002_white_floor_05_02_2019_08_19_17_39,1.640,185,226,41,"{""align leg screw with table thread"":0.6546227826577861,""pick up leg"":0.1970818559184852,""pick up side panel"":0.054245983716100454}",0.022289743101814898,0.07175964547021105,0.9059506222923717
64,spin leg,1970-01-01T00:00:09.040Z,1970-01-01T00:00:22.080Z,complete,case64:frames226-552,Lack_Side_Table/0002_white_floor_05_02_2019_08_19_17_39,13.040,226,552,326,"{""spin leg"":0.8649327281428261,""align leg screw with table thread"":0.0642152916800025,""tighten leg"":0.033286703817179984}",0.02085543265623366,0.016709844862516553,0.9624347236400086
64,pick up leg,1970-01-01T00:00:22.640Z,1970-01-01T00:00:23.400Z,complete,case64:frames566-585,Lack_Side_Table/0002_white_floor_05_02_2019_08_19_17_39,0.760,566,585,19,"{""pick up leg"":0.42895394563674927,""rotate table"":0.2857288977033214,""push table"":1.4111097578662387e-05}",0.23623631953408844,0.049066694931136544,0.7146969544376494
64,pick up leg,1970-01-01T00:00:23.400Z,1970-01-01T00:00:24.320Z,complete,case64:frames585-608,Lack_Side_Table/0002_white_floor_05_02_2019_08_19_17_39,0.920,585,608,23,"{""pick up leg"":0.8103388211001521,""rotate table"":0.07278975520444952,""align leg screw with table thread"":0.04968048838655586}",0.04391000468445861,0.02328085310656632,0.9328090646911574
64,align leg screw with table thread,1970-01-01T00:00:24.320Z,1970-01-01T00:00:25.960Z,complete,case64:frames608-649,Lack_Side_Table/0002_white_floor_05_02_2019_08_19_17_39,1.640,608,649,41,"{""align leg screw with table thread"":0.9045437283632232,""pick up leg"":0.037404023468630705,""align side panel holes with front panel dowels"":0.023384930443149286}",0.015839026667313967,0.01882832060316609,0.9653326822750031
64,spin leg,1970-01-01T00:00:25.960Z,1970-01-01T00:00:39.440Z,complete,case64:frames649-986,Lack_Side_Table/0002_white_floor_05_02_2019_08_19_17_39,13.480,649,986,337,"{""spin leg"":0.9486624213980196,""align leg screw with table thread"":0.048855573126841724,""pick up leg"":0.00019283980895966866}",0.0017944275980500246,0.0004947527524299019,0.997710834333821
64,rotate table,1970-01-01T00:00:39.920Z,1970-01-01T00:00:41.160Z,complete,case64:frames998-1029,Lack_Side_Table/0002_white_floor_05_02_2019_08_19_17_39,1.240,998,1029,31,"{""rotate table"":0.7190909272720737,""align leg screw with table thread"":0.07666055001919309,""pick up leg"":0.07065194731037464}",0.061694666022254575,0.07190185353689019,0.8664034246016414
64,pick up leg,1970-01-01T00:00:41.240Z,1970-01-01T00:00:41.600Z,complete,case64:frames1031-1040,Lack_Side_Table/0002_white_floor_05_02_2019_08_19_17_39,0.360,1031,1040,9,"{""pick up leg"":0.40044912695884705,""pick up side panel"":0.13793610036373138,""rotate table"":0.05052206665277481}",0.2779870331287384,0.13310562661035874,0.5889072939753532
64,pick up leg,1970-01-01T00:00:41.600Z,1970-01-01T00:00:42.800Z,complete,case64:frames1040-1070,Lack_Side_Table/0002_white_floor_05_02_2019_08_19_17_39,1.200,1040,1070,30,"{""pick up leg"":0.6392840842405955,""pick up side panel"":0.16672675410906473,""align leg screw with table thread"":0.06389118482669194}",0.0414886012673378,0.08860934601488754,0.8699020231763522
64,align side panel holes with front panel dowels,1970-01-01T00:00:42.800Z,1970-01-01T00:00:44.760Z,complete,case64:frames1070-1119,Lack_Side_Table/0002_white_floor_05_02_2019_08_19_17_39,1.960,1070,1119,49,"{""align side panel holes with front panel dowels"":0.3266572056110112,""align leg screw with table thread"":0.30736541170246745,""pick up side panel"":0.22605575575512282}",0.02093247951445531,0.11898918235492449,0.8600783730686015
64,spin leg,1970-01-01T00:00:44.760Z,1970-01-01T00:01:01.040Z,complete,case64:frames1119-1526,Lack_Side_Table/0002_white_floor_05_02_2019_08_19_17_39,16.280,1119,1526,407,"{""spin leg"":0.9830793348445354,""align leg screw with table thread"":0.010039016732566186,""tighten leg"":0.0027356759358082463}",0.0030676369585041917,0.0010783782201444821,0.9958540275129099
64,rotate table,1970-01-01T00:01:01.480Z,1970-01-01T00:01:02.440Z,complete,case64:frames1537-1561,Lack_Side_Table/0002_white_floor_05_02_2019_08_19_17_39,0.960,1537,1561,24,"{""rotate table"":0.5863935053348541,""pick up side panel"":0.1370810093358159,""align leg screw with table thread"":0.10986370668979362}",0.014887013006955385,0.15177474123050416,0.8333382213604636
64,align leg screw with table thread,1970-01-01T00:01:02.440Z,1970-01-01T00:01:03.720Z,complete,case64:frames1561-1593,Lack_Side_Table/0002_white_floor_05_02_2019_08_19_17_39,1.280,1561,1593,32,"{""align leg screw with table thread"":0.29780930014385376,""pick up leg"":0.2967190209310502,""pick up side panel"":0.23216503566072788}",0.04201321766595356,0.13129344331071302,0.8266933567356318
64,align leg screw with table thread,1970-01-01T00:01:03.720Z,1970-01-01T00:01:05.320Z,complete,case64:frames1593-1633,Lack_Side_Table/0002_white_floor_05_02_2019_08_19_17_39,1.600,1593,1633,40,"{""align leg screw with table thread"":0.9242234659381211,""pick up leg"":0.03628890486979799,""spin leg"":0.03324135610600933}",0.0035816599265672266,0.0026646028127093094,0.9937537269139284
64,spin leg,1970-01-01T00:01:05.320Z,1970-01-01T00:01:19.760Z,complete,case64:frames1633-1994,Lack_Side_Table/0002_white_floor_05_02_2019_08_19_17_39,14.440,1633,1994,361,"{""spin leg"":0.9645422183575723,""align leg screw with table thread"":0.02932019987971705,""tighten leg"":0.0006727233635287614}",0.004160235482435725,0.0013045951054905325,0.994535141600818
64,flip table,1970-01-01T00:01:20.160Z,1970-01-01T00:01:24.080Z,complete,case64:frames2004-2102,Lack_Side_Table/0002_white_floor_05_02_2019_08_19_17_39,3.920,2004,2102,98,"{""flip table"":0.801699156967961,""rotate table"":0.040014570120250455,""pick up leg"":0.03695186824990408}",0.03688077223772297,0.08445363238523841,0.8786655953381155
65,flip table top,1970-01-01T00:00:02.360Z,1970-01-01T00:00:08.680Z,complete,case65:frames59-217,Lack_Side_Table/0029_oak_table_04_02_2019_08_20_11_26,6.320,59,217,158,"{""flip table top"":0.8427994404035278,""pick up leg"":0.05019659461428506,""flip table"":0.0005944953401369644}",0.09349614166053413,0.01291332661602119,0.8935905303579499
65,pick up leg,1970-01-01T00:00:08.680Z,1970-01-01T00:00:10.560Z,complete,case65:frames217-264,Lack_Side_Table/0029_oak_table_04_02_2019_08_20_11_26,1.880,217,264,47,"{""pick up leg"":0.6708643274738434,""align leg screw with table thread"":0.1906904511084344,""flip table top"":0.01719803465629353}",0.10965470541664894,0.01159257525945543,0.8787528132385714
65,align leg screw with table thread,1970-01-01T00:00:10.560Z,1970-01-01T00:00:12.320Z,complete,case65:frames264-308,Lack_Side_Table/0029_oak_table_04_02_2019_08_20_11_26,1.760,264,308,44,"{""align leg screw with table thread"":0.9524771516973322,""pick up leg"":0.015282398830591277,""spin leg"":0.006007883401418274}",0.025615971789441326,0.0006165555388779608,0.9737674339293416
65,spin leg,1970-01-01T00:00:12.320Z,1970-01-01T00:00:26.600Z,complete,case65:frames308-665,Lack_Side_Table/0029_oak_table_04_02_2019_08_20_11_26,14.280,308,665,357,"{""spin leg"":0.9518123007371646,""align leg screw with table thread"":0.034767376681586276,""pick up leg"":0.002266518516317323}",0.01039269897585907,0.0007611307670391786,0.9888461959350682
65,pick up leg,1970-01-01T00:00:26.600Z,1970-01-01T00:00:27.600Z,complete,case65:frames665-690,Lack_Side_Table/0029_oak_table_04_02_2019_08_20_11_26,1.000,665,690,25,"{""pick up leg"":0.6107984842360019,""spin leg"":0.141688734292984,""align leg screw with table thread"":0.1109145349264145}",0.13047577559947968,0.006122490489538564,0.8634017534554004
65,align leg screw with table thread,1970-01-01T00:00:28.200Z,1970-01-01T00:00:29.360Z,complete,case65:frames705-734,Lack_Side_Table/0029_oak_table_04_02_2019_08_20_11_26,1.160,705,734,29,"{""align leg screw with table thread"":0.9762202501296997,""pick up leg"":0.014421754131286308,""spin leg"":0.0026609994117812864}",0.006362586250079089,0.0003343582557825064,0.9933030036727674
65,spin leg,1970-01-01T00:00:29.360Z,1970-01-01T00:00:48.600Z,complete,case65:frames734-1215,Lack_Side_Table/0029_oak_table_04_02_2019_08_20_11_26,19.240,734,1215,481,"{""spin leg"":0.966244659813512,""align leg screw with table thread"":0.02321453805985762,""tighten leg"":0.0010263836429544662}",0.008562446430542365,0.0009519729930070382,0.9904855815163242
65,rotate table,1970-01-01T00:00:49.200Z,1970-01-01T00:00:54.040Z,complete,case65:frames1230-1351,Lack_Side_Table/0029_oak_table_04_02_2019_08_20_11_26,4.840,1230,1351,121,"{""rotate table"":0.720345713198185,""flip table"":0.12193130583248356,""pick up leg"":0.054581039030997716}",0.0823460793322768,0.020795824363044967,0.8968580580616663
65,pick up leg,1970-01-01T00:00:54.040Z,1970-01-01T00:00:55.200Z,complete,case65:frames1351-1380,Lack_Side_Table/0029_oak_table_04_02_2019_08_20_11_26,1.160,1351,1380,29,"{""pick up leg"":0.7419371399386175,""rotate table"":0.10458623170692088,""align leg screw with table thread"":0.030452865713821917}",0.09005987592812242,0.032963833195081255,0.8769762373593604
65,align leg screw with table thread,1970-01-01T00:00:56.520Z,1970-01-01T00:00:57.400Z,complete,case65:frames1413-1435,Lack_Side_Table/0029_oak_table_04_02_2019_08_20_11_26,0.880,1413,1435,22,"{""align leg screw with table thread"":0.9929773509502411,""pick up leg"":0.0028540610219351947,""spin leg"":0.0016638214001432061}",0.002301400061696768,0.0002033732541244504,0.9974952333723195
65,spin leg,1970-01-01T00:00:57.560Z,1970-01-01T00:01:25.480Z,complete,case65:frames1439-2137,Lack_Side_Table/0029_oak_table_04_02_2019_08_20_11_26,27.920,1439,2137,698,"{""spin leg"":0.8224699085678059,""align leg screw with table thread"":0.16775320392945264,""pick up leg"":0.0015718421156092528}",0.007087800379263445,0.0011172567676776008,0.9917949546128677
65,pick up leg,1970-01-01T00:01:25.480Z,1970-01-01T00:01:28.120Z,complete,case65:frames2137-2203,Lack_Side_Table/0029_oak_table_04_02_2019_08_20_11_26,2.640,2137,2203,66,"{""pick up leg"":0.4913255564699119,""align leg screw with table thread"":0.35310497744516894,""flip table"":0.05893731946972283}",0.08026950319551608,0.016362636074741543,0.9033678533848036
65,align leg screw with table thread,1970-01-01T00:01:28.120Z,1970-01-01T00:01:29.160Z,complete,case65:frames2203-2229,Lack_Side_Table/0029_oak_table_04_02_2019_08_20_11_26,1.040,2203,2229,26,"{""align leg screw with table thread"":0.791709684408628,""spin leg"":0.1711462847709369,""pick up leg"":0.027027987024316993}",0.008591926101451883,0.0015241731144589286,0.9898839562038818
65,spin leg,1970-01-01T00:01:29.160Z,1970-01-01T00:01:48.520Z,complete,case65:frames2229-2713,Lack_Side_Table/0029_oak_table_04_02_2019_08_20_11_26,19.360,2229,2713,484,"{""spin leg"":0.7600158941269971,""flip table"":0.11832933201102688,""tighten leg"":0.04568118280746776}",0.02874567310305597,0.047227913277789205,0.9240264089454918
65,flip table,1970-01-01T00:01:48.520Z,1970-01-01T00:01:55.280Z,complete,case65:frames2713-2882,Lack_Side_Table/0029_oak_table_04_02_2019_08_20_11_26,6.760,2713,2882,169,"{""flip table"":0.9719646597755026,""pick up shelf"":0.004394299484875133,""rotate table"":0.0007808641933980012}",0.022033657829040255,0.0008265285811762555,0.9771398234537757
66,align leg screw with table thread,1970-01-01T00:00:03.360Z,1970-01-01T00:00:05.280Z,complete,case66:frames84-132,Lack_Side_Table/0023_oak_table_04_02_2019_08_20_13_58,1.920,84,132,48,"{""align leg screw with table thread"":0.8270977151890596,""spin leg"":0.09305626899003983,""pick up leg"":0.05320265446789563}",0.025774613643685978,0.0008687953945456379,0.9733566386469951
66,spin leg,1970-01-01T00:00:05.280Z,1970-01-01T00:00:26.560Z,complete,case66:frames132-664,Lack_Side_Table/0023_oak_table_04_02_2019_08_20_13_58,21.280,132,664,532,"{""spin leg"":0.940567482528942,""align leg screw with table thread"":0.013005473493437347,""pick up leg"":0.012250751619537087}",0.03288168444025113,0.0012945912983619151,0.9658237076419164
66,pick up leg,1970-01-01T00:00:27.000Z,1970-01-01T00:00:28.040Z,complete,case66:frames675-701,Lack_Side_Table/0023_oak_table_04_02_2019_08_20_13_58,1.040,675,701,26,"{""pick up leg"":0.8654484152793884,""align leg screw with table thread"":0.04245941247791052,""spin leg"":0.025668577873148024}",0.06364585272967815,0.002777755480525723,0.933576405630447
66,align leg screw with table thread,1970-01-01T00:00:28.720Z,1970-01-01T00:00:31.200Z,complete,case66:frames718-780,Lack_Side_Table/0023_oak_table_04_02_2019_08_20_13_58,2.480,718,780,62,"{""align leg screw with table thread"":0.5612242101661621,""spin leg"":0.22389614726266555,""pick up leg"":0.0995764002211452}",0.11195515582878743,0.0033480777686539604,0.8846967576499729
66,spin leg,1970-01-01T00:00:31.200Z,1970-01-01T00:00:48.960Z,complete,case66:frames780-1224,Lack_Side_Table/0023_oak_table_04_02_2019_08_20_13_58,17.760,780,1224,444,"{""spin leg"":0.9880648974899773,""align leg screw with table thread"":0.0048869414127071025,""tighten leg"":0.0009432344588342014}",0.005153607119814501,0.0009513199061154499,0.9938950733615185
66,spin leg,1970-01-01T00:00:48.960Z,1970-01-01T00:00:51.880Z,complete,case66:frames1224-1297,Lack_Side_Table/0023_oak_table_04_02_2019_08_20_13_58,2.920,1224,1297,73,"{""spin leg"":0.5230790976281852,""align leg screw with table thread"":0.10235672821737316,""tighten leg"":0.02247616270403952}",0.2651592993164716,0.08692872835603488,0.6479119885495979
66,rotate table,1970-01-01T00:00:52.040Z,1970-01-01T00:00:53.560Z,complete,case66:frames1301-1339,Lack_Side_Table/0023_oak_table_04_02_2019_08_20_13_58,1.520,1301,1339,38,"{""rotate table"":0.40882465115895394,""pick up leg"":0.16514057626849726,""align leg screw with table thread"":0.032164065951579494}",0.3098835576521723,0.08398710737284139,0.6061292933790307
66,pick up leg,1970-01-01T00:00:53.960Z,1970-01-01T00:00:54.840Z,complete,case66:frames1349-1371,Lack_Side_Table/0023_oak_table_04_02_2019_08_20_13_58,0.880,1349,1371,22,"{""pick up leg"":0.8623541295528412,""align leg screw with table thread"":0.029399676248431206,""other"":0.0072391457797493786}",0.09144614636898041,0.009560860453746045,0.8989929515810218
66,align leg screw with table thread,1970-01-01T00:00:57.920Z,1970-01-01T00:01:01.000Z,complete,case66:frames1448-1525,Lack_Side_Table/0023_oak_table_04_02_2019_08_20_13_58,3.080,1448,1525,77,"{""align leg screw with table thread"":0.46689455540149244,""pick up leg"":0.30067384775195805,""spin leg"":0.08088822208054654}",0.1080262569541281,0.0435170955863482,0.848456625233997
66,spin leg,1970-01-01T00:01:01.000Z,1970-01-01T00:01:19.000Z,complete,case66:frames1525-1975,Lack_Side_Table/0023_oak_table_04_02_2019_08_20_13_58,18.000,1525,1975,450,"{""spin leg"":0.9462615146239599,""align leg screw with table thread"":0.04629216656088829,""pick up leg"":0.0026641907814579707}",0.002998729252980815,0.0017833923649664483,0.9952178719663062
66,spin leg,1970-01-01T00:01:19.000Z,1970-01-01T00:01:20.760Z,complete,case66:frames1975-2019,Lack_Side_Table/0023_oak_table_04_02_2019_08_20_13_58,1.760,1975,2019,44,"{""spin leg"":0.607724976810542,""flip table"":0.15694582377115943,""tighten leg"":0.08430894275873223}",0.05697146041149443,0.09404878533076702,0.8489797433404337
66,rotate table,1970-01-01T00:01:24.680Z,1970-01-01T00:01:26.720Z,complete,case66:frames2117-2168,Lack_Side_Table/0023_oak_table_04_02_2019_08_20_13_58,2.040,2117,2168,51,"{""rotate table"":0.4687063783115032,""flip table"":0.14358427521644854,""pick up leg"":0.12676437746952562}",0.17708472673799477,0.08386023652056955,0.7390550309974774
66,pick up leg,1970-01-01T00:01:27.880Z,1970-01-01T00:01:28.480Z,complete,case66:frames2197-2212,Lack_Side_Table/0023_oak_table_04_02_2019_08_20_13_58,0.600,2197,2212,15,"{""pick up leg"":0.8447363177935282,""align leg screw with table thread"":0.03706117582817872,""spin leg"":0.017497841361910106}",0.08905474493900935,0.011649869009422295,0.899295334983617
66,align leg screw with table thread,1970-01-01T00:01:28.840Z,1970-01-01T00:01:30.880Z,complete,case66:frames2221-2272,Lack_Side_Table/0023_oak_table_04_02_2019_08_20_13_58,2.040,2221,2272,51,"{""align leg screw with table thread"":0.8354865463048804,""pick up leg"":0.10460601805471907,""spin leg"":0.01628627540434108}",0.04169549719960082,0.0019256365417734242,0.9563788397639406
66,spin leg,1970-01-01T00:01:30.880Z,1970-01-01T00:01:48.760Z,complete,case66:frames2272-2719,Lack_Side_Table/0023_oak_table_04_02_2019_08_20_13_58,17.880,2272,2719,447,"{""spin leg"":0.6996506916596585,""align leg screw with table thread"":0.18436208255255648,""pick up leg"":0.03577532541562576}",0.07300792166846544,0.007203977573139569,0.9197880996278408
66,spin leg,1970-01-01T00:01:48.760Z,1970-01-01T00:01:54.520Z,complete,case66:frames2719-2863,Lack_Side_Table/0023_oak_table_04_02_2019_08_20_13_58,5.760,2719,2863,144,"{""spin leg"":0.29992684928907287,""align leg screw with table thread"":0.14896884789535156,""tighten leg"":0.020815801858488057}",0.3410374036369224,0.1892510946773135,0.46971149904291254
66,flip table,1970-01-01T00:01:57.480Z,1970-01-01T00:02:05.240Z,complete,case66:frames2937-3131,Lack_Side_Table/0023_oak_table_04_02_2019_08_20_13_58,7.760,2937,3131,194,"{""flip table"":0.8660798039018494,""spin leg"":0.008201813559166693,""pick up leg"":0.007032861397841696}",0.10914545624814544,0.009540077150804,0.8813144788588577
67,pick up leg,1970-01-01T00:00:01.920Z,1970-01-01T00:00:04.040Z,complete,case67:frames48-101,Lack_Side_Table/0023_white_floor_05_02_2019_08_19_16_05,2.120,48,101,53,"{""pick up leg"":0.4867328779315049,""rotate table"":0.254399587312397,""align leg screw with table thread"":0.10179631693183251}",0.13361192550861611,0.02345928785852026,0.8429287821757344
67,align leg screw with table thread,1970-01-01T00:00:04.040Z,1970-01-01T00:00:06.280Z,complete,case67:frames101-157,Lack_Side_Table/0023_white_floor_05_02_2019_08_19_16_05,2.240,101,157,56,"{""align leg screw with table thread"":0.7339399137667247,""attach drawer side panel"":0.06781809545438071,""align side panel holes with front panel dowels"":0.05115252481274573}",0.07109198586216994,0.0759974534683276,0.8529105340338511
67,spin leg,1970-01-01T00:00:06.280Z,1970-01-01T00:00:28.680Z,complete,case67:frames157-717,Lack_Side_Table/0023_white_floor_05_02_2019_08_19_16_05,22.400,157,717,560,"{""spin leg"":0.7530508704633186,""attach drawer side panel"":0.0654830973166489,""align leg screw with table thread"":0.03436869191937149}",0.10641687827716981,0.04068043292782463,0.8529026596993391
67,pick up leg,1970-01-01T00:00:28.680Z,1970-01-01T00:00:30.320Z,complete,case67:frames717-758,Lack_Side_Table/0023_white_floor_05_02_2019_08_19_16_05,1.640,717,758,41,"{""pick up leg"":0.5684899324324073,""align leg screw with table thread"":0.07058870338085221,""rotate table"":0.05428225619763863}",0.22620813512220617,0.08043099822661653,0.6933608920108981
67,align leg screw with table thread,1970-01-01T00:00:30.320Z,1970-01-01T00:00:32.560Z,complete,case67:frames758-814,Lack_Side_Table/0023_white_floor_05_02_2019_08_19_16_05,2.240,758,814,56,"{""align leg screw with table thread"":0.2959203454000609,""pick up leg"":0.2812524735927582,""spin leg"":0.15167540231985704}",0.11739921064249106,0.15375260765334534,0.7288482213126761
67,spin leg,1970-01-01T00:00:32.560Z,1970-01-01T00:00:55.920Z,complete,case67:frames814-1398,Lack_Side_Table/0023_white_floor_05_02_2019_08_19_16_05,23.360,814,1398,584,"{""spin leg"":0.49964265235100097,""align leg screw with table thread"":0.24990554059511177,""flip table"":0.09716139571607266}",0.045821679730529655,0.10746872172523277,0.8467095886621854
67,flip table,1970-01-01T00:00:57.360Z,1970-01-01T00:00:59.000Z,complete,case67:frames1434-1475,Lack_Side_Table/0023_white_floor_05_02_2019_08_19_16_05,1.640,1434,1475,41,"{""flip table"":0.4220326259823107,""pick up leg"":0.3977009750698216,""align leg screw with table thread"":0.038164250552654266}",0.10457088434841574,0.03753127726186798,0.8578978516047866
67,flip table,1970-01-01T00:00:59.000Z,1970-01-01T00:01:00.120Z,complete,case67:frames1475-1503,Lack_Side_Table/0023_white_floor_05_02_2019_08_19_16_05,1.120,1475,1503,28,"{""flip table"":0.8411259608609336,""align leg screw with table thread"":0.07265295460820198,""spin leg"":0.02596980027322258}",0.025221584231725762,0.03502967697630563,0.9397487157423582
67,spin leg,1970-01-01T00:01:00.120Z,1970-01-01T00:01:26.080Z,complete,case67:frames1503-2152,Lack_Side_Table/0023_white_floor_05_02_2019_08_19_16_05,25.960,1503,2152,649,"{""spin leg"":0.453141075138502,""flip table"":0.24602473278075043,""align leg screw with table thread"":0.19930869688743436}",0.03620631986502874,0.06531916953283742,0.8984745048066868
67,pick up leg,1970-01-01T00:01:27.360Z,1970-01-01T00:01:29.440Z,complete,case67:frames2184-2236,Lack_Side_Table/0023_white_floor_05_02_2019_08_19_16_05,2.080,2184,2236,52,"{""pick up leg"":0.6961693534484277,""align leg screw with table thread"":0.09978397821004574,""flip table"":0.060846408105974734}",0.11085826273147877,0.03234200590481333,0.8567997397644481
67,align leg screw with table thread,1970-01-01T00:01:29.440Z,1970-01-01T00:01:30.920Z,complete,case67:frames2236-2273,Lack_Side_Table/0023_white_floor_05_02_2019_08_19_16_05,1.480,2236,2273,37,"{""align leg screw with table thread"":0.8534412263212977,""pick up leg"":0.0939339835612053,""spin leg"":0.02791345099339614}",0.021820094637774134,0.0028912203711364266,0.9752886608758992
67,spin leg,1970-01-01T00:01:30.920Z,1970-01-01T00:01:56.520Z,complete,case67:frames2273-2913,Lack_Side_Table/0023_white_floor_05_02_2019_08_19_16_05,25.600,2273,2913,640,"{""spin leg"":0.7863497667513002,""tighten leg"":0.052721167053096,""flip table"":0.03999613489722833}",0.07842719636973924,0.04250574800435048,0.8790670687016245
67,flip table,1970-01-01T00:01:56.520Z,1970-01-01T00:02:05.400Z,complete,case67:frames2913-3135,Lack_Side_Table/0023_white_floor_05_02_2019_08_19_16_05,8.880,2913,3135,222,"{""flip table"":0.9292950971169515,""attach shelf to table"":0.0027109860701629105,""pick up shelf"":0.00236199229278157}",0.05414836984631177,0.011483570458830483,0.934368075479896
68,pick up leg,1970-01-01T00:00:03.160Z,1970-01-01T00:00:04.680Z,complete,case68:frames79-117,Lack_Side_Table/0014_white_floor_05_02_2019_08_19_12_33,1.520,79,117,38,"{""pick up leg"":0.5535938371168939,""align leg screw with table thread"":0.07096582365614411,""flip table"":0.011550822286057826}",0.3432001240159336,0.020689426401896062,0.6361104830590959
68,spin leg,1970-01-01T00:00:05.320Z,1970-01-01T00:00:16.040Z,complete,case68:frames133-401,Lack_Side_Table/0014_white_floor_05_02_2019_08_19_12_33,10.720,133,401,268,"{""spin leg"":0.4727222796272375,""align leg screw with table thread"":0.23451143014592243,""tighten leg"":0.06966855551147444}",0.1408474144817733,0.08225030928279278,0.7769022652846344
68,pick up leg,1970-01-01T00:00:16.640Z,1970-01-01T00:00:18.280Z,complete,case68:frames416-457,Lack_Side_Table/0014_white_floor_05_02_2019_08_19_12_33,1.640,416,457,41,"{""pick up leg"":0.4699618467470495,""align leg screw with table thread"":0.18005275344703256,""flip table"":0.007242792081542131}",0.3231368995294338,0.019605697341405104,0.6572573922756242
68,spin leg,1970-01-01T00:00:19.280Z,1970-01-01T00:00:31.960Z,complete,case68:frames482-799,Lack_Side_Table/0014_white_floor_05_02_2019_08_19_12_33,12.680,482,799,317,"{""spin leg"":0.8934101339088818,""align leg screw with table thread"":0.08818696967505318,""pick up leg"":0.005470645666116561}",0.010763924789235983,0.002168328919393356,0.9870677492500516
68,pick up leg,1970-01-01T00:00:33.200Z,1970-01-01T00:00:34.400Z,complete,case68:frames830-860,Lack_Side_Table/0014_white_floor_05_02_2019_08_19_12_33,1.200,830,860,30,"{""pick up leg"":0.275429493188858,""rotate table"":0.07753969219823678,""align leg screw with table thread"":0.05815356075763702}",0.5064317107200622,0.08244554911195127,0.41112274614473177
68,pick up leg,1970-01-01T00:00:35.760Z,1970-01-01T00:00:36.760Z,complete,case68:frames894-919,Lack_Side_Table/0014_white_floor_05_02_2019_08_19_12_33,1.000,894,919,25,"{""pick up leg"":0.48083595752716063,""align leg screw with table thread"":0.07533522844314575,""pick up side panel"":0.03160189455840737}",0.38470333218574526,0.027523621696919843,0.5877730805287137
68,spin leg,1970-01-01T00:00:37.880Z,1970-01-01T00:00:50.560Z,complete,case68:frames947-1264,Lack_Side_Table/0014_white_floor_05_02_2019_08_19_12_33,12.680,947,1264,317,"{""spin leg"":0.744513969733277,""align leg screw with table thread"":0.06332068576562667,""tighten leg"":0.02383486119911298}",0.14431914939818322,0.02401133010877254,0.8316695166980166
68,rotate table,1970-01-01T00:00:51.560Z,1970-01-01T00:00:53.600Z,complete,case68:frames1289-1340,Lack_Side_Table/0014_white_floor_05_02_2019_08_19_12_33,2.040,1289,1340,51,"{""rotate table"":0.42405996469817325,""pick up leg"":0.03885661401585037,""spin leg"":0.03123550390934243}",0.44713394782122445,0.05871391371262738,0.4941520826233661
68,pick up leg,1970-01-01T00:00:53.920Z,1970-01-01T00:00:55.240Z,complete,case68:frames1348-1381,Lack_Side_Table/0014_white_floor_05_02_2019_08_19_12_33,1.320,1348,1381,33,"{""pick up leg"":0.4391890380418662,""align leg screw with table thread"":0.23606952751111804,""pick up side panel"":0.05558821666195537}",0.2514567228993683,0.017696464447464103,0.7308467822149396
68,spin leg,1970-01-01T00:00:55.360Z,1970-01-01T00:01:08.000Z,complete,case68:frames1384-1700,Lack_Side_Table/0014_white_floor_05_02_2019_08_19_12_33,12.640,1384,1700,316,"{""spin leg"":0.8499924828876045,""align leg screw with table thread"":0.08448934332243627,""tighten leg"":0.009203800036353826}",0.03865772424430787,0.01765665879522693,0.9436856262463946
68,flip table,1970-01-01T00:01:08.640Z,1970-01-01T00:01:12.800Z,complete,case68:frames1716-1820,Lack_Side_Table/0014_white_floor_05_02_2019_08_19_12_33,4.160,1716,1820,104,"{""flip table"":0.8498689807378329,""rotate table"":0.02154300677984093,""pick up shelf"":0.014071986876213206}",0.09356034231873658,0.02095573438373458,0.885483974393887
69,pick up leg,1970-01-01T00:00:01.320Z,1970-01-01T00:00:02.240Z,complete,case69:frames33-56,Lack_Side_Table/0041_oak_floor_08_04_2019_08_28_12_17,0.920,33,56,23,"{""pick up leg"":0.4707001201484514,""align leg screw with table thread"":0.10339471471050511,""spin leg"":0.048285101094971535}",0.3624802542769391,0.015139834997801634,0.622379935953928
69,spin leg,1970-01-01T00:00:02.240Z,1970-01-01T00:00:04.160Z,complete,case69:frames56-104,Lack_Side_Table/0041_oak_floor_08_04_2019_08_28_12_17,1.920,56,104,48,"{""spin leg"":0.5194942777355512,""align leg screw with table thread"":0.21969490498304367,""pick up leg"":0.1521270734568437}",0.08386968945463498,0.024814076921155486,0.8913162561754386
69,spin leg,1970-01-01T00:00:04.160Z,1970-01-01T00:00:17.920Z,complete,case69:frames104-448,Lack_Side_Table/0041_oak_floor_08_04_2019_08_28_12_17,13.760,104,448,344,"{""spin leg"":0.9030579876068027,""align leg screw with table thread"":0.04143935199393783,""attach drawer side panel"":0.007878731362261745}",0.03248762733541256,0.015136298050646119,0.9523760709630021
69,pick up leg,1970-01-01T00:00:17.920Z,1970-01-01T00:00:19.320Z,complete,case69:frames448-483,Lack_Side_Table/0041_oak_floor_08_04_2019_08_28_12_17,1.400,448,483,35,"{""pick up leg"":0.5224914753011295,""align leg screw with table thread"":0.07491989987237113,""spin leg"":0.0685040899685451}",0.30739866750580924,0.02668590606763895,0.6659154651420457
69,spin leg,1970-01-01T00:00:19.320Z,1970-01-01T00:00:20.400Z,complete,case69:frames483-510,Lack_Side_Table/0041_oak_floor_08_04_2019_08_28_12_17,1.080,483,510,27,"{""spin leg"":0.3922266772499791,""tighten leg"":0.2697116473206767,""align leg screw with table thread"":0.1859827327231566}",0.09681068305616025,0.0552682837369355,0.8479210572938124
69,spin leg,1970-01-01T00:00:20.400Z,1970-01-01T00:00:39.520Z,complete,case69:frames510-988,Lack_Side_Table/0041_oak_floor_08_04_2019_08_28_12_17,19.120,510,988,478,"{""spin leg"":0.9562389303201412,""tighten leg"":0.02097187021739438,""align leg screw with table thread"":0.01176245652030078}",0.00960504087116803,0.0014217129620166286,0.9889732570578362
69,spin leg,1970-01-01T00:00:39.520Z,1970-01-01T00:00:40.720Z,complete,case69:frames988-1018,Lack_Side_Table/0041_oak_floor_08_04_2019_08_28_12_17,1.200,988,1018,30,"{""spin leg"":0.46487369934717815,""align leg screw with table thread"":0.3702281912167867,""rotate table"":0.02029823560733348}",0.037717137734095255,0.10688273698383832,0.8554001261712983
69,align leg screw with table thread,1970-01-01T00:00:40.720Z,1970-01-01T00:00:42.080Z,complete,case69:frames1018-1052,Lack_Side_Table/0041_oak_floor_08_04_2019_08_28_12_17,1.360,1018,1052,34,"{""align leg screw with table thread"":0.4557321352117202,""pick up leg"":0.1739367469871307,""spin leg"":0.17054319951464147}",0.11949794608003952,0.08028998345628222,0.8002120817134923
69,attach shelf to table,1970-01-01T00:00:42.080Z,1970-01-01T00:00:43.120Z,complete,case69:frames1052-1078,Lack_Side_Table/0041_oak_floor_08_04_2019_08_28_12_17,1.040,1052,1078,26,"{""attach shelf to table"":0.38443436273015463,""align leg screw with table thread"":0.1735218087067971,""spin leg"":0.1436632779928354}",0.10499502947697273,0.19338552183631802,0.7016194494297872
69,spin leg,1970-01-01T00:00:43.120Z,1970-01-01T00:01:04.640Z,complete,case69:frames1078-1616,Lack_Side_Table/0041_oak_floor_08_04_2019_08_28_12_17,21.520,1078,1616,538,"{""spin leg"":0.8016316196067625,""align leg screw with table thread"":0.08057923470952696,""tighten leg"":0.03656804619779374}",0.04238972067832947,0.038831381430486596,0.9187789005140833
69,spin leg,1970-01-01T00:01:04.640Z,1970-01-01T00:01:05.600Z,complete,case69:frames1616-1640,Lack_Side_Table/0041_oak_floor_08_04_2019_08_28_12_17,0.960,1616,1640,24,"{""spin leg"":0.23837741712729135,""tighten leg"":0.18512277801831564,""rotate table"":0.11171719618141651}",0.1671148364742597,0.29766777344634926,0.5352173913270235
69,pick up leg,1970-01-01T00:01:05.600Z,1970-01-01T00:01:06.600Z,complete,case69:frames1640-1665,Lack_Side_Table/0041_oak_floor_08_04_2019_08_28_12_17,1.000,1640,1665,25,"{""pick up leg"":0.45973257660865785,""spin leg"":0.11088428050279617,""align leg screw with table thread"":0.10067519903182984}",0.1344034790992737,0.19430443167773542,0.6712920561432839
69,spin leg,1970-01-01T00:01:06.600Z,1970-01-01T00:01:07.600Z,complete,case69:frames1665-1690,Lack_Side_Table/0041_oak_floor_08_04_2019_08_28_12_17,1.000,1665,1690,25,"{""spin leg"":0.3221553131937981,""align leg screw with table thread"":0.2796783924102783,""pick up leg"":0.2723550947383046}",0.09715501368045806,0.02865614045103087,0.874188800342381
69,spin leg,1970-01-01T00:01:07.600Z,1970-01-01T00:01:26.280Z,complete,case69:frames1690-2157,Lack_Side_Table/0041_oak_floor_08_04_2019_08_28_12_17,18.680,1690,2157,467,"{""spin leg"":0.9452970367427557,""align leg screw with table thread"":0.033481183890612276,""tighten leg"":0.00875784793362117}",0.010220956970684278,0.0022429519715824993,0.9875360685669892
69,align leg screw with table thread,1970-01-01T00:01:26.280Z,1970-01-01T00:01:31.160Z,complete,case69:frames2157-2279,Lack_Side_Table/0041_oak_floor_08_04_2019_08_28_12_17,4.880,2157,2279,122,"{""align leg screw with table thread"":0.396148369739168,""pick up shelf"":0.1924335291358923,""flip table"":0.16798093162615857}",0.050800603906028585,0.19263659032696306,0.7565628305012189
7,flip table top,1970-01-01T00:00:00.000Z,1970-01-01T00:00:01.240Z,complete,case7:frames0-31,Lack_TV_Bench/0031_black_table_04_02_2019_08_20_14_17,1.240,0,31,31,"{""flip table top"":0.21921606361865997,""pick up leg"":0.1366971048616594,""lay down table top"":9.99104728004069e-05}",0.45935493515383813,0.184631954938067,0.3560130789531198
7,flip table top,1970-01-01T00:00:03.320Z,1970-01-01T00:00:06.880Z,complete,case7:frames83-172,Lack_TV_Bench/0031_black_table_04_02_2019_08_20_14_17,3.560,83,172,89,"{""flip table top"":0.5829902478818143,""pick up leg"":0.18932011530975276,""pick up shelf"":0.046756080723252526}",0.1612160996104894,0.01971750036038666,0.8190664439148196
7,pick up leg,1970-01-01T00:00:07.160Z,1970-01-01T00:00:08.000Z,complete,case7:frames179-200,Lack_TV_Bench/0031_black_table_04_02_2019_08_20_14_17,0.840,179,200,21,"{""pick up leg"":0.8997593550455003,""align leg screw with table thread"":0.0367107053143194,""other"":0.005984564223104999}",0.04927564199481692,0.008269688625620622,0.9424546245829247
7,align leg screw with table thread,1970-01-01T00:00:08.040Z,1970-01-01T00:00:10.280Z,complete,case7:frames201-257,Lack_TV_Bench/0031_black_table_04_02_2019_08_20_14_17,2.240,201,257,56,"{""align leg screw with table thread"":0.7183141099022967,""pick up leg"":0.16352752330047743,""spin leg"":0.06887831049139745}",0.04348500751491104,0.00579507263370176,0.9507199436941716
7,spin leg,1970-01-01T00:00:10.320Z,1970-01-01T00:00:27.200Z,complete,case7:frames258-680,Lack_TV_Bench/0031_black_table_04_02_2019_08_20_14_17,16.880,258,680,422,"{""spin leg"":0.949640663067029,""align leg screw with table thread"":0.038706356332906616,""pick up leg"":0.004847861790833156}",0.005633899238031198,0.0011712345572045466,0.9931948811907688
7,align leg screw with table thread,1970-01-01T00:00:27.240Z,1970-01-01T00:00:31.760Z,complete,case7:frames681-794,Lack_TV_Bench/0031_black_table_04_02_2019_08_20_14_17,4.520,681,794,113,"{""align leg screw with table thread"":0.2231663186762449,""spin leg"":0.21320876650578152,""rotate table"":0.004064261814575118}",0.3006146035746432,0.25894602741791356,0.44043934699660153
7,pick up leg,1970-01-01T00:00:32.080Z,1970-01-01T00:00:33.480Z,complete,case7:frames802-837,Lack_TV_Bench/0031_black_table_04_02_2019_08_20_14_17,1.400,802,837,35,"{""pick up leg"":0.5424567024622645,""align leg screw with table thread"":0.19133368134498596,""other"":0.1571853662408622}",0.060294794610568456,0.04872947731598223,0.8909757500481127
7,align leg screw with table thread,1970-01-01T00:00:33.520Z,1970-01-01T00:00:34.880Z,complete,case7:frames838-872,Lack_TV_Bench/0031_black_table_04_02_2019_08_20_14_17,1.360,838,872,34,"{""align leg screw with table thread"":0.8863883193801431,""pick up leg"":0.05306688477011288,""spin leg"":0.039593918577713126}",0.01869223124402411,0.0022586590370683836,0.9790491227279691
7,spin leg,1970-01-01T00:00:34.920Z,1970-01-01T00:00:49.200Z,complete,case7:frames873-1230,Lack_TV_Bench/0031_black_table_04_02_2019_08_20_14_17,14.280,873,1230,357,"{""spin leg"":0.9600630069480223,""align leg screw with table thread"":0.03507496153607088,""tighten leg"":0.0011025277668798045}",0.002582943837839265,0.0011765355459112414,0.996240496250973
7,spin leg,1970-01-01T00:00:49.240Z,1970-01-01T00:00:52.480Z,complete,case7:frames1231-1312,Lack_TV_Bench/0031_black_table_04_02_2019_08_20_14_17,3.240,1231,1312,81,"{""spin leg"":0.16934907546749822,""tighten leg"":0.1595670118422052,""rotate table"":0.0035441449535601015}",0.31349046744498205,0.35404931439378,0.33246023226326354
7,pick up leg,1970-01-01T00:00:52.720Z,1970-01-01T00:00:53.800Z,complete,case7:frames1318-1345,Lack_TV_Bench/0031_black_table_04_02_2019_08_20_14_17,1.080,1318,1345,27,"{""pick up leg"":0.8394200967417823,""align leg screw with table thread"":0.039484775659662706,""other"":0.009008819554259794}",0.09175798793633778,0.020328294380899732,0.8879136919557048
7,align leg screw with table thread,1970-01-01T00:00:53.840Z,1970-01-01T00:00:56.280Z,complete,case7:frames1346-1407,Lack_TV_Bench/0031_black_table_04_02_2019_08_20_14_17,2.440,1346,1407,61,"{""align leg screw with table thread"":0.692859902733662,""spin leg"":0.20855907875983443,""pick up leg"":0.0519206366486481}",0.04056622781103752,0.006094157884788843,0.9533396181421446
7,spin leg,1970-01-01T00:00:56.320Z,1970-01-01T00:01:29.800Z,complete,case7:frames1408-2245,Lack_TV_Bench/0031_black_table_04_02_2019_08_20_14_17,33.480,1408,2245,837,"{""spin leg"":0.9602151558675504,""align leg screw with table thread"":0.024315941446820182,""tighten leg"":0.004538907339015315}",0.00769980247032338,0.0032301879260585482,0.9890700046533858
7,spin leg,1970-01-01T00:01:29.840Z,1970-01-01T00:01:33.400Z,complete,case7:frames2246-2335,Lack_TV_Bench/0031_black_table_04_02_2019_08_20_14_17,3.560,2246,2335,89,"{""spin leg"":0.32581832569636654,""align leg screw with table thread"":0.3002854550068968,""tighten leg"":0.2859667914349251}",0.06658136792313517,0.02134807825375694,0.9120705721381884
7,tighten leg,1970-01-01T00:01:33.400Z,1970-01-01T00:01:34.120Z,complete,case7:frames2335-2353,Lack_TV_Bench/0031_black_table_04_02_2019_08_20_14_17,0.720,2335,2353,18,"{""tighten leg"":0.5036157266133361,""spin leg"":0.3174671017461353,""rotate table"":0.00558538885120975}",0.0705220757259263,0.10280972857084142,0.8266682172106811
7,spin leg,1970-01-01T00:01:34.120Z,1970-01-01T00:01:38.720Z,complete,case7:frames2353-2468,Lack_TV_Bench/0031_black_table_04_02_2019_08_20_14_17,4.600,2353,2468,115,"{""spin leg"":0.4422813972701197,""tighten leg"":0.27668753065492796,""align leg screw with table thread"":0.1686897433322409}",0.06681476572285527,0.04552657374561046,0.8876586712572887
7,rotate table,1970-01-01T00:01:39.600Z,1970-01-01T00:01:40.240Z,complete,case7:frames2490-2506,Lack_TV_Bench/0031_black_table_04_02_2019_08_20_14_17,0.640,2490,2506,16,"{""rotate table"":0.1645091688260436,""flip table"":0.09853669721633196,""tighten leg"":0.09426460042595863}",0.4330826960504055,0.20960683599385277,0.3573104664683342
7,pick up leg,1970-01-01T00:01:41.080Z,1970-01-01T00:01:42.000Z,complete,case7:frames2527-2550,Lack_TV_Bench/0031_black_table_04_02_2019_08_20_14_17,0.920,2527,2550,23,"{""pick up leg"":0.6854758555798427,""align leg screw with table thread"":0.11853318726238997,""other"":0.022884078121379665}",0.13428412831347922,0.038822725442559144,0.8268931209636123
7,align leg screw with table thread,1970-01-01T00:01:42.040Z,1970-01-01T00:01:44.520Z,complete,case7:frames2551-2613,Lack_TV_Bench/0031_black_table_04_02_2019_08_20_14_17,2.480,2551,2613,62,"{""align leg screw with table thread"":0.6153556406497955,""pick up leg"":0.09075494036979732,""spin leg"":0.09058182746652634}",0.0995008882375494,0.10380669460047713,0.7966924084861192
7,spin leg,1970-01-01T00:01:44.560Z,1970-01-01T00:01:56.480Z,complete,case7:frames2614-2912,Lack_TV_Bench/0031_black_table_04_02_2019_08_20_14_17,11.920,2614,2912,298,"{""spin leg"":0.96642919844829,""align leg screw with table thread"":0.028846328146755695,""tighten leg"":0.0005961612738893936}",0.0033026909480658954,0.0008256583605622308,0.9958716878689351
7,align leg screw with table thread,1970-01-01T00:01:56.520Z,1970-01-01T00:01:57.120Z,complete,case7:frames2913-2928,Lack_TV_Bench/0031_black_table_04_02_2019_08_20_14_17,0.600,2913,2928,15,"{""align leg screw with table thread"":0.35417070984840393,""tighten leg"":0.2126564085483551,""spin leg"":0.0803271234035492}",0.249526709318161,0.10331912534184085,0.6471542418003082
7,spin leg,1970-01-01T00:01:57.120Z,1970-01-01T00:01:58.040Z,complete,case7:frames2928-2951,Lack_TV_Bench/0031_black_table_04_02_2019_08_20_14_17,0.920,2928,2951,23,"{""spin leg"":0.2785274055988892,""tighten leg"":0.2351568146892216,""rotate table"":0.040375416045603546}",0.11020170249368834,0.33573866781691836,0.5540596363337144
7,spin leg,1970-01-01T00:01:58.040Z,1970-01-01T00:02:02.200Z,complete,case7:frames2951-3055,Lack_TV_Bench/0031_black_table_04_02_2019_08_20_14_17,4.160,2951,3055,104,"{""spin leg"":0.5541259117711049,""align leg screw with table thread"":0.17276519637268323,""tighten leg"":0.039235150132579014}",0.1124859108374669,0.12138786947941395,0.7661262582763672
7,flip table,1970-01-01T00:02:03.840Z,1970-01-01T00:02:12.960Z,complete,case7:frames3096-3324,Lack_TV_Bench/0031_black_table_04_02_2019_08_20_14_17,9.120,3096,3324,228,"{""flip table"":0.9476902924085918,""pick up shelf"":0.02666172975615043,""spin leg"":0.006096817183054539}",0.011387598906079993,0.008163563032677202,0.9804488393477968
7,pick up shelf,1970-01-01T00:02:13.600Z,1970-01-01T00:02:15.640Z,complete,case7:frames3340-3391,Lack_TV_Bench/0031_black_table_04_02_2019_08_20_14_17,2.040,3340,3391,51,"{""pick up shelf"":0.9763058003257302,""flip table"":0.00787901789789983,""attach shelf to table"":0.007238062975161216}",0.00618397911974028,0.002393150758054836,0.9914228811987912
7,attach shelf to table,1970-01-01T00:02:15.680Z,1970-01-01T00:02:24.120Z,complete,case7:frames3392-3603,Lack_TV_Bench/0031_black_table_04_02_2019_08_20_14_17,8.440,3392,3603,211,"{""attach shelf to table"":0.738219186593006,""pick up shelf"":0.10427405618675167,""flip table"":0.058947044480920294}",0.06491256353414454,0.033647133464041065,0.9014402872606779
70,pick up shelf,1970-01-01T00:00:03.440Z,1970-01-01T00:00:07.240Z,complete,case70:frames86-181,Lack_Side_Table/0040_oak_floor_08_04_2019_08_28_11_52,3.800,86,181,95,"{""pick up shelf"":0.3530863435252717,""pick up leg"":0.17132415457775718,""pick up table top"":7.649109534931516e-05}",0.1573168152257016,0.3181962110617246,0.5244869891983782
70,spin leg,1970-01-01T00:00:07.240Z,1970-01-01T00:00:11.440Z,complete,case70:frames181-286,Lack_Side_Table/0040_oak_floor_08_04_2019_08_28_11_52,4.200,181,286,105,"{""spin leg"":0.1794847624110324,""align leg screw with table thread"":0.16438297365925142,""flip table top"":0.0014635225336643912}",0.32540200977098377,0.3292667497241,0.3453312586039482
70,pick up shelf,1970-01-01T00:00:11.440Z,1970-01-01T00:00:14.280Z,complete,case70:frames286-357,Lack_Side_Table/0040_oak_floor_08_04_2019_08_28_11_52,2.840,286,357,71,"{""pick up shelf"":0.2755221546640698,""attach shelf to table"":0.17752703365174607,""lay down table top"":2.605778715252187e-05}",0.15855989468769288,0.38836487504326256,0.4530752461029684
70,spin leg,1970-01-01T00:00:14.280Z,1970-01-01T00:00:16.560Z,complete,case70:frames357-414,Lack_Side_Table/0040_oak_floor_08_04_2019_08_28_11_52,2.280,357,414,57,"{""spin leg"":0.2610143223091176,""align leg screw with table thread"":0.25492470567686515,""pick up leg"":0.10065678023455436}",0.2671406914790471,0.11626349850306573,0.6165958082205372
70,spin leg,1970-01-01T00:00:16.560Z,1970-01-01T00:00:21.320Z,complete,case70:frames414-533,Lack_Side_Table/0040_oak_floor_08_04_2019_08_28_11_52,4.760,414,533,119,"{""spin leg"":0.5226390562137636,""align leg screw with table thread"":0.23180510119355024,""attach drawer side panel"":0.0263804212455176}",0.16953552852408224,0.049639899548531666,0.7808245786528315
70,spin leg,1970-01-01T00:00:21.320Z,1970-01-01T00:00:33.160Z,complete,case70:frames533-829,Lack_Side_Table/0040_oak_floor_08_04_2019_08_28_11_52,11.840,533,829,296,"{""spin leg"":0.9204455044724651,""align leg screw with table thread"":0.014556318169107308,""pick up leg"":0.01437866999814916}",0.04392420085197365,0.00669529301342509,0.9493804926397216
70,pick up leg,1970-01-01T00:00:37.920Z,1970-01-01T00:00:41.920Z,complete,case70:frames948-1048,Lack_Side_Table/0040_oak_floor_08_04_2019_08_28_11_52,4.000,948,1048,100,"{""pick up leg"":0.31426045358181,""spin leg"":0.08825618993490934,""align leg screw with table thread"":0.06209069542586804}",0.46387927055358885,0.07151345588064943,0.4646073389425874
70,spin leg,1970-01-01T00:00:44.760Z,1970-01-01T00:00:46.840Z,complete,case70:frames1119-1171,Lack_Side_Table/0040_oak_floor_08_04_2019_08_28_11_52,2.080,1119,1171,52,"{""spin leg"":0.825564142030019,""align leg screw with table thread"":0.13263454474508762,""pick up leg"":0.005591080703127842}",0.026513757470708627,0.009696473600803493,0.9637897674782345
70,spin leg,1970-01-01T00:00:46.840Z,1970-01-01T00:01:18.280Z,complete,case70:frames1171-1957,Lack_Side_Table/0040_oak_floor_08_04_2019_08_28_11_52,31.440,1171,1957,786,"{""spin leg"":0.8820676231903732,""align leg screw with table thread"":0.040186686095314776,""pick up leg"":0.010897649130541073}",0.05139131806127291,0.015456709898538009,0.933151958416229
70,spin leg,1970-01-01T00:01:19.600Z,1970-01-01T00:01:22.840Z,complete,case70:frames1990-2071,Lack_Side_Table/0040_oak_floor_08_04_2019_08_28_11_52,3.240,1990,2071,81,"{""spin leg"":0.4632443011174967,""pick up leg"":0.23402428668406275,""align leg screw with table thread"":0.09225305271001509}",0.17914468086796043,0.031333671086230905,0.7895216405115745
70,spin leg,1970-01-01T00:01:22.840Z,1970-01-01T00:01:27.440Z,complete,case70:frames2071-2186,Lack_Side_Table/0040_oak_floor_08_04_2019_08_28_11_52,4.600,2071,2186,115,"{""spin leg"":0.2227049512707669,""tighten leg"":0.12797577348740205,""align leg screw with table thread"":0.11490860503652821}",0.3446883147177489,0.1897223278405922,0.46558932979469714
70,tighten leg,1970-01-01T00:01:27.440Z,1970-01-01T00:01:47.800Z,complete,case70:frames2186-2695,Lack_Side_Table/0040_oak_floor_08_04_2019_08_28_11_52,20.360,2186,2695,509,"{""tighten leg"":0.3406637643732877,""spin leg"":0.21664420197661124,""pick up shelf"":0.045812852256190334}",0.2689078811460956,0.12797129317993466,0.6031208186060893
70,pick up leg,1970-01-01T00:01:48.960Z,1970-01-01T00:01:50.480Z,complete,case70:frames2724-2762,Lack_Side_Table/0040_oak_floor_08_04_2019_08_28_11_52,1.520,2724,2762,38,"{""pick up leg"":0.35124918034202174,""spin leg"":0.12527958176245815,""align leg screw with table thread"":0.06348493077645176}",0.3920012210544787,0.06798511452362427,0.5400136928809317
70,spin leg,1970-01-01T00:01:50.480Z,1970-01-01T00:01:57.120Z,complete,case70:frames2762-2928,Lack_Side_Table/0040_oak_floor_08_04_2019_08_28_11_52,6.640,2762,2928,166,"{""spin leg"":0.30433912427130955,""align leg screw with table thread"":0.17346506646598678,""pick up leg"":0.1727319027645042}",0.22413136980619774,0.12533255785241423,0.6505360935018005
70,spin leg,1970-01-01T00:01:57.120Z,1970-01-01T00:02:15.800Z,complete,case70:frames2928-3395,Lack_Side_Table/0040_oak_floor_08_04_2019_08_28_11_52,18.680,2928,3395,467,"{""spin leg"":0.9178009594329962,""align leg screw with table thread"":0.030879131316883406,""pick up leg"":0.011634591274109032}",0.026687950581886527,0.01299735499713252,0.9603146820239886
70,flip table,1970-01-01T00:02:16.960Z,1970-01-01T00:02:28.960Z,complete,case70:frames3424-3724,Lack_Side_Table/0040_oak_floor_08_04_2019_08_28_11_52,12.000,3424,3724,300,"{""flip table"":0.2670668125711381,""align leg screw with table thread"":0.16743619357546172,""pick up shelf"":0.10590044628518323}",0.20450848271449407,0.2550880677891778,0.5404034524317831
71,pick up leg,1970-01-01T00:00:01.840Z,1970-01-01T00:00:03.000Z,complete,case71:frames46-75,Lack_Side_Table/0027_white_table_04_02_2019_08_20_10_38,1.160,46,75,29,"{""pick up leg"":0.5131604445391688,""align leg screw with table thread"":0.044636354749572685,""spin leg"":0.033394504755992316}",0.3887855045754334,0.020023250779945163,0.5911913040447339
71,align leg screw with table thread,1970-01-01T00:00:03.320Z,1970-01-01T00:00:04.440Z,complete,case71:frames83-111,Lack_Side_Table/0027_white_table_04_02_2019_08_20_10_38,1.120,83,111,28,"{""align leg screw with table thread"":0.6479483268090657,""spin leg"":0.3058359037552561,""pick up leg"":0.005923845830173897}",0.03811097351301994,0.00218091021127255,0.9597080763944957
71,spin leg,1970-01-01T00:00:04.440Z,1970-01-01T00:00:21.840Z,complete,case71:frames111-546,Lack_Side_Table/0027_white_table_04_02_2019_08_20_10_38,17.400,111,546,435,"{""spin leg"":0.9916388056058993,""align leg screw with table thread"":0.003971435557836774,""slide bottom of drawer"":0.00010206204791673414}",0.003986211988175737,0.0003014977418260665,0.9957123032116528
71,spin leg,1970-01-01T00:00:22.320Z,1970-01-01T00:00:24.800Z,complete,case71:frames558-620,Lack_Side_Table/0027_white_table_04_02_2019_08_20_10_38,2.480,558,620,62,"{""spin leg"":0.36820987732179705,""align leg screw with table thread"":0.2631402020492861,""tighten leg"":0.07121582414894816}",0.20491592850415938,0.09251814456661377,0.7025659035200312
71,pick up leg,1970-01-01T00:00:26.320Z,1970-01-01T00:00:27.280Z,complete,case71:frames658-682,Lack_Side_Table/0027_white_table_04_02_2019_08_20_10_38,0.960,658,682,24,"{""pick up leg"":0.6071572651465734,""push table top"":0.011005904525518417,""align leg screw with table thread"":0.009728976292535663}",0.3618749814728896,0.01023282730524026,0.6278921459646275
71,align leg screw with table thread,1970-01-01T00:00:28.560Z,1970-01-01T00:00:29.960Z,complete,case71:frames714-749,Lack_Side_Table/0027_white_table_04_02_2019_08_20_10_38,1.400,714,749,35,"{""align leg screw with table thread"":0.6637114873954228,""spin leg"":0.21698907102857318,""pick up leg"":0.02802265721506306}",0.08972562551498413,0.001551194185476642,0.908723215639059
71,spin leg,1970-01-01T00:00:29.960Z,1970-01-01T00:00:46.400Z,complete,case71:frames749-1160,Lack_Side_Table/0027_white_table_04_02_2019_08_20_10_38,16.440,749,1160,411,"{""spin leg"":0.9902364211360903,""align leg screw with table thread"":0.0060761022481188144,""pick up leg"":0.00012112624754612572}",0.003453135717016647,0.00011322572793863338,0.9964336496317553
71,spin leg,1970-01-01T00:00:46.400Z,1970-01-01T00:00:47.560Z,complete,case71:frames1160-1189,Lack_Side_Table/0027_white_table_04_02_2019_08_20_10_38,1.160,1160,1189,29,"{""spin leg"":0.5672091889227259,""tighten leg"":0.03723383184265474,""rotate table"":0.019323473985423334}",0.3457662725243075,0.030467270193961397,0.6237664947508039
71,rotate table,1970-01-01T00:00:48.000Z,1970-01-01T00:00:52.080Z,complete,case71:frames1200-1302,Lack_Side_Table/0027_white_table_04_02_2019_08_20_10_38,4.080,1200,1302,102,"{""rotate table"":0.8851130564204034,""pick up leg"":0.05346031328115393,""spin leg"":0.011016860316671869}",0.033429248514128665,0.016980553208779878,0.9495902300182292
71,pick up leg,1970-01-01T00:00:52.360Z,1970-01-01T00:00:54.000Z,complete,case71:frames1309-1350,Lack_Side_Table/0027_white_table_04_02_2019_08_20_10_38,1.640,1309,1350,41,"{""pick up leg"":0.5378333144798512,""align leg screw with table thread"":0.3488662213813968,""spin leg"":0.03896664285737022}",0.062349959935356934,0.011983812922398496,0.9256661787186181
71,spin leg,1970-01-01T00:00:54.320Z,1970-01-01T00:00:55.960Z,complete,case71:frames1358-1399,Lack_Side_Table/0027_white_table_04_02_2019_08_20_10_38,1.640,1358,1399,41,"{""spin leg"":0.7040789952819667,""align leg screw with table thread"":0.2822842910976672,""pick up leg"":0.004817714277234655}",0.008433413098384513,0.0003855954376907016,0.9911810006568685
71,spin leg,1970-01-01T00:00:55.960Z,1970-01-01T00:01:13.440Z,complete,case71:frames1399-1836,Lack_Side_Table/0027_white_table_04_02_2019_08_20_10_38,17.480,1399,1836,437,"{""spin leg"":0.9968345331654669,""align leg screw with table thread"":0.0012842741708571702,""tighten leg"":9.744584664488765e-05}",0.001723289014760925,6.046865863790402e-05,0.9982162531829689
71,pick up leg,1970-01-01T00:01:14.080Z,1970-01-01T00:01:15.240Z,complete,case71:frames1852-1881,Lack_Side_Table/0027_white_table_04_02_2019_08_20_10_38,1.160,1852,1881,29,"{""pick up leg"":0.8857378055309427,""align leg screw with table thread"":0.06655561050464368,""spin leg"":0.002457727469375421}",0.04183843449271958,0.003410375338695815,0.9547511435049618
71,align leg screw with table thread,1970-01-01T00:01:15.960Z,1970-01-01T00:01:18.200Z,complete,case71:frames1899-1955,Lack_Side_Table/0027_white_table_04_02_2019_08_20_10_38,2.240,1899,1955,56,"{""align leg screw with table thread"":0.7985532368932452,""spin leg"":0.13938408693398482,""pick up leg"":0.03461237364431976}",0.02622656387809132,0.0012237464233197618,0.9725496974715498
71,spin leg,1970-01-01T00:01:18.200Z,1970-01-01T00:01:35.800Z,complete,case71:frames1955-2395,Lack_Side_Table/0027_white_table_04_02_2019_08_20_10_38,17.600,1955,2395,440,"{""spin leg"":0.9896490461447022,""align leg screw with table thread"":0.008031360402872617,""pick up leg"":0.00014920231068655003}",0.002042171292387965,0.00012822979540531778,0.9978296088582614
71,spin leg,1970-01-01T00:01:35.800Z,1970-01-01T00:01:36.800Z,complete,case71:frames2395-2420,Lack_Side_Table/0027_white_table_04_02_2019_08_20_10_38,1.000,2395,2420,25,"{""spin leg"":0.7202308511734009,""align leg screw with table thread"":0.1710806966200471,""tighten leg"":0.0005839993845438584}",0.0937738504447043,0.014330549794750826,0.8918955471779919
71,flip table,1970-01-01T00:01:41.240Z,1970-01-01T00:01:47.280Z,complete,case71:frames2531-2682,Lack_Side_Table/0027_white_table_04_02_2019_08_20_10_38,6.040,2531,2682,151,"{""flip table"":0.9781736001273654,""align leg screw with table thread"":0.011216314177515311,""spin leg"":0.0023328908902225977}",0.006445757688535069,0.0018314220838659275,0.9917228051951034
72,flip table top,1970-01-01T00:00:02.400Z,1970-01-01T00:00:06.440Z,complete,case72:frames60-161,Lack_Side_Table/0025_black_floor_05_02_2019_08_19_17_12,4.040,60,161,101,"{""flip table top"":0.8656711599024216,""flip table"":0.0064345061027509445,""pick up shelf"":0.005725448958040906}",0.1036412497558216,0.0185276110531675,0.8778311149632135
72,pick up leg,1970-01-01T00:00:07.160Z,1970-01-01T00:00:08.120Z,complete,case72:frames179-203,Lack_Side_Table/0025_black_floor_05_02_2019_08_19_17_12,0.960,179,203,24,"{""pick up leg"":0.6928470656275749,""align leg screw with table thread"":0.017849539280481014,""spin leg"":0.014804543100278048}",0.24523685841510692,0.029261944571885284,0.725501148008334
72,align leg screw with table thread,1970-01-01T00:00:08.680Z,1970-01-01T00:00:09.800Z,complete,case72:frames217-245,Lack_Side_Table/0025_black_floor_05_02_2019_08_19_17_12,1.120,217,245,28,"{""align leg screw with table thread"":0.7442935002701623,""pick up leg"":0.2047181436792016,""spin leg"":0.011750977752464158}",0.03679179559860911,0.0024455781056142364,0.960762621701828
72,spin leg,1970-01-01T00:00:09.800Z,1970-01-01T00:00:29.440Z,complete,case72:frames245-736,Lack_Side_Table/0025_black_floor_05_02_2019_08_19_17_12,19.640,245,736,491,"{""spin leg"":0.9155486621296455,""align leg screw with table thread"":0.04931645370761877,""pick up leg"":0.009884523588319}",0.022674459000468983,0.0025758953429266445,0.9747496394255832
72,align leg screw with table thread,1970-01-01T00:00:31.680Z,1970-01-01T00:00:33.920Z,complete,case72:frames792-848,Lack_Side_Table/0025_black_floor_05_02_2019_08_19_17_12,2.240,792,848,56,"{""align leg screw with table thread"":0.44444021369729725,""spin leg"":0.35957207028487964,""pick up leg"":0.06483870565092989}",0.11815680137702397,0.012992198652394144,0.8688509896331067
72,spin leg,1970-01-01T00:00:33.920Z,1970-01-01T00:00:50.040Z,complete,case72:frames848-1251,Lack_Side_Table/0025_black_floor_05_02_2019_08_19_17_12,16.120,848,1251,403,"{""spin leg"":0.9546462116594294,""align leg screw with table thread"":0.024253666959009677,""pick up leg"":0.0028459042147213304}",0.013561291130208791,0.004692955741894208,0.9817457828331604
72,pick up leg,1970-01-01T00:00:50.320Z,1970-01-01T00:00:51.160Z,complete,case72:frames1258-1279,Lack_Side_Table/0025_black_floor_05_02_2019_08_19_17_12,0.840,1258,1279,21,"{""pick up leg"":0.7616455554962158,""other"":0.026617524288927337,""flip table"":0.012363314915481689}",0.1664758955261537,0.032897626602580284,0.8006263947006249
72,align leg screw with table thread,1970-01-01T00:00:52.120Z,1970-01-01T00:00:54.240Z,complete,case72:frames1303-1356,Lack_Side_Table/0025_black_floor_05_02_2019_08_19_17_12,2.120,1303,1356,53,"{""align leg screw with table thread"":0.859956535528291,""pick up leg"":0.07700511194624991,""spin leg"":0.024141044830376247}",0.034362821681600694,0.0045344595317159874,0.9611026923049172
72,spin leg,1970-01-01T00:00:54.240Z,1970-01-01T00:01:15.680Z,complete,case72:frames1356-1892,Lack_Side_Table/0025_black_floor_05_02_2019_08_19_17_12,21.440,1356,1892,536,"{""spin leg"":0.90254638655417,""align leg screw with table thread"":0.07788158299526506,""pick up leg"":0.005492280547745151}",0.012235701518522492,0.0018440721979872923,0.9859202500971802
72,pick up leg,1970-01-01T00:01:17.080Z,1970-01-01T00:01:18.480Z,complete,case72:frames1927-1962,Lack_Side_Table/0025_black_floor_05_02_2019_08_19_17_12,1.400,1927,1962,35,"{""pick up leg"":0.44909100702830723,""pick up shelf"":0.014789184874721936,""pick up back panel"":0.011751734199268477}",0.49677365379674093,0.02759439427960778,0.47563192610229765
72,align leg screw with table thread,1970-01-01T00:01:20.280Z,1970-01-01T00:01:22.120Z,complete,case72:frames2007-2053,Lack_Side_Table/0025_black_floor_05_02_2019_08_19_17_12,1.840,2007,2053,46,"{""align leg screw with table thread"":0.9607222132060839,""spin leg"":0.012236170703545213,""pick up leg"":0.010090675447946009}",0.010900232819435389,0.006050675893608034,0.9830490593575751
72,spin leg,1970-01-01T00:01:22.120Z,1970-01-01T00:01:38.800Z,complete,case72:frames2053-2470,Lack_Side_Table/0025_black_floor_05_02_2019_08_19_17_12,16.680,2053,2470,417,"{""spin leg"":0.8910890065794654,""align leg screw with table thread"":0.07979292237552718,""flip table"":0.01091779613229072}",0.014219652405745692,0.0039806245993826315,0.9817997250872833
72,flip table,1970-01-01T00:01:38.800Z,1970-01-01T00:01:43.560Z,complete,case72:frames2470-2589,Lack_Side_Table/0025_black_floor_05_02_2019_08_19_17_12,4.760,2470,2589,119,"{""flip table"":0.5568367934026638,""tighten leg"":0.15917537504603632,""spin leg"":0.031820036318278365}",0.20953644051396547,0.0426313515549985,0.7478322047669784
72,flip table,1970-01-01T00:01:43.560Z,1970-01-01T00:01:49.720Z,complete,case72:frames2589-2743,Lack_Side_Table/0025_black_floor_05_02_2019_08_19_17_12,6.160,2589,2743,154,"{""flip table"":0.7417058267376639,""pick up shelf"":0.009879670146695496,""other"":0.0060900487308088065}",0.2346443868447821,0.007680043296153038,0.7576755456151681
73,flip table top,1970-01-01T00:00:01.400Z,1970-01-01T00:00:06.720Z,complete,case73:frames35-168,Lack_Side_Table/0025_white_table_04_02_2019_08_20_13_45,5.320,35,168,133,"{""flip table top"":0.5729137904437861,""flip table"":0.22080900130423198,""pick up shelf"":0.0253271212767091}",0.1532630479817552,0.027687055467902306,0.8190499130247272
73,align leg screw with table thread,1970-01-01T00:00:07.280Z,1970-01-01T00:00:08.240Z,complete,case73:frames182-206,Lack_Side_Table/0025_white_table_04_02_2019_08_20_13_45,0.960,182,206,24,"{""align leg screw with table thread"":0.3624291996238753,""pick up leg"":0.3475143189231555,""rotate table"":0.08717102309068044}",0.13637312004963556,0.06651234722629339,0.7971145416377113
73,align leg screw with table thread,1970-01-01T00:00:08.720Z,1970-01-01T00:00:10.120Z,complete,case73:frames218-253,Lack_Side_Table/0025_white_table_04_02_2019_08_20_13_45,1.400,218,253,35,"{""align leg screw with table thread"":0.962582242488861,""spin leg"":0.019954880885779857,""pick up leg"":0.007310954268489565}",0.006161545363387891,0.003990349564590926,0.9898480776431305
73,spin leg,1970-01-01T00:00:10.120Z,1970-01-01T00:00:25.720Z,complete,case73:frames253-643,Lack_Side_Table/0025_white_table_04_02_2019_08_20_13_45,15.600,253,643,390,"{""spin leg"":0.7854858135422453,""align leg screw with table thread"":0.20861346407387502,""pick up leg"":0.0013734355692017395}",0.0036456441948524653,0.0008816776135940247,0.9954727131853222
73,pick up leg,1970-01-01T00:00:26.840Z,1970-01-01T00:00:28.000Z,complete,case73:frames671-700,Lack_Side_Table/0025_white_table_04_02_2019_08_20_13_45,1.160,671,700,29,"{""pick up leg"":0.5884957241600958,""align leg screw with table thread"":0.2132237512489845,""rotate table"":0.025775907336380976}",0.14526914985015474,0.0272354531832152,0.8274953827454613
73,align leg screw with table thread,1970-01-01T00:00:28.360Z,1970-01-01T00:00:29.640Z,complete,case73:frames709-741,Lack_Side_Table/0025_white_table_04_02_2019_08_20_13_45,1.280,709,741,32,"{""align leg screw with table thread"":0.956609470769763,""pick up leg"":0.02260439988458529,""spin leg"":0.012695239027380012}",0.0061351323674898595,0.0019557977476480706,0.9919091096817283
73,spin leg,1970-01-01T00:00:29.640Z,1970-01-01T00:00:49.240Z,complete,case73:frames741-1231,Lack_Side_Table/0025_white_table_04_02_2019_08_20_13_45,19.600,741,1231,490,"{""spin leg"":0.9657533732385432,""align leg screw with table thread"":0.029934338731121043,""pick up leg"":0.001532284060032202}",0.0021846048994826114,0.0005954354250091732,0.9972199960296965
73,pick up leg,1970-01-01T00:00:49.240Z,1970-01-01T00:00:51.400Z,complete,case73:frames1231-1285,Lack_Side_Table/0025_white_table_04_02_2019_08_20_13_45,2.160,1231,1285,54,"{""pick up leg"":0.5181162432094829,""spin leg"":0.2911197653523198,""align leg screw with table thread"":0.1195285905290533}",0.06320557832993844,0.008029787699740018,0.928764599090856
73,align leg screw with table thread,1970-01-01T00:00:52.440Z,1970-01-01T00:00:53.440Z,complete,case73:frames1311-1336,Lack_Side_Table/0025_white_table_04_02_2019_08_20_13_45,1.000,1311,1336,25,"{""align leg screw with table thread"":0.8700267863273621,""pick up leg"":0.057350296974182126,""spin leg"":0.045491906479001046}",0.023554627299308777,0.003576379717031274,0.9728689897805453
73,spin leg,1970-01-01T00:00:53.440Z,1970-01-01T00:01:11.680Z,complete,case73:frames1336-1792,Lack_Side_Table/0025_white_table_04_02_2019_08_20_13_45,18.240,1336,1792,456,"{""spin leg"":0.9221271316341141,""align leg screw with table thread"":0.055150645074287526,""other"":0.004077057386064297}",0.010792328199992577,0.007852875290415985,0.981354834094466
73,pick up leg,1970-01-01T00:01:12.040Z,1970-01-01T00:01:13.320Z,complete,case73:frames1801-1833,Lack_Side_Table/0025_white_table_04_02_2019_08_20_13_45,1.280,1801,1833,32,"{""pick up leg"":0.6298714354634285,""align leg screw with table thread"":0.09188281185925007,""flip table"":0.030918165346520254}",0.1952829489018768,0.05204465496485966,0.7526724126691988
73,align leg screw with table thread,1970-01-01T00:01:13.320Z,1970-01-01T00:01:14.840Z,complete,case73:frames1833-1871,Lack_Side_Table/0025_white_table_04_02_2019_08_20_13_45,1.520,1833,1871,38,"{""align leg screw with table thread"":0.8460856895697745,""pick up leg"":0.13079583738918268,""spin leg"":0.0023612085864634104}",0.017911828551931602,0.002845369980166852,0.9792427355454205
73,spin leg,1970-01-01T00:01:14.840Z,1970-01-01T00:01:31.160Z,complete,case73:frames1871-2279,Lack_Side_Table/0025_white_table_04_02_2019_08_20_13_45,16.320,1871,2279,408,"{""spin leg"":0.916926247943147,""align leg screw with table thread"":0.0784057596397093,""pick up leg"":0.0005483177167964944}",0.0034780116893314557,0.000641660606125086,0.9958803252996529
73,flip table,1970-01-01T00:01:31.160Z,1970-01-01T00:01:38.120Z,complete,case73:frames2279-2453,Lack_Side_Table/0025_white_table_04_02_2019_08_20_13_45,6.960,2279,2453,174,"{""flip table"":0.8363464600674209,""align leg screw with table thread"":0.028489725729323463,""spin leg"":0.023753942490301775}",0.0749647259771096,0.036445154345626916,0.8885901282870462
74,align leg screw with table thread,1970-01-01T00:00:04.760Z,1970-01-01T00:00:06.680Z,complete,case74:frames119-167,Lack_Side_Table/0014_black_floor_08_04_2019_08_28_11_00,1.920,119,167,48,"{""align leg screw with table thread"":0.3277117117928962,""pick up leg"":0.1804932647695144,""spin leg"":0.10903586229930322}",0.24849812593311071,0.13426103225520927,0.6172408388617138
74,align leg screw with table thread,1970-01-01T00:00:06.680Z,1970-01-01T00:00:07.920Z,complete,case74:frames167-198,Lack_Side_Table/0014_black_floor_08_04_2019_08_28_11_00,1.240,167,198,31,"{""align leg screw with table thread"":0.6118883106016344,""pick up leg"":0.14768042673747386,""spin leg"":0.13939562632191566}",0.07639227975760737,0.024643343825425015,0.8989643636610238
74,spin leg,1970-01-01T00:00:07.920Z,1970-01-01T00:00:19.280Z,complete,case74:frames198-482,Lack_Side_Table/0014_black_floor_08_04_2019_08_28_11_00,11.360,198,482,284,"{""spin leg"":0.476130356671105,""align leg screw with table thread"":0.24409569128298422,""tighten leg"":0.09008160663742415}",0.1394677100519479,0.05022462253828252,0.8103076545915133
74,pick up leg,1970-01-01T00:00:19.280Z,1970-01-01T00:00:22.080Z,complete,case74:frames482-552,Lack_Side_Table/0014_black_floor_08_04_2019_08_28_11_00,2.800,482,552,70,"{""pick up leg"":0.24107313651059356,""align leg screw with table thread"":0.23174323695046561,""spin leg"":0.15158610471657344}",0.2154633181435721,0.1601342378918162,0.6244024781776326
74,align leg screw with table thread,1970-01-01T00:00:22.080Z,1970-01-01T00:00:23.280Z,complete,case74:frames552-582,Lack_Side_Table/0014_black_floor_08_04_2019_08_28_11_00,1.200,552,582,30,"{""align leg screw with table thread"":0.500021614631017,""spin leg"":0.21170372068881987,""pick up leg"":0.1522662413616975}",0.10854600220918656,0.027462402956837193,0.8639915766815345
74,spin leg,1970-01-01T00:00:23.280Z,1970-01-01T00:00:32.920Z,complete,case74:frames582-823,Lack_Side_Table/0014_black_floor_08_04_2019_08_28_11_00,9.640,582,823,241,"{""spin leg"":0.8638007257489247,""align leg screw with table thread"":0.06548157828972052,""pick up leg"":0.00872944745223552}",0.0509473540476249,0.011040912203248932,0.9380117514908808
74,align leg screw with table thread,1970-01-01T00:00:32.920Z,1970-01-01T00:00:36.400Z,complete,case74:frames823-910,Lack_Side_Table/0014_black_floor_08_04_2019_08_28_11_00,3.480,823,910,87,"{""align leg screw with table thread"":0.2283925698406395,""pick up leg"":0.22253207194394078,""rotate table"":0.10125797325959322}",0.20619442065556845,0.24162299375468693,0.5521826150441734
74,align leg screw with table thread,1970-01-01T00:00:36.400Z,1970-01-01T00:00:37.600Z,complete,case74:frames910-940,Lack_Side_Table/0014_black_floor_08_04_2019_08_28_11_00,1.200,910,940,30,"{""align leg screw with table thread"":0.6452657183011373,""pick up leg"":0.1401316612958908,""spin leg"":0.08380100776751837}",0.07454087684551874,0.05626076564392975,0.8691983873645466
74,align leg screw with table thread,1970-01-01T00:00:37.600Z,1970-01-01T00:00:38.400Z,complete,case74:frames940-960,Lack_Side_Table/0014_black_floor_08_04_2019_08_28_11_00,0.800,940,960,20,"{""align leg screw with table thread"":0.8334686517715454,""pick up leg"":0.05088168233633041,""spin leg"":0.04677337035536766}",0.04832339808344841,0.020552943461589736,0.9311237044632434
74,spin leg,1970-01-01T00:00:38.400Z,1970-01-01T00:00:48.120Z,complete,case74:frames960-1203,Lack_Side_Table/0014_black_floor_08_04_2019_08_28_11_00,9.720,960,1203,243,"{""spin leg"":0.7002089241895165,""align leg screw with table thread"":0.1453590805147901,""tighten leg"":0.08013524666980461}",0.05787533625899029,0.016421385353730177,0.9257032513741112
74,align leg screw with table thread,1970-01-01T00:00:50.840Z,1970-01-01T00:00:51.440Z,complete,case74:frames1271-1286,Lack_Side_Table/0014_black_floor_08_04_2019_08_28_11_00,0.600,1271,1286,15,"{""align leg screw with table thread"":0.181626857817173,""flip table"":0.16658281683921813,""rotate table"":0.11695606987923383}",0.21015160381793976,0.32468271385607184,0.465165744535625
74,align leg screw with table thread,1970-01-01T00:00:51.440Z,1970-01-01T00:00:52.640Z,complete,case74:frames1286-1316,Lack_Side_Table/0014_black_floor_08_04_2019_08_28_11_00,1.200,1286,1316,30,"{""align leg screw with table thread"":0.37389161984125774,""pick up leg"":0.1902052566409111,""rotate table"":0.113929627990971}",0.09180374592542648,0.2301697501153882,0.6780265044731397
74,align leg screw with table thread,1970-01-01T00:00:52.640Z,1970-01-01T00:00:53.520Z,complete,case74:frames1316-1338,Lack_Side_Table/0014_black_floor_08_04_2019_08_28_11_00,0.880,1316,1338,22,"{""align leg screw with table thread"":0.6553846109997142,""spin leg"":0.12438031793995337,""pick up leg"":0.07691690833731131}",0.07106949930841272,0.07224873851627292,0.856681837276979
74,spin leg,1970-01-01T00:00:53.520Z,1970-01-01T00:01:01.680Z,complete,case74:frames1338-1542,Lack_Side_Table/0014_black_floor_08_04_2019_08_28_11_00,8.160,1338,1542,204,"{""spin leg"":0.6437830214991289,""align leg screw with table thread"":0.17875923084862091,""tighten leg"":0.11304513774081773}",0.04268773762034435,0.021724850291273676,0.9355873900885675
74,flip table,1970-01-01T00:01:01.680Z,1970-01-01T00:01:05.760Z,complete,case74:frames1542-1644,Lack_Side_Table/0014_black_floor_08_04_2019_08_28_11_00,4.080,1542,1644,102,"{""flip table"":0.5062631228025637,""flip table top"":0.0988800503500719,""align leg screw with table thread"":0.06332514687057804}",0.13899741840420984,0.19253427413740812,0.6684683200232135
75,align leg screw with table thread,1970-01-01T00:00:02.160Z,1970-01-01T00:00:03.480Z,complete,case75:frames54-87,Lack_Side_Table/0007_white_floor_08_04_2019_08_28_10_45,1.320,54,87,33,"{""align leg screw with table thread"":0.4155535657297481,""pick up leg"":0.3535235214301131,""spin leg"":0.042077193996219925}",0.13377152896965994,0.05507418110666453,0.8111542811560811
75,spin leg,1970-01-01T00:00:04.400Z,1970-01-01T00:00:16.080Z,complete,case75:frames110-402,Lack_Side_Table/0007_white_floor_08_04_2019_08_28_10_45,11.680,110,402,292,"{""spin leg"":0.8183729587097283,""align leg screw with table thread"":0.15788746103389215,""pick up leg"":0.0026081800903353125}",0.017495045081189233,0.003636363438469961,0.9788685998339558
75,align leg screw with table thread,1970-01-01T00:00:16.480Z,1970-01-01T00:00:19.480Z,complete,case75:frames412-487,Lack_Side_Table/0007_white_floor_08_04_2019_08_28_10_45,3.000,412,487,75,"{""align leg screw with table thread"":0.35400363365809123,""spin leg"":0.3298908960322539,""tighten leg"":0.051038220425446826}",0.14913165469964346,0.11593560485152164,0.734932750115792
75,align leg screw with table thread,1970-01-01T00:00:19.480Z,1970-01-01T00:00:19.960Z,complete,case75:frames487-499,Lack_Side_Table/0007_white_floor_08_04_2019_08_28_10_45,0.480,487,499,12,"{""align leg screw with table thread"":0.21339073404669762,""pick up leg"":0.20182994659990072,""tighten leg"":0.18538019992411137}",0.15211605466902256,0.24728306848089687,0.6006008805707097
75,spin leg,1970-01-01T00:00:19.960Z,1970-01-01T00:00:28.120Z,complete,case75:frames499-703,Lack_Side_Table/0007_white_floor_08_04_2019_08_28_10_45,8.160,499,703,204,"{""spin leg"":0.778343551116539,""tighten leg"":0.1258550266662211,""align leg screw with table thread"":0.04880748393342776}",0.03630263750970948,0.010691334014104052,0.9530060617161877
75,tighten leg,1970-01-01T00:00:31.080Z,1970-01-01T00:00:34.720Z,complete,case75:frames777-868,Lack_Side_Table/0007_white_floor_08_04_2019_08_28_10_45,3.640,777,868,91,"{""tighten leg"":0.24818251126415128,""align leg screw with table thread"":0.15381113480735611,""rotate table"":0.11558864729294738}",0.1523838178715208,0.3300338803330486,0.5175822933644547
75,tighten leg,1970-01-01T00:00:34.720Z,1970-01-01T00:00:35.240Z,complete,case75:frames868-881,Lack_Side_Table/0007_white_floor_08_04_2019_08_28_10_45,0.520,868,881,13,"{""tighten leg"":0.29738185038933385,""align leg screw with table thread"":0.27981337446432847,""pick up leg"":0.037020858377218246}",0.20408362580033448,0.1817003225497641,0.6142160832308805
75,spin leg,1970-01-01T00:00:35.240Z,1970-01-01T00:00:44.680Z,complete,case75:frames881-1117,Lack_Side_Table/0007_white_floor_08_04_2019_08_28_10_45,9.440,881,1117,236,"{""spin leg"":0.8537495523312334,""tighten leg"":0.0784081519883268,""align leg screw with table thread"":0.03438932042750451}",0.025461179133252066,0.007991771200074592,0.9665470247470648
75,pick up leg,1970-01-01T00:00:47.680Z,1970-01-01T00:00:49.160Z,complete,case75:frames1192-1229,Lack_Side_Table/0007_white_floor_08_04_2019_08_28_10_45,1.480,1192,1229,37,"{""pick up leg"":0.3923712916470863,""align leg screw with table thread"":0.2752794099820627,""pick up shelf"":0.02692940828431322}",0.21737344583144058,0.08804648312112655,0.6945801099134622
75,spin leg,1970-01-01T00:00:49.160Z,1970-01-01T00:00:55.560Z,complete,case75:frames1229-1389,Lack_Side_Table/0007_white_floor_08_04_2019_08_28_10_45,6.400,1229,1389,160,"{""spin leg"":0.7209883869014447,""align leg screw with table thread"":0.23229818930849433,""tighten leg"":0.017156595423148246}",0.018521148018771784,0.011035657691182442,0.9704431716330874
75,flip table,1970-01-01T00:00:59.840Z,1970-01-01T00:01:03.320Z,complete,case75:frames1496-1583,Lack_Side_Table/0007_white_floor_08_04_2019_08_28_10_45,3.480,1496,1583,87,"{""flip table"":0.6557398693657469,""align leg screw with table thread"":0.12147496277787562,""tighten leg"":0.07499949710347273}",0.07793507373881066,0.06985060469474579,0.8522143292470953
76,rotate table,1970-01-01T00:00:02.800Z,1970-01-01T00:00:03.640Z,complete,case76:frames70-91,Lack_Side_Table/0008_black_floor_08_04_2019_08_28_11_24,0.840,70,91,21,"{""rotate table"":0.20301463756532895,""flip table"":0.14034041407562436,""pick up table top"":0.0007099259719758439}",0.3304781686692011,0.32545686451711475,0.34406497761292915
76,pick up leg,1970-01-01T00:00:03.640Z,1970-01-01T00:00:05.280Z,complete,case76:frames91-132,Lack_Side_Table/0008_black_floor_08_04_2019_08_28_11_24,1.640,91,132,41,"{""pick up leg"":0.18798062359777892,""flip table"":0.14522478057116997,""flip table top"":0.0082200791235309}",0.3198364129880579,0.3387381176122799,0.3414254832924798
76,align leg screw with table thread,1970-01-01T00:00:06.760Z,1970-01-01T00:00:07.640Z,complete,case76:frames169-191,Lack_Side_Table/0008_black_floor_08_04_2019_08_28_11_24,0.880,169,191,22,"{""align leg screw with table thread"":0.3386928913268176,""spin leg"":0.1104716191237623,""pick up leg"":0.07347380928695202}",0.33675184642726724,0.14060983301164814,0.5226383197375319
76,tighten leg,1970-01-01T00:00:07.640Z,1970-01-01T00:00:08.920Z,complete,case76:frames191-223,Lack_Side_Table/0008_black_floor_08_04_2019_08_28_11_24,1.280,191,223,32,"{""tighten leg"":0.2985662301070988,""spin leg"":0.1854533227160573,""align leg screw with table thread"":0.18428367166779935}",0.22674191929399967,0.10495485973038399,0.6683032244909555
76,spin leg,1970-01-01T00:00:08.920Z,1970-01-01T00:00:15.720Z,complete,case76:frames223-393,Lack_Side_Table/0008_black_floor_08_04_2019_08_28_11_24,6.800,223,393,170,"{""spin leg"":0.2334331610623528,""tighten leg"":0.21785570330479564,""attach shelf to table"":0.13954550873707322}",0.30499188549378337,0.10417372452030334,0.5908343731042216
76,tighten leg,1970-01-01T00:00:15.720Z,1970-01-01T00:00:16.880Z,complete,case76:frames393-422,Lack_Side_Table/0008_black_floor_08_04_2019_08_28_11_24,1.160,393,422,29,"{""tighten leg"":0.25712877100911635,""spin leg"":0.24730911439862743,""align leg screw with table thread"":0.14938469128362064}",0.27606410713031376,0.07011329185962527,0.6538225766913645
76,align leg screw with table thread,1970-01-01T00:00:19.240Z,1970-01-01T00:00:20.320Z,complete,case76:frames481-508,Lack_Side_Table/0008_black_floor_08_04_2019_08_28_11_24,1.080,481,508,27,"{""align leg screw with table thread"":0.23461872173680198,""spin leg"":0.20284075207180446,""pick up leg"":0.0934979807999399}",0.2500157323148515,0.21902678634175274,0.5309574546085464
76,align leg screw with table thread,1970-01-01T00:00:20.320Z,1970-01-01T00:00:20.720Z,complete,case76:frames508-518,Lack_Side_Table/0008_black_floor_08_04_2019_08_28_11_24,0.400,508,518,10,"{""align leg screw with table thread"":0.31472710967063905,""tighten leg"":0.3122971415519714,""spin leg"":0.2068144053220749}",0.13628546595573426,0.029875894293479633,0.8338386565446854
76,tighten leg,1970-01-01T00:00:20.720Z,1970-01-01T00:00:32.600Z,complete,case76:frames518-815,Lack_Side_Table/0008_black_floor_08_04_2019_08_28_11_24,11.880,518,815,297,"{""tighten leg"":0.4059330903319799,""spin leg"":0.30892226486294355,""align leg screw with table thread"":0.11480510831882657}",0.1387117342515425,0.031627801401473477,0.8296604635137501
76,pick up leg,1970-01-01T00:00:33.320Z,1970-01-01T00:00:34.640Z,complete,case76:frames833-866,Lack_Side_Table/0008_black_floor_08_04_2019_08_28_11_24,1.320,833,866,33,"{""pick up leg"":0.5186107781800356,""align leg screw with table thread"":0.09552078852147768,""tighten leg"":0.030620503436886902}",0.283672408849904,0.0715754795846737,0.6447520701384003
76,align leg screw with table thread,1970-01-01T00:00:34.640Z,1970-01-01T00:00:35.840Z,complete,case76:frames866-896,Lack_Side_Table/0008_black_floor_08_04_2019_08_28_11_24,1.200,866,896,30,"{""align leg screw with table thread"":0.382444304227829,""spin leg"":0.2131015107035637,""pick up leg"":0.09537031849225362}",0.23906853199005126,0.07001531329176489,0.6909161334236463
76,spin leg,1970-01-01T00:00:35.840Z,1970-01-01T00:00:47.800Z,complete,case76:frames896-1195,Lack_Side_Table/0008_black_floor_08_04_2019_08_28_11_24,11.960,896,1195,299,"{""spin leg"":0.8218239444155359,""align leg screw with table thread"":0.12172944081268183,""tighten leg"":0.00953330231961299}",0.039905286976525615,0.007008045530705074,0.9530866875478307
76,align leg screw with table thread,1970-01-01T00:00:48.080Z,1970-01-01T00:00:49.640Z,complete,case76:frames1202-1241,Lack_Side_Table/0008_black_floor_08_04_2019_08_28_11_24,1.560,1202,1241,39,"{""align leg screw with table thread"":0.30391600804451185,""spin leg"":0.11984550417997898,""rotate table"":0.03612232108851178}",0.28369527902358616,0.25642089456351647,0.4598838333130026
76,pick up leg,1970-01-01T00:00:50.040Z,1970-01-01T00:00:51.360Z,complete,case76:frames1251-1284,Lack_Side_Table/0008_black_floor_08_04_2019_08_28_11_24,1.320,1251,1284,33,"{""pick up leg"":0.2237915313153556,""tighten leg"":0.21051270040598782,""align leg screw with table thread"":0.18918661908669906}",0.23906500095670874,0.13744412501865333,0.6234908508080425
76,tighten leg,1970-01-01T00:00:51.360Z,1970-01-01T00:00:52.560Z,complete,case76:frames1284-1314,Lack_Side_Table/0008_black_floor_08_04_2019_08_28_11_24,1.200,1284,1314,30,"{""tighten leg"":0.2785324697693189,""spin leg"":0.27422011295954385,""align leg screw with table thread"":0.21971466640631357}",0.15235013167063396,0.07518259952238392,0.7724672491351763
76,spin leg,1970-01-01T00:00:52.560Z,1970-01-01T00:01:02.600Z,complete,case76:frames1314-1565,Lack_Side_Table/0008_black_floor_08_04_2019_08_28_11_24,10.040,1314,1565,251,"{""spin leg"":0.6730805521467292,""align leg screw with table thread"":0.2596268294104542,""pick up leg"":0.006410234821106927}",0.05312822310929279,0.007754154940184443,0.9391176163782903
76,spin leg,1970-01-01T00:01:02.600Z,1970-01-01T00:01:04.400Z,complete,case76:frames1565-1610,Lack_Side_Table/0008_black_floor_08_04_2019_08_28_11_24,1.800,1565,1610,45,"{""spin leg"":0.3441402528021071,""align leg screw with table thread"":0.1991658137904273,""tighten leg"":0.11185748293581936}",0.22013803273439408,0.12469838365330285,0.6551635495283538
76,flip table,1970-01-01T00:01:05.080Z,1970-01-01T00:01:10.040Z,complete,case76:frames1627-1751,Lack_Side_Table/0008_black_floor_08_04_2019_08_28_11_24,4.960,1627,1751,124,"{""flip table"":0.32281808840531495,""pick up shelf"":0.10857112496136499,""attach shelf to table"":0.06400704438865726}",0.2512751626631906,0.2533285609285302,0.49539625775533724
77,align leg screw with table thread,1970-01-01T00:00:02.320Z,1970-01-01T00:00:05.240Z,complete,case77:frames58-131,Lack_Side_Table/0039_white_floor_08_04_2019_08_28_10_40,2.920,58,131,73,"{""align leg screw with table thread"":0.2698230600520356,""pick up shelf"":0.22447717710308832,""pick up table top"":0.0003207418677908981}",0.22662652641126554,0.27875247968035266,0.49462097902291485
77,align leg screw with table thread,1970-01-01T00:00:05.240Z,1970-01-01T00:00:05.920Z,complete,case77:frames131-148,Lack_Side_Table/0039_white_floor_08_04_2019_08_28_10_40,0.680,131,148,17,"{""align leg screw with table thread"":0.5840782803647658,""spin leg"":0.09435748615685631,""pick up leg"":0.06963444413507686}",0.20803623339709112,0.04389358316598858,0.748070210656699
77,align leg screw with table thread,1970-01-01T00:00:05.920Z,1970-01-01T00:00:07.120Z,complete,case77:frames148-178,Lack_Side_Table/0039_white_floor_08_04_2019_08_28_10_40,1.200,148,178,30,"{""align leg screw with table thread"":0.3923012485106786,""spin leg"":0.3277141392230988,""pick up leg"":0.05802343760927518}",0.13391074687242507,0.0880504587309285,0.7780388253430526
77,spin leg,1970-01-01T00:00:07.120Z,1970-01-01T00:00:18.480Z,complete,case77:frames178-462,Lack_Side_Table/0039_white_floor_08_04_2019_08_28_10_40,11.360,178,462,284,"{""spin leg"":0.8282251106181615,""align leg screw with table thread"":0.05485394421282788,""tighten leg"":0.028669479027600357}",0.06707597927938044,0.02117550111129988,0.9117485338585897
77,align leg screw with table thread,1970-01-01T00:00:18.480Z,1970-01-01T00:00:20.680Z,complete,case77:frames462-517,Lack_Side_Table/0039_white_floor_08_04_2019_08_28_10_40,2.200,462,517,55,"{""align leg screw with table thread"":0.23946850015358492,""pick up leg"":0.11554840514436364,""rotate table"":0.08315342777429825}",0.28775861371647227,0.2740710553196255,0.4381703330722468
77,align leg screw with table thread,1970-01-01T00:00:20.680Z,1970-01-01T00:00:21.520Z,complete,case77:frames517-538,Lack_Side_Table/0039_white_floor_08_04_2019_08_28_10_40,0.840,517,538,21,"{""align leg screw with table thread"":0.48562116849990117,""spin leg"":0.23755106046086266,""pick up leg"":0.13760195672512054}",0.10236080629484993,0.03686509773896502,0.8607741856858844
77,align leg screw with table thread,1970-01-01T00:00:21.520Z,1970-01-01T00:00:22.080Z,complete,case77:frames538-552,Lack_Side_Table/0039_white_floor_08_04_2019_08_28_10_40,0.560,538,552,14,"{""align leg screw with table thread"":0.5941908231803349,""spin leg"":0.19534149127347128,""pick up leg"":0.0512185948235648}",0.10510010804448809,0.05414905563806574,0.8407509092773711
77,spin leg,1970-01-01T00:00:22.080Z,1970-01-01T00:00:33.600Z,complete,case77:frames552-840,Lack_Side_Table/0039_white_floor_08_04_2019_08_28_10_40,11.520,552,840,288,"{""spin leg"":0.6536015236957206,""align leg screw with table thread"":0.10271122389369541,""attach drawer side panel"":0.04915852326020184}",0.08508235588669777,0.10944637866595977,0.8054712708496179
77,align leg screw with table thread,1970-01-01T00:00:33.600Z,1970-01-01T00:00:35.080Z,complete,case77:frames840-877,Lack_Side_Table/0039_white_floor_08_04_2019_08_28_10_40,1.480,840,877,37,"{""align leg screw with table thread"":0.31213780271040426,""pick up leg"":0.197634168774695,""rotate table"":0.0666618002830325}",0.2294863700061231,0.1940798543765062,0.5764337717681317
77,spin leg,1970-01-01T00:00:35.080Z,1970-01-01T00:00:37.040Z,complete,case77:frames877-926,Lack_Side_Table/0039_white_floor_08_04_2019_08_28_10_40,1.960,877,926,49,"{""spin leg"":0.18188118052725888,""align leg screw with table thread"":0.15027489954111528,""pick up leg"":0.08684052785440367}",0.3276104625998711,0.25339295470549916,0.4189966079227778
77,spin leg,1970-01-01T00:00:37.040Z,1970-01-01T00:00:38.040Z,complete,case77:frames926-951,Lack_Side_Table/0039_white_floor_08_04_2019_08_28_10_40,1.000,926,951,25,"{""spin leg"":0.3473970890045166,""align leg screw with table thread"":0.19287644118070602,""tighten leg"":0.14286597162485123}",0.18573039829730986,0.13113010595759983,0.6831395018100739
77,spin leg,1970-01-01T00:00:38.040Z,1970-01-01T00:00:49.240Z,complete,case77:frames951-1231,Lack_Side_Table/0039_white_floor_08_04_2019_08_28_10_40,11.200,951,1231,280,"{""spin leg"":0.644282542275531,""align leg screw with table thread"":0.06895854411912816,""attach drawer side panel"":0.06108808286621102}",0.1059685304760933,0.1197023128061541,0.7743291692608701
77,spin leg,1970-01-01T00:00:49.240Z,1970-01-01T00:00:50.160Z,complete,case77:frames1231-1254,Lack_Side_Table/0039_white_floor_08_04_2019_08_28_10_40,0.920,1231,1254,23,"{""spin leg"":0.41354953335679095,""align leg screw with table thread"":0.25997543464536255,""rotate table"":0.023862605671519817}",0.1262210691752641,0.17639134929237596,0.6973875736736733
77,spin leg,1970-01-01T00:00:50.360Z,1970-01-01T00:00:51.880Z,complete,case77:frames1259-1297,Lack_Side_Table/0039_white_floor_08_04_2019_08_28_10_40,1.520,1259,1297,38,"{""spin leg"":0.25381748064568166,""align leg screw with table thread"":0.21940453821106962,""pick up leg"":0.0521932275671708}",0.20616693284950757,0.26841784088207993,0.5254152464239221
77,spin leg,1970-01-01T00:00:51.880Z,1970-01-01T00:00:52.840Z,complete,case77:frames1297-1321,Lack_Side_Table/0039_white_floor_08_04_2019_08_28_10_40,0.960,1297,1321,24,"{""spin leg"":0.23136186599731445,""tighten leg"":0.21057491563260555,""align leg screw with table thread"":0.09034912334755063}",0.22935581766068935,0.23835825008893607,0.5322859049774706
77,spin leg,1970-01-01T00:00:52.840Z,1970-01-01T00:01:04.840Z,complete,case77:frames1321-1621,Lack_Side_Table/0039_white_floor_08_04_2019_08_28_10_40,12.000,1321,1621,300,"{""spin leg"":0.674455722682178,""tighten leg"":0.11562883901099363,""align leg screw with table thread"":0.035698184445500374}",0.10461098596453666,0.06960627188713259,0.825782746138672
77,pick up shelf,1970-01-01T00:01:04.840Z,1970-01-01T00:01:09.560Z,complete,case77:frames1621-1739,Lack_Side_Table/0039_white_floor_08_04_2019_08_28_10_40,4.720,1621,1739,118,"{""pick up shelf"":0.5636544284110857,""align leg screw with table thread"":0.05967984006984822,""flip table"":0.037707111644321833}",0.16579210177316503,0.17316652760526943,0.6610413801252558
78,align leg screw with table thread,1970-01-01T00:00:03.120Z,1970-01-01T00:00:05.400Z,complete,case78:frames78-135,Lack_Side_Table/0004_white_floor_08_04_2019_08_28_10_53,2.280,78,135,57,"{""align leg screw with table thread"":0.3854538223199677,""pick up leg"":0.2908397763967514,""flip table top"":0.006961098185887462}",0.12716577607288695,0.1895795530664333,0.6832546969026065
78,align leg screw with table thread,1970-01-01T00:00:07.600Z,1970-01-01T00:00:09.400Z,complete,case78:frames190-235,Lack_Side_Table/0004_white_floor_08_04_2019_08_28_10_53,1.800,190,235,45,"{""align leg screw with table thread"":0.545704276031918,""pick up leg"":0.11383850508266025,""spin leg"":0.10683487620618608}",0.13700466255346935,0.09661765822536823,0.7663776573207642
78,spin leg,1970-01-01T00:00:09.400Z,1970-01-01T00:00:20.240Z,complete,case78:frames235-506,Lack_Side_Table/0004_white_floor_08_04_2019_08_28_10_53,10.840,235,506,271,"{""spin leg"":0.9154282776961907,""align leg screw with table thread"":0.02348312749304015,""pick up leg"":0.009624691980777521}",0.04111094415407779,0.010352964667742538,0.9485360971700084
78,align leg screw with table thread,1970-01-01T00:00:20.240Z,1970-01-01T00:00:23.000Z,complete,case78:frames506-575,Lack_Side_Table/0004_white_floor_08_04_2019_08_28_10_53,2.760,506,575,69,"{""align leg screw with table thread"":0.3851303614783978,""pick up leg"":0.2259159014708754,""spin leg"":0.08051203266865965}",0.21029303320076154,0.09814866795630164,0.6915582956179329
78,align leg screw with table thread,1970-01-01T00:00:23.000Z,1970-01-01T00:00:23.680Z,complete,case78:frames575-592,Lack_Side_Table/0004_white_floor_08_04_2019_08_28_10_53,0.680,575,592,17,"{""align leg screw with table thread"":0.632700502872467,""pick up leg"":0.14268821565543904,""spin leg"":0.07211306997958351}",0.11949370450833265,0.033004473486959576,0.8475017885074896
78,spin leg,1970-01-01T00:00:23.680Z,1970-01-01T00:00:35.960Z,complete,case78:frames592-899,Lack_Side_Table/0004_white_floor_08_04_2019_08_28_10_53,12.280,592,899,307,"{""spin leg"":0.8921981920527616,""align leg screw with table thread"":0.03916158706726391,""pick up leg"":0.018753098818421948}",0.029883490650875172,0.02000363922074773,0.9501128779384475
78,align leg screw with table thread,1970-01-01T00:00:35.960Z,1970-01-01T00:00:37.640Z,complete,case78:frames899-941,Lack_Side_Table/0004_white_floor_08_04_2019_08_28_10_53,1.680,899,941,42,"{""align leg screw with table thread"":0.4570234428559031,""pick up leg"":0.34265692048661767,""spin leg"":0.026323835365474224}",0.13662938902243263,0.037366451720180785,0.8260041987079949
78,align leg screw with table thread,1970-01-01T00:00:37.640Z,1970-01-01T00:00:38.120Z,complete,case78:frames941-953,Lack_Side_Table/0004_white_floor_08_04_2019_08_28_10_53,0.480,941,953,12,"{""align leg screw with table thread"":0.7288511544466019,""spin leg"":0.21809902507811785,""pick up leg"":0.007719721703324467}",0.037716183345764875,0.007613857396473023,0.9546699012280442
78,spin leg,1970-01-01T00:00:38.120Z,1970-01-01T00:00:51.720Z,complete,case78:frames953-1293,Lack_Side_Table/0004_white_floor_08_04_2019_08_28_10_53,13.600,953,1293,340,"{""spin leg"":0.8885829927399754,""align leg screw with table thread"":0.0606043966158348,""pick up leg"":0.020798296191702214}",0.02433422206736663,0.00568006038754837,0.9699856855475125
78,pick up leg,1970-01-01T00:00:51.720Z,1970-01-01T00:00:52.960Z,complete,case78:frames1293-1324,Lack_Side_Table/0004_white_floor_08_04_2019_08_28_10_53,1.240,1293,1324,31,"{""pick up leg"":0.6533578845762438,""align leg screw with table thread"":0.21446459572161397,""spin leg"":0.013462531951165969}",0.0908188771816992,0.027896082211833755,0.8812850122490238
78,align leg screw with table thread,1970-01-01T00:00:52.960Z,1970-01-01T00:00:55.040Z,complete,case78:frames1324-1376,Lack_Side_Table/0004_white_floor_08_04_2019_08_28_10_53,2.080,1324,1376,52,"{""align leg screw with table thread"":0.6424102599804218,""spin leg"":0.26721011782781434,""pick up leg"":0.04850618913769722}",0.033317141234874725,0.008556288763060136,0.9581265669459333
78,spin leg,1970-01-01T00:00:55.040Z,1970-01-01T00:01:08.080Z,complete,case78:frames1376-1702,Lack_Side_Table/0004_white_floor_08_04_2019_08_28_10_53,13.040,1376,1702,326,"{""spin leg"":0.8506517741212084,""tighten leg"":0.10233385685511345,""align leg screw with table thread"":0.03360257357176096}",0.008092923232702755,0.005318842416706692,0.9865882045480828
78,flip table,1970-01-01T00:01:08.080Z,1970-01-01T00:01:14.640Z,complete,case78:frames1702-1866,Lack_Side_Table/0004_white_floor_08_04_2019_08_28_10_53,6.560,1702,1866,164,"{""flip table"":0.17726426843054047,""pick up shelf"":0.167956490620471,""tighten leg"":0.09843155817787458}",0.43519778281631993,0.12114990861324067,0.44365231722888604
79,pick up leg,1970-01-01T00:00:03.000Z,1970-01-01T00:00:04.840Z,complete,case79:frames75-121,Lack_Side_Table/0018_white_table_02_01_2019_08_16_10_07_Allstar_Richard_Hartley,1.840,75,121,46,"{""pick up leg"":0.7563467706027238,""align leg screw with table thread"":0.0862729248955198,""spin leg"":0.0022735286898830013}",0.15092280085967935,0.004184040787201275,0.8448932241881266
79,align leg screw with table thread,1970-01-01T00:00:04.840Z,1970-01-01T00:00:07.400Z,complete,case79:frames121-185,Lack_Side_Table/0018_white_table_02_01_2019_08_16_10_07_Allstar_Richard_Hartley,2.560,121,185,64,"{""align leg screw with table thread"":0.7630267445929348,""spin leg"":0.10772633315355051,""pick up leg"":0.06366794502537232}",0.0630050569307059,0.002573894958390631,0.9344210227718577
79,spin leg,1970-01-01T00:00:07.400Z,1970-01-01T00:00:18.400Z,complete,case79:frames185-460,Lack_Side_Table/0018_white_table_02_01_2019_08_16_10_07_Allstar_Richard_Hartley,11.000,185,460,275,"{""spin leg"":0.8646257816661488,""align leg screw with table thread"":0.0711980032378977,""tighten leg"":0.03830164847048846}",0.020853133391250264,0.0050214439291770534,0.9741254333745349
79,pick up leg,1970-01-01T00:00:18.920Z,1970-01-01T00:00:20.040Z,complete,case79:frames473-501,Lack_Side_Table/0018_white_table_02_01_2019_08_16_10_07_Allstar_Richard_Hartley,1.120,473,501,28,"{""pick up leg"":0.6410505140998534,""align leg screw with table thread"":0.19962795743984835,""push table top"":0.005258317213641054}",0.1472387084670897,0.006824581317284317,0.8459367887533428
79,align leg screw with table thread,1970-01-01T00:00:20.040Z,1970-01-01T00:00:23.280Z,complete,case79:frames501-582,Lack_Side_Table/0018_white_table_02_01_2019_08_16_10_07_Allstar_Richard_Hartley,3.240,501,582,81,"{""align leg screw with table thread"":0.9069912808912771,""spin leg"":0.05924151959702557,""pick up leg"":0.01778743784000844}",0.01206145896633834,0.003918298612575846,0.9840202383283112
79,spin leg,1970-01-01T00:00:23.280Z,1970-01-01T00:00:31.920Z,complete,case79:frames582-798,Lack_Side_Table/0018_white_table_02_01_2019_08_16_10_07_Allstar_Richard_Hartley,8.640,582,798,216,"{""spin leg"":0.8460632010052601,""align leg screw with table thread"":0.07351594354474435,""tighten leg"":0.03984712731094246}",0.028067002805915696,0.012506720618576621,0.9594262718609469
79,pick up leg,1970-01-01T00:00:32.520Z,1970-01-01T00:00:33.840Z,complete,case79:frames813-846,Lack_Side_Table/0018_white_table_02_01_2019_08_16_10_07_Allstar_Richard_Hartley,1.320,813,846,33,"{""pick up leg"":0.8905701456647931,""align leg screw with table thread"":0.04039362949234518,""lay down leg"":0.009035726416517387}",0.055448335454319465,0.004552120485707673,0.9399995015736556
79,align leg screw with table thread,1970-01-01T00:00:33.840Z,1970-01-01T00:00:35.520Z,complete,case79:frames846-888,Lack_Side_Table/0018_white_table_02_01_2019_08_16_10_07_Allstar_Richard_Hartley,1.680,846,888,42,"{""align leg screw with table thread"":0.7176111975596065,""spin leg"":0.1809726556197607,""pick up leg"":0.07213272160429153}",0.018717392126009577,0.010566061509748731,0.9707165747836587
79,spin leg,1970-01-01T00:00:35.520Z,1970-01-01T00:00:43.880Z,complete,case79:frames888-1097,Lack_Side_Table/0018_white_table_02_01_2019_08_16_10_07_Allstar_Richard_Hartley,8.360,888,1097,209,"{""spin leg"":0.8552528040118195,""tighten leg"":0.08322695296917236,""align leg screw with table thread"":0.021694584156979214}",0.03472139796857058,0.00510427627298274,0.9601743411379711
79,pick up leg,1970-01-01T00:00:44.760Z,1970-01-01T00:00:45.800Z,complete,case79:frames1119-1145,Lack_Side_Table/0018_white_table_02_01_2019_08_16_10_07_Allstar_Richard_Hartley,1.040,1119,1145,26,"{""pick up leg"":0.7222547164330115,""align leg screw with table thread"":0.13002664552858242,""lay down leg"":0.010506229699016191}",0.12452484495364703,0.012687539221667741,0.8627875916606101
79,align leg screw with table thread,1970-01-01T00:00:45.800Z,1970-01-01T00:00:48.080Z,complete,case79:frames1145-1202,Lack_Side_Table/0018_white_table_02_01_2019_08_16_10_07_Allstar_Richard_Hartley,2.280,1145,1202,57,"{""align leg screw with table thread"":0.7599080267705416,""spin leg"":0.11860214195034482,""pick up leg"":0.07444421356143593}",0.04381088533422403,0.0032347122686647023,0.9529543822823223
79,spin leg,1970-01-01T00:00:48.080Z,1970-01-01T00:01:04.440Z,complete,case79:frames1202-1611,Lack_Side_Table/0018_white_table_02_01_2019_08_16_10_07_Allstar_Richard_Hartley,16.360,1202,1611,409,"{""spin leg"":0.9180473458377102,""align leg screw with table thread"":0.016831588785649075,""tighten leg"":0.014621374272447635}",0.04532264488177661,0.005177039898198856,0.9495003088958068
79,spin leg,1970-01-01T00:01:04.440Z,1970-01-01T00:01:07.800Z,complete,case79:frames1611-1695,Lack_Side_Table/0018_white_table_02_01_2019_08_16_10_07_Allstar_Richard_Hartley,3.360,1611,1695,84,"{""spin leg"":0.6272708427249676,""align leg screw with table thread"":0.10509473452388886,""tighten leg"":0.07698508547175498}",0.16045956863533883,0.030189773486805592,0.8093506627206114
79,spin leg,1970-01-01T00:01:08.280Z,1970-01-01T00:01:19.160Z,complete,case79:frames1707-1979,Lack_Side_Table/0018_white_table_02_01_2019_08_16_10_07_Allstar_Richard_Hartley,10.880,1707,1979,272,"{""spin leg"":0.8156929377137738,""tighten leg"":0.06675755089963786,""align leg screw with table thread"":0.02368084547411212}",0.08130136592423215,0.012567339013644605,0.9061313340875238
79,spin leg,1970-01-01T00:01:19.160Z,1970-01-01T00:01:22.480Z,complete,case79:frames1979-2062,Lack_Side_Table/0018_white_table_02_01_2019_08_16_10_07_Allstar_Richard_Hartley,3.320,1979,2062,83,"{""spin leg"":0.37883258269852904,""flip table"":0.3464636009590453,""tighten leg"":0.037958932973175166}",0.19469061817031308,0.04205422268896684,0.7632551166307496
79,rotate table,1970-01-01T00:01:23.120Z,1970-01-01T00:01:24.360Z,complete,case79:frames2078-2109,Lack_Side_Table/0018_white_table_02_01_2019_08_16_10_07_Allstar_Richard_Hartley,1.240,2078,2109,31,"{""rotate table"":0.7900717160814712,""pick up leg"":0.023659863238853794,""flip table"":0.008393487592618312}",0.15435935941434675,0.023515558864884708,0.8221250669129433
79,spin leg,1970-01-01T00:01:24.360Z,1970-01-01T00:01:40.440Z,complete,case79:frames2109-2511,Lack_Side_Table/0018_white_table_02_01_2019_08_16_10_07_Allstar_Richard_Hartley,16.080,2109,2511,402,"{""spin leg"":0.3953968373692562,""tighten leg"":0.11951216495079243,""flip table"":0.08412458050986799}",0.37647299635321346,0.024493400626412986,0.5990335828299167
79,rotate table,1970-01-01T00:01:40.640Z,1970-01-01T00:01:42.880Z,complete,case79:frames2516-2572,Lack_Side_Table/0018_white_table_02_01_2019_08_16_10_07_Allstar_Richard_Hartley,2.240,2516,2572,56,"{""rotate table"":0.650192627949374,""flip table"":0.21928579519901956,""align leg screw with table thread"":0.008404282898741908}",0.1039232462644577,0.018193967883509438,0.8778827060471356
79,spin leg,1970-01-01T00:01:42.880Z,1970-01-01T00:01:52.800Z,complete,case79:frames2572-2820,Lack_Side_Table/0018_white_table_02_01_2019_08_16_10_07_Allstar_Richard_Hartley,9.920,2572,2820,248,"{""spin leg"":0.6747882548689602,""tighten leg"":0.05994704031224002,""align leg screw with table thread"":0.019376005102399615}",0.21222914935600373,0.03365954233001151,0.7541113002835999
79,tighten leg,1970-01-01T00:01:52.800Z,1970-01-01T00:02:01.000Z,complete,case79:frames2820-3025,Lack_Side_Table/0018_white_table_02_01_2019_08_16_10_07_Allstar_Richard_Hartley,8.200,2820,3025,205,"{""tighten leg"":0.28800850430526204,""spin leg"":0.07968514926459004,""flip table"":0.04899410187471204}",0.5312316062973766,0.052080645527193506,0.4166877554445641
79,flip table,1970-01-01T00:02:01.200Z,1970-01-01T00:02:06.280Z,complete,case79:frames3030-3157,Lack_Side_Table/0018_white_table_02_01_2019_08_16_10_07_Allstar_Richard_Hartley,5.080,3030,3157,127,"{""flip table"":0.8262168658882614,""pick up back panel"":0.002966861420230368,""pick up shelf"":0.002477518397412725}",0.16319910249137504,0.005139670330865622,0.8316612457059045
8,align leg screw with table thread,1970-01-01T00:00:05.840Z,1970-01-01T00:00:06.720Z,complete,case8:frames146-168,Lack_TV_Bench/0005_black_floor_08_04_2019_08_28_11_17,0.880,146,168,22,"{""align leg screw with table thread"":0.2957221676002849,""pick up leg"":0.16044485704465347,""spin leg"":0.14244611019437964}",0.3859504515474493,0.015436421152948947,0.598613134839318
8,spin leg,1970-01-01T00:00:06.720Z,1970-01-01T00:00:24.560Z,complete,case8:frames168-614,Lack_TV_Bench/0005_black_floor_08_04_2019_08_28_11_17,17.840,168,614,446,"{""spin leg"":0.8311201940737498,""tighten leg"":0.045342222674678793,""align leg screw with table thread"":0.032642755172979675}",0.07887898445663966,0.012015841678078136,0.9091051719214083
8,align leg screw with table thread,1970-01-01T00:00:24.560Z,1970-01-01T00:00:26.960Z,complete,case8:frames614-674,Lack_TV_Bench/0005_black_floor_08_04_2019_08_28_11_17,2.400,614,674,60,"{""align leg screw with table thread"":0.235870952407519,""pick up leg"":0.14221288536985716,""spin leg"":0.12407692695657412}",0.4548036202788353,0.04303559882136294,0.5021607647339503
8,spin leg,1970-01-01T00:00:26.960Z,1970-01-01T00:00:28.600Z,complete,case8:frames674-715,Lack_TV_Bench/0005_black_floor_08_04_2019_08_28_11_17,1.640,674,715,41,"{""spin leg"":0.4751700159253144,""align leg screw with table thread"":0.3012181765786031,""pick up leg"":0.05512325247613395}",0.12440825635340155,0.04408029914405353,0.8315114449800515
8,spin leg,1970-01-01T00:00:28.600Z,1970-01-01T00:00:38.360Z,complete,case8:frames715-959,Lack_TV_Bench/0005_black_floor_08_04_2019_08_28_11_17,9.760,715,959,244,"{""spin leg"":0.7450299849275683,""align leg screw with table thread"":0.09798288833899577,""tighten leg"":0.047030052551847015}",0.09430856282105211,0.015648514822164346,0.890042925818411
8,pick up leg,1970-01-01T00:00:44.440Z,1970-01-01T00:00:45.320Z,complete,case8:frames1111-1133,Lack_TV_Bench/0005_black_floor_08_04_2019_08_28_11_17,0.880,1111,1133,22,"{""pick up leg"":0.625794156031175,""align leg screw with table thread"":0.07654385031624274,""spin leg"":0.02172005663371899}",0.25225288488648157,0.023689045365968418,0.7240580629811368
8,spin leg,1970-01-01T00:00:45.320Z,1970-01-01T00:00:46.840Z,complete,case8:frames1133-1171,Lack_TV_Bench/0005_black_floor_08_04_2019_08_28_11_17,1.520,1133,1171,38,"{""spin leg"":0.3067109148557249,""align leg screw with table thread"":0.24704292534213318,""pick up leg"":0.07461388899307501}",0.3069367755792643,0.0646955131975167,0.6283677291909331
8,spin leg,1970-01-01T00:00:46.840Z,1970-01-01T00:00:59.280Z,complete,case8:frames1171-1482,Lack_TV_Bench/0005_black_floor_08_04_2019_08_28_11_17,12.440,1171,1482,311,"{""spin leg"":0.7965564548585959,""align leg screw with table thread"":0.13264714013725232,""tighten leg"":0.011003794139206194}",0.046418568844101435,0.013374052046273462,0.9402073891350544
8,pick up leg,1970-01-01T00:00:59.280Z,1970-01-01T00:01:04.440Z,complete,case8:frames1482-1611,Lack_TV_Bench/0005_black_floor_08_04_2019_08_28_11_17,5.160,1482,1611,129,"{""pick up leg"":0.24877810616825902,""spin leg"":0.23212166168084442,""align leg screw with table thread"":0.17664410654715326}",0.2941249412621639,0.048331191972782885,0.6575438743962567
8,pick up leg,1970-01-01T00:01:04.440Z,1970-01-01T00:01:05.600Z,complete,case8:frames1611-1640,Lack_TV_Bench/0005_black_floor_08_04_2019_08_28_11_17,1.160,1611,1640,29,"{""pick up leg"":0.2682566999875266,""spin leg"":0.16799492864259358,""align leg screw with table thread"":0.09137074668602697}",0.40532691108769386,0.06705068556409657,0.5276223753161472
8,spin leg,1970-01-01T00:01:05.600Z,1970-01-01T00:01:19.160Z,complete,case8:frames1640-1979,Lack_TV_Bench/0005_black_floor_08_04_2019_08_28_11_17,13.560,1640,1979,339,"{""spin leg"":0.8108570719890538,""tighten leg"":0.035663240229309834,""align leg screw with table thread"":0.03254683367402504}",0.09372907384658634,0.02720378452009661,0.8790671458923885
8,align leg screw with table thread,1970-01-01T00:01:19.160Z,1970-01-01T00:01:25.720Z,complete,case8:frames1979-2143,Lack_TV_Bench/0005_black_floor_08_04_2019_08_28_11_17,6.560,1979,2143,164,"{""align leg screw with table thread"":0.2985488817595491,""flip table"":0.2184085036605233,""pick up leg"":0.15545257958356382}",0.2138292480532716,0.11376080917230032,0.6724099650036363
8,pick up shelf,1970-01-01T00:01:25.720Z,1970-01-01T00:01:27.640Z,complete,case8:frames2143-2191,Lack_TV_Bench/0005_black_floor_08_04_2019_08_28_11_17,1.920,2143,2191,48,"{""pick up shelf"":0.6163538762678703,""attach shelf to table"":0.21071295220948136,""flip table"":0.017995769119200606}",0.14095733501017094,0.013980048853660327,0.8450625975965523
8,attach shelf to table,1970-01-01T00:01:27.640Z,1970-01-01T00:01:32.800Z,complete,case8:frames2191-2320,Lack_TV_Bench/0005_black_floor_08_04_2019_08_28_11_17,5.160,2191,2320,129,"{""attach shelf to table"":0.8060300335172534,""pick up shelf"":0.07927616123947524,""spin leg"":0.01223556725163908}",0.09275528465130532,0.0097029743420932,0.8975417620083678
80,pick up leg,1970-01-01T00:00:02.400Z,1970-01-01T00:00:03.120Z,complete,case80:frames60-78,Lack_Side_Table/0001_oak_floor_05_02_2019_08_19_16_44,0.720,60,78,18,"{""pick up leg"":0.7861651513311598,""align leg screw with table thread"":0.09523909787336986,""spin leg"":0.015382540515727468}",0.09227675861782497,0.010936519912862748,0.8967867897202572
80,align leg screw with table thread,1970-01-01T00:00:03.120Z,1970-01-01T00:00:05.040Z,complete,case80:frames78-126,Lack_Side_Table/0001_oak_floor_05_02_2019_08_19_16_44,1.920,78,126,48,"{""align leg screw with table thread"":0.6053935534631213,""spin leg"":0.340798711637035,""pick up leg"":0.044469620877256}",0.00782170845195651,0.0015163652463759066,0.9906618859774123
80,spin leg,1970-01-01T00:00:05.040Z,1970-01-01T00:00:17.520Z,complete,case80:frames126-438,Lack_Side_Table/0001_oak_floor_05_02_2019_08_19_16_44,12.480,126,438,312,"{""spin leg"":0.9004830637803445,""align leg screw with table thread"":0.06862194332270286,""pick up leg"":0.004633265369846366}",0.02018965097765128,0.00607208715950259,0.9737382724728937
80,spin leg,1970-01-01T00:00:17.800Z,1970-01-01T00:00:18.960Z,complete,case80:frames445-474,Lack_Side_Table/0001_oak_floor_05_02_2019_08_19_16_44,1.160,445,474,29,"{""spin leg"":0.18941206767641264,""tighten leg"":0.10179545357823372,""flip table"":0.03342606962240975}",0.5999612510204315,0.07540510353406905,0.32463359087705607
80,pick up leg,1970-01-01T00:00:19.640Z,1970-01-01T00:00:21.120Z,complete,case80:frames491-528,Lack_Side_Table/0001_oak_floor_05_02_2019_08_19_16_44,1.480,491,528,37,"{""pick up leg"":0.7683727660694638,""align leg screw with table thread"":0.15026701495328262,""spin leg"":0.004619243825357911}",0.0681879600963077,0.008553067739655529,0.9232590248481044
80,align leg screw with table thread,1970-01-01T00:00:21.120Z,1970-01-01T00:00:23.120Z,complete,case80:frames528-578,Lack_Side_Table/0001_oak_floor_05_02_2019_08_19_16_44,2.000,528,578,50,"{""align leg screw with table thread"":0.6452800900489092,""spin leg"":0.2916882008314133,""pick up leg"":0.048972259340807796}",0.0112875341065228,0.0027719521878460727,0.9859405502211304
80,spin leg,1970-01-01T00:00:23.120Z,1970-01-01T00:00:36.440Z,complete,case80:frames578-911,Lack_Side_Table/0001_oak_floor_05_02_2019_08_19_16_44,13.320,578,911,333,"{""spin leg"":0.9762682048408119,""align leg screw with table thread"":0.012793767900841014,""tighten leg"":0.0007793097049309019}",0.008311037105639596,0.0018476606365063757,0.9898412824465838
80,spin leg,1970-01-01T00:00:36.440Z,1970-01-01T00:00:37.880Z,complete,case80:frames911-947,Lack_Side_Table/0001_oak_floor_05_02_2019_08_19_16_44,1.440,911,947,36,"{""spin leg"":0.5207567806873057,""tighten leg"":0.07919799024239182,""align leg screw with table thread"":0.07774037252076799}",0.178478022519913,0.1438268435803084,0.6776951434504654
80,align leg screw with table thread,1970-01-01T00:00:37.880Z,1970-01-01T00:00:40.120Z,complete,case80:frames947-1003,Lack_Side_Table/0001_oak_floor_05_02_2019_08_19_16_44,2.240,947,1003,56,"{""align leg screw with table thread"":0.3660256064363888,""rotate table"":0.34139962994959205,""pick up leg"":0.15935488125043257}",0.03144064026751688,0.10177925997771556,0.8667801176364134
80,pick up leg,1970-01-01T00:00:40.120Z,1970-01-01T00:00:41.200Z,complete,case80:frames1003-1030,Lack_Side_Table/0001_oak_floor_05_02_2019_08_19_16_44,1.080,1003,1030,27,"{""pick up leg"":0.5721537498412309,""align leg screw with table thread"":0.3662951053292663,""spin leg"":0.028248629912182136}",0.02049535961338767,0.012807120878637463,0.9666974850826794
80,align leg screw with table thread,1970-01-01T00:00:41.200Z,1970-01-01T00:00:42.680Z,complete,case80:frames1030-1067,Lack_Side_Table/0001_oak_floor_05_02_2019_08_19_16_44,1.480,1030,1067,37,"{""align leg screw with table thread"":0.8912341127524505,""spin leg"":0.0725762930673522,""pick up leg"":0.028449782296209723}",0.006605051527101849,0.0011348139415761243,0.9922601881160125
80,spin leg,1970-01-01T00:00:42.680Z,1970-01-01T00:01:04.160Z,complete,case80:frames1067-1604,Lack_Side_Table/0001_oak_floor_05_02_2019_08_19_16_44,21.480,1067,1604,537,"{""spin leg"":0.9210718517751889,""align leg screw with table thread"":0.05368079368573105,""pick up leg"":0.0038478521285908126}",0.014316819471634884,0.007082706940235933,0.9786004975895108
80,rotate table,1970-01-01T00:01:04.160Z,1970-01-01T00:01:07.440Z,complete,case80:frames1604-1686,Lack_Side_Table/0001_oak_floor_05_02_2019_08_19_16_44,3.280,1604,1686,82,"{""rotate table"":0.4147613659137633,""flip table"":0.26709719692788475,""spin leg"":0.13969750429798916}",0.06371835741873194,0.11472558355415761,0.8215560671396371
80,pick up leg,1970-01-01T00:01:08.240Z,1970-01-01T00:01:09.080Z,complete,case80:frames1706-1727,Lack_Side_Table/0001_oak_floor_05_02_2019_08_19_16_44,0.840,1706,1727,21,"{""pick up leg"":0.7680260709353856,""align leg screw with table thread"":0.1824693466935839,""spin leg"":0.00989068312836545}",0.03356589164052691,0.006048008287139949,0.960386100757335
80,align leg screw with table thread,1970-01-01T00:01:09.080Z,1970-01-01T00:01:10.800Z,complete,case80:frames1727-1770,Lack_Side_Table/0001_oak_floor_05_02_2019_08_19_16_44,1.720,1727,1770,43,"{""align leg screw with table thread"":0.9022821236488431,""pick up leg"":0.057884825458533545,""spin leg"":0.02117527542679116}",0.015861936520005383,0.002795811879207155,0.9813422245341679
80,spin leg,1970-01-01T00:01:10.800Z,1970-01-01T00:01:25.040Z,complete,case80:frames1770-2126,Lack_Side_Table/0001_oak_floor_05_02_2019_08_19_16_44,14.240,1770,2126,356,"{""spin leg"":0.9439374990970566,""align leg screw with table thread"":0.030152260493277835,""flip table"":0.007093053799661483}",0.014541635802538876,0.0042755568569919225,0.9811828133899959
80,spin leg,1970-01-01T00:01:25.040Z,1970-01-01T00:01:27.000Z,complete,case80:frames2126-2175,Lack_Side_Table/0001_oak_floor_05_02_2019_08_19_16_44,1.960,2126,2175,49,"{""spin leg"":0.4729697600919373,""align leg screw with table thread"":0.29608896260662954,""tighten leg"":0.00838131806338016}",0.0818752115022163,0.1406847190060125,0.777440040761947
80,align leg screw with table thread,1970-01-01T00:01:27.000Z,1970-01-01T00:01:28.640Z,complete,case80:frames2175-2216,Lack_Side_Table/0001_oak_floor_05_02_2019_08_19_16_44,1.640,2175,2216,41,"{""align leg screw with table thread"":0.43407578875378866,""spin leg"":0.2420010268688202,""rotate table"":0.0103464216027954}",0.062432320743072325,0.2511443499189589,0.6864232372254043
80,flip table,1970-01-01T00:01:29.560Z,1970-01-01T00:01:32.320Z,complete,case80:frames2239-2308,Lack_Side_Table/0001_oak_floor_05_02_2019_08_19_16_44,2.760,2239,2308,69,"{""flip table"":0.9537065944809845,""pick up shelf"":0.004106436505157879,""pick up leg"":0.0016970257612242215}",0.035059379980615944,0.005430597088867623,0.9595100567473666
81,pick up leg,1970-01-01T00:00:08.200Z,1970-01-01T00:00:09.160Z,complete,case81:frames205-229,Lack_Side_Table/0020_oak_floor_05_02_2019_08_19_12_49,0.960,205,229,24,"{""pick up leg"":0.6978010460734367,""align leg screw with table thread"":0.1855886566142241,""spin leg"":0.017252398111547034}",0.0931496536359191,0.006208226930795036,0.9006421007992078
81,spin leg,1970-01-01T00:00:09.160Z,1970-01-01T00:00:11.280Z,complete,case81:frames229-282,Lack_Side_Table/0020_oak_floor_05_02_2019_08_19_12_49,2.120,229,282,53,"{""spin leg"":0.5465561554960485,""align leg screw with table thread"":0.19129235423960775,""pick up leg"":0.0930959533126849}",0.15352058354413733,0.015534959054563393,0.8309444630483412
81,spin leg,1970-01-01T00:00:11.280Z,1970-01-01T00:00:28.640Z,complete,case81:frames282-716,Lack_Side_Table/0020_oak_floor_05_02_2019_08_19_12_49,17.360,282,716,434,"{""spin leg"":0.8800678332829805,""align leg screw with table thread"":0.028036508966700822,""tighten leg"":0.009141336723063399}",0.07421829578925937,0.008536011505342287,0.9172456789727448
81,pick up leg,1970-01-01T00:00:29.480Z,1970-01-01T00:00:30.680Z,complete,case81:frames737-767,Lack_Side_Table/0020_oak_floor_05_02_2019_08_19_12_49,1.200,737,767,30,"{""pick up leg"":0.37209589779376984,""align leg screw with table thread"":0.23022616654634476,""spin leg"":0.06322249583899975}",0.292492613196373,0.0419628734426567,0.6655445601791143
81,align leg screw with table thread,1970-01-01T00:00:30.680Z,1970-01-01T00:00:32.400Z,complete,case81:frames767-810,Lack_Side_Table/0020_oak_floor_05_02_2019_08_19_12_49,1.720,767,810,43,"{""align leg screw with table thread"":0.45751591893129573,""spin leg"":0.27744424784945887,""pick up leg"":0.08388090761768263}",0.15885402262210846,0.022304927635157713,0.8188410743984372
81,spin leg,1970-01-01T00:00:32.400Z,1970-01-01T00:00:49.880Z,complete,case81:frames810-1247,Lack_Side_Table/0020_oak_floor_05_02_2019_08_19_12_49,17.480,810,1247,437,"{""spin leg"":0.9011460833200328,""align leg screw with table thread"":0.01883825338371013,""tighten leg"":0.010023449698902103}",0.05211109760083105,0.017881114488626962,0.930007786402645
81,pick up leg,1970-01-01T00:00:50.840Z,1970-01-01T00:00:52.360Z,complete,case81:frames1271-1309,Lack_Side_Table/0020_oak_floor_05_02_2019_08_19_12_49,1.520,1271,1309,38,"{""pick up leg"":0.29771168922123153,""align leg screw with table thread"":0.2539946507466467,""spin leg"":0.13481525714068035}",0.2641599476337433,0.049318437193475895,0.6865215971085585
81,align leg screw with table thread,1970-01-01T00:00:52.360Z,1970-01-01T00:00:55.520Z,complete,case81:frames1309-1388,Lack_Side_Table/0020_oak_floor_05_02_2019_08_19_12_49,3.160,1309,1388,79,"{""align leg screw with table thread"":0.4038180648526059,""spin leg"":0.18167352549071553,""pick up leg"":0.10834997199192832}",0.1565410328816764,0.14961737802374805,0.6938415623352497
81,spin leg,1970-01-01T00:00:55.520Z,1970-01-01T00:01:12.240Z,complete,case81:frames1388-1806,Lack_Side_Table/0020_oak_floor_05_02_2019_08_19_12_49,16.720,1388,1806,418,"{""spin leg"":0.6130977127540624,""tighten leg"":0.17891941287300803,""align leg screw with table thread"":0.04303049730163727}",0.138505741312173,0.026446630195672664,0.8350476229287078
81,pick up leg,1970-01-01T00:01:13.560Z,1970-01-01T00:01:15.720Z,complete,case81:frames1839-1893,Lack_Side_Table/0020_oak_floor_05_02_2019_08_19_12_49,2.160,1839,1893,54,"{""pick up leg"":0.32761473505309335,""flip table"":0.25075848690337604,""align leg screw with table thread"":0.051461475884058965}",0.28163239635803083,0.08853285649764886,0.6298346978405284
81,align leg screw with table thread,1970-01-01T00:01:15.720Z,1970-01-01T00:01:17.720Z,complete,case81:frames1893-1943,Lack_Side_Table/0020_oak_floor_05_02_2019_08_19_12_49,2.000,1893,1943,50,"{""align leg screw with table thread"":0.30128244385123254,""spin leg"":0.2396967535465956,""pick up leg"":0.20825969194993377}",0.1616259726881981,0.08913515499553572,0.749238889347762
81,spin leg,1970-01-01T00:01:17.720Z,1970-01-01T00:01:33.280Z,complete,case81:frames1943-2332,Lack_Side_Table/0020_oak_floor_05_02_2019_08_19_12_49,15.560,1943,2332,389,"{""spin leg"":0.7167437891727242,""tighten leg"":0.10807395647914367,""align leg screw with table thread"":0.03454078370010945}",0.09171836124134554,0.04892312293994344,0.8593585293519773
81,flip table,1970-01-01T00:01:39.240Z,1970-01-01T00:01:43.400Z,complete,case81:frames2481-2585,Lack_Side_Table/0020_oak_floor_05_02_2019_08_19_12_49,4.160,2481,2585,104,"{""flip table"":0.9281681661422436,""pick up leg"":0.013788845695671625,""align leg screw with table thread"":0.00873859108189488}",0.0179451641608746,0.03135921763165928,0.9506956029198101
82,pick up leg,1970-01-01T00:00:03.240Z,1970-01-01T00:00:04.800Z,complete,case82:frames81-120,Lack_Side_Table/0006_black_floor_05_02_2019_08_19_16_23,1.560,81,120,39,"{""pick up leg"":0.6359029228870685,""align leg screw with table thread"":0.2564366776973773,""spin leg"":0.006293214762058013}",0.08528924714296292,0.01607802345472027,0.8986328153465039
82,align leg screw with table thread,1970-01-01T00:00:04.800Z,1970-01-01T00:00:06.800Z,complete,case82:frames120-170,Lack_Side_Table/0006_black_floor_05_02_2019_08_19_16_23,2.000,120,170,50,"{""align leg screw with table thread"":0.7148684048652649,""align side panel holes with front panel dowels"":0.06264694615267218,""pick up leg"":0.04239457011222839}",0.12580161571502685,0.05428849048684704,0.8199099211301655
82,spin leg,1970-01-01T00:00:06.800Z,1970-01-01T00:00:24.360Z,complete,case82:frames170-609,Lack_Side_Table/0006_black_floor_05_02_2019_08_19_16_23,17.560,170,609,439,"{""spin leg"":0.6291967334293661,""tighten leg"":0.06611791668272786,""align leg screw with table thread"":0.04946885414947681}",0.21528895811977583,0.03992753992920817,0.7447835042615707
82,spin leg,1970-01-01T00:00:24.360Z,1970-01-01T00:00:27.600Z,complete,case82:frames609-690,Lack_Side_Table/0006_black_floor_05_02_2019_08_19_16_23,3.240,609,690,81,"{""spin leg"":0.3668772099010738,""align leg screw with table thread"":0.2649523595600952,""tighten leg"":0.07130203935329193}",0.15366249945428637,0.14320592724803866,0.703131608814461
82,pick up leg,1970-01-01T00:00:27.600Z,1970-01-01T00:00:29.600Z,complete,case82:frames690-740,Lack_Side_Table/0006_black_floor_05_02_2019_08_19_16_23,2.000,690,740,50,"{""pick up leg"":0.6233057475090027,""align leg screw with table thread"":0.07959193885326385,""spin leg"":0.01844247743487358}",0.2450169086456299,0.033643011372164994,0.7213401637971402
82,align leg screw with table thread,1970-01-01T00:00:29.600Z,1970-01-01T00:00:32.120Z,complete,case82:frames740-803,Lack_Side_Table/0006_black_floor_05_02_2019_08_19_16_23,2.520,740,803,63,"{""align leg screw with table thread"":0.7853203434792776,""pick up leg"":0.09879567565780784,""spin leg"":0.07122214434165804}",0.041548910181200695,0.003112943176882296,0.9553381634787435
82,spin leg,1970-01-01T00:00:32.120Z,1970-01-01T00:00:48.280Z,complete,case82:frames803-1207,Lack_Side_Table/0006_black_floor_05_02_2019_08_19_16_23,16.160,803,1207,404,"{""spin leg"":0.6018193711222398,""align leg screw with table thread"":0.1195702038723791,""pick up leg"":0.034957364432071106}",0.20193502929356724,0.04171804066201658,0.75634693942669
82,tighten leg,1970-01-01T00:00:48.280Z,1970-01-01T00:00:51.960Z,complete,case82:frames1207-1299,Lack_Side_Table/0006_black_floor_05_02_2019_08_19_16_23,3.680,1207,1299,92,"{""tighten leg"":0.30226632743379805,""spin leg"":0.26246887219705334,""align leg screw with table thread"":0.13818596590958213}",0.16355885565280914,0.1335200096078296,0.7029211655404335
82,rotate table,1970-01-01T00:00:51.960Z,1970-01-01T00:00:56.480Z,complete,case82:frames1299-1412,Lack_Side_Table/0006_black_floor_05_02_2019_08_19_16_23,4.520,1299,1412,113,"{""rotate table"":0.3277173520980683,""align leg screw with table thread"":0.28498647460895304,""flip table"":0.13038332668025937}",0.10185488227721864,0.1550579477663836,0.7430871533872807
82,pick up leg,1970-01-01T00:00:56.480Z,1970-01-01T00:00:58.600Z,complete,case82:frames1412-1465,Lack_Side_Table/0006_black_floor_05_02_2019_08_19_16_23,2.120,1412,1465,53,"{""pick up leg"":0.5815093528549626,""align leg screw with table thread"":0.1417243865863332,""spin leg"":0.028655076829962572}",0.2002697264389047,0.04784143493479373,0.7518888162712585
82,align leg screw with table thread,1970-01-01T00:00:58.600Z,1970-01-01T00:01:01.840Z,complete,case82:frames1465-1546,Lack_Side_Table/0006_black_floor_05_02_2019_08_19_16_23,3.240,1465,1546,81,"{""align leg screw with table thread"":0.7491209746142964,""spin leg"":0.1068040757715978,""pick up leg"":0.10134299642141954}",0.030842858378166034,0.011889096511064224,0.9572680468073137
82,align leg screw with table thread,1970-01-01T00:01:01.840Z,1970-01-01T00:01:19.560Z,complete,case82:frames1546-1989,Lack_Side_Table/0006_black_floor_05_02_2019_08_19_16_23,17.720,1546,1989,443,"{""align leg screw with table thread"":0.5114607603770616,""spin leg"":0.3953267569752498,""pick up leg"":0.032888923880999434}",0.041788944146232194,0.018534621153826238,0.9396764412333108
82,align leg screw with table thread,1970-01-01T00:01:19.560Z,1970-01-01T00:01:22.680Z,complete,case82:frames1989-2067,Lack_Side_Table/0006_black_floor_05_02_2019_08_19_16_23,3.120,1989,2067,78,"{""align leg screw with table thread"":0.7355938765865105,""pick up leg"":0.09421230142171948,""tighten leg"":0.005765870457159905}",0.07839097708272628,0.08603694923380519,0.8355720484653899
82,pick up leg,1970-01-01T00:01:22.680Z,1970-01-01T00:01:25.200Z,complete,case82:frames2067-2130,Lack_Side_Table/0006_black_floor_05_02_2019_08_19_16_23,2.520,2067,2130,63,"{""pick up leg"":0.7505898144510057,""align leg screw with table thread"":0.11114993998928675,""spin leg"":0.018087072889246637}",0.09834986475725023,0.021823299833230853,0.8798268273295391
82,spin leg,1970-01-01T00:01:25.200Z,1970-01-01T00:01:26.760Z,complete,case82:frames2130-2169,Lack_Side_Table/0006_black_floor_05_02_2019_08_19_16_23,1.560,2130,2169,39,"{""spin leg"":0.25672045808572036,""pick up leg"":0.24726530145376158,""align leg screw with table thread"":0.21689393657904404}",0.24852778170353326,0.030592494258024627,0.720879696118526
82,align leg screw with table thread,1970-01-01T00:01:26.760Z,1970-01-01T00:01:40.640Z,complete,case82:frames2169-2516,Lack_Side_Table/0006_black_floor_05_02_2019_08_19_16_23,13.880,2169,2516,347,"{""align leg screw with table thread"":0.6564471780910273,""pick up leg"":0.14795153989572002,""spin leg"":0.11322922120004979}",0.07397191849153392,0.008400145312163317,0.9176279391867971
82,align leg screw with table thread,1970-01-01T00:01:40.640Z,1970-01-01T00:01:43.320Z,complete,case82:frames2516-2583,Lack_Side_Table/0006_black_floor_05_02_2019_08_19_16_23,2.680,2516,2583,67,"{""align leg screw with table thread"":0.6998528980497104,""spin leg"":0.18629660348950036,""tighten leg"":0.0007580043096442833}",0.03300974890589714,0.08008274125322991,0.886907505848855
82,flip table,1970-01-01T00:01:43.320Z,1970-01-01T00:01:50.120Z,complete,case82:frames2583-2753,Lack_Side_Table/0006_black_floor_05_02_2019_08_19_16_23,6.800,2583,2753,170,"{""flip table"":0.8036963933339233,""align leg screw with table thread"":0.06806719727892949,""rotate table"":0.030046740416711307}",0.062102817261920254,0.03608686822734207,0.9018103310295641
83,flip table top,1970-01-01T00:00:02.440Z,1970-01-01T00:00:08.360Z,complete,case83:frames61-209,Lack_Side_Table/0030_oak_table_04_02_2019_08_20_12_05,5.920,61,209,148,"{""flip table top"":0.5028773192992761,""rotate table"":0.21505871231784113,""flip table"":0.12827374924140836}",0.09497123010255196,0.05881895066206153,0.8462097808585256
83,pick up leg,1970-01-01T00:00:08.360Z,1970-01-01T00:00:09.840Z,complete,case83:frames209-246,Lack_Side_Table/0030_oak_table_04_02_2019_08_20_12_05,1.480,209,246,37,"{""pick up leg"":0.7842141912394279,""align leg screw with table thread"":0.18032266276674597,""lay down leg"":0.002679473149524907}",0.02876560707148668,0.004018052288793799,0.9672163271556987
83,align leg screw with table thread,1970-01-01T00:00:09.840Z,1970-01-01T00:00:11.480Z,complete,case83:frames246-287,Lack_Side_Table/0030_oak_table_04_02_2019_08_20_12_05,1.640,246,287,41,"{""align leg screw with table thread"":0.9765355121798631,""spin leg"":0.010037222082113348,""pick up leg"":0.004535475194953927}",0.008253703870606132,0.0006379968155037593,0.9911082094569303
83,spin leg,1970-01-01T00:00:11.480Z,1970-01-01T00:00:30.640Z,complete,case83:frames287-766,Lack_Side_Table/0030_oak_table_04_02_2019_08_20_12_05,19.160,287,766,479,"{""spin leg"":0.8507916666431224,""tighten leg"":0.08468167206288828,""align leg screw with table thread"":0.031580915719286264}",0.021381495383398952,0.011564256281059898,0.9670542544252969
83,pick up leg,1970-01-01T00:00:31.160Z,1970-01-01T00:00:32.400Z,complete,case83:frames779-810,Lack_Side_Table/0030_oak_table_04_02_2019_08_20_12_05,1.240,779,810,31,"{""pick up leg"":0.7651510327573745,""align leg screw with table thread"":0.025838625947794607,""rotate table"":0.013537354567233706}",0.1841131627800003,0.011359855751814231,0.8045270132724028
83,align leg screw with table thread,1970-01-01T00:00:32.400Z,1970-01-01T00:00:34.280Z,complete,case83:frames810-857,Lack_Side_Table/0030_oak_table_04_02_2019_08_20_12_05,1.880,810,857,47,"{""align leg screw with table thread"":0.6492038632326937,""pick up leg"":0.30235158977039317,""spin leg"":0.007659307041978265}",0.02966949799434936,0.011115684750093996,0.9592147600450652
83,spin leg,1970-01-01T00:00:34.280Z,1970-01-01T00:00:53.280Z,complete,case83:frames857-1332,Lack_Side_Table/0030_oak_table_04_02_2019_08_20_12_05,19.000,857,1332,475,"{""spin leg"":0.7569140568610869,""align leg screw with table thread"":0.10332450432997001,""flip table"":0.025207788876233327}",0.06838541948677677,0.04616823080332295,0.8854463500672902
83,rotate table,1970-01-01T00:00:53.280Z,1970-01-01T00:00:56.960Z,complete,case83:frames1332-1424,Lack_Side_Table/0030_oak_table_04_02_2019_08_20_12_05,3.680,1332,1424,92,"{""rotate table"":0.5512153260085894,""pick up leg"":0.1565091460234607,""flip table"":0.040193788094810494}",0.19239631951179192,0.0596854301820007,0.7479182601268605
83,pick up leg,1970-01-01T00:00:56.960Z,1970-01-01T00:00:58.680Z,complete,case83:frames1424-1467,Lack_Side_Table/0030_oak_table_04_02_2019_08_20_12_05,1.720,1424,1467,43,"{""pick up leg"":0.6143432963033055,""align leg screw with table thread"":0.18826696432607118,""spin leg"":0.005287000162223744}",0.1778701128827971,0.014232621817872401,0.8078972607916004
83,align leg screw with table thread,1970-01-01T00:00:58.680Z,1970-01-01T00:01:00.160Z,complete,case83:frames1467-1504,Lack_Side_Table/0030_oak_table_04_02_2019_08_20_12_05,1.480,1467,1504,37,"{""align leg screw with table thread"":0.9037661053038932,""pick up leg"":0.04495816113981041,""spin leg"":0.034355349196876224}",0.014613086206687463,0.0023073102963097865,0.9830796156405799
83,spin leg,1970-01-01T00:01:00.160Z,1970-01-01T00:01:15.160Z,complete,case83:frames1504-1879,Lack_Side_Table/0030_oak_table_04_02_2019_08_20_12_05,15.000,1504,1879,375,"{""spin leg"":0.9013383251825968,""align leg screw with table thread"":0.03730133275687694,""tighten leg"":0.03372927428347369}",0.0181770341321826,0.00945404658947002,0.9723689322229475
83,tighten leg,1970-01-01T00:01:15.160Z,1970-01-01T00:01:17.320Z,complete,case83:frames1879-1933,Lack_Side_Table/0030_oak_table_04_02_2019_08_20_12_05,2.160,1879,1933,54,"{""tighten leg"":0.5721887554283496,""spin leg"":0.07774436873970209,""rotate table"":0.06275584192567125}",0.19819244935556693,0.08911864658907225,0.712688966093723
83,rotate table,1970-01-01T00:01:17.320Z,1970-01-01T00:01:20.000Z,complete,case83:frames1933-2000,Lack_Side_Table/0030_oak_table_04_02_2019_08_20_12_05,2.680,1933,2000,67,"{""rotate table"":0.7656791774458739,""pick up leg"":0.04734784913763626,""tighten leg"":0.036300557655101616}",0.09086571856221157,0.05980668929150545,0.8493275842386118
83,pick up leg,1970-01-01T00:01:20.000Z,1970-01-01T00:01:21.760Z,complete,case83:frames2000-2044,Lack_Side_Table/0030_oak_table_04_02_2019_08_20_12_05,1.760,2000,2044,44,"{""pick up leg"":0.8873920278115706,""align leg screw with table thread"":0.019912463358857414,""flip table"":0.006776345639743588}",0.0725794949314811,0.013339654113945762,0.9140808368101716
83,align leg screw with table thread,1970-01-01T00:01:21.760Z,1970-01-01T00:01:23.520Z,complete,case83:frames2044-2088,Lack_Side_Table/0030_oak_table_04_02_2019_08_20_12_05,1.760,2044,2088,44,"{""align leg screw with table thread"":0.7967431362379681,""pick up leg"":0.15864611552520233,""spin leg"":0.010316017126156525}",0.03061654401773756,0.003678179764082175,0.965705268889327
83,spin leg,1970-01-01T00:01:23.520Z,1970-01-01T00:01:35.400Z,complete,case83:frames2088-2385,Lack_Side_Table/0030_oak_table_04_02_2019_08_20_12_05,11.880,2088,2385,297,"{""spin leg"":0.9099253011923848,""align leg screw with table thread"":0.08586411068987365,""pick up leg"":0.001713514422369895}",0.0020805379683120485,0.0004165767495927235,0.9975029263046283
83,tighten leg,1970-01-01T00:01:35.400Z,1970-01-01T00:01:38.360Z,complete,case83:frames2385-2459,Lack_Side_Table/0030_oak_table_04_02_2019_08_20_12_05,2.960,2385,2459,74,"{""tighten leg"":0.6387528444741022,""spin leg"":0.09983794708308336,""pick up leg"":0.05874032818403951}",0.11524665244930499,0.08742225895773598,0.7973311197412251
84,align leg screw with table thread,1970-01-01T00:00:02.520Z,1970-01-01T00:00:04.960Z,complete,case84:frames63-124,Lack_Side_Table/0005_black_floor_08_04_2019_08_28_11_15,2.440,63,124,61,"{""align leg screw with table thread"":0.21268607764581188,""pick up leg"":0.14648912740169,""pick up table top"":0.00021359088082061165}",0.39162424548727565,0.24898697955387752,0.3593887959283225
84,pick up leg,1970-01-01T00:00:04.960Z,1970-01-01T00:00:06.960Z,complete,case84:frames124-174,Lack_Side_Table/0005_black_floor_08_04_2019_08_28_11_15,2.000,124,174,50,"{""pick up leg"":0.26537453919649123,""pick up shelf"":0.21007945399731398,""flip table top"":0.014124499978497624}",0.290748291015625,0.21967319573245261,0.48957849317230284
84,align leg screw with table thread,1970-01-01T00:00:06.960Z,1970-01-01T00:00:08.720Z,complete,case84:frames174-218,Lack_Side_Table/0005_black_floor_08_04_2019_08_28_11_15,1.760,174,218,44,"{""align leg screw with table thread"":0.5480550749396736,""pick up leg"":0.24412688240408897,""spin leg"":0.041144822470166466}",0.14890566197308627,0.017767546764304157,0.8333267798139291
84,align leg screw with table thread,1970-01-01T00:00:08.720Z,1970-01-01T00:00:09.880Z,complete,case84:frames218-247,Lack_Side_Table/0005_black_floor_08_04_2019_08_28_11_15,1.160,218,247,29,"{""align leg screw with table thread"":0.8796001919384661,""spin leg"":0.07815013922237117,""pick up leg"":0.01741645746093629}",0.016828036706509262,0.0080051800475642,0.9751667886217735
84,spin leg,1970-01-01T00:00:09.880Z,1970-01-01T00:00:21.680Z,complete,case84:frames247-542,Lack_Side_Table/0005_black_floor_08_04_2019_08_28_11_15,11.800,247,542,295,"{""spin leg"":0.8664663115800437,""align leg screw with table thread"":0.11103750462249173,""pick up leg"":0.0048631904023241695}",0.014231790595893133,0.0034012029648828887,0.9823670066048596
84,pick up leg,1970-01-01T00:00:21.680Z,1970-01-01T00:00:23.040Z,complete,case84:frames542-576,Lack_Side_Table/0005_black_floor_08_04_2019_08_28_11_15,1.360,542,576,34,"{""pick up leg"":0.4820710762458689,""align leg screw with table thread"":0.17871837931520798,""spin leg"":0.03522811830043793}",0.2822066720794229,0.021775805215624777,0.6960175738615149
84,align leg screw with table thread,1970-01-01T00:00:23.040Z,1970-01-01T00:00:24.600Z,complete,case84:frames576-615,Lack_Side_Table/0005_black_floor_08_04_2019_08_28_11_15,1.560,576,615,39,"{""align leg screw with table thread"":0.7204594092491345,""spin leg"":0.12765271369463357,""pick up leg"":0.054593896302275166}",0.09052555167522186,0.006768404712344952,0.9027060192460433
84,spin leg,1970-01-01T00:00:24.600Z,1970-01-01T00:00:38.720Z,complete,case84:frames615-968,Lack_Side_Table/0005_black_floor_08_04_2019_08_28_11_15,14.120,615,968,353,"{""spin leg"":0.7895233231166604,""tighten leg"":0.07788975034522488,""align leg screw with table thread"":0.05685607844135241}",0.06560944031301369,0.010121416582335082,0.9242691519032377
84,pick up leg,1970-01-01T00:00:38.720Z,1970-01-01T00:00:40.480Z,complete,case84:frames968-1012,Lack_Side_Table/0005_black_floor_08_04_2019_08_28_11_15,1.760,968,1012,44,"{""pick up leg"":0.3025877137075771,""align leg screw with table thread"":0.2678035172549161,""spin leg"":0.05792983892289075}",0.32131296599453146,0.050365993236407676,0.6283210698853839
84,align leg screw with table thread,1970-01-01T00:00:40.480Z,1970-01-01T00:00:42.160Z,complete,case84:frames1012-1054,Lack_Side_Table/0005_black_floor_08_04_2019_08_28_11_15,1.680,1012,1054,42,"{""align leg screw with table thread"":0.6021228531996409,""spin leg"":0.101929838458697,""pick up leg"":0.10008216329983302}",0.15667574391478584,0.03918943856762524,0.8041348549581708
84,spin leg,1970-01-01T00:00:42.160Z,1970-01-01T00:00:54.800Z,complete,case84:frames1054-1370,Lack_Side_Table/0005_black_floor_08_04_2019_08_28_11_15,12.640,1054,1370,316,"{""spin leg"":0.5798087106145258,""align leg screw with table thread"":0.23265361908493162,""pick up leg"":0.03796354375921095}",0.12336983805215812,0.02620428823046429,0.8504258734586684
84,pick up leg,1970-01-01T00:00:54.800Z,1970-01-01T00:00:56.480Z,complete,case84:frames1370-1412,Lack_Side_Table/0005_black_floor_08_04_2019_08_28_11_15,1.680,1370,1412,42,"{""pick up leg"":0.3806934278635752,""align leg screw with table thread"":0.3404893513236727,""spin leg"":0.12836710842592375}",0.12604410307747976,0.02440601929935346,0.8495498876131715
84,align leg screw with table thread,1970-01-01T00:00:56.480Z,1970-01-01T00:00:58.280Z,complete,case84:frames1412-1457,Lack_Side_Table/0005_black_floor_08_04_2019_08_28_11_15,1.800,1412,1457,45,"{""align leg screw with table thread"":0.6355734361542595,""spin leg"":0.22578375935554504,""pick up leg"":0.043826150976949266}",0.0827241611149576,0.012092458298604766,0.9051833464867539
84,align leg screw with table thread,1970-01-01T00:00:58.280Z,1970-01-01T00:01:11.000Z,complete,case84:frames1457-1775,Lack_Side_Table/0005_black_floor_08_04_2019_08_28_11_15,12.720,1457,1775,318,"{""align leg screw with table thread"":0.5415122095706328,""spin leg"":0.3566202997411572,""pick up leg"":0.05095925780727803}",0.04332414220245379,0.007584110510625986,0.9490917671190681
84,spin leg,1970-01-01T00:01:11.000Z,1970-01-01T00:01:22.120Z,complete,case84:frames1775-2053,Lack_Side_Table/0005_black_floor_08_04_2019_08_28_11_15,11.120,1775,2053,278,"{""spin leg"":0.22748963971347583,""align leg screw with table thread"":0.14900265090006717,""other"":0.0009688866235631545}",0.4457278571647706,0.176810936316662,0.37746117723710615
85,align leg screw with table thread,1970-01-01T00:00:03.040Z,1970-01-01T00:00:05.000Z,complete,case85:frames76-125,Lack_Side_Table/0021_black_floor_05_02_2019_08_19_13_04,1.960,76,125,49,"{""align leg screw with table thread"":0.42964792373229044,""pick up leg"":0.1336928909568458,""spin leg"":0.13046013982016214}",0.20003324921946136,0.10616582368354338,0.6938009545092984
85,align leg screw with table thread,1970-01-01T00:00:05.000Z,1970-01-01T00:00:07.520Z,complete,case85:frames125-188,Lack_Side_Table/0021_black_floor_05_02_2019_08_19_13_04,2.520,125,188,63,"{""align leg screw with table thread"":0.6925495607512338,""spin leg"":0.07554977818850488,""pick up leg"":0.05739991631477125}",0.12553431359784945,0.048966461669735624,0.8254992552545098
85,spin leg,1970-01-01T00:00:07.520Z,1970-01-01T00:00:21.640Z,complete,case85:frames188-541,Lack_Side_Table/0021_black_floor_05_02_2019_08_19_13_04,14.120,188,541,353,"{""spin leg"":0.9119159309114343,""align leg screw with table thread"":0.05634119066148574,""flip table"":0.004942874370074221}",0.019117824458873306,0.007682208988052221,0.9731999959429943
85,align leg screw with table thread,1970-01-01T00:00:22.400Z,1970-01-01T00:00:24.160Z,complete,case85:frames560-604,Lack_Side_Table/0021_black_floor_05_02_2019_08_19_13_04,1.760,560,604,44,"{""align leg screw with table thread"":0.421451980417425,""spin leg"":0.26437576656991785,""pick up leg"":0.12568248469721188}",0.10427221757444469,0.08421756300147493,0.8115102316845547
85,align leg screw with table thread,1970-01-01T00:00:24.160Z,1970-01-01T00:00:25.760Z,complete,case85:frames604-644,Lack_Side_Table/0021_black_floor_05_02_2019_08_19_13_04,1.600,604,644,40,"{""align leg screw with table thread"":0.6493161141872406,""spin leg"":0.2670727953314781,""flip table"":0.02031747717410326}",0.02993454895913601,0.03335902929703069,0.9367063866928219
85,spin leg,1970-01-01T00:00:25.760Z,1970-01-01T00:00:43.560Z,complete,case85:frames644-1089,Lack_Side_Table/0021_black_floor_05_02_2019_08_19_13_04,17.800,644,1089,445,"{""spin leg"":0.8758223741451341,""align leg screw with table thread"":0.06383667584885372,""flip table"":0.018830622434930017}",0.02210191476545977,0.019408423718889282,0.9584896724289179
85,align leg screw with table thread,1970-01-01T00:00:44.200Z,1970-01-01T00:00:45.840Z,complete,case85:frames1105-1146,Lack_Side_Table/0021_black_floor_05_02_2019_08_19_13_04,1.640,1105,1146,41,"{""align leg screw with table thread"":0.6646950114064101,""pick up leg"":0.16006958993469797,""spin leg"":0.11907626397726012}",0.04464491384058464,0.011514249573704387,0.9438408653183682
85,align leg screw with table thread,1970-01-01T00:00:45.840Z,1970-01-01T00:00:47.800Z,complete,case85:frames1146-1195,Lack_Side_Table/0021_black_floor_05_02_2019_08_19_13_04,1.960,1146,1195,49,"{""align leg screw with table thread"":0.6201873926483855,""spin leg"":0.31574039313257957,""pick up leg"":0.03549499721361362}",0.017949887722426533,0.010627304220276699,0.9714227829945787
85,spin leg,1970-01-01T00:00:47.800Z,1970-01-01T00:01:03.200Z,complete,case85:frames1195-1580,Lack_Side_Table/0021_black_floor_05_02_2019_08_19_13_04,15.400,1195,1580,385,"{""spin leg"":0.8984510293254605,""align leg screw with table thread"":0.061239167544748875,""tighten leg"":0.012541605082231682}",0.01455892329769475,0.013209284214616174,0.9722318019524411
85,rotate table,1970-01-01T00:01:04.680Z,1970-01-01T00:01:05.560Z,complete,case85:frames1617-1639,Lack_Side_Table/0021_black_floor_05_02_2019_08_19_13_04,0.880,1617,1639,22,"{""rotate table"":0.8434267179532484,""flip table"":0.04628680231557651,""pick up leg"":0.023577994222498753}",0.04425946597687223,0.0424490965591158,0.9132915144913236
85,align leg screw with table thread,1970-01-01T00:01:05.560Z,1970-01-01T00:01:07.280Z,complete,case85:frames1639-1682,Lack_Side_Table/0021_black_floor_05_02_2019_08_19_13_04,1.720,1639,1682,43,"{""align leg screw with table thread"":0.32242948947431044,""rotate table"":0.2680134417727416,""pick up leg"":0.06991515863080357}",0.11154559800444647,0.22809626763286983,0.6603580898778556
85,align leg screw with table thread,1970-01-01T00:01:07.280Z,1970-01-01T00:01:08.360Z,complete,case85:frames1682-1709,Lack_Side_Table/0021_black_floor_05_02_2019_08_19_13_04,1.080,1682,1709,27,"{""align leg screw with table thread"":0.8108021639011525,""spin leg"":0.10750432367678042,""flip table"":0.034340800924433604}",0.02637277922972485,0.020979896975863655,0.9526472885023665
85,spin leg,1970-01-01T00:01:08.360Z,1970-01-01T00:01:20.800Z,complete,case85:frames1709-2020,Lack_Side_Table/0021_black_floor_05_02_2019_08_19_13_04,12.440,1709,2020,311,"{""spin leg"":0.9237797896099244,""tighten leg"":0.03261585841988516,""align leg screw with table thread"":0.021482639984973375}",0.0076362003551322935,0.014485525155869705,0.9778782880147828
85,flip table,1970-01-01T00:01:22.200Z,1970-01-01T00:01:25.560Z,complete,case85:frames2055-2139,Lack_Side_Table/0021_black_floor_05_02_2019_08_19_13_04,3.360,2055,2139,84,"{""flip table"":0.8785879796459561,""rotate table"":0.06621601186980981,""pick up shelf"":0.02529159852028464}",0.0189161307644099,0.010988258912432809,0.9700955900360506
86,pick up leg,1970-01-01T00:00:03.720Z,1970-01-01T00:00:04.320Z,complete,case86:frames93-108,Lack_Side_Table/0028_black_table_04_02_2019_08_20_11_09,0.600,93,108,15,"{""pick up leg"":0.651449304819107,""flip table top"":0.13564887642860413,""rotate table"":0.009181350097060203}",0.18580039143562316,0.017920092444120433,0.7962795313447714
86,pick up leg,1970-01-01T00:00:06.520Z,1970-01-01T00:00:07.400Z,complete,case86:frames163-185,Lack_Side_Table/0028_black_table_04_02_2019_08_20_11_09,0.880,163,185,22,"{""pick up leg"":0.6704948707060381,""align leg screw with table thread"":0.1582983317784965,""other"":0.04125401049598374}",0.10043302110650322,0.02951968415800704,0.8700472129805183
86,align leg screw with table thread,1970-01-01T00:00:07.440Z,1970-01-01T00:00:09.720Z,complete,case86:frames186-243,Lack_Side_Table/0028_black_table_04_02_2019_08_20_11_09,2.280,186,243,57,"{""align leg screw with table thread"":0.8013854518271329,""pick up leg"":0.108502979733442,""spin leg"":0.04970443258552175}",0.03427700361792456,0.006130067582018372,0.9595928641460967
86,spin leg,1970-01-01T00:00:09.760Z,1970-01-01T00:00:27.720Z,complete,case86:frames244-693,Lack_Side_Table/0028_black_table_04_02_2019_08_20_11_09,17.960,244,693,449,"{""spin leg"":0.8753194550097918,""align leg screw with table thread"":0.10203053790636211,""pick up leg"":0.012848644880349758}",0.007250794502004217,0.002550576808108542,0.9901986377965036
86,pick up leg,1970-01-01T00:00:29.320Z,1970-01-01T00:00:30.200Z,complete,case86:frames733-755,Lack_Side_Table/0028_black_table_04_02_2019_08_20_11_09,0.880,733,755,22,"{""pick up leg"":0.8533784245902841,""align leg screw with table thread"":0.07815551080486992,""spin leg"":0.009701882827688347}",0.053278885781764984,0.005485370046987338,0.9412358182228424
86,align leg screw with table thread,1970-01-01T00:00:30.240Z,1970-01-01T00:00:31.920Z,complete,case86:frames756-798,Lack_Side_Table/0028_black_table_04_02_2019_08_20_11_09,1.680,756,798,42,"{""align leg screw with table thread"":0.7101165538742429,""pick up leg"":0.19231909921481496,""spin leg"":0.033307046407745}",0.06190116845426105,0.0023561723619691987,0.9357426994968028
86,spin leg,1970-01-01T00:00:31.960Z,1970-01-01T00:00:51.120Z,complete,case86:frames799-1278,Lack_Side_Table/0028_black_table_04_02_2019_08_20_11_09,19.160,799,1278,479,"{""spin leg"":0.9049225704732793,""align leg screw with table thread"":0.06672055191809549,""pick up leg"":0.007763013332627231}",0.014873097174351797,0.0057207771525975976,0.9794061357240019
86,pick up leg,1970-01-01T00:00:52.760Z,1970-01-01T00:00:53.800Z,complete,case86:frames1319-1345,Lack_Side_Table/0028_black_table_04_02_2019_08_20_11_09,1.040,1319,1345,26,"{""pick up leg"":0.6661641070475945,""align leg screw with table thread"":0.05501847372103769,""rotate table"":0.017976947572046462}",0.2397683818752949,0.021072124505953086,0.7391595283406788
86,align leg screw with table thread,1970-01-01T00:00:53.840Z,1970-01-01T00:00:55.400Z,complete,case86:frames1346-1385,Lack_Side_Table/0028_black_table_04_02_2019_08_20_11_09,1.560,1346,1385,39,"{""align leg screw with table thread"":0.7378800098712628,""pick up leg"":0.1569124659499488,""spin leg"":0.036641389513627075}",0.040605899853966176,0.027960187595197944,0.9314338653348386
86,spin leg,1970-01-01T00:00:55.440Z,1970-01-01T00:01:24.080Z,complete,case86:frames1386-2102,Lack_Side_Table/0028_black_table_04_02_2019_08_20_11_09,28.640,1386,2102,716,"{""spin leg"":0.8549629488345964,""align leg screw with table thread"":0.10303197866669914,""pick up leg"":0.016602650108680846}",0.017666181658691202,0.007736235490363341,0.9745975776099765
86,pick up leg,1970-01-01T00:01:24.480Z,1970-01-01T00:01:25.560Z,complete,case86:frames2112-2139,Lack_Side_Table/0028_black_table_04_02_2019_08_20_11_09,1.080,2112,2139,27,"{""pick up leg"":0.8853193411120662,""align leg screw with table thread"":0.06307858394251929,""spin leg"":0.002013499814051169}",0.046192748817028825,0.0033957777294336727,0.9504114248686367
86,align leg screw with table thread,1970-01-01T00:01:25.600Z,1970-01-01T00:01:27.000Z,complete,case86:frames2140-2175,Lack_Side_Table/0028_black_table_04_02_2019_08_20_11_09,1.400,2140,2175,35,"{""align leg screw with table thread"":0.7369260055678232,""pick up leg"":0.14556257022278649,""spin leg"":0.029075017997196743}",0.07260919042995997,0.01582722685082842,0.9115635937878064
86,spin leg,1970-01-01T00:01:27.320Z,1970-01-01T00:01:48.360Z,complete,case86:frames2183-2709,Lack_Side_Table/0028_black_table_04_02_2019_08_20_11_09,21.040,2183,2709,526,"{""spin leg"":0.946406548495755,""align leg screw with table thread"":0.04477801780878591,""pick up leg"":0.0009333213373838071}",0.006742413104387857,0.001139707709922365,0.9921178876419247
86,flip table,1970-01-01T00:01:49.800Z,1970-01-01T00:01:53.800Z,complete,case86:frames2745-2845,Lack_Side_Table/0028_black_table_04_02_2019_08_20_11_09,4.000,2745,2845,100,"{""flip table"":0.9929386591911316,""flip table top"":0.0006441514776020085,""pick up shelf"":0.00043161809808225373}",0.005055199624039232,0.000930346034741667,0.9940144287668158
87,align leg screw with table thread,1970-01-01T00:00:04.280Z,1970-01-01T00:00:05.120Z,complete,case87:frames107-128,Lack_Side_Table/0022_oak_floor_05_02_2019_08_19_15_44,0.840,107,128,21,"{""align leg screw with table thread"":0.6934984248308909,""pick up leg"":0.27713113739376977,""spin leg"":0.008114539397259554}",0.01801317415776707,0.003242726686077429,0.9787441016219202
87,spin leg,1970-01-01T00:00:05.120Z,1970-01-01T00:00:23.680Z,complete,case87:frames128-592,Lack_Side_Table/0022_oak_floor_05_02_2019_08_19_15_44,18.560,128,592,464,"{""spin leg"":0.5577693490054587,""tighten leg"":0.26139132848414914,""align leg screw with table thread"":0.12159465783243549}",0.0467251076860803,0.012519557840764063,0.9407553353220434
87,pick up leg,1970-01-01T00:00:51.880Z,1970-01-01T00:00:54.480Z,complete,case87:frames1297-1362,Lack_Side_Table/0022_oak_floor_05_02_2019_08_19_15_44,2.600,1297,1362,65,"{""pick up leg"":0.6106414909546192,""align leg screw with table thread"":0.195496073193275,""flip table"":0.020964023637442063}",0.13128519998146937,0.04161321981487425,0.8271015877853363
87,spin leg,1970-01-01T00:00:54.480Z,1970-01-01T00:01:31.240Z,complete,case87:frames1362-2281,Lack_Side_Table/0022_oak_floor_05_02_2019_08_19_15_44,36.760,1362,2281,919,"{""spin leg"":0.8145381227151873,""align leg screw with table thread"":0.11614877717636356,""tighten leg"":0.013753051148277583}",0.029791238137051642,0.025768798387612632,0.9444399510398285
87,rotate table,1970-01-01T00:01:40.080Z,1970-01-01T00:01:43.240Z,complete,case87:frames2502-2581,Lack_Side_Table/0022_oak_floor_05_02_2019_08_19_15_44,3.160,2502,2581,79,"{""rotate table"":0.32284962140204965,""tighten leg"":0.17540316701029676,""spin leg"":0.17307354545197154}",0.15830418873059598,0.17036951503655906,0.671326333864318
87,align leg screw with table thread,1970-01-01T00:01:43.240Z,1970-01-01T00:01:46.360Z,complete,case87:frames2581-2659,Lack_Side_Table/0022_oak_floor_05_02_2019_08_19_15_44,3.120,2581,2659,78,"{""align leg screw with table thread"":0.4210134629542247,""pick up leg"":0.2762531166812644,""rotate table"":0.07784993711869995}",0.10037278569040772,0.12451065282235872,0.775116516754189
87,tighten leg,1970-01-01T00:01:46.360Z,1970-01-01T00:02:04.600Z,complete,case87:frames2659-3115,Lack_Side_Table/0022_oak_floor_05_02_2019_08_19_15_44,18.240,2659,3115,456,"{""tighten leg"":0.46981156307600414,""spin leg"":0.2636204720148,""align leg screw with table thread"":0.11373012470440906}",0.09183458648336104,0.0610032558645943,0.8471621597952131
87,rotate table,1970-01-01T00:02:29.120Z,1970-01-01T00:02:32.000Z,complete,case87:frames3728-3800,Lack_Side_Table/0022_oak_floor_05_02_2019_08_19_15_44,2.880,3728,3800,72,"{""rotate table"":0.3276725601301425,""tighten leg"":0.20938522003901502,""pick up leg"":0.1564900399082237}",0.13242150015301174,0.17403069232876023,0.6935478200773812
87,tighten leg,1970-01-01T00:02:32.000Z,1970-01-01T00:02:52.800Z,complete,case87:frames3800-4320,Lack_Side_Table/0022_oak_floor_05_02_2019_08_19_15_44,20.800,3800,4320,520,"{""tighten leg"":0.3051944725681096,""spin leg"":0.24149021552159236,""align leg screw with table thread"":0.20188147040227286}",0.1621347610767071,0.08929907208797581,0.7485661584919748
87,flip table,1970-01-01T00:03:36.720Z,1970-01-01T00:03:43.800Z,complete,case87:frames5418-5595,Lack_Side_Table/0022_oak_floor_05_02_2019_08_19_15_44,7.080,5418,5595,177,"{""flip table"":0.34242058014970717,""pick up shelf"":0.18839670168656836,""align leg screw with table thread"":0.09783923168391079}",0.20440277041562196,0.1669407374674314,0.6286565135201863
88,pick up side panel,1970-01-01T00:00:03.040Z,1970-01-01T00:00:06.040Z,complete,case88:frames76-151,Kallax_Shelf_Drawer/0006_oak_floor_05_02_2019_08_19_16_40,3.000,76,151,75,"{""pick up side panel"":0.5422202325363954,""pick up bottom panel"":0.10244134313737353,""other"":0.05293021624752631}",0.15581815699736276,0.14659003414586552,0.6975917919212953
88,align side panel holes with front panel dowels,1970-01-01T00:00:06.040Z,1970-01-01T00:00:11.360Z,complete,case88:frames151-284,Kallax_Shelf_Drawer/0006_oak_floor_05_02_2019_08_19_16_40,5.320,151,284,133,"{""align side panel holes with front panel dowels"":0.4533372242984019,""pick up side panel"":0.20107110331353165,""align leg screw with table thread"":0.18023547138038434}",0.054384512000514154,0.11097168816845014,0.8346437989923179
88,align leg screw with table thread,1970-01-01T00:00:11.360Z,1970-01-01T00:00:13.280Z,complete,case88:frames284-332,Kallax_Shelf_Drawer/0006_oak_floor_05_02_2019_08_19_16_40,1.920,284,332,48,"{""align leg screw with table thread"":0.2966822727272908,""spin leg"":0.28482527782519657,""attach drawer side panel"":0.1428474374115467}",0.148734034349521,0.1269110107217924,0.7243549879640341
88,pick up side panel,1970-01-01T00:00:13.400Z,1970-01-01T00:00:14.880Z,complete,case88:frames335-372,Kallax_Shelf_Drawer/0006_oak_floor_05_02_2019_08_19_16_40,1.480,335,372,37,"{""pick up side panel"":0.9195192877102543,""attach drawer side panel"":0.016101499207670223,""pick up bottom panel"":0.008305545059359959}",0.03258398980707736,0.023489679579923272,0.9439263319772845
88,align side panel holes with front panel dowels,1970-01-01T00:00:14.880Z,1970-01-01T00:00:18.360Z,complete,case88:frames372-459,Kallax_Shelf_Drawer/0006_oak_floor_05_02_2019_08_19_16_40,3.480,372,459,87,"{""align side panel holes with front panel dowels"":0.4881665776001996,""pick up side panel"":0.191792584302696,""attach drawer side panel"":0.1380798273355882}",0.07999917590755155,0.10196183360356689,0.8180389892384838
88,attach drawer side panel,1970-01-01T00:00:18.360Z,1970-01-01T00:00:22.040Z,complete,case88:frames459-551,Kallax_Shelf_Drawer/0006_oak_floor_05_02_2019_08_19_16_40,3.680,459,551,92,"{""attach drawer side panel"":0.3244148770893883,""pick up bottom panel"":0.26112504065563175,""align side panel holes with front panel dowels"":0.040580703368860944}",0.22510261169594267,0.14877672912283016,0.626120621113881
88,pick up bottom panel,1970-01-01T00:00:22.040Z,1970-01-01T00:00:24.760Z,complete,case88:frames551-619,Kallax_Shelf_Drawer/0006_oak_floor_05_02_2019_08_19_16_40,2.720,551,619,68,"{""pick up bottom panel"":0.5587553732535419,""flip table"":0.16945650306383064,""slide bottom of drawer"":0.031710545272182894}",0.16125568435938262,0.07882190499871282,0.7599224215895554
88,slide bottom of drawer,1970-01-01T00:00:24.760Z,1970-01-01T00:00:36.000Z,complete,case88:frames619-900,Kallax_Shelf_Drawer/0006_oak_floor_05_02_2019_08_19_16_40,11.240,619,900,281,"{""slide bottom of drawer"":0.9430122862029754,""pick up bottom panel"":0.020946839996663278,""other"":0.0035556252578478904}",0.025433739393724134,0.0070514845648629474,0.9675147514574866
88,slide bottom of drawer,1970-01-01T00:00:36.000Z,1970-01-01T00:00:37.760Z,complete,case88:frames900-944,Kallax_Shelf_Drawer/0006_oak_floor_05_02_2019_08_19_16_40,1.760,900,944,44,"{""slide bottom of drawer"":0.453163128007542,""pick up back panel"":0.36532189629294654,""attach drawer back panel"":0.038484622639688576}",0.09615033255382018,0.04688002397412303,0.8569696469401771
88,attach drawer back panel,1970-01-01T00:00:37.760Z,1970-01-01T00:00:44.760Z,complete,case88:frames944-1119,Kallax_Shelf_Drawer/0006_oak_floor_05_02_2019_08_19_16_40,7.000,944,1119,175,"{""attach drawer back panel"":0.26616735126291,""slide bottom of drawer"":0.25920896802629745,""align side panel holes with front panel dowels"":0.14819937195628882}",0.23992172479629517,0.08650257416547642,0.6735756912454963
88,pick up pin,1970-01-01T00:00:44.760Z,1970-01-01T00:00:46.680Z,complete,case88:frames1119-1167,Kallax_Shelf_Drawer/0006_oak_floor_05_02_2019_08_19_16_40,1.920,1119,1167,48,"{""pick up pin"":0.6443032999134933,""insert drawer pin"":0.21060400906329355,""attach drawer back panel"":0.005819473619339988}",0.11759189578394096,0.02168137598025174,0.8607267825961269
88,insert drawer pin,1970-01-01T00:00:46.680Z,1970-01-01T00:00:51.840Z,complete,case88:frames1167-1296,Kallax_Shelf_Drawer/0006_oak_floor_05_02_2019_08_19_16_40,5.160,1167,1296,129,"{""insert drawer pin"":0.4236781532739022,""attach drawer back panel"":0.21383609527779757,""align side panel holes with front panel dowels"":0.20864010551337933}",0.10144015569095463,0.05240547905623624,0.8461543540650791
88,flip table,1970-01-01T00:00:51.840Z,1970-01-01T00:00:57.280Z,complete,case88:frames1296-1432,Kallax_Shelf_Drawer/0006_oak_floor_05_02_2019_08_19_16_40,5.440,1296,1432,136,"{""flip table"":0.12695591055842884,""position the drawer right side up"":0.08863694982959286,""lay down bottom panel"":0.07726440439000726}",0.5342199013513678,0.1729228273197136,0.292857264778029
89,align leg screw with table thread,1970-01-01T00:00:02.800Z,1970-01-01T00:00:05.000Z,complete,case89:frames70-125,Kallax_Shelf_Drawer/0007_white_floor_08_04_2019_08_28_10_51,2.200,70,125,55,"{""align leg screw with table thread"":0.38800245557319035,""pick up shelf"":0.12780083248561078,""pick up side panel"":0.0018293011912398718}",0.15377429276704788,0.32859312680071645,0.5176325892500411
89,align leg screw with table thread,1970-01-01T00:00:05.000Z,1970-01-01T00:00:12.560Z,complete,case89:frames125-314,Kallax_Shelf_Drawer/0007_white_floor_08_04_2019_08_28_10_51,7.560,125,314,189,"{""align leg screw with table thread"":0.6046067624495773,""spin leg"":0.2223270561092745,""attach drawer side panel"":0.010611977634234502}",0.05554310492579899,0.10691110521322054,0.8375457961930863
89,pick up leg,1970-01-01T00:00:12.560Z,1970-01-01T00:00:14.400Z,complete,case89:frames314-360,Kallax_Shelf_Drawer/0007_white_floor_08_04_2019_08_28_10_51,1.840,314,360,46,"{""pick up leg"":0.4295696872084037,""align leg screw with table thread"":0.14644779718440512,""pick up side panel"":0.002476650617925612}",0.2009666056736656,0.22053925521952367,0.5784941350107344
89,align leg screw with table thread,1970-01-01T00:00:14.400Z,1970-01-01T00:00:18.040Z,complete,case89:frames360-451,Kallax_Shelf_Drawer/0007_white_floor_08_04_2019_08_28_10_51,3.640,360,451,91,"{""align leg screw with table thread"":0.5619082424666856,""pick up leg"":0.16683746170211625,""attach drawer side panel"":0.0009382053132547619}",0.1123002569426547,0.15801585270487567,0.7296839094820565
89,pick up leg,1970-01-01T00:00:18.040Z,1970-01-01T00:00:21.320Z,complete,case89:frames451-533,Kallax_Shelf_Drawer/0007_white_floor_08_04_2019_08_28_10_51,3.280,451,533,82,"{""pick up leg"":0.17891566073749124,""align leg screw with table thread"":0.1525959981287398,""pick up bottom panel"":0.00023362486544789224}",0.31518002926576427,0.35307465415519745,0.3317452837316789
89,spin leg,1970-01-01T00:00:21.320Z,1970-01-01T00:00:26.480Z,complete,case89:frames533-662,Kallax_Shelf_Drawer/0007_white_floor_08_04_2019_08_28_10_51,5.160,533,662,129,"{""spin leg"":0.43890000487020775,""align leg screw with table thread"":0.28343993205894796,""slide bottom of drawer"":0.000838630194365148}",0.12276751218840133,0.15405392078486937,0.7231785671235208
89,align leg screw with table thread,1970-01-01T00:00:26.480Z,1970-01-01T00:00:28.200Z,complete,case89:frames662-705,Kallax_Shelf_Drawer/0007_white_floor_08_04_2019_08_28_10_51,1.720,662,705,43,"{""align leg screw with table thread"":0.4379917216855426,""pick up leg"":0.10193127203126286,""pick up front panel"":9.279489279643438e-05}",0.20921157144529876,0.25077262490011104,0.540015788609602
89,spin leg,1970-01-01T00:00:28.200Z,1970-01-01T00:00:36.160Z,complete,case89:frames705-904,Kallax_Shelf_Drawer/0007_white_floor_08_04_2019_08_28_10_51,7.960,705,904,199,"{""spin leg"":0.5248724170141483,""align leg screw with table thread"":0.3308229470372799,""align side panel holes with front panel dowels"":0.011249699409882626}",0.08579137865173157,0.04726355714506349,0.8669450634613108
89,spin leg,1970-01-01T00:00:36.160Z,1970-01-01T00:00:39.360Z,complete,case89:frames904-984,Kallax_Shelf_Drawer/0007_white_floor_08_04_2019_08_28_10_51,3.200,904,984,80,"{""spin leg"":0.6557857155799866,""align leg screw with table thread"":0.24683911502361297,""pick up pin"":3.698366199387237e-05}",0.05970830544829368,0.037629802132107676,0.9026618142655934
89,align leg screw with table thread,1970-01-01T00:00:39.360Z,1970-01-01T00:00:42.720Z,complete,case89:frames984-1068,Kallax_Shelf_Drawer/0007_white_floor_08_04_2019_08_28_10_51,3.360,984,1068,84,"{""align leg screw with table thread"":0.6469376711618333,""spin leg"":0.2154352721713838,""insert drawer pin"":0.0006130752791207106}",0.07277630269527435,0.06423767940715612,0.8629860186123378
9,attach shelf to table,1970-01-01T00:00:00.000Z,1970-01-01T00:00:02.920Z,complete,case9:frames0-73,Lack_TV_Bench/0014_black_floor_08_04_2019_08_28_11_02,2.920,0,73,73,"{""attach shelf to table"":0.09092670839841235,""pick up shelf"":0.07927014178609194,""other"":0.0031313933623469854}",0.7017074619254021,0.12496427100407732,0.1733282435468513
9,pick up leg,1970-01-01T00:00:02.920Z,1970-01-01T00:00:05.440Z,complete,case9:frames73-136,Lack_TV_Bench/0014_black_floor_08_04_2019_08_28_11_02,2.520,73,136,63,"{""pick up leg"":0.3245074058335925,""align leg screw with table thread"":0.10422698783850859,""pick up shelf"":0.06608937349584368}",0.32529449179058983,0.17988173446838843,0.49482376716794474
9,pick up shelf,1970-01-01T00:00:05.440Z,1970-01-01T00:00:08.000Z,complete,case9:frames136-200,Lack_TV_Bench/0014_black_floor_08_04_2019_08_28_11_02,2.560,136,200,64,"{""pick up shelf"":0.30396910291165113,""pick up leg"":0.22985762357711792,""pick up table top"":0.0014660895831184462}",0.1649684887379408,0.299738695558176,0.5352928160718875
9,align leg screw with table thread,1970-01-01T00:00:08.000Z,1970-01-01T00:00:09.600Z,complete,case9:frames200-240,Lack_TV_Bench/0014_black_floor_08_04_2019_08_28_11_02,1.600,200,240,40,"{""align leg screw with table thread"":0.2878545135259628,""pick up leg"":0.20012195706367492,""lay down table top"":7.001462945481763e-05}",0.2237450361251831,0.2882084953817866,0.48804648521909255
9,align leg screw with table thread,1970-01-01T00:00:09.600Z,1970-01-01T00:00:11.280Z,complete,case9:frames240-282,Lack_TV_Bench/0014_black_floor_08_04_2019_08_28_11_02,1.680,240,282,42,"{""align leg screw with table thread"":0.2548507970003855,""spin leg"":0.11909245770601999,""pick up leg"":0.07617017662241346}",0.33139391030584064,0.21849261594900726,0.450113431328819
9,align leg screw with table thread,1970-01-01T00:00:11.280Z,1970-01-01T00:00:13.720Z,complete,case9:frames282-343,Lack_TV_Bench/0014_black_floor_08_04_2019_08_28_11_02,2.440,282,343,61,"{""align leg screw with table thread"":0.4500843047118578,""spin leg"":0.24588976507304144,""tighten leg"":0.05637906858178436}",0.1706021751780979,0.07704470850979313,0.7523531383666836
9,spin leg,1970-01-01T00:00:13.720Z,1970-01-01T00:00:19.680Z,complete,case9:frames343-492,Lack_TV_Bench/0014_black_floor_08_04_2019_08_28_11_02,5.960,343,492,149,"{""spin leg"":0.5517518132324987,""tighten leg"":0.16211148916474924,""align leg screw with table thread"":0.13823404048113214}",0.1261685878138414,0.021734084437331977,0.85209734287838
9,spin leg,1970-01-01T00:00:19.680Z,1970-01-01T00:00:25.720Z,complete,case9:frames492-643,Lack_TV_Bench/0014_black_floor_08_04_2019_08_28_11_02,6.040,492,643,151,"{""spin leg"":0.397792991546803,""align leg screw with table thread"":0.17633264497021175,""tighten leg"":0.16739299341370137}",0.15973180236405884,0.09874957618488045,0.7415186299307162
9,align leg screw with table thread,1970-01-01T00:00:25.720Z,1970-01-01T00:00:26.600Z,complete,case9:frames643-665,Lack_TV_Bench/0014_black_floor_08_04_2019_08_28_11_02,0.880,643,665,22,"{""align leg screw with table thread"":0.21770472621375864,""pick up shelf"":0.18004651970907368,""pick up leg"":0.10408953225917437}",0.244710196825591,0.25344898519198134,0.5018407781820067
9,spin leg,1970-01-01T00:00:26.600Z,1970-01-01T00:00:27.840Z,complete,case9:frames665-696,Lack_TV_Bench/0014_black_floor_08_04_2019_08_28_11_02,1.240,665,696,31,"{""spin leg"":0.40026434390775617,""tighten leg"":0.22092815981276573,""align leg screw with table thread"":0.1612748436389431}",0.17742477934206685,0.04010791339697101,0.782467347359465
9,spin leg,1970-01-01T00:00:27.840Z,1970-01-01T00:00:37.360Z,complete,case9:frames696-934,Lack_TV_Bench/0014_black_floor_08_04_2019_08_28_11_02,9.520,696,934,238,"{""spin leg"":0.5581803749777189,""tighten leg"":0.1705695645836722,""align leg screw with table thread"":0.10005853506697326}",0.12600130694253103,0.04519023144888561,0.8288084746283644
9,rotate table,1970-01-01T00:00:37.360Z,1970-01-01T00:00:40.800Z,complete,case9:frames934-1020,Lack_TV_Bench/0014_black_floor_08_04_2019_08_28_11_02,3.440,934,1020,86,"{""rotate table"":0.2228319248845151,""align leg screw with table thread"":0.1497029542576435,""pick up leg"":0.140026246565719}",0.16768994632848475,0.3197489182491239,0.5125611257078775
9,pick up leg,1970-01-01T00:00:40.800Z,1970-01-01T00:00:42.840Z,complete,case9:frames1020-1071,Lack_TV_Bench/0014_black_floor_08_04_2019_08_28_11_02,2.040,1020,1071,51,"{""pick up leg"":0.4944139134650137,""align leg screw with table thread"":0.10894390911448236,""rotate table"":0.06429608861970551}",0.193899869334464,0.13844623001962952,0.6676539111992015
9,align leg screw with table thread,1970-01-01T00:00:42.840Z,1970-01-01T00:00:44.560Z,complete,case9:frames1071-1114,Lack_TV_Bench/0014_black_floor_08_04_2019_08_28_11_02,1.720,1071,1114,43,"{""align leg screw with table thread"":0.442177297070969,""spin leg"":0.21617778589905695,""tighten leg"":0.11817077258168611}",0.10151927588984024,0.1219549073556093,0.776525855551712
9,spin leg,1970-01-01T00:00:44.560Z,1970-01-01T00:00:55.440Z,complete,case9:frames1114-1386,Lack_TV_Bench/0014_black_floor_08_04_2019_08_28_11_02,10.880,1114,1386,272,"{""spin leg"":0.5995448034475831,""align leg screw with table thread"":0.19128902103094494,""tighten leg"":0.07143314708681668}",0.081689373096999,0.05604366113456147,0.8622669715653447
9,pick up leg,1970-01-01T00:00:55.440Z,1970-01-01T00:00:57.000Z,complete,case9:frames1386-1425,Lack_TV_Bench/0014_black_floor_08_04_2019_08_28_11_02,1.560,1386,1425,39,"{""pick up leg"":0.2945692946131413,""tighten leg"":0.16430690922798255,""spin leg"":0.12274983888253188}",0.1741762251043931,0.2441977550276464,0.5816260427236557
9,spin leg,1970-01-01T00:00:57.000Z,1970-01-01T00:01:00.280Z,complete,case9:frames1425-1507,Lack_TV_Bench/0014_black_floor_08_04_2019_08_28_11_02,3.280,1425,1507,82,"{""spin leg"":0.5816851299165225,""align leg screw with table thread"":0.26039794014721385,""pick up leg"":0.06095421041657285}",0.04779265902754737,0.04917009040141667,0.9030372804803093
9,spin leg,1970-01-01T00:01:00.280Z,1970-01-01T00:01:10.320Z,complete,case9:frames1507-1758,Lack_TV_Bench/0014_black_floor_08_04_2019_08_28_11_02,10.040,1507,1758,251,"{""spin leg"":0.8842516919056258,""align leg screw with table thread"":0.0719590583793908,""tighten leg"":0.01235092831849755}",0.01765076954110685,0.013787554215342558,0.9685616786035142
9,align leg screw with table thread,1970-01-01T00:01:10.320Z,1970-01-01T00:01:15.080Z,complete,case9:frames1758-1877,Lack_TV_Bench/0014_black_floor_08_04_2019_08_28_11_02,4.760,1758,1877,119,"{""align leg screw with table thread"":0.1959770947945218,""pick up leg"":0.1818879050116579,""flip table"":0.15335241285692744}",0.17941076540145554,0.2893718166599553,0.5312174126631072
9,pick up leg,1970-01-01T00:01:15.080Z,1970-01-01T00:01:18.480Z,complete,case9:frames1877-1962,Lack_TV_Bench/0014_black_floor_08_04_2019_08_28_11_02,3.400,1877,1962,85,"{""pick up leg"":0.20045222394606646,""align leg screw with table thread"":0.07080748694784501,""pick up shelf"":0.057254080430549734}",0.5274088782422682,0.14407737343993798,0.32851379132446124
9,attach shelf to table,1970-01-01T00:01:18.480Z,1970-01-01T00:01:32.760Z,complete,case9:frames1962-2319,Lack_TV_Bench/0014_black_floor_08_04_2019_08_28_11_02,14.280,1962,2319,357,"{""attach shelf to table"":0.20523474386342766,""pick up shelf"":0.1606806191349668,""tighten leg"":0.14623594139924362}",0.2948069285277893,0.19304175055574463,0.512151304397638
9,pick up shelf,1970-01-01T00:01:32.760Z,1970-01-01T00:01:35.160Z,complete,case9:frames2319-2379,Lack_TV_Bench/0014_black_floor_08_04_2019_08_28_11_02,2.400,2319,2379,60,"{""pick up shelf"":0.36211201377057783,""attach shelf to table"":0.048516392288729546,""other"":0.0004257263174319329}",0.5598980327447255,0.029047860183297535,0.4110541323767393
90,align leg screw with table thread,1970-01-01T00:00:02.920Z,1970-01-01T00:00:07.000Z,complete,case90:frames73-175,Kallax_Shelf_Drawer/0006_oak_table_04_02_2019_08_20_12_04,4.080,73,175,102,"{""align leg screw with table thread"":0.4719259162215452,""spin leg"":0.10980743161852326,""attach drawer side panel"":0.0017403866679837937}",0.30266398191452026,0.11386227972116825,0.5834737345080523
90,pick up side panel,1970-01-01T00:00:07.000Z,1970-01-01T00:00:09.160Z,complete,case90:frames175-229,Kallax_Shelf_Drawer/0006_oak_table_04_02_2019_08_20_12_04,2.160,175,229,54,"{""pick up side panel"":0.31704720834386535,""pick up leg"":0.2316132211126387,""align leg screw with table thread"":0.010285781880763048}",0.4232046957369204,0.01784910933199452,0.5589462113372671
90,align side panel holes with front panel dowels,1970-01-01T00:00:09.160Z,1970-01-01T00:00:13.600Z,complete,case90:frames229-340,Kallax_Shelf_Drawer/0006_oak_table_04_02_2019_08_20_12_04,4.440,229,340,111,"{""align side panel holes with front panel dowels"":0.48286826693796897,""attach drawer side panel"":0.11492117287943492,""pick up side panel"":0.07837494932584935}",0.23812131167532088,0.08571432068436882,0.6761643891432532
90,pick up bottom panel,1970-01-01T00:00:13.600Z,1970-01-01T00:00:16.800Z,complete,case90:frames340-420,Kallax_Shelf_Drawer/0006_oak_table_04_02_2019_08_20_12_04,3.200,340,420,80,"{""pick up bottom panel"":0.5378257416188716,""other"":0.02690743645944167,""attach drawer side panel"":0.0092008413921576}",0.37991327941417696,0.04615274366661026,0.573934019470471
90,slide bottom of drawer,1970-01-01T00:00:16.800Z,1970-01-01T00:00:23.800Z,complete,case90:frames420-595,Kallax_Shelf_Drawer/0006_oak_table_04_02_2019_08_20_12_04,7.000,420,595,175,"{""slide bottom of drawer"":0.495757124915586,""pick up bottom panel"":0.0946625031637294,""other"":0.04072428857641561}",0.28971215043749127,0.07914393336907775,0.631143916655731
90,pick up back panel,1970-01-01T00:00:23.800Z,1970-01-01T00:00:26.320Z,complete,case90:frames595-658,Kallax_Shelf_Drawer/0006_oak_table_04_02_2019_08_20_12_04,2.520,595,658,63,"{""pick up back panel"":0.11533374055828077,""pick up side panel"":0.09444336751836263,""pick up shelf"":0.0156898087404284}",0.6901179346300307,0.08441517422629803,0.22546691681707182
90,attach drawer back panel,1970-01-01T00:00:26.320Z,1970-01-01T00:00:29.840Z,complete,case90:frames658-746,Kallax_Shelf_Drawer/0006_oak_table_04_02_2019_08_20_12_04,3.520,658,746,88,"{""attach drawer back panel"":0.45439830466850917,""pick up back panel"":0.13722507723353125,""align side panel holes with front panel dowels"":0.0682758756024255}",0.22154326262799176,0.1185574603329759,0.659899257504466
90,pick up pin,1970-01-01T00:00:32.880Z,1970-01-01T00:00:34.640Z,complete,case90:frames822-866,Kallax_Shelf_Drawer/0006_oak_table_04_02_2019_08_20_12_04,1.760,822,866,44,"{""pick up pin"":0.12439869351642714,""pick up leg"":0.026045616739958696,""insert drawer pin"":0.014533805787901987}",0.7712083567272533,0.06381352893301731,0.1649781160442878
90,insert drawer pin,1970-01-01T00:00:35.440Z,1970-01-01T00:00:37.080Z,complete,case90:frames886-927,Kallax_Shelf_Drawer/0006_oak_table_04_02_2019_08_20_12_04,1.640,886,927,41,"{""insert drawer pin"":0.5877536011905204,""pick up pin"":0.20312147860119983,""pick up shelf"":0.010699087731176761}",0.15758846990945863,0.040837407812105306,0.8015741675228971
90,pick up pin,1970-01-01T00:00:37.520Z,1970-01-01T00:00:38.720Z,complete,case90:frames938-968,Kallax_Shelf_Drawer/0006_oak_table_04_02_2019_08_20_12_04,1.200,938,968,30,"{""pick up pin"":0.4281366189320882,""insert drawer pin"":0.0942276249329249,""pick up leg"":0.01176303744626542}",0.4238923748334249,0.04198037098855518,0.5341272813112785
90,insert drawer pin,1970-01-01T00:00:38.720Z,1970-01-01T00:00:40.840Z,complete,case90:frames968-1021,Kallax_Shelf_Drawer/0006_oak_table_04_02_2019_08_20_12_04,2.120,968,1021,53,"{""insert drawer pin"":0.31319177598815484,""pick up pin"":0.05482174442061838,""flip table"":0.019172157600240887}",0.5378129943361822,0.07500133033127501,0.3871856780090141
90,position the drawer right side up,1970-01-01T00:00:41.480Z,1970-01-01T00:00:42.720Z,complete,case90:frames1037-1068,Kallax_Shelf_Drawer/0006_oak_table_04_02_2019_08_20_12_04,1.240,1037,1068,31,"{""position the drawer right side up"":0.25684897108904775,""flip table"":0.03774519054399383,""lay down bottom panel"":0.007514782955930117}",0.6161389427800332,0.08175214172424716,0.3021089445889717
91,pick up leg,1970-01-01T00:00:02.880Z,1970-01-01T00:00:08.840Z,complete,case91:frames72-221,Kallax_Shelf_Drawer/0040_oak_floor_08_04_2019_08_28_12_02,5.960,72,221,149,"{""pick up leg"":0.30104051860386893,""pick up shelf"":0.16179400354923817,""pick up front panel"":0.0002514287921593793}",0.1965979570710419,0.3403160892770399,0.4630859509452665
91,align leg screw with table thread,1970-01-01T00:00:09.040Z,1970-01-01T00:00:10.680Z,complete,case91:frames226-267,Kallax_Shelf_Drawer/0040_oak_floor_08_04_2019_08_28_12_02,1.640,226,267,41,"{""align leg screw with table thread"":0.38030371433351096,""pick up leg"":0.367369359586297,""pick up side panel"":0.002237755345271491}",0.1239578176925822,0.12613137114539222,0.7499108292650795
91,align leg screw with table thread,1970-01-01T00:00:13.560Z,1970-01-01T00:00:16.440Z,complete,case91:frames339-411,Kallax_Shelf_Drawer/0040_oak_floor_08_04_2019_08_28_12_02,2.880,339,411,72,"{""align leg screw with table thread"":0.4460344560858276,""pick up leg"":0.17160785074035326,""lay down front panel"":2.8402292050897257e-05}",0.08380215537423889,0.2985271085882196,0.6176707091182317
91,pick up leg,1970-01-01T00:00:16.440Z,1970-01-01T00:00:17.880Z,complete,case91:frames411-447,Kallax_Shelf_Drawer/0040_oak_floor_08_04_2019_08_28_12_02,1.440,411,447,36,"{""pick up leg"":0.5083293695416715,""align leg screw with table thread"":0.19204032669464746,""pick up back panel"":1.607553168822859e-05}",0.10751558436701696,0.19209863960077275,0.7003857717680072
91,align leg screw with table thread,1970-01-01T00:00:17.880Z,1970-01-01T00:00:19.960Z,complete,case91:frames447-499,Kallax_Shelf_Drawer/0040_oak_floor_08_04_2019_08_28_12_02,2.080,447,499,52,"{""align leg screw with table thread"":0.35810770753484505,""attach drawer side panel"":0.2575353973616774,""pick up side panel"":0.013417681052277867}",0.08204883738205983,0.28889032254744934,0.6290607859488004
91,attach drawer side panel,1970-01-01T00:00:25.080Z,1970-01-01T00:00:25.720Z,complete,case91:frames627-643,Kallax_Shelf_Drawer/0040_oak_floor_08_04_2019_08_28_12_02,0.640,627,643,16,"{""attach drawer side panel"":0.47448955522850156,""align leg screw with table thread"":0.26588117238134146,""lay down back panel"":4.619123785687407e-06}",0.0707712578587234,0.18885344031076556,0.7403753467336287
91,align leg screw with table thread,1970-01-01T00:00:26.120Z,1970-01-01T00:00:27.960Z,complete,case91:frames653-699,Kallax_Shelf_Drawer/0040_oak_floor_08_04_2019_08_28_12_02,1.840,653,699,46,"{""align leg screw with table thread"":0.5427791223577831,""attach drawer side panel"":0.13196633966720622,""pick up front panel"":9.392473293701187e-05}",0.10834032604875772,0.21682026042151892,0.6748393867579263
91,attach drawer side panel,1970-01-01T00:00:27.960Z,1970-01-01T00:00:31.080Z,complete,case91:frames699-777,Kallax_Shelf_Drawer/0040_oak_floor_08_04_2019_08_28_12_02,3.120,699,777,78,"{""attach drawer side panel"":0.3806346832559659,""spin leg"":0.21200497868733528,""align side panel holes with front panel dowels"":0.07877610442348015}",0.08408349570937645,0.24450072208942358,0.6714157663667814
91,align leg screw with table thread,1970-01-01T00:00:31.080Z,1970-01-01T00:00:34.360Z,complete,case91:frames777-859,Kallax_Shelf_Drawer/0040_oak_floor_08_04_2019_08_28_12_02,3.280,777,859,82,"{""align leg screw with table thread"":0.37626531429407073,""attach drawer side panel"":0.23461404497303615,""spin leg"":0.1282296405151123}",0.12728638401845607,0.13360463326763375,0.7391089997822192
91,spin leg,1970-01-01T00:00:34.360Z,1970-01-01T00:00:37.240Z,complete,case91:frames859-931,Kallax_Shelf_Drawer/0040_oak_floor_08_04_2019_08_28_12_02,2.880,859,931,72,"{""spin leg"":0.28235331270843744,""align leg screw with table thread"":0.16768170520663261,""pick up side panel"":0.018355219521456294}",0.24129928772648176,0.2903104903358426,0.46839023743652636
91,align leg screw with table thread,1970-01-01T00:00:37.240Z,1970-01-01T00:00:46.080Z,complete,case91:frames931-1152,Kallax_Shelf_Drawer/0040_oak_floor_08_04_2019_08_28_12_02,8.840,931,1152,221,"{""align leg screw with table thread"":0.4307063875964324,""spin leg"":0.2053571923960388,""align side panel holes with front panel dowels"":0.0036135266926898136}",0.17698076920272,0.18334212043519896,0.639677106685161
91,align leg screw with table thread,1970-01-01T00:00:46.080Z,1970-01-01T00:00:48.760Z,complete,case91:frames1152-1219,Kallax_Shelf_Drawer/0040_oak_floor_08_04_2019_08_28_12_02,2.680,1152,1219,67,"{""align leg screw with table thread"":0.5432523297729777,""spin leg"":0.12758835549674816,""attach drawer side panel"":0.00908694245310417}",0.14073858243315968,0.17933375857251377,0.67992762772283
91,spin leg,1970-01-01T00:00:48.760Z,1970-01-01T00:00:51.000Z,complete,case91:frames1219-1275,Kallax_Shelf_Drawer/0040_oak_floor_08_04_2019_08_28_12_02,2.240,1219,1275,56,"{""spin leg"":0.300489837835942,""align leg screw with table thread"":0.21316372549959592,""pick up side panel"":0.0014296187821725783}",0.14202860822635038,0.342888246324642,0.5150831821177105
91,attach drawer side panel,1970-01-01T00:00:53.280Z,1970-01-01T00:00:54.520Z,complete,case91:frames1332-1363,Kallax_Shelf_Drawer/0040_oak_floor_08_04_2019_08_28_12_02,1.240,1332,1363,31,"{""attach drawer side panel"":0.6182870922550079,""align leg screw with table thread"":0.2117418589731378,""pick up side panel"":0.005233977590837787}",0.047446160306853634,0.11729083611029519,0.8352629288189835
91,attach drawer side panel,1970-01-01T00:00:54.520Z,1970-01-01T00:00:55.120Z,complete,case91:frames1363-1378,Kallax_Shelf_Drawer/0040_oak_floor_08_04_2019_08_28_12_02,0.600,1363,1378,15,"{""attach drawer side panel"":0.7676608502864838,""align side panel holes with front panel dowels"":0.04853180522720019,""lay down side panel"":6.928392243329047e-06}",0.07834468732277552,0.10545577780591583,0.8161995839059274
91,align leg screw with table thread,1970-01-01T00:00:55.120Z,1970-01-01T00:00:59.240Z,complete,case91:frames1378-1481,Kallax_Shelf_Drawer/0040_oak_floor_08_04_2019_08_28_12_02,4.120,1378,1481,103,"{""align leg screw with table thread"":0.43651849262922715,""spin leg"":0.1803498382417901,""align side panel holes with front panel dowels"":0.010720266676869568}",0.16867354197554218,0.2037378553612097,0.6275885975478868
91,align leg screw with table thread,1970-01-01T00:00:59.240Z,1970-01-01T00:01:01.080Z,complete,case91:frames1481-1527,Kallax_Shelf_Drawer/0040_oak_floor_08_04_2019_08_28_12_02,1.840,1481,1527,46,"{""align leg screw with table thread"":0.5896831888543523,""spin leg"":0.11679500244233919,""attach drawer side panel"":0.03154750099486631}",0.12830780114492643,0.13366649064606592,0.7380256922915578
91,pick up side panel,1970-01-01T00:01:01.080Z,1970-01-01T00:01:02.960Z,complete,case91:frames1527-1574,Kallax_Shelf_Drawer/0040_oak_floor_08_04_2019_08_28_12_02,1.880,1527,1574,47,"{""pick up side panel"":0.4926359171563007,""attach drawer side panel"":0.06830979217874243,""pick up leg"":0.06486285037975362}",0.25774656077648733,0.1164448504528372,0.6258085597147967
91,attach drawer side panel,1970-01-01T00:01:02.960Z,1970-01-01T00:01:15.280Z,complete,case91:frames1574-1882,Kallax_Shelf_Drawer/0040_oak_floor_08_04_2019_08_28_12_02,12.320,1574,1882,308,"{""attach drawer side panel"":0.6832594328692981,""align side panel holes with front panel dowels"":0.04974125628057238,""align leg screw with table thread"":0.04012812183589324}",0.11570568588356693,0.11116550626795137,0.7731288109857637
91,attach drawer side panel,1970-01-01T00:01:15.280Z,1970-01-01T00:01:20.640Z,complete,case91:frames1882-2016,Kallax_Shelf_Drawer/0040_oak_floor_08_04_2019_08_28_12_02,5.360,1882,2016,134,"{""attach drawer side panel"":0.596146118285051,""spin leg"":0.06823848365847744,""attach shelf to table"":0.060965713593108}",0.12234754877081558,0.15230214419906546,0.7253503155366364
91,pick up side panel,1970-01-01T00:01:20.840Z,1970-01-01T00:01:21.880Z,complete,case91:frames2021-2047,Kallax_Shelf_Drawer/0040_oak_floor_08_04_2019_08_28_12_02,1.040,2021,2047,26,"{""pick up side panel"":0.4203375428915024,""attach drawer side panel"":0.10018176961546907,""pick up back panel"":0.01552203856408596}",0.30125064574755156,0.1627080193888315,0.5360413510710574
91,pick up shelf,1970-01-01T00:01:22.080Z,1970-01-01T00:01:24.120Z,complete,case91:frames2052-2103,Kallax_Shelf_Drawer/0040_oak_floor_08_04_2019_08_28_12_02,2.040,2052,2103,51,"{""pick up shelf"":0.35179555766722737,""pick up leg"":0.16217173635959625,""lay down back panel"":0.00011854934130978483}",0.3261629605994505,0.15975112368086533,0.5140858433681335
91,pick up leg,1970-01-01T00:01:24.120Z,1970-01-01T00:01:24.760Z,complete,case91:frames2103-2119,Kallax_Shelf_Drawer/0040_oak_floor_08_04_2019_08_28_12_02,0.640,2103,2119,16,"{""pick up leg"":0.1799046858213842,""flip table"":0.12509836675599217,""pick up bottom panel"":0.0010488666339369956}",0.40288669615983963,0.29106132112721284,0.30605191921131336
91,align leg screw with table thread,1970-01-01T00:01:26.000Z,1970-01-01T00:01:35.640Z,complete,case91:frames2150-2391,Kallax_Shelf_Drawer/0040_oak_floor_08_04_2019_08_28_12_02,9.640,2150,2391,241,"{""align leg screw with table thread"":0.22830253034149958,""attach drawer side panel"":0.19884249648365243,""slide bottom of drawer"":0.002989294209969916}",0.1832182630278263,0.3866474316069917,0.4301343210351219
91,align leg screw with table thread,1970-01-01T00:01:35.640Z,1970-01-01T00:01:37.080Z,complete,case91:frames2391-2427,Kallax_Shelf_Drawer/0040_oak_floor_08_04_2019_08_28_12_02,1.440,2391,2427,36,"{""align leg screw with table thread"":0.533546786962284,""spin leg"":0.0888314979771773,""pick up bottom panel"":0.0007251870844508327}",0.14555439166724682,0.23134213403199136,0.623103472023912
91,pick up shelf,1970-01-01T00:01:37.080Z,1970-01-01T00:01:37.920Z,complete,case91:frames2427-2448,Kallax_Shelf_Drawer/0040_oak_floor_08_04_2019_08_28_12_02,0.840,2427,2448,21,"{""pick up shelf"":0.4017926972536814,""tighten leg"":0.10554996558598109,""lay down bottom panel"":2.829604099609978e-05}",0.3215171183858599,0.17111196838565473,0.5073709588806585
91,attach drawer side panel,1970-01-01T00:01:37.920Z,1970-01-01T00:01:43.680Z,complete,case91:frames2448-2592,Kallax_Shelf_Drawer/0040_oak_floor_08_04_2019_08_28_12_02,5.760,2448,2592,144,"{""attach drawer side panel"":0.3657092841135131,""tighten leg"":0.14310619400607216,""other"":0.0009159418760747132}",0.28799863656361896,0.20226996482711,0.50973141999566
91,align leg screw with table thread,1970-01-01T00:01:43.680Z,1970-01-01T00:01:45.720Z,complete,case91:frames2592-2643,Kallax_Shelf_Drawer/0040_oak_floor_08_04_2019_08_28_12_02,2.040,2592,2643,51,"{""align leg screw with table thread"":0.1925704429546992,""attach drawer side panel"":0.14751711220471372,""pick up bottom panel"":0.1259805234714055}",0.36102919032176334,0.17290276377846953,0.46606807863081845
91,align leg screw with table thread,1970-01-01T00:01:45.720Z,1970-01-01T00:01:58.080Z,complete,case91:frames2643-2952,Kallax_Shelf_Drawer/0040_oak_floor_08_04_2019_08_28_12_02,12.360,2643,2952,309,"{""align leg screw with table thread"":0.32008702739542744,""spin leg"":0.17539480201369542,""slide bottom of drawer"":0.0015493992853681422}",0.16819009018465153,0.33477869455219794,0.497031228694491
91,pick up leg,1970-01-01T00:01:58.680Z,1970-01-01T00:02:00.320Z,complete,case91:frames2967-3008,Kallax_Shelf_Drawer/0040_oak_floor_08_04_2019_08_28_12_02,1.640,2967,3008,41,"{""pick up leg"":0.13418395962656998,""flip table top"":0.019799380585914704,""pick up back panel"":0.006674112161485161}",0.7711722719960097,0.06817033093195676,0.16065745237396986
91,tighten leg,1970-01-01T00:02:01.160Z,1970-01-01T00:02:25.840Z,complete,case91:frames3029-3646,Kallax_Shelf_Drawer/0040_oak_floor_08_04_2019_08_28_12_02,24.680,3029,3646,617,"{""tighten leg"":0.23478551807313722,""spin leg"":0.19263801570359854,""attach drawer back panel"":0.0024847492219135315}",0.20173184527763477,0.36835987339801324,0.4299082829986493
91,pick up shelf,1970-01-01T00:02:25.840Z,1970-01-01T00:02:28.520Z,complete,case91:frames3646-3713,Kallax_Shelf_Drawer/0040_oak_floor_08_04_2019_08_28_12_02,2.680,3646,3713,67,"{""pick up shelf"":0.46512244575059236,""pick up leg"":0.08758009175088868,""pick up pin"":0.0011657074948689386}",0.2432244193198076,0.20290728913141043,0.5538682449963499
91,align leg screw with table thread,1970-01-01T00:02:28.520Z,1970-01-01T00:02:37.360Z,complete,case91:frames3713-3934,Kallax_Shelf_Drawer/0040_oak_floor_08_04_2019_08_28_12_02,8.840,3713,3934,221,"{""align leg screw with table thread"":0.20410887899543095,""tighten leg"":0.1490653170045145,""insert drawer pin"":0.04616763768823}",0.22008661730257095,0.380571555191958,0.3993418336881755
91,pick up leg,1970-01-01T00:02:37.360Z,1970-01-01T00:02:41.480Z,complete,case91:frames3934-4037,Kallax_Shelf_Drawer/0040_oak_floor_08_04_2019_08_28_12_02,4.120,3934,4037,103,"{""pick up leg"":0.23616776288062044,""align leg screw with table thread"":0.17479077144299895,""position the drawer right side up"":0.00023957832448466486}",0.2291876355421196,0.35961424346375503,0.4111981126481041
92,pick up bottom panel,1970-01-01T00:00:02.720Z,1970-01-01T00:00:03.760Z,complete,case92:frames68-94,Kallax_Shelf_Drawer/0025_oak_floor_05_02_2019_08_19_17_21,1.040,68,94,26,"{""pick up bottom panel"":0.8485714288858267,""other"":0.017795567758954488,""pick up front panel"":0.0002683070944420671}",0.09287747633285247,0.040487221124979995,0.8666353037392233
92,other,1970-01-01T00:00:03.800Z,1970-01-01T00:00:04.920Z,complete,case92:frames95-123,Kallax_Shelf_Drawer/0025_oak_floor_05_02_2019_08_19_17_21,1.120,95,123,28,"{""other"":0.3361522064411214,""pick up bottom panel"":0.16203516029885837,""lay down front panel"":7.287898305159095e-05}",0.17000773891673557,0.33173207068962185,0.49826024572303135
92,align side panel holes with front panel dowels,1970-01-01T00:00:05.120Z,1970-01-01T00:00:06.960Z,complete,case92:frames128-174,Kallax_Shelf_Drawer/0025_oak_floor_05_02_2019_08_19_17_21,1.840,128,174,46,"{""align side panel holes with front panel dowels"":0.644634345303411,""pick up side panel"":0.1377713668929494,""attach drawer side panel"":0.10111873758875806}",0.08511943062362463,0.03135608539225418,0.8835244497851185
92,align side panel holes with front panel dowels,1970-01-01T00:00:07.000Z,1970-01-01T00:00:11.640Z,complete,case92:frames175-291,Kallax_Shelf_Drawer/0025_oak_floor_05_02_2019_08_19_17_21,4.640,175,291,116,"{""align side panel holes with front panel dowels"":0.9270783084733732,""attach drawer side panel"":0.06720241316562069,""pick up side panel"":0.0020418474400528417}",0.002985708506834083,0.0006917260243831314,0.9963225690790468
92,attach drawer side panel,1970-01-01T00:00:11.680Z,1970-01-01T00:00:12.720Z,complete,case92:frames292-318,Kallax_Shelf_Drawer/0025_oak_floor_05_02_2019_08_19_17_21,1.040,292,318,26,"{""attach drawer side panel"":0.8944978759838984,""align side panel holes with front panel dowels"":0.10247337932770069,""pick up side panel"":0.0008498384536673817}",0.0016675054704627166,0.0005113595277580228,0.9978210937652665
92,pick up side panel,1970-01-01T00:00:13.120Z,1970-01-01T00:00:14.280Z,complete,case92:frames328-357,Kallax_Shelf_Drawer/0025_oak_floor_05_02_2019_08_19_17_21,1.160,328,357,29,"{""pick up side panel"":0.5092360406857113,""attach drawer side panel"":0.20040570185038037,""align side panel holes with front panel dowels"":0.18340396020432997}",0.0686802623857712,0.038274051106452975,0.8930457027404217
92,align side panel holes with front panel dowels,1970-01-01T00:00:14.320Z,1970-01-01T00:00:16.280Z,complete,case92:frames358-407,Kallax_Shelf_Drawer/0025_oak_floor_05_02_2019_08_19_17_21,1.960,358,407,49,"{""align side panel holes with front panel dowels"":0.9746593638342254,""attach drawer side panel"":0.010326876229017365,""pick up side panel"":0.006693543838954778}",0.007421722512084002,0.0008984617769887626,0.9916797839021976
92,attach drawer side panel,1970-01-01T00:00:16.320Z,1970-01-01T00:00:18.320Z,complete,case92:frames408-458,Kallax_Shelf_Drawer/0025_oak_floor_05_02_2019_08_19_17_21,2.000,408,458,50,"{""attach drawer side panel"":0.6126446133852005,""align side panel holes with front panel dowels"":0.37263074450194833,""pick up bottom panel"":0.0024338788582826966}",0.010023467615246773,0.002267280091079442,0.9877092367454315
92,pick up bottom panel,1970-01-01T00:00:19.400Z,1970-01-01T00:00:21.720Z,complete,case92:frames485-543,Kallax_Shelf_Drawer/0025_oak_floor_05_02_2019_08_19_17_21,2.320,485,543,58,"{""pick up bottom panel"":0.3607806921775999,""slide bottom of drawer"":0.32691764601923784,""attach drawer side panel"":0.11073763260581723}",0.10924957342574308,0.09231445064511433,0.798435970802655
92,slide bottom of drawer,1970-01-01T00:00:21.760Z,1970-01-01T00:00:28.240Z,complete,case92:frames544-706,Kallax_Shelf_Drawer/0025_oak_floor_05_02_2019_08_19_17_21,6.480,544,706,162,"{""slide bottom of drawer"":0.9868728143197519,""align side panel holes with front panel dowels"":0.0009686059381720829,""spin leg"":0.0006939939231853243}",0.009622519214948019,0.0018420414560545329,0.9885354141811094
92,pick up back panel,1970-01-01T00:00:29.600Z,1970-01-01T00:00:31.280Z,complete,case92:frames740-782,Kallax_Shelf_Drawer/0025_oak_floor_05_02_2019_08_19_17_21,1.680,740,782,42,"{""pick up back panel"":0.47397774032184053,""pick up side panel"":0.13559247766222274,""other"":0.08129132796256315}",0.18364123148577555,0.12549722749660455,0.6908615459466264
92,attach drawer back panel,1970-01-01T00:00:32.000Z,1970-01-01T00:00:36.720Z,complete,case92:frames800-918,Kallax_Shelf_Drawer/0025_oak_floor_05_02_2019_08_19_17_21,4.720,800,918,118,"{""attach drawer back panel"":0.7822255441697977,""align side panel holes with front panel dowels"":0.06457944024922484,""slide bottom of drawer"":0.01826959862610546}",0.11821103146520712,0.016714412270861647,0.865074583045128
92,insert drawer pin,1970-01-01T00:00:40.440Z,1970-01-01T00:00:41.400Z,complete,case92:frames1011-1035,Kallax_Shelf_Drawer/0025_oak_floor_05_02_2019_08_19_17_21,0.960,1011,1035,24,"{""insert drawer pin"":0.7379038333892822,""pick up pin"":0.22997677008000514,""attach drawer back panel"":0.00047253391615716583}",0.029348322461980086,0.0022984622364197187,0.9683531373854446
92,insert drawer pin,1970-01-01T00:00:41.440Z,1970-01-01T00:00:43.080Z,complete,case92:frames1036-1077,Kallax_Shelf_Drawer/0025_oak_floor_05_02_2019_08_19_17_21,1.640,1036,1077,41,"{""insert drawer pin"":0.982277636120959,""pick up pin"":0.002335522874690047,""attach shelf to table"":0.0007049260553108846}",0.012953261594946792,0.0017286264315331556,0.98531808505096
92,pick up pin,1970-01-01T00:00:43.360Z,1970-01-01T00:00:44.320Z,complete,case92:frames1084-1108,Kallax_Shelf_Drawer/0025_oak_floor_05_02_2019_08_19_17_21,0.960,1084,1108,24,"{""pick up pin"":0.521826124827688,""insert drawer pin"":0.3799954156080882,""attach drawer back panel"":0.0017364339243310194}",0.08884632401168346,0.007595748711096917,0.9035579743601071
92,insert drawer pin,1970-01-01T00:00:45.000Z,1970-01-01T00:00:46.440Z,complete,case92:frames1125-1161,Kallax_Shelf_Drawer/0025_oak_floor_05_02_2019_08_19_17_21,1.440,1125,1161,36,"{""insert drawer pin"":0.9511042187611262,""pick up pin"":0.0017504324415414077,""attach shelf to table"":0.001613747978505368}",0.041277043469664126,0.004254615982315654,0.9544683991811729
92,position the drawer right side up,1970-01-01T00:00:52.440Z,1970-01-01T00:00:55.440Z,complete,case92:frames1311-1386,Kallax_Shelf_Drawer/0025_oak_floor_05_02_2019_08_19_17_21,3.000,1311,1386,75,"{""position the drawer right side up"":0.2943043659627438,""lay down bottom panel"":0.07067232513179382,""pick up pin"":0.060390049118335204}",0.4582526882489522,0.1163805716552732,0.4253667402128728
93,align leg screw with table thread,1970-01-01T00:00:02.600Z,1970-01-01T00:00:03.960Z,complete,case93:frames65-99,Kallax_Shelf_Drawer/0006_oak_floor_08_04_2019_08_28_12_10,1.360,65,99,34,"{""align leg screw with table thread"":0.30146583038217883,""pick up leg"":0.24334025739089532,""pick up front panel"":8.253562688931947e-06}",0.2846379008363275,0.17054778992755257,0.5448143413357631
93,align leg screw with table thread,1970-01-01T00:00:03.960Z,1970-01-01T00:00:05.040Z,complete,case93:frames99-126,Kallax_Shelf_Drawer/0006_oak_floor_08_04_2019_08_28_12_10,1.080,99,126,27,"{""align leg screw with table thread"":0.5189851732165726,""spin leg"":0.23536633451779684,""lay down front panel"":1.354555056170486e-06}",0.06839350942108366,0.17725359723386155,0.7543528622894256
93,spin leg,1970-01-01T00:00:05.040Z,1970-01-01T00:00:12.880Z,complete,case93:frames126-322,Kallax_Shelf_Drawer/0006_oak_floor_08_04_2019_08_28_12_10,7.840,126,322,196,"{""spin leg"":0.37812207852091106,""align leg screw with table thread"":0.35037636452791643,""pick up side panel"":0.00014518107803139304}",0.09310252284060935,0.17825388952612903,0.7286436241268589
93,align leg screw with table thread,1970-01-01T00:00:12.880Z,1970-01-01T00:00:13.560Z,complete,case93:frames322-339,Kallax_Shelf_Drawer/0006_oak_floor_08_04_2019_08_28_12_10,0.680,322,339,17,"{""align leg screw with table thread"":0.3270177087363075,""spin leg"":0.24514893573873184,""align side panel holes with front panel dowels"":0.0013208172064931953}",0.09549579550238217,0.3310167365565951,0.5734874616815325
93,spin leg,1970-01-01T00:00:13.560Z,1970-01-01T00:00:16.640Z,complete,case93:frames339-416,Kallax_Shelf_Drawer/0006_oak_floor_08_04_2019_08_28_12_10,3.080,339,416,77,"{""spin leg"":0.35651660352558284,""tighten leg"":0.19727214899930087,""attach drawer side panel"":0.01187368981727677}",0.1537138893232717,0.2806236333906593,0.5656624423421605
93,align leg screw with table thread,1970-01-01T00:00:16.640Z,1970-01-01T00:00:19.440Z,complete,case93:frames416-486,Kallax_Shelf_Drawer/0006_oak_floor_08_04_2019_08_28_12_10,2.800,416,486,70,"{""align leg screw with table thread"":0.40503924914768763,""spin leg"":0.2134872359888894,""pick up side panel"":0.000206658174075918}",0.1850910552910396,0.19617580241603444,0.618733143310653
93,spin leg,1970-01-01T00:00:19.440Z,1970-01-01T00:00:21.880Z,complete,case93:frames486-547,Kallax_Shelf_Drawer/0006_oak_floor_08_04_2019_08_28_12_10,2.440,486,547,61,"{""spin leg"":0.5673718491538626,""align leg screw with table thread"":0.19796642685522797,""align side panel holes with front panel dowels"":0.0007450203125013924}",0.08856717179544636,0.14534951212554698,0.7660832963215919
93,spin leg,1970-01-01T00:00:21.880Z,1970-01-01T00:00:24.680Z,complete,case93:frames547-617,Kallax_Shelf_Drawer/0006_oak_floor_08_04_2019_08_28_12_10,2.800,547,617,70,"{""spin leg"":0.4488880542772157,""tighten leg"":0.168283945262166,""attach drawer side panel"":0.002504709289600474}",0.1299758571599211,0.25034745389721974,0.6196767088289821
93,align leg screw with table thread,1970-01-01T00:00:24.680Z,1970-01-01T00:00:26.640Z,complete,case93:frames617-666,Kallax_Shelf_Drawer/0006_oak_floor_08_04_2019_08_28_12_10,1.960,617,666,49,"{""align leg screw with table thread"":0.20376268485370946,""tighten leg"":0.17302757647002534,""pick up bottom panel"":0.00019423009993892155}",0.17204710719536762,0.4509684064670032,0.37698449142367374
93,tighten leg,1970-01-01T00:00:26.640Z,1970-01-01T00:00:37.480Z,complete,case93:frames666-937,Kallax_Shelf_Drawer/0006_oak_floor_08_04_2019_08_28_12_10,10.840,666,937,271,"{""tighten leg"":0.5026543276776247,""spin leg"":0.2563617563775545,""slide bottom of drawer"":0.004369905597153996}",0.1546068220533348,0.08200717866817633,0.7633859896523332
93,tighten leg,1970-01-01T00:00:40.080Z,1970-01-01T00:01:01.680Z,complete,case93:frames1002-1542,Kallax_Shelf_Drawer/0006_oak_floor_08_04_2019_08_28_12_10,21.600,1002,1542,540,"{""tighten leg"":0.36468391652667415,""spin leg"":0.30986392895380654,""attach drawer back panel"":0.0010826964527411661}",0.16026152595877646,0.16410794188782302,0.6756305419332219
93,spin leg,1970-01-01T00:01:01.680Z,1970-01-01T00:01:02.560Z,complete,case93:frames1542-1564,Kallax_Shelf_Drawer/0006_oak_floor_08_04_2019_08_28_12_10,0.880,1542,1564,22,"{""spin leg"":0.526019654490731,""align leg screw with table thread"":0.16021913560954007,""pick up pin"":7.021441640311174e-05}",0.16274191574616867,0.15094905821900867,0.6863090045166741
93,spin leg,1970-01-01T00:01:02.560Z,1970-01-01T00:01:04.080Z,complete,case93:frames1564-1602,Kallax_Shelf_Drawer/0006_oak_floor_08_04_2019_08_28_12_10,1.520,1564,1602,38,"{""spin leg"":0.586034933203145,""align leg screw with table thread"":0.13594548325789602,""insert drawer pin"":0.00033354280075352445}",0.14238958766585902,0.135296457535189,0.7223139592617945
93,spin leg,1970-01-01T00:01:04.080Z,1970-01-01T00:01:05.160Z,complete,case93:frames1602-1629,Kallax_Shelf_Drawer/0006_oak_floor_08_04_2019_08_28_12_10,1.080,1602,1629,27,"{""spin leg"":0.245548685391744,""tighten leg"":0.1476886095824065,""pick up pin"":0.0001361118152595332}",0.2700680141095762,0.3365586013462902,0.39337340678941
93,spin leg,1970-01-01T00:01:05.160Z,1970-01-01T00:01:08.920Z,complete,case93:frames1629-1723,Kallax_Shelf_Drawer/0006_oak_floor_08_04_2019_08_28_12_10,3.760,1629,1723,94,"{""spin leg"":0.38164108611167746,""align leg screw with table thread"":0.20641535694928878,""insert drawer pin"":0.0006606282432256465}",0.20795559534367095,0.2033273206782088,0.5887170713041919
93,spin leg,1970-01-01T00:01:10.200Z,1970-01-01T00:01:13.480Z,complete,case93:frames1755-1837,Kallax_Shelf_Drawer/0006_oak_floor_08_04_2019_08_28_12_10,3.280,1755,1837,82,"{""spin leg"":0.26331150745291537,""align leg screw with table thread"":0.20814936998777273,""position the drawer right side up"":4.188552591630269e-05}",0.20075365428517505,0.3277435664732122,0.4715027629666044
94,pick up side panel,1970-01-01T00:00:02.560Z,1970-01-01T00:00:03.640Z,complete,case94:frames64-91,Kallax_Shelf_Drawer/0027_white_table_04_02_2019_08_20_10_52,1.080,64,91,27,"{""pick up side panel"":0.4464144397664953,""pick up leg"":0.10250019571847385,""push table top"":0.0396739100407878}",0.39837589528825545,0.01303557392281941,0.588588545525757
94,align side panel holes with front panel dowels,1970-01-01T00:00:03.680Z,1970-01-01T00:00:06.880Z,complete,case94:frames92-172,Kallax_Shelf_Drawer/0027_white_table_04_02_2019_08_20_10_52,3.200,92,172,80,"{""align side panel holes with front panel dowels"":0.7520127987954766,""align leg screw with table thread"":0.06277502953307704,""pick up side panel"":0.04651796466205269}",0.11871249787509441,0.019981703465265697,0.8613057929906063
94,align side panel holes with front panel dowels,1970-01-01T00:00:06.920Z,1970-01-01T00:00:08.320Z,complete,case94:frames173-208,Kallax_Shelf_Drawer/0027_white_table_04_02_2019_08_20_10_52,1.400,173,208,35,"{""align side panel holes with front panel dowels"":0.8758758868489946,""attach drawer side panel"":0.009038555116525718,""align leg screw with table thread"":0.00599778275936842}",0.0978102017726217,0.011277515074441774,0.8909122247248888
94,pick up side panel,1970-01-01T00:00:08.480Z,1970-01-01T00:00:09.600Z,complete,case94:frames212-240,Kallax_Shelf_Drawer/0027_white_table_04_02_2019_08_20_10_52,1.120,212,240,28,"{""pick up side panel"":0.41688690547432217,""pick up leg"":0.08922547461198908,""align leg screw with table thread"":0.025925554867301668}",0.4352044463157654,0.032757659426518364,0.5320379349536128
94,align side panel holes with front panel dowels,1970-01-01T00:00:09.640Z,1970-01-01T00:00:12.680Z,complete,case94:frames241-317,Kallax_Shelf_Drawer/0027_white_table_04_02_2019_08_20_10_52,3.040,241,317,76,"{""align side panel holes with front panel dowels"":0.7572192349716237,""attach drawer side panel"":0.04589708992525151,""pick up side panel"":0.03811589029225472}",0.12223374451461591,0.03653403568367214,0.8412322151891299
94,attach drawer side panel,1970-01-01T00:00:12.720Z,1970-01-01T00:00:14.040Z,complete,case94:frames318-351,Kallax_Shelf_Drawer/0027_white_table_04_02_2019_08_20_10_52,1.320,318,351,33,"{""attach drawer side panel"":0.8378490886904977,""align side panel holes with front panel dowels"":0.11798082359812477,""pick up side panel"":0.001520284176380797}",0.03821102066925078,0.0044387185958438494,0.9573501964650033
94,pick up bottom panel,1970-01-01T00:00:15.840Z,1970-01-01T00:00:17.320Z,complete,case94:frames396-433,Kallax_Shelf_Drawer/0027_white_table_04_02_2019_08_20_10_52,1.480,396,433,37,"{""pick up bottom panel"":0.15093479043728597,""pick up back panel"":0.08563090404306815,""pick up side panel"":0.07586669362924137}",0.6256141807581928,0.06195344255373227,0.3124323881095955
94,pick up bottom panel,1970-01-01T00:00:17.360Z,1970-01-01T00:00:17.880Z,complete,case94:frames434-447,Kallax_Shelf_Drawer/0027_white_table_04_02_2019_08_20_10_52,0.520,434,447,13,"{""pick up bottom panel"":0.3779977262020111,""slide bottom of drawer"":0.019229233264923096,""lay down back panel"":4.318973151384853e-05}",0.545924723148346,0.0568052680546316,0.39727014919844805
94,pick up bottom panel,1970-01-01T00:00:17.880Z,1970-01-01T00:00:20.280Z,complete,case94:frames447-507,Kallax_Shelf_Drawer/0027_white_table_04_02_2019_08_20_10_52,2.400,447,507,60,"{""pick up bottom panel"":0.8274891252319018,""rotate table"":0.005419173903646879,""pick up shelf"":0.0031980942709196824}",0.15445313329497973,0.009440500535768892,0.8361063934064683
94,slide bottom of drawer,1970-01-01T00:00:20.320Z,1970-01-01T00:00:29.480Z,complete,case94:frames508-737,Kallax_Shelf_Drawer/0027_white_table_04_02_2019_08_20_10_52,9.160,508,737,229,"{""slide bottom of drawer"":0.7334526142300671,""spin leg"":0.06559425623644763,""pick up bottom panel"":0.04815894355600919}",0.10448165595791746,0.0483125393271932,0.847205814022524
94,pick up back panel,1970-01-01T00:00:30.880Z,1970-01-01T00:00:32.280Z,complete,case94:frames772-807,Kallax_Shelf_Drawer/0027_white_table_04_02_2019_08_20_10_52,1.400,772,807,35,"{""pick up back panel"":0.37237527625901357,""pick up leg"":0.08882674420518534,""attach drawer back panel"":0.02678341099194118}",0.4584557465144566,0.053558820803281,0.4879854314561401
94,attach drawer back panel,1970-01-01T00:00:32.320Z,1970-01-01T00:00:33.200Z,complete,case94:frames808-830,Kallax_Shelf_Drawer/0027_white_table_04_02_2019_08_20_10_52,0.880,808,830,22,"{""attach drawer back panel"":0.37478411197662354,""pick up back panel"":0.17318666929548437,""other"":0.0004512195102341304}",0.30913120779124176,0.14244683775859812,0.548422000782342
94,align side panel holes with front panel dowels,1970-01-01T00:00:33.240Z,1970-01-01T00:00:43.080Z,complete,case94:frames831-1077,Kallax_Shelf_Drawer/0027_white_table_04_02_2019_08_20_10_52,9.840,831,1077,246,"{""align side panel holes with front panel dowels"":0.3702167148769992,""attach drawer back panel"":0.22635845567395046,""spin leg"":0.01671256918869004}",0.33524217704931897,0.051470068362562404,0.6132877397396397
94,attach drawer back panel,1970-01-01T00:00:49.240Z,1970-01-01T00:00:50.080Z,complete,case94:frames1231-1252,Kallax_Shelf_Drawer/0027_white_table_04_02_2019_08_20_10_52,0.840,1231,1252,21,"{""attach drawer back panel"":0.4128853252955845,""flip table"":0.029315494444398654,""pick up pin"":0.020083104304614522}",0.4218611745607285,0.11585494538979085,0.46228392404459767
94,attach drawer back panel,1970-01-01T00:00:50.120Z,1970-01-01T00:00:55.440Z,complete,case94:frames1253-1386,Kallax_Shelf_Drawer/0027_white_table_04_02_2019_08_20_10_52,5.320,1253,1386,133,"{""attach drawer back panel"":0.6536980930127596,""spin leg"":0.04927014703757333,""other"":0.001361030350654575}",0.17177327761524602,0.12389746535715958,0.7043292704009876
94,attach drawer back panel,1970-01-01T00:00:55.480Z,1970-01-01T00:00:58.240Z,complete,case94:frames1387-1456,Kallax_Shelf_Drawer/0027_white_table_04_02_2019_08_20_10_52,2.760,1387,1456,69,"{""attach drawer back panel"":0.6822408161301544,""align side panel holes with front panel dowels"":0.2377898297880007,""pick up back panel"":0.011244109150130247}",0.04798980672722277,0.020735447274386642,0.9312747550682854
94,attach drawer back panel,1970-01-01T00:00:58.280Z,1970-01-01T00:01:17.200Z,complete,case94:frames1457-1930,Kallax_Shelf_Drawer/0027_white_table_04_02_2019_08_20_10_52,18.920,1457,1930,473,"{""attach drawer back panel"":0.5845716558003022,""align side panel holes with front panel dowels"":0.16229779947446718,""other"":0.0007472171481520559}",0.1560933420131373,0.09628998597544147,0.7476166724229215
94,attach drawer back panel,1970-01-01T00:01:17.240Z,1970-01-01T00:01:24.280Z,complete,case94:frames1931-2107,Kallax_Shelf_Drawer/0027_white_table_04_02_2019_08_20_10_52,7.040,1931,2107,176,"{""attach drawer back panel"":0.49059816263616085,""align side panel holes with front panel dowels"":0.06140147809955207,""insert drawer pin"":0.023343176709948402}",0.3871066060171209,0.03755058902929613,0.5753428174456614
94,attach drawer back panel,1970-01-01T00:01:25.120Z,1970-01-01T00:01:26.600Z,complete,case94:frames2128-2165,Kallax_Shelf_Drawer/0027_white_table_04_02_2019_08_20_10_52,1.480,2128,2165,37,"{""attach drawer back panel"":0.8524411352905067,""align side panel holes with front panel dowels"":0.01689877884613501,""insert drawer pin"":0.005660692097719859}",0.1070360938036764,0.017963291164410547,0.8750006062343616
94,attach drawer back panel,1970-01-01T00:01:27.560Z,1970-01-01T00:01:28.440Z,complete,case94:frames2189-2211,Kallax_Shelf_Drawer/0027_white_table_04_02_2019_08_20_10_52,0.880,2189,2211,22,"{""attach drawer back panel"":0.9206877621737394,""pick up back panel"":0.017700263510712168,""pick up pin"":0.003049434329361909}",0.04808518002656373,0.010477364890091807,0.9414374600138135
94,attach drawer back panel,1970-01-01T00:01:28.480Z,1970-01-01T00:01:30.640Z,complete,case94:frames2212-2266,Kallax_Shelf_Drawer/0027_white_table_04_02_2019_08_20_10_52,2.160,2212,2266,54,"{""attach drawer back panel"":0.8868816561169095,""align side panel holes with front panel dowels"":0.009864959451887343,""insert drawer pin"":0.00257260060041315}",0.08637258410453796,0.014308222744611392,0.8993192161692101
94,flip table top,1970-01-01T00:01:31.280Z,1970-01-01T00:01:34.760Z,complete,case94:frames2282-2369,Kallax_Shelf_Drawer/0027_white_table_04_02_2019_08_20_10_52,3.480,2282,2369,87,"{""flip table top"":0.3017498744121785,""position the drawer right side up"":0.06142953582557625,""pick up shelf"":0.05090551995190567}",0.4140704397497506,0.17184463282524381,0.4140849301896604
95,pick up leg,1970-01-01T00:00:00.960Z,1970-01-01T00:00:02.920Z,complete,case95:frames24-73,Kallax_Shelf_Drawer/0031_white_table_04_02_2019_08_20_14_26,1.960,24,73,49,"{""pick up leg"":0.39324846681283443,""pick up side panel"":0.08403450381889825,""spin leg"":0.022645238245248188}",0.4590467327103323,0.04102508682765394,0.49992820887698086
95,align leg screw with table thread,1970-01-01T00:00:02.920Z,1970-01-01T00:00:11.920Z,complete,case95:frames73-298,Kallax_Shelf_Drawer/0031_white_table_04_02_2019_08_20_14_26,9.000,73,298,225,"{""align leg screw with table thread"":0.5300653936962286,""align side panel holes with front panel dowels"":0.10399924621813827,""pick up leg"":0.09396544612116284}",0.18270884162849851,0.08926105259775925,0.7280300860355298
95,attach drawer side panel,1970-01-01T00:00:11.920Z,1970-01-01T00:00:17.440Z,complete,case95:frames298-436,Kallax_Shelf_Drawer/0031_white_table_04_02_2019_08_20_14_26,5.520,298,436,138,"{""attach drawer side panel"":0.2650515459997974,""align leg screw with table thread"":0.25082035619171633,""spin leg"":0.19344455186628562}",0.19659076555483584,0.09409273931005856,0.7093164540577993
95,pick up leg,1970-01-01T00:00:17.440Z,1970-01-01T00:00:20.920Z,complete,case95:frames436-523,Kallax_Shelf_Drawer/0031_white_table_04_02_2019_08_20_14_26,3.480,436,523,87,"{""pick up leg"":0.3296823560677726,""rotate table"":0.06213521262016629,""pick up side panel"":0.0062627857684789375}",0.5057114575101042,0.09620818729025234,0.3980803544564178
95,align leg screw with table thread,1970-01-01T00:00:20.920Z,1970-01-01T00:00:25.480Z,complete,case95:frames523-637,Kallax_Shelf_Drawer/0031_white_table_04_02_2019_08_20_14_26,4.560,523,637,114,"{""align leg screw with table thread"":0.7002641903726678,""pick up leg"":0.05858007045626117,""align side panel holes with front panel dowels"":0.033923616919772734}",0.17355629507648318,0.033675833844078545,0.7927678777487017
95,align leg screw with table thread,1970-01-01T00:00:25.480Z,1970-01-01T00:00:28.520Z,complete,case95:frames637-713,Kallax_Shelf_Drawer/0031_white_table_04_02_2019_08_20_14_26,3.040,637,713,76,"{""align leg screw with table thread"":0.6172555579411748,""spin leg"":0.05601748254297203,""attach drawer side panel"":0.05056938712330425}",0.2311945111539803,0.044963041219235306,0.7238424276074511
95,pick up bottom panel,1970-01-01T00:00:28.520Z,1970-01-01T00:00:30.600Z,complete,case95:frames713-765,Kallax_Shelf_Drawer/0031_white_table_04_02_2019_08_20_14_26,2.080,713,765,52,"{""pick up bottom panel"":0.4011509972624481,""attach drawer side panel"":0.050467482808296785,""pick up back panel"":0.0007801962360994926}",0.47039722479306734,0.07720414169289312,0.4523986763068443
95,pick up bottom panel,1970-01-01T00:00:30.600Z,1970-01-01T00:00:34.640Z,complete,case95:frames765-866,Kallax_Shelf_Drawer/0031_white_table_04_02_2019_08_20_14_26,4.040,765,866,101,"{""pick up bottom panel"":0.11233148825271885,""align leg screw with table thread"":0.08633947525044332,""lay down back panel"":7.589561865397807e-07}",0.5694807348865094,0.23184753007029096,0.1986717224593487
95,pick up bottom panel,1970-01-01T00:00:34.640Z,1970-01-01T00:00:37.120Z,complete,case95:frames866-928,Kallax_Shelf_Drawer/0031_white_table_04_02_2019_08_20_14_26,2.480,866,928,62,"{""pick up bottom panel"":0.6934862290659258,""pick up shelf"":0.015226155572060135,""slide bottom of drawer"":0.00595550571057585}",0.263313562639298,0.022018501359747415,0.7146678903485618
95,slide bottom of drawer,1970-01-01T00:00:37.120Z,1970-01-01T00:01:09.680Z,complete,case95:frames928-1742,Kallax_Shelf_Drawer/0031_white_table_04_02_2019_08_20_14_26,32.560,928,1742,814,"{""slide bottom of drawer"":0.48897211926349116,""pick up bottom panel"":0.058263675460528415,""attach drawer side panel"":0.038787911849151334}",0.3047765122145341,0.10919979047989312,0.5860237065731709
95,pick up leg,1970-01-01T00:01:09.680Z,1970-01-01T00:01:12.160Z,complete,case95:frames1742-1804,Kallax_Shelf_Drawer/0031_white_table_04_02_2019_08_20_14_26,2.480,1742,1804,62,"{""pick up leg"":0.37574743185823245,""pick up back panel"":0.20661057904362679,""pick up side panel"":0.05267768162452886}",0.318895653370888,0.046068669232987865,0.6350356925263881
95,attach drawer back panel,1970-01-01T00:01:12.160Z,1970-01-01T00:01:33.360Z,complete,case95:frames1804-2334,Kallax_Shelf_Drawer/0031_white_table_04_02_2019_08_20_14_26,21.200,1804,2334,530,"{""attach drawer back panel"":0.5669348076126486,""insert drawer pin"":0.0624156984632927,""align leg screw with table thread"":0.059564146699542006}",0.1844737260127967,0.1266116349864303,0.6889146527754832
95,pick up pin,1970-01-01T00:01:33.360Z,1970-01-01T00:01:34.720Z,complete,case95:frames2334-2368,Kallax_Shelf_Drawer/0031_white_table_04_02_2019_08_20_14_26,1.360,2334,2368,34,"{""pick up pin"":0.3068198205831269,""insert drawer pin"":0.0829055811114171,""attach drawer back panel"":0.034962459522135114}",0.4529203001190634,0.12239177810286436,0.4246878612166791
95,insert drawer pin,1970-01-01T00:01:34.720Z,1970-01-01T00:01:37.240Z,complete,case95:frames2368-2431,Kallax_Shelf_Drawer/0031_white_table_04_02_2019_08_20_14_26,2.520,2368,2431,63,"{""insert drawer pin"":0.6068914376554035,""pick up pin"":0.027922015903251513,""pick up shelf"":0.00431146963854276}",0.3484309949572124,0.012444084020671656,0.6391249231971978
95,pick up pin,1970-01-01T00:01:37.240Z,1970-01-01T00:01:38.320Z,complete,case95:frames2431-2458,Kallax_Shelf_Drawer/0031_white_table_04_02_2019_08_20_14_26,1.080,2431,2458,27,"{""pick up pin"":0.49417330379839297,""insert drawer pin"":0.04556342241940675,""attach drawer back panel"":0.037711979640233845}",0.3623398851465296,0.06021131598690433,0.5774487058580335
95,attach drawer back panel,1970-01-01T00:01:38.320Z,1970-01-01T00:01:40.960Z,complete,case95:frames2458-2524,Kallax_Shelf_Drawer/0031_white_table_04_02_2019_08_20_14_26,2.640,2458,2524,66,"{""attach drawer back panel"":0.22398405891814918,""insert drawer pin"":0.20945745819445813,""pick up pin"":0.026055200533433395}",0.4705239570502079,0.06997930890870382,0.4594967176460407
95,position the drawer right side up,1970-01-01T00:01:40.960Z,1970-01-01T00:01:47.320Z,complete,case95:frames2524-2683,Kallax_Shelf_Drawer/0031_white_table_04_02_2019_08_20_14_26,6.360,2524,2683,159,"{""position the drawer right side up"":0.12532584559547263,""lay down bottom panel"":0.04227812371363881,""insert drawer pin"":0.01850071282255238}",0.7986502366245918,0.015245066871332837,0.18610468213166384
96,rotate table,1970-01-01T00:00:01.920Z,1970-01-01T00:00:03.920Z,complete,case96:frames48-98,Kallax_Shelf_Drawer/0024_black_table_04_02_2019_08_20_11_21,2.000,48,98,50,"{""rotate table"":0.06537752762436867,""flip table top"":0.030860735773458145,""other"":0.001747345756739378}",0.8542086672782898,0.04780571278906677,0.0979856091545662
96,pick up side panel,1970-01-01T00:00:03.920Z,1970-01-01T00:00:06.040Z,complete,case96:frames98-151,Kallax_Shelf_Drawer/0024_black_table_04_02_2019_08_20_11_21,2.120,98,151,53,"{""pick up side panel"":0.30158555427706746,""pick up leg"":0.28007193537920994,""align leg screw with table thread"":0.02413474656597553}",0.3532929589163582,0.04091481810873364,0.605792236222253
96,align side panel holes with front panel dowels,1970-01-01T00:00:08.200Z,1970-01-01T00:00:12.320Z,complete,case96:frames205-308,Kallax_Shelf_Drawer/0024_black_table_04_02_2019_08_20_11_21,4.120,205,308,103,"{""align side panel holes with front panel dowels"":0.4421818023784882,""attach drawer side panel"":0.2944330625152396,""align leg screw with table thread"":0.06019479376309126}",0.16845832012810755,0.03473203034684888,0.7968096586568191
96,pick up leg,1970-01-01T00:00:13.080Z,1970-01-01T00:00:14.760Z,complete,case96:frames327-369,Kallax_Shelf_Drawer/0024_black_table_04_02_2019_08_20_11_21,1.680,327,369,42,"{""pick up leg"":0.2570628760205138,""other"":0.051120896906858046,""pick up side panel"":0.03779851490010818}",0.5792576244899205,0.07476007213790176,0.34598228782748003
96,align side panel holes with front panel dowels,1970-01-01T00:00:19.240Z,1970-01-01T00:00:27.000Z,complete,case96:frames481-675,Kallax_Shelf_Drawer/0024_black_table_04_02_2019_08_20_11_21,7.760,481,675,194,"{""align side panel holes with front panel dowels"":0.4225662360219861,""align leg screw with table thread"":0.2166267546354649,""attach drawer side panel"":0.08430206157223888}",0.1806510429176473,0.0958539111308522,0.7234950522296899
96,pick up bottom panel,1970-01-01T00:00:27.840Z,1970-01-01T00:00:29.240Z,complete,case96:frames696-731,Kallax_Shelf_Drawer/0024_black_table_04_02_2019_08_20_11_21,1.400,696,731,35,"{""pick up bottom panel"":0.7608685408319745,""slide bottom of drawer"":0.00372843675182334,""pick up leg"":0.0011176311876624823}",0.23102052467209952,0.0032649016385050806,0.7657146087714604
96,slide bottom of drawer,1970-01-01T00:00:45.480Z,1970-01-01T00:00:53.560Z,complete,case96:frames1137-1339,Kallax_Shelf_Drawer/0024_black_table_04_02_2019_08_20_11_21,8.080,1137,1339,202,"{""slide bottom of drawer"":0.8484730367262913,""spin leg"":0.014279506228043522,""pick up bottom panel"":0.004986583522352676}",0.11550005687640445,0.016760805164090155,0.8677391264766875
96,pick up back panel,1970-01-01T00:00:56.560Z,1970-01-01T00:00:57.920Z,complete,case96:frames1414-1448,Kallax_Shelf_Drawer/0024_black_table_04_02_2019_08_20_11_21,1.360,1414,1448,34,"{""pick up back panel"":0.4693158949341844,""pick up bottom panel"":0.07315188970567439,""slide bottom of drawer"":0.01678149836987038}",0.41719136869206147,0.023559295132098246,0.5592492830097292
96,attach drawer back panel,1970-01-01T00:01:08.360Z,1970-01-01T00:01:11.640Z,complete,case96:frames1709-1791,Kallax_Shelf_Drawer/0024_black_table_04_02_2019_08_20_11_21,3.280,1709,1791,82,"{""attach drawer back panel"":0.8293950386890551,""spin leg"":0.005049830759739186,""pick up back panel"":0.00296366206234003}",0.1480985592778136,0.014492954516940033,0.8374085315111343
96,insert drawer pin,1970-01-01T00:01:11.960Z,1970-01-01T00:01:13.360Z,complete,case96:frames1799-1834,Kallax_Shelf_Drawer/0024_black_table_04_02_2019_08_20_11_21,1.400,1799,1834,35,"{""insert drawer pin"":0.17011978432669173,""attach drawer back panel"":0.10175877615277257,""pick up pin"":0.07245684415102005}",0.5228433200291225,0.13282127073673242,0.34433540463048434
96,insert drawer pin,1970-01-01T00:01:13.360Z,1970-01-01T00:01:14.720Z,complete,case96:frames1834-1868,Kallax_Shelf_Drawer/0024_black_table_04_02_2019_08_20_11_21,1.360,1834,1868,34,"{""insert drawer pin"":0.7587960081941941,""pick up pin"":0.060398198225918936,""attach shelf to table"":0.006001300561953993}",0.15124112542937784,0.023563413168691268,0.8251955069820671
96,insert drawer pin,1970-01-01T00:01:16.640Z,1970-01-01T00:01:18.000Z,complete,case96:frames1916-1950,Kallax_Shelf_Drawer/0024_black_table_04_02_2019_08_20_11_21,1.360,1916,1950,34,"{""insert drawer pin"":0.5129802139366374,""position the drawer right side up"":0.03541282202829333,""pick up pin"":0.013428481460055885}",0.4000627047875348,0.03811571328325204,0.5618215174249866
96,position the drawer right side up,1970-01-01T00:01:18.640Z,1970-01-01T00:01:20.480Z,complete,case96:frames1966-2012,Kallax_Shelf_Drawer/0024_black_table_04_02_2019_08_20_11_21,1.840,1966,2012,46,"{""position the drawer right side up"":0.2562014597883124,""lay down bottom panel"":0.05065178134195183,""flip table top"":0.018344732220018912}",0.6642933021421018,0.010508711760409193,0.3251979733502831
97,pick up side panel,1970-01-01T00:00:03.360Z,1970-01-01T00:00:04.240Z,complete,case97:frames84-106,Kallax_Shelf_Drawer/0022_white_floor_05_02_2019_08_19_15_58,0.880,84,106,22,"{""pick up side panel"":0.9635624777187001,""attach drawer side panel"":0.022585436320778998,""align side panel holes with front panel dowels"":0.004406181820244951}",0.008508101529018446,0.0009378761326684008,0.9905540958597241
97,attach drawer side panel,1970-01-01T00:00:04.240Z,1970-01-01T00:00:18.120Z,complete,case97:frames106-453,Kallax_Shelf_Drawer/0022_white_floor_05_02_2019_08_19_15_58,13.880,106,453,347,"{""attach drawer side panel"":0.8041535938851084,""pick up side panel"":0.11210765129207534,""align side panel holes with front panel dowels"":0.066348473709184}",0.012222227844428432,0.0051680289437394415,0.9826097188863677
97,pick up side panel,1970-01-01T00:00:18.120Z,1970-01-01T00:00:20.240Z,complete,case97:frames453-506,Kallax_Shelf_Drawer/0022_white_floor_05_02_2019_08_19_15_58,2.120,453,506,53,"{""pick up side panel"":0.6841097088917246,""align side panel holes with front panel dowels"":0.16335759560559998,""attach drawer side panel"":0.029830648019066396}",0.10267386683877909,0.020028151882953333,0.8772979525163911
97,attach drawer side panel,1970-01-01T00:00:20.240Z,1970-01-01T00:00:27.800Z,complete,case97:frames506-695,Kallax_Shelf_Drawer/0022_white_floor_05_02_2019_08_19_15_58,7.560,506,695,189,"{""attach drawer side panel"":0.3679161111198405,""align side panel holes with front panel dowels"":0.2977357161885482,""pick up side panel"":0.13735946878869698}",0.11178127065222099,0.0852074306080047,0.8030112960970857
97,pick up side panel,1970-01-01T00:00:27.800Z,1970-01-01T00:00:31.840Z,complete,case97:frames695-796,Kallax_Shelf_Drawer/0022_white_floor_05_02_2019_08_19_15_58,4.040,695,796,101,"{""pick up side panel"":0.27225925872969153,""attach drawer back panel"":0.2595312573432941,""pick up back panel"":0.033673879533711044}",0.2687556289947859,0.16577994059484027,0.5654643956066967
97,slide bottom of drawer,1970-01-01T00:00:33.280Z,1970-01-01T00:00:36.240Z,complete,case97:frames832-906,Kallax_Shelf_Drawer/0022_white_floor_05_02_2019_08_19_15_58,2.960,832,906,74,"{""slide bottom of drawer"":0.3857263785761756,""attach shelf to table"":0.15321011498973175,""pick up bottom panel"":0.10920332276853859}",0.3020429152089196,0.049817259959901404,0.648139816334446
97,slide bottom of drawer,1970-01-01T00:00:36.240Z,1970-01-01T00:00:53.320Z,complete,case97:frames906-1333,Kallax_Shelf_Drawer/0022_white_floor_05_02_2019_08_19_15_58,17.080,906,1333,427,"{""slide bottom of drawer"":0.68414826333453,""align side panel holes with front panel dowels"":0.13446215112950977,""attach drawer back panel"":0.028320833271946233}",0.11923014517411136,0.03383860232889848,0.846931247735986
97,pick up side panel,1970-01-01T00:00:54.400Z,1970-01-01T00:00:56.680Z,complete,case97:frames1360-1417,Kallax_Shelf_Drawer/0022_white_floor_05_02_2019_08_19_15_58,2.280,1360,1417,57,"{""pick up side panel"":0.1307473230061301,""pick up back panel"":0.12857247686438394,""attach drawer back panel"":0.10314207275708516}",0.45443908216660484,0.18309906437427442,0.36246187262759916
97,attach drawer back panel,1970-01-01T00:00:56.680Z,1970-01-01T00:01:35.400Z,complete,case97:frames1417-2385,Kallax_Shelf_Drawer/0022_white_floor_05_02_2019_08_19_15_58,38.720,1417,2385,968,"{""attach drawer back panel"":0.47925357114184985,""align side panel holes with front panel dowels"":0.23696216265670955,""insert drawer pin"":0.017104171620093072}",0.20536350949921392,0.06131658907539787,0.7333199054186524
97,pick up pin,1970-01-01T00:01:35.400Z,1970-01-01T00:01:43.680Z,complete,case97:frames2385-2592,Kallax_Shelf_Drawer/0022_white_floor_05_02_2019_08_19_15_58,8.280,2385,2592,207,"{""pick up pin"":0.28172004937783673,""attach drawer back panel"":0.18926155973891706,""insert drawer pin"":0.059288106750750885}",0.3690521943828334,0.10067810095793629,0.5302697158675047
97,attach drawer back panel,1970-01-01T00:01:43.680Z,1970-01-01T00:01:59.160Z,complete,case97:frames2592-2979,Kallax_Shelf_Drawer/0022_white_floor_05_02_2019_08_19_15_58,15.480,2592,2979,387,"{""attach drawer back panel"":0.33575971113176156,""insert drawer pin"":0.16154496845348862,""pick up pin"":0.06422558194387329}",0.38944774003607974,0.049021994031334275,0.5615302615291234
97,attach drawer back panel,1970-01-01T00:01:59.160Z,1970-01-01T00:02:12.880Z,complete,case97:frames2979-3322,Kallax_Shelf_Drawer/0022_white_floor_05_02_2019_08_19_15_58,13.720,2979,3322,343,"{""attach drawer back panel"":0.17239032831021284,""position the drawer right side up"":0.12793655481980978,""lay down bottom panel"":0.011066143229229067}",0.5374691104923671,0.15113785972573895,0.3113930263592517
98,pick up side panel,1970-01-01T00:00:02.160Z,1970-01-01T00:00:04.760Z,complete,case98:frames54-119,Kallax_Shelf_Drawer/0024_oak_floor_05_02_2019_08_19_17_07,2.600,54,119,65,"{""pick up side panel"":0.21796888934779698,""align leg screw with table thread"":0.16052208276501356,""pick up leg"":0.11153409737520494}",0.4062781830246632,0.10369679131902361,0.4900250694880155
98,align side panel holes with front panel dowels,1970-01-01T00:00:05.160Z,1970-01-01T00:00:08.320Z,complete,case98:frames129-208,Kallax_Shelf_Drawer/0024_oak_floor_05_02_2019_08_19_17_07,3.160,129,208,79,"{""align side panel holes with front panel dowels"":0.5500093849399422,""attach drawer side panel"":0.3702731404123427,""align leg screw with table thread"":0.04749081057461002}",0.01953833373381367,0.012688294219980044,0.967773335926895
98,align leg screw with table thread,1970-01-01T00:00:08.320Z,1970-01-01T00:00:10.040Z,complete,case98:frames208-251,Kallax_Shelf_Drawer/0024_oak_floor_05_02_2019_08_19_17_07,1.720,208,251,43,"{""align leg screw with table thread"":0.42545168898826424,""pick up leg"":0.16951686473086822,""pick up side panel"":0.04914980485688809}",0.08286027558321177,0.2730213358306548,0.6441183585760206
98,align side panel holes with front panel dowels,1970-01-01T00:00:10.040Z,1970-01-01T00:00:13.200Z,complete,case98:frames251-330,Kallax_Shelf_Drawer/0024_oak_floor_05_02_2019_08_19_17_07,3.160,251,330,79,"{""align side panel holes with front panel dowels"":0.6679429276080071,""align leg screw with table thread"":0.1621965918737122,""attach drawer side panel"":0.11375428623036493}",0.018979510881855517,0.037126700679187954,0.9438938057120843
98,pick up bottom panel,1970-01-01T00:00:17.520Z,1970-01-01T00:00:18.960Z,complete,case98:frames438-474,Kallax_Shelf_Drawer/0024_oak_floor_05_02_2019_08_19_17_07,1.440,438,474,36,"{""pick up bottom panel"":0.7481085062026978,""pick up side panel"":0.04299971260156275,""pick up shelf"":0.019721933553228155}",0.14153741010361248,0.04763243731762323,0.8108301523574887
98,slide bottom of drawer,1970-01-01T00:00:27.000Z,1970-01-01T00:00:28.880Z,complete,case98:frames675-722,Kallax_Shelf_Drawer/0024_oak_floor_05_02_2019_08_19_17_07,1.880,675,722,47,"{""slide bottom of drawer"":0.9867450074946627,""attach drawer side panel"":0.002548896846302012,""spin leg"":0.0015291080740775834}",0.006674648341821863,0.0025022700936718056,0.9908230124150422
98,slide bottom of drawer,1970-01-01T00:00:30.720Z,1970-01-01T00:00:35.320Z,complete,case98:frames768-883,Kallax_Shelf_Drawer/0024_oak_floor_05_02_2019_08_19_17_07,4.600,768,883,115,"{""slide bottom of drawer"":0.8577129267965969,""spin leg"":0.06616518931544345,""attach drawer side panel"":0.008635779846783565}",0.039504574757555255,0.027981505440353726,0.932513895958824
98,pick up side panel,1970-01-01T00:00:35.320Z,1970-01-01T00:00:37.760Z,complete,case98:frames883-944,Kallax_Shelf_Drawer/0024_oak_floor_05_02_2019_08_19_17_07,2.440,883,944,61,"{""pick up side panel"":0.16902201185976232,""align side panel holes with front panel dowels"":0.1467460358064988,""pick up front panel"":0.0019555203839072568}",0.1692349368431529,0.5130414437202128,0.3177235680501684
98,insert drawer pin,1970-01-01T00:00:46.560Z,1970-01-01T00:01:03.360Z,complete,case98:frames1164-1584,Kallax_Shelf_Drawer/0024_oak_floor_05_02_2019_08_19_17_07,16.800,1164,1584,420,"{""insert drawer pin"":0.2193690264331443,""attach drawer back panel"":0.17123504694152092,""align side panel holes with front panel dowels"":0.10098510670608708}",0.0971323930081867,0.4112784407067241,0.49158918008075225
98,pick up bottom panel,1970-01-01T00:01:03.360Z,1970-01-01T00:01:06.360Z,complete,case98:frames1584-1659,Kallax_Shelf_Drawer/0024_oak_floor_05_02_2019_08_19_17_07,3.000,1584,1659,75,"{""pick up bottom panel"":0.2637491714442149,""pick up pin"":0.14270089922550444,""insert drawer pin"":0.06968059207467983}",0.4522809584935506,0.0715884224814378,0.4761306627443992
98,insert drawer pin,1970-01-01T00:01:06.360Z,1970-01-01T00:01:12.960Z,complete,case98:frames1659-1824,Kallax_Shelf_Drawer/0024_oak_floor_05_02_2019_08_19_17_07,6.600,1659,1824,165,"{""insert drawer pin"":0.7711417407700509,""attach shelf to table"":0.1624733962090404,""spin leg"":0.006953035632261273}",0.04426714940504594,0.01516468798222618,0.9405681726113525
98,insert drawer pin,1970-01-01T00:01:24.040Z,1970-01-01T00:01:41.840Z,complete,case98:frames2101-2546,Kallax_Shelf_Drawer/0024_oak_floor_05_02_2019_08_19_17_07,17.800,2101,2546,445,"{""insert drawer pin"":0.27473473357654105,""attach drawer back panel"":0.2216711969250876,""align side panel holes with front panel dowels"":0.09317435441182906}",0.184269710487864,0.22615000593618817,0.5895802849134577
98,align leg screw with table thread,1970-01-01T00:01:41.840Z,1970-01-01T00:01:43.440Z,complete,case98:frames2546-2586,Kallax_Shelf_Drawer/0024_oak_floor_05_02_2019_08_19_17_07,1.600,2546,2586,40,"{""align leg screw with table thread"":0.2429736346937716,""insert drawer pin"":0.1292660105973482,""pick up pin"":0.039056600863114}",0.307368828356266,0.2813349196007564,0.4112962461542338
98,insert drawer pin,1970-01-01T00:01:43.440Z,1970-01-01T00:01:45.720Z,complete,case98:frames2586-2643,Kallax_Shelf_Drawer/0024_oak_floor_05_02_2019_08_19_17_07,2.280,2586,2643,57,"{""insert drawer pin"":0.6319665189897805,""attach shelf to table"":0.19730286339395925,""align leg screw with table thread"":0.03106531017182166}",0.060245088840785777,0.0794201362220765,0.8603346925555615
98,pick up pin,1970-01-01T00:01:45.720Z,1970-01-01T00:01:47.440Z,complete,case98:frames2643-2686,Kallax_Shelf_Drawer/0024_oak_floor_05_02_2019_08_19_17_07,1.720,2643,2686,43,"{""pick up pin"":0.30845819132099317,""align leg screw with table thread"":0.1664153593050879,""insert drawer pin"":0.09021174994318984}",0.19598587585050006,0.23892878839231646,0.5650853005692709
98,insert drawer pin,1970-01-01T00:01:47.440Z,1970-01-01T00:01:49.760Z,complete,case98:frames2686-2744,Kallax_Shelf_Drawer/0024_oak_floor_05_02_2019_08_19_17_07,2.320,2686,2744,58,"{""insert drawer pin"":0.25676242249279185,""align leg screw with table thread"":0.2256530271281071,""spin leg"":0.10073912926499956}",0.17795801419636298,0.23888738287381614,0.5831545788858985
99,pick up leg,1970-01-01T00:00:00.000Z,1970-01-01T00:00:02.560Z,complete,case99:frames0-64,Kallax_Shelf_Drawer/0023_black_table_04_02_2019_08_20_14_10,2.560,0,64,64,"{""pick up leg"":0.18494309158995748,""pick up shelf"":0.02609267458319664,""pick up front panel"":0.00825440992048243}",0.7015407830476761,0.07916903370960426,0.21929017609363655
99,pick up leg,1970-01-01T00:00:02.560Z,1970-01-01T00:00:06.720Z,complete,case99:frames64-168,Kallax_Shelf_Drawer/0023_black_table_04_02_2019_08_20_14_10,4.160,64,168,104,"{""pick up leg"":0.12969719493188536,""align leg screw with table thread"":0.11753901341356911,""lay down front panel"":4.951333232620177e-05}",0.7009220438507887,0.05179223412665836,0.24728572167778065
99,pick up side panel,1970-01-01T00:00:06.720Z,1970-01-01T00:00:11.200Z,complete,case99:frames168-280,Kallax_Shelf_Drawer/0023_black_table_04_02_2019_08_20_14_10,4.480,168,280,112,"{""pick up side panel"":0.16208014697102563,""other"":0.055427037045384556,""align leg screw with table thread"":0.028743101757884557}",0.6844247281551361,0.06932495528989642,0.24625028577429472
99,align leg screw with table thread,1970-01-01T00:00:11.200Z,1970-01-01T00:00:14.600Z,complete,case99:frames280-365,Kallax_Shelf_Drawer/0023_black_table_04_02_2019_08_20_14_10,3.400,280,365,85,"{""align leg screw with table thread"":0.3880381828283562,""spin leg"":0.32828453349716524,""attach drawer side panel"":0.0012609500657109654}",0.24048537296407363,0.04193094022809747,0.7175836663912324
99,pick up leg,1970-01-01T00:00:14.600Z,1970-01-01T00:00:17.160Z,complete,case99:frames365-429,Kallax_Shelf_Drawer/0023_black_table_04_02_2019_08_20_14_10,2.560,365,429,64,"{""pick up leg"":0.16834930914046708,""align leg screw with table thread"":0.13237247637152905,""pick up side panel"":0.034682856774452375}",0.5432465043850243,0.12134884051731265,0.3354046422864485
99,align leg screw with table thread,1970-01-01T00:00:17.160Z,1970-01-01T00:00:21.400Z,complete,case99:frames429-535,Kallax_Shelf_Drawer/0023_black_table_04_02_2019_08_20_14_10,4.240,429,535,106,"{""align leg screw with table thread"":0.5140205496605837,""spin leg"":0.15078193729497352,""attach drawer side panel"":0.04266025125980377}",0.26119386699964414,0.03134344577545922,0.7074627382153611
99,pick up bottom panel,1970-01-01T00:00:21.400Z,1970-01-01T00:00:25.360Z,complete,case99:frames535-634,Kallax_Shelf_Drawer/0023_black_table_04_02_2019_08_20_14_10,3.960,535,634,99,"{""pick up bottom panel"":0.18295692116541865,""attach drawer side panel"":0.04828836183731604,""slide bottom of drawer"":0.01136035866349832}",0.7216445367143611,0.035749809038584095,0.242605641666233
99,slide bottom of drawer,1970-01-01T00:00:25.360Z,1970-01-01T00:00:35.000Z,complete,case99:frames634-875,Kallax_Shelf_Drawer/0023_black_table_04_02_2019_08_20_14_10,9.640,634,875,241,"{""slide bottom of drawer"":0.7390036987700148,""spin leg"":0.10664274190316804,""pick up bottom panel"":0.017584927488771496}",0.12444595899819338,0.012322686293711997,0.8632313681619543
99,pick up back panel,1970-01-01T00:00:35.000Z,1970-01-01T00:00:37.040Z,complete,case99:frames875-926,Kallax_Shelf_Drawer/0023_black_table_04_02_2019_08_20_14_10,2.040,875,926,51,"{""pick up back panel"":0.47022053818608245,""slide bottom of drawer"":0.037245207171722805,""pick up shelf"":0.005659560099422165}",0.46115056089326445,0.02572418889200511,0.5131253054572275
99,attach drawer back panel,1970-01-01T00:00:37.040Z,1970-01-01T00:00:40.800Z,complete,case99:frames926-1020,Kallax_Shelf_Drawer/0023_black_table_04_02_2019_08_20_14_10,3.760,926,1020,94,"{""attach drawer back panel"":0.5661072062645504,""pick up back panel"":0.13131709493934474,""spin leg"":0.09448365636288802}",0.15119459908059302,0.0568974372693876,0.7919079575667831
99,pick up pin,1970-01-01T00:00:40.800Z,1970-01-01T00:00:43.720Z,complete,case99:frames1020-1093,Kallax_Shelf_Drawer/0023_black_table_04_02_2019_08_20_14_10,2.920,1020,1093,73,"{""pick up pin"":0.34459296994753286,""insert drawer pin"":0.09629981809180893,""attach drawer back panel"":0.03451515155946453}",0.4717429768141002,0.052849094106349706,0.47540793959880634
99,insert drawer pin,1970-01-01T00:00:43.720Z,1970-01-01T00:00:45.520Z,complete,case99:frames1093-1138,Kallax_Shelf_Drawer/0023_black_table_04_02_2019_08_20_14_10,1.800,1093,1138,45,"{""insert drawer pin"":0.46556219458580017,""pick up pin"":0.12067965103520287,""spin leg"":0.021600851168235142}",0.3552804195218616,0.0368768810188663,0.6078426967892382
99,pick up pin,1970-01-01T00:00:45.520Z,1970-01-01T00:00:46.960Z,complete,case99:frames1138-1174,Kallax_Shelf_Drawer/0023_black_table_04_02_2019_08_20_14_10,1.440,1138,1174,36,"{""pick up pin"":0.18446964108281666,""insert drawer pin"":0.06207061724530326,""pick up back panel"":0.05191263802892839}",0.622944113281038,0.07860295869004913,0.2984528963570483
99,insert drawer pin,1970-01-01T00:00:46.960Z,1970-01-01T00:00:50.640Z,complete,case99:frames1174-1266,Kallax_Shelf_Drawer/0023_black_table_04_02_2019_08_20_14_10,3.680,1174,1266,92,"{""insert drawer pin"":0.5181189346248689,""pick up pin"":0.24027338374972992,""spin leg"":0.011600476325206135}",0.21342590127302252,0.016581263903427287,0.769992794699805
99,flip table,1970-01-01T00:00:50.640Z,1970-01-01T00:00:55.960Z,complete,case99:frames1266-1399,Kallax_Shelf_Drawer/0023_black_table_04_02_2019_08_20_14_10,5.320,1266,1399,133,"{""flip table"":0.05204870958665484,""position the drawer right side up"":0.028342363309059152,""lay down bottom panel"":0.0207689302969948}",0.825409291830278,0.07343068903374718,0.10116000319270879
99,rotate table,1970-01-01T00:00:55.960Z,1970-01-01T00:01:00.440Z,complete,case99:frames1399-1511,Kallax_Shelf_Drawer/0023_black_table_04_02_2019_08_20_14_10,4.480,1399,1511,112,"{""rotate table"":0.4622318746692794,""flip table"":0.04339916380454919,""other"":0.001571906786661462}",0.4471694848367146,0.045627553281300776,0.50720294526049
