job,condition,method,execution_index,component,case_ids,cases,status,reason,has_feasible_selection,candidate_count,participating_sources,interface_variables,objective,lower_bound,lower_bound_kind,upper_bound,upper_bound_kind,relative_gap,visited_nodes,optimization_requests,source_calls,central_solver_calls,z3_checks
central_C58,seed0_K1_C58,central,1,component:0:0,0|91,2,optimal,exact_bound_equality,True,168,1,0,191915668336959341/6250000000000000,191915668336959341/6250000000000000,finite,191915668336959341/6250000000000000,finite,0,0,0,0,1,1
central_C58,seed0_K1_C58,central,2,component:0:1,1|108,2,optimal,exact_bound_equality,True,87,1,0,1194964119803607939/100000000000000000,1194964119803607939/100000000000000000,finite,1194964119803607939/100000000000000000,finite,0,0,0,0,1,1
central_C58,seed0_K1_C58,central,3,component:0:10,10|43,2,optimal,exact_bound_equality,True,120,1,0,2501788477815028337/100000000000000000,2501788477815028337/100000000000000000,finite,2501788477815028337/100000000000000000,finite,0,0,0,0,1,1
central_C58,seed0_K1_C58,central,4,component:0:100,100|97,2,optimal,exact_bound_equality,True,87,1,0,6903701098911852043/500000000000000000,6903701098911852043/500000000000000000,finite,6903701098911852043/500000000000000000,finite,0,0,0,0,1,1
central_C58,seed0_K1_C58,central,5,component:0:101,101|67,2,optimal,exact_bound_equality,True,69,1,0,731554210753388721/50000000000000000,731554210753388721/50000000000000000,finite,731554210753388721/50000000000000000,finite,0,0,0,0,1,1
central_C58,seed0_K1_C58,central,6,component:0:102,102|23,2,optimal,exact_bound_equality,True,84,1,0,932207681630733821/50000000000000000,932207681630733821/50000000000000000,finite,932207681630733821/50000000000000000,finite,0,0,0,0,1,1
central_C58,seed0_K1_C58,central,7,component:0:103,103|115,2,optimal,exact_bound_equality,True,105,1,0,735546904230590603/50000000000000000,735546904230590603/50000000000000000,finite,735546904230590603/50000000000000000,finite,0,0,0,0,1,1
central_C58,seed0_K1_C58,central,8,component:0:104,104|63,2,optimal,exact_bound_equality,True,78,1,0,1339762968792810717/100000000000000000,1339762968792810717/100000000000000000,finite,1339762968792810717/100000000000000000,finite,0,0,0,0,1,1
central_C58,seed0_K1_C58,central,9,component:0:105,105|27,2,optimal,exact_bound_equality,True,93,1,0,2044191887374763051/100000000000000000,2044191887374763051/100000000000000000,finite,2044191887374763051/100000000000000000,finite,0,0,0,0,1,1
central_C58,seed0_K1_C58,central,10,component:0:106,106|80,2,optimal,exact_bound_equality,True,102,1,0,408366564736439543/20000000000000000,408366564736439543/20000000000000000,finite,408366564736439543/20000000000000000,finite,0,0,0,0,1,1
central_C58,seed0_K1_C58,central,11,component:0:107,107|15,2,optimal,exact_bound_equality,True,96,1,0,2933150409040738487/200000000000000000,2933150409040738487/200000000000000000,finite,2933150409040738487/200000000000000000,finite,0,0,0,0,1,1
central_C58,seed0_K1_C58,central,12,component:0:109,109|66,2,optimal,exact_bound_equality,True,87,1,0,307792484108962051/20000000000000000,307792484108962051/20000000000000000,finite,307792484108962051/20000000000000000,finite,0,0,0,0,1,1
central_C58,seed0_K1_C58,central,13,component:0:11,11|8,2,optimal,exact_bound_equality,True,87,1,0,709385754118469683/50000000000000000,709385754118469683/50000000000000000,finite,709385754118469683/50000000000000000,finite,0,0,0,0,1,1
central_C58,seed0_K1_C58,central,14,component:0:110,110|111,2,optimal,exact_bound_equality,True,87,1,0,1180483718904466539/100000000000000000,1180483718904466539/100000000000000000,finite,1180483718904466539/100000000000000000,finite,0,0,0,0,1,1
central_C58,seed0_K1_C58,central,15,component:0:112,112|48,2,optimal,exact_bound_equality,True,66,1,0,452812402672023153/50000000000000000,452812402672023153/50000000000000000,finite,452812402672023153/50000000000000000,finite,0,0,0,0,1,1
central_C58,seed0_K1_C58,central,16,component:0:113,113|26,2,optimal,exact_bound_equality,True,123,1,0,219684287280103671/10000000000000000,219684287280103671/10000000000000000,finite,219684287280103671/10000000000000000,finite,0,0,0,0,1,1
central_C58,seed0_K1_C58,central,17,component:0:114,114|29,2,optimal,exact_bound_equality,True,108,1,0,84030239719796073/6250000000000000,84030239719796073/6250000000000000,finite,84030239719796073/6250000000000000,finite,0,0,0,0,1,1
central_C58,seed0_K1_C58,central,18,component:0:116,116|68,2,optimal,exact_bound_equality,True,72,1,0,185537008525313101/12500000000000000,185537008525313101/12500000000000000,finite,185537008525313101/12500000000000000,finite,0,0,0,0,1,1
central_C58,seed0_K1_C58,central,19,component:0:12,12|4,2,optimal,exact_bound_equality,True,96,1,0,104020750344918359/5000000000000000,104020750344918359/5000000000000000,finite,104020750344918359/5000000000000000,finite,0,0,0,0,1,1
central_C58,seed0_K1_C58,central,20,component:0:13,13|6,2,optimal,exact_bound_equality,True,93,1,0,207744203862216523/10000000000000000,207744203862216523/10000000000000000,finite,207744203862216523/10000000000000000,finite,0,0,0,0,1,1
central_C58,seed0_K1_C58,central,21,component:0:14,14|60,2,optimal,exact_bound_equality,True,96,1,0,3563266941761400107/200000000000000000,3563266941761400107/200000000000000000,finite,3563266941761400107/200000000000000000,finite,0,0,0,0,1,1
central_C58,seed0_K1_C58,central,22,component:0:16,16|20,2,optimal,exact_bound_equality,True,87,1,0,438967108226590531/25000000000000000,438967108226590531/25000000000000000,finite,438967108226590531/25000000000000000,finite,0,0,0,0,1,1
central_C58,seed0_K1_C58,central,23,component:0:17,17|58,2,optimal,exact_bound_equality,True,108,1,0,268985092823620499/12500000000000000,268985092823620499/12500000000000000,finite,268985092823620499/12500000000000000,finite,0,0,0,0,1,1
central_C58,seed0_K1_C58,central,24,component:0:18,18|52,2,optimal,exact_bound_equality,True,111,1,0,147986265187978957/10000000000000000,147986265187978957/10000000000000000,finite,147986265187978957/10000000000000000,finite,0,0,0,0,1,1
central_C58,seed0_K1_C58,central,25,component:0:19,19|95,2,optimal,exact_bound_equality,True,105,1,0,1949036259080965731/100000000000000000,1949036259080965731/100000000000000000,finite,1949036259080965731/100000000000000000,finite,0,0,0,0,1,1
central_C58,seed0_K1_C58,central,26,component:0:2,2|47,2,optimal,exact_bound_equality,True,111,1,0,308519250648364091/12500000000000000,308519250648364091/12500000000000000,finite,308519250648364091/12500000000000000,finite,0,0,0,0,1,1
central_C58,seed0_K1_C58,central,27,component:0:21,21|35,2,optimal,exact_bound_equality,True,105,1,0,1118984920756399393/50000000000000000,1118984920756399393/50000000000000000,finite,1118984920756399393/50000000000000000,finite,0,0,0,0,1,1
central_C58,seed0_K1_C58,central,28,component:0:22,22|56,2,optimal,exact_bound_equality,True,93,1,0,1049193507943915053/50000000000000000,1049193507943915053/50000000000000000,finite,1049193507943915053/50000000000000000,finite,0,0,0,0,1,1
central_C58,seed0_K1_C58,central,29,component:0:24,24|96,2,optimal,exact_bound_equality,True,96,1,0,895982926512525637/50000000000000000,895982926512525637/50000000000000000,finite,895982926512525637/50000000000000000,finite,0,0,0,0,1,1
central_C58,seed0_K1_C58,central,30,component:0:25,25|75,2,optimal,exact_bound_equality,True,84,1,0,1769718013642806457/100000000000000000,1769718013642806457/100000000000000000,finite,1769718013642806457/100000000000000000,finite,0,0,0,0,1,1
central_C58,seed0_K1_C58,central,31,component:0:28,28|5,2,optimal,exact_bound_equality,True,102,1,0,241020975075464851/10000000000000000,241020975075464851/10000000000000000,finite,241020975075464851/10000000000000000,finite,0,0,0,0,1,1
central_C58,seed0_K1_C58,central,32,component:0:3,3|65,2,optimal,exact_bound_equality,True,102,1,0,1058230587696623713/50000000000000000,1058230587696623713/50000000000000000,finite,1058230587696623713/50000000000000000,finite,0,0,0,0,1,1
central_C58,seed0_K1_C58,central,33,component:0:30,30|7,2,optimal,exact_bound_equality,True,114,1,0,2241637807935446791/100000000000000000,2241637807935446791/100000000000000000,finite,2241637807935446791/100000000000000000,finite,0,0,0,0,1,1
central_C58,seed0_K1_C58,central,34,component:0:31,31|49,2,optimal,exact_bound_equality,True,99,1,0,867287133191664573/50000000000000000,867287133191664573/50000000000000000,finite,867287133191664573/50000000000000000,finite,0,0,0,0,1,1
central_C58,seed0_K1_C58,central,35,component:0:32,32|77,2,optimal,exact_bound_equality,True,96,1,0,861061463747680229/50000000000000000,861061463747680229/50000000000000000,finite,861061463747680229/50000000000000000,finite,0,0,0,0,1,1
central_C58,seed0_K1_C58,central,36,component:0:33,33|46,2,optimal,exact_bound_equality,True,75,1,0,6819849838431442911/500000000000000000,6819849838431442911/500000000000000000,finite,6819849838431442911/500000000000000000,finite,0,0,0,0,1,1
central_C58,seed0_K1_C58,central,37,component:0:34,34|61,2,optimal,exact_bound_equality,True,96,1,0,2442199374423868371/100000000000000000,2442199374423868371/100000000000000000,finite,2442199374423868371/100000000000000000,finite,0,0,0,0,1,1
central_C58,seed0_K1_C58,central,38,component:0:36,36|98,2,optimal,exact_bound_equality,True,96,1,0,1887894833364853939/100000000000000000,1887894833364853939/100000000000000000,finite,1887894833364853939/100000000000000000,finite,0,0,0,0,1,1
central_C58,seed0_K1_C58,central,39,component:0:37,37|62,2,optimal,exact_bound_equality,True,96,1,0,858093774764180951/50000000000000000,858093774764180951/50000000000000000,finite,858093774764180951/50000000000000000,finite,0,0,0,0,1,1
central_C58,seed0_K1_C58,central,40,component:0:39,39|92,2,optimal,exact_bound_equality,True,96,1,0,971174892657160323/50000000000000000,971174892657160323/50000000000000000,finite,971174892657160323/50000000000000000,finite,0,0,0,0,1,1
central_C58,seed0_K1_C58,central,41,component:0:40,40|85,2,optimal,exact_bound_equality,True,90,1,0,1845572951747079323/100000000000000000,1845572951747079323/100000000000000000,finite,1845572951747079323/100000000000000000,finite,0,0,0,0,1,1
central_C58,seed0_K1_C58,central,42,component:0:41,41|70,2,optimal,exact_bound_equality,True,99,1,0,1812427478137641159/100000000000000000,1812427478137641159/100000000000000000,finite,1812427478137641159/100000000000000000,finite,0,0,0,0,1,1
central_C58,seed0_K1_C58,central,43,component:0:42,42|82,2,optimal,exact_bound_equality,True,114,1,0,2181908901764732761/100000000000000000,2181908901764732761/100000000000000000,finite,2181908901764732761/100000000000000000,finite,0,0,0,0,1,1
central_C58,seed0_K1_C58,central,44,component:0:44,44|88,2,optimal,exact_bound_equality,True,87,1,0,1401555105289384023/100000000000000000,1401555105289384023/100000000000000000,finite,1401555105289384023/100000000000000000,finite,0,0,0,0,1,1
central_C58,seed0_K1_C58,central,45,component:0:45,45|89,2,optimal,exact_bound_equality,True,78,1,0,46913194906135279/3125000000000000,46913194906135279/3125000000000000,finite,46913194906135279/3125000000000000,finite,0,0,0,0,1,1
central_C58,seed0_K1_C58,central,46,component:0:50,50|53,2,optimal,exact_bound_equality,True,87,1,0,1840374147422645443/100000000000000000,1840374147422645443/100000000000000000,finite,1840374147422645443/100000000000000000,finite,0,0,0,0,1,1
central_C58,seed0_K1_C58,central,47,component:0:51,51|71,2,optimal,exact_bound_equality,True,102,1,0,491646964536451489/20000000000000000,491646964536451489/20000000000000000,finite,491646964536451489/20000000000000000,finite,0,0,0,0,1,1
central_C58,seed0_K1_C58,central,48,component:0:54,54|94,2,optimal,exact_bound_equality,True,120,1,0,248807072370316023/10000000000000000,248807072370316023/10000000000000000,finite,248807072370316023/10000000000000000,finite,0,0,0,0,1,1
central_C58,seed0_K1_C58,central,49,component:0:55,55|72,2,optimal,exact_bound_equality,True,90,1,0,421756835832546753/20000000000000000,421756835832546753/20000000000000000,finite,421756835832546753/20000000000000000,finite,0,0,0,0,1,1
central_C58,seed0_K1_C58,central,50,component:0:57,57|90,2,optimal,exact_bound_equality,True,90,1,0,1607853166086826033/100000000000000000,1607853166086826033/100000000000000000,finite,1607853166086826033/100000000000000000,finite,0,0,0,0,1,1
central_C58,seed0_K1_C58,central,51,component:0:59,59|73,2,optimal,exact_bound_equality,True,66,1,0,175145830017606521/10000000000000000,175145830017606521/10000000000000000,finite,175145830017606521/10000000000000000,finite,0,0,0,0,1,1
central_C58,seed0_K1_C58,central,52,component:0:64,64|76,2,optimal,exact_bound_equality,True,108,1,0,921252410787286599/50000000000000000,921252410787286599/50000000000000000,finite,921252410787286599/50000000000000000,finite,0,0,0,0,1,1
central_C58,seed0_K1_C58,central,53,component:0:69,69|83,2,optimal,exact_bound_equality,True,96,1,0,65678584423398439/3125000000000000,65678584423398439/3125000000000000,finite,65678584423398439/3125000000000000,finite,0,0,0,0,1,1
central_C58,seed0_K1_C58,central,54,component:0:74,74|87,2,optimal,exact_bound_equality,True,75,1,0,19772375938758189/1562500000000000,19772375938758189/1562500000000000,finite,19772375938758189/1562500000000000,finite,0,0,0,0,1,1
central_C58,seed0_K1_C58,central,55,component:0:78,78|99,2,optimal,exact_bound_equality,True,87,1,0,54748793494431569/4000000000000000,54748793494431569/4000000000000000,finite,54748793494431569/4000000000000000,finite,0,0,0,0,1,1
central_C58,seed0_K1_C58,central,56,component:0:79,79|93,2,optimal,exact_bound_equality,True,111,1,0,2140516834567159741/100000000000000000,2140516834567159741/100000000000000000,finite,2140516834567159741/100000000000000000,finite,0,0,0,0,1,1
central_C58,seed0_K1_C58,central,57,component:0:81,81|84,2,optimal,exact_bound_equality,True,84,1,0,1547764353068059503/100000000000000000,1547764353068059503/100000000000000000,finite,1547764353068059503/100000000000000000,finite,0,0,0,0,1,1
central_C58,seed0_K1_C58,central,58,component:0:86,86|9,2,optimal,exact_bound_equality,True,108,1,0,97416739719088586077/5000000000000000000,97416739719088586077/5000000000000000000,finite,97416739719088586077/5000000000000000000,finite,0,0,0,0,1,1
distributed_K2_C58,seed0_K2_C58,distributed,1,component:0:0,0|91,2,optimal,search_exhausted,True,168,2,60,191915668336959341/6250000000000000,191915668336959341/6250000000000000,finite,191915668336959341/6250000000000000,finite,0,1,2,2,0,2
distributed_K2_C58,seed0_K2_C58,distributed,2,component:0:1,1|108,2,optimal,search_exhausted,True,87,2,22,1194964119803607939/100000000000000000,1194964119803607939/100000000000000000,finite,1194964119803607939/100000000000000000,finite,0,201,284,284,0,284
distributed_K2_C58,seed0_K2_C58,distributed,3,component:0:10,10|43,2,optimal,search_exhausted,True,120,2,53,2501788477815028337/100000000000000000,2501788477815028337/100000000000000000,finite,2501788477815028337/100000000000000000,finite,0,2437,4654,4654,0,4654
distributed_K2_C58,seed0_K2_C58,distributed,4,component:0:100,100|97,2,optimal,search_exhausted,True,87,2,9,6903701098911852043/500000000000000000,6903701098911852043/500000000000000000,finite,6903701098911852043/500000000000000000,finite,0,1,2,2,0,2
distributed_K2_C58,seed0_K2_C58,distributed,5,component:0:67,101|67,2,optimal,search_exhausted,True,69,2,22,731554210753388721/50000000000000000,731554210753388721/50000000000000000,finite,731554210753388721/50000000000000000,finite,0,1,2,2,0,2
distributed_K2_C58,seed0_K2_C58,distributed,6,component:0:23,102|23,2,optimal,search_exhausted,True,84,2,25,932207681630733821/50000000000000000,932207681630733821/50000000000000000,finite,932207681630733821/50000000000000000,finite,0,1,2,2,0,2
distributed_K2_C58,seed0_K2_C58,distributed,7,component:0:115,103|115,2,optimal,search_exhausted,True,105,2,29,735546904230590603/50000000000000000,735546904230590603/50000000000000000,finite,735546904230590603/50000000000000000,finite,0,1101,2016,2016,0,2016
distributed_K2_C58,seed0_K2_C58,distributed,8,component:1:104,104|63,2,optimal,search_exhausted,True,78,2,25,1339762968792810717/100000000000000000,1339762968792810717/100000000000000000,finite,1339762968792810717/100000000000000000,finite,0,65,114,114,0,114
distributed_K2_C58,seed0_K2_C58,distributed,9,component:0:105,105|27,2,optimal,search_exhausted,True,93,2,21,2044191887374763051/100000000000000000,2044191887374763051/100000000000000000,finite,2044191887374763051/100000000000000000,finite,0,1,2,2,0,2
distributed_K2_C58,seed0_K2_C58,distributed,10,component:0:106,106|80,2,optimal,search_exhausted,True,102,2,44,408366564736439543/20000000000000000,408366564736439543/20000000000000000,finite,408366564736439543/20000000000000000,finite,0,1,2,2,0,2
distributed_K2_C58,seed0_K2_C58,distributed,11,component:0:107,107|15,2,optimal,search_exhausted,True,96,2,44,2933150409040738487/200000000000000000,2933150409040738487/200000000000000000,finite,2933150409040738487/200000000000000000,finite,0,243,380,380,0,380
distributed_K2_C58,seed0_K2_C58,distributed,12,component:1:109,109|66,2,optimal,search_exhausted,True,87,2,38,307792484108962051/20000000000000000,307792484108962051/20000000000000000,finite,307792484108962051/20000000000000000,finite,0,1,2,2,0,2
distributed_K2_C58,seed0_K2_C58,distributed,13,component:1:11,11|8,2,optimal,search_exhausted,True,87,2,51,709385754118469683/50000000000000000,709385754118469683/50000000000000000,finite,709385754118469683/50000000000000000,finite,0,1,2,2,0,2
distributed_K2_C58,seed0_K2_C58,distributed,14,component:1:110,110|111,2,optimal,search_exhausted,True,87,2,16,1180483718904466539/100000000000000000,1180483718904466539/100000000000000000,finite,1180483718904466539/100000000000000000,finite,0,1,2,2,0,2
distributed_K2_C58,seed0_K2_C58,distributed,15,component:0:112,112|48,2,optimal,search_exhausted,True,66,2,25,452812402672023153/50000000000000000,452812402672023153/50000000000000000,finite,452812402672023153/50000000000000000,finite,0,361,650,650,0,650
distributed_K2_C58,seed0_K2_C58,distributed,16,component:0:113,113|26,2,optimal,search_exhausted,True,123,2,50,219684287280103671/10000000000000000,219684287280103671/10000000000000000,finite,219684287280103671/10000000000000000,finite,0,1,2,2,0,2
distributed_K2_C58,seed0_K2_C58,distributed,17,component:0:114,114|29,2,optimal,search_exhausted,True,108,2,42,84030239719796073/6250000000000000,84030239719796073/6250000000000000,finite,84030239719796073/6250000000000000,finite,0,39,70,70,0,70
distributed_K2_C58,seed0_K2_C58,distributed,18,component:0:68,116|68,2,optimal,search_exhausted,True,72,2,13,185537008525313101/12500000000000000,185537008525313101/12500000000000000,finite,185537008525313101/12500000000000000,finite,0,1,2,2,0,2
distributed_K2_C58,seed0_K2_C58,distributed,19,component:0:4,12|4,2,optimal,search_exhausted,True,96,2,49,104020750344918359/5000000000000000,104020750344918359/5000000000000000,finite,104020750344918359/5000000000000000,finite,0,1,2,2,0,2
distributed_K2_C58,seed0_K2_C58,distributed,20,component:0:6,13|6,2,optimal,search_exhausted,True,93,2,48,207744203862216523/10000000000000000,207744203862216523/10000000000000000,finite,207744203862216523/10000000000000000,finite,0,1,2,2,0,2
distributed_K2_C58,seed0_K2_C58,distributed,21,component:0:60,14|60,2,optimal,search_exhausted,True,96,2,47,3563266941761400107/200000000000000000,3563266941761400107/200000000000000000,finite,3563266941761400107/200000000000000000,finite,0,1,2,2,0,2
distributed_K2_C58,seed0_K2_C58,distributed,22,component:0:16,16|20,2,optimal,search_exhausted,True,87,2,43,438967108226590531/25000000000000000,438967108226590531/25000000000000000,finite,438967108226590531/25000000000000000,finite,0,243,350,350,0,350
distributed_K2_C58,seed0_K2_C58,distributed,23,component:0:17,17|58,2,optimal,search_exhausted,True,108,2,48,268985092823620499/12500000000000000,268985092823620499/12500000000000000,finite,268985092823620499/12500000000000000,finite,0,1,2,2,0,2
distributed_K2_C58,seed0_K2_C58,distributed,24,component:0:18,18|52,2,limited,local_solve_without_exact_certificate,True,111,2,53,329191251563424331/25000000000000000,329191251563424331/25000000000000000,finite,747291616068776383/50000000000000000,finite,88909112941927721/658382503126848662,2577,4558,4558,0,4558
distributed_K2_C58,seed0_K2_C58,distributed,25,component:1:19,19|95,2,limited,condition_time_limit,False,105,2,39,,,negative_infinity,,positive_infinity,,0,0,0,0,0
distributed_K2_C58,seed0_K2_C58,distributed,26,component:0:47,2|47,2,limited,condition_time_limit,False,111,2,56,,,negative_infinity,,positive_infinity,,0,0,0,0,0
distributed_K2_C58,seed0_K2_C58,distributed,27,component:1:21,21|35,2,limited,condition_time_limit,False,105,2,63,,,negative_infinity,,positive_infinity,,0,0,0,0,0
distributed_K2_C58,seed0_K2_C58,distributed,28,component:0:22,22|56,2,limited,condition_time_limit,False,93,2,54,,,negative_infinity,,positive_infinity,,0,0,0,0,0
distributed_K2_C58,seed0_K2_C58,distributed,29,component:0:24,24|96,2,limited,condition_time_limit,False,96,2,35,,,negative_infinity,,positive_infinity,,0,0,0,0,0
distributed_K2_C58,seed0_K2_C58,distributed,30,component:0:25,25|75,2,limited,condition_time_limit,False,84,2,37,,,negative_infinity,,positive_infinity,,0,0,0,0,0
distributed_K2_C58,seed0_K2_C58,distributed,31,component:1:28,28|5,2,limited,condition_time_limit,False,102,2,47,,,negative_infinity,,positive_infinity,,0,0,0,0,0
distributed_K2_C58,seed0_K2_C58,distributed,32,component:0:3,3|65,2,limited,condition_time_limit,False,102,2,49,,,negative_infinity,,positive_infinity,,0,0,0,0,0
distributed_K2_C58,seed0_K2_C58,distributed,33,component:0:30,30|7,2,limited,condition_time_limit,False,114,2,53,,,negative_infinity,,positive_infinity,,0,0,0,0,0
distributed_K2_C58,seed0_K2_C58,distributed,34,component:0:31,31|49,2,limited,condition_time_limit,False,99,2,54,,,negative_infinity,,positive_infinity,,0,0,0,0,0
distributed_K2_C58,seed0_K2_C58,distributed,35,component:0:32,32|77,2,limited,condition_time_limit,False,96,2,45,,,negative_infinity,,positive_infinity,,0,0,0,0,0
distributed_K2_C58,seed0_K2_C58,distributed,36,component:0:46,33|46,2,limited,condition_time_limit,False,75,2,40,,,negative_infinity,,positive_infinity,,0,0,0,0,0
distributed_K2_C58,seed0_K2_C58,distributed,37,component:0:61,34|61,2,limited,condition_time_limit,False,96,2,46,,,negative_infinity,,positive_infinity,,0,0,0,0,0
distributed_K2_C58,seed0_K2_C58,distributed,38,component:0:98,36|98,2,limited,condition_time_limit,False,96,2,33,,,negative_infinity,,positive_infinity,,0,0,0,0,0
distributed_K2_C58,seed0_K2_C58,distributed,39,component:0:37,37|62,2,limited,condition_time_limit,False,96,2,38,,,negative_infinity,,positive_infinity,,0,0,0,0,0
distributed_K2_C58,seed0_K2_C58,distributed,40,component:0:39,39|92,2,limited,condition_time_limit,False,96,2,22,,,negative_infinity,,positive_infinity,,0,0,0,0,0
distributed_K2_C58,seed0_K2_C58,distributed,41,component:0:40,40|85,2,limited,condition_time_limit,False,90,2,42,,,negative_infinity,,positive_infinity,,0,0,0,0,0
distributed_K2_C58,seed0_K2_C58,distributed,42,component:1:41,41|70,2,limited,condition_time_limit,False,99,2,57,,,negative_infinity,,positive_infinity,,0,0,0,0,0
distributed_K2_C58,seed0_K2_C58,distributed,43,component:0:82,42|82,2,limited,condition_time_limit,False,114,2,57,,,negative_infinity,,positive_infinity,,0,0,0,0,0
distributed_K2_C58,seed0_K2_C58,distributed,44,component:1:44,44|88,2,limited,condition_time_limit,False,87,2,19,,,negative_infinity,,positive_infinity,,0,0,0,0,0
distributed_K2_C58,seed0_K2_C58,distributed,45,component:0:45,45|89,2,limited,condition_time_limit,False,78,2,31,,,negative_infinity,,positive_infinity,,0,0,0,0,0
distributed_K2_C58,seed0_K2_C58,distributed,46,component:0:53,50|53,2,limited,condition_time_limit,False,87,2,42,,,negative_infinity,,positive_infinity,,0,0,0,0,0
distributed_K2_C58,seed0_K2_C58,distributed,47,component:1:51,51|71,2,limited,condition_time_limit,False,102,2,55,,,negative_infinity,,positive_infinity,,0,0,0,0,0
distributed_K2_C58,seed0_K2_C58,distributed,48,component:0:54,54|94,2,limited,condition_time_limit,False,120,2,37,,,negative_infinity,,positive_infinity,,0,0,0,0,0
distributed_K2_C58,seed0_K2_C58,distributed,49,component:0:55,55|72,2,limited,condition_time_limit,False,90,2,49,,,negative_infinity,,positive_infinity,,0,0,0,0,0
distributed_K2_C58,seed0_K2_C58,distributed,50,component:0:90,57|90,2,limited,condition_time_limit,False,90,2,33,,,negative_infinity,,positive_infinity,,0,0,0,0,0
distributed_K2_C58,seed0_K2_C58,distributed,51,component:1:59,59|73,2,limited,condition_time_limit,False,66,2,33,,,negative_infinity,,positive_infinity,,0,0,0,0,0
distributed_K2_C58,seed0_K2_C58,distributed,52,component:0:76,64|76,2,limited,condition_time_limit,False,108,2,41,,,negative_infinity,,positive_infinity,,0,0,0,0,0
distributed_K2_C58,seed0_K2_C58,distributed,53,component:0:69,69|83,2,limited,condition_time_limit,False,96,2,45,,,negative_infinity,,positive_infinity,,0,0,0,0,0
distributed_K2_C58,seed0_K2_C58,distributed,54,component:0:74,74|87,2,limited,condition_time_limit,False,75,2,32,,,negative_infinity,,positive_infinity,,0,0,0,0,0
distributed_K2_C58,seed0_K2_C58,distributed,55,component:0:99,78|99,2,limited,condition_time_limit,False,87,2,33,,,negative_infinity,,positive_infinity,,0,0,0,0,0
distributed_K2_C58,seed0_K2_C58,distributed,56,component:1:79,79|93,2,limited,condition_time_limit,False,111,2,39,,,negative_infinity,,positive_infinity,,0,0,0,0,0
distributed_K2_C58,seed0_K2_C58,distributed,57,component:0:81,81|84,2,limited,condition_time_limit,False,84,2,46,,,negative_infinity,,positive_infinity,,0,0,0,0,0
distributed_K2_C58,seed0_K2_C58,distributed,58,component:0:9,86|9,2,limited,condition_time_limit,False,108,2,52,,,negative_infinity,,positive_infinity,,0,0,0,0,0
central_C116,seed0_K1_C116,central,1,component:0:0,0,1,optimal,exact_bound_equality,True,66,1,0,169291144117003691/10000000000000000,169291144117003691/10000000000000000,finite,169291144117003691/10000000000000000,finite,0,0,0,0,1,1
central_C116,seed0_K1_C116,central,2,component:0:1,1,1,optimal,exact_bound_equality,True,39,1,0,670447734942836633/100000000000000000,670447734942836633/100000000000000000,finite,670447734942836633/100000000000000000,finite,0,0,0,0,1,1
central_C116,seed0_K1_C116,central,3,component:0:10,10,1,optimal,exact_bound_equality,True,42,1,0,41480513220943803/5000000000000000,41480513220943803/5000000000000000,finite,41480513220943803/5000000000000000,finite,0,0,0,0,1,1
central_C116,seed0_K1_C116,central,4,component:0:100,100,1,optimal,exact_bound_equality,True,51,1,0,2061413855650035569/250000000000000000,2061413855650035569/250000000000000000,finite,2061413855650035569/250000000000000000,finite,0,0,0,0,1,1
central_C116,seed0_K1_C116,central,5,component:0:101,101,1,optimal,exact_bound_equality,True,30,1,0,126235050342060673/20000000000000000,126235050342060673/20000000000000000,finite,126235050342060673/20000000000000000,finite,0,0,0,0,1,1
central_C116,seed0_K1_C116,central,6,component:0:102,102,1,optimal,exact_bound_equality,True,39,1,0,232117274375861849/25000000000000000,232117274375861849/25000000000000000,finite,232117274375861849/25000000000000000,finite,0,0,0,0,1,1
central_C116,seed0_K1_C116,central,7,component:0:103,103,1,optimal,exact_bound_equality,True,51,1,0,17978142700731933/2500000000000000,17978142700731933/2500000000000000,finite,17978142700731933/2500000000000000,finite,0,0,0,0,1,1
central_C116,seed0_K1_C116,central,8,component:0:104,104,1,optimal,exact_bound_equality,True,45,1,0,152885776677807847/20000000000000000,152885776677807847/20000000000000000,finite,152885776677807847/20000000000000000,finite,0,0,0,0,1,1
central_C116,seed0_K1_C116,central,9,component:0:105,105,1,optimal,exact_bound_equality,True,48,1,0,218654332878626781/25000000000000000,218654332878626781/25000000000000000,finite,218654332878626781/25000000000000000,finite,0,0,0,0,1,1
central_C116,seed0_K1_C116,central,10,component:0:106,106,1,optimal,exact_bound_equality,True,45,1,0,147719040703948603/20000000000000000,147719040703948603/20000000000000000,finite,147719040703948603/20000000000000000,finite,0,0,0,0,1,1
central_C116,seed0_K1_C116,central,11,component:0:107,107,1,optimal,exact_bound_equality,True,36,1,0,605096145093573691/200000000000000000,605096145093573691/200000000000000000,finite,605096145093573691/200000000000000000,finite,0,0,0,0,1,1
central_C116,seed0_K1_C116,central,12,component:0:108,108,1,optimal,exact_bound_equality,True,48,1,0,262258192430385653/50000000000000000,262258192430385653/50000000000000000,finite,262258192430385653/50000000000000000,finite,0,0,0,0,1,1
central_C116,seed0_K1_C116,central,13,component:0:109,109,1,optimal,exact_bound_equality,True,36,1,0,33774959723581059/10000000000000000,33774959723581059/10000000000000000,finite,33774959723581059/10000000000000000,finite,0,0,0,0,1,1
central_C116,seed0_K1_C116,central,14,component:0:11,11,1,optimal,exact_bound_equality,True,45,1,0,170672889299998731/25000000000000000,170672889299998731/25000000000000000,finite,170672889299998731/25000000000000000,finite,0,0,0,0,1,1
central_C116,seed0_K1_C116,central,15,component:0:110,110,1,optimal,exact_bound_equality,True,48,1,0,337353509119510679/50000000000000000,337353509119510679/50000000000000000,finite,337353509119510679/50000000000000000,finite,0,0,0,0,1,1
central_C116,seed0_K1_C116,central,16,component:0:111,111,1,optimal,exact_bound_equality,True,39,1,0,505776700665445181/100000000000000000,505776700665445181/100000000000000000,finite,505776700665445181/100000000000000000,finite,0,0,0,0,1,1
central_C116,seed0_K1_C116,central,17,component:0:112,112,1,optimal,exact_bound_equality,True,33,1,0,47087468957547589/12500000000000000,47087468957547589/12500000000000000,finite,47087468957547589/12500000000000000,finite,0,0,0,0,1,1
central_C116,seed0_K1_C116,central,18,component:0:113,113,1,optimal,exact_bound_equality,True,66,1,0,437922329260717381/50000000000000000,437922329260717381/50000000000000000,finite,437922329260717381/50000000000000000,finite,0,0,0,0,1,1
central_C116,seed0_K1_C116,central,19,component:0:114,114,1,optimal,exact_bound_equality,True,45,1,0,554739487293135077/100000000000000000,554739487293135077/100000000000000000,finite,554739487293135077/100000000000000000,finite,0,0,0,0,1,1
central_C116,seed0_K1_C116,central,20,component:0:115,115,1,optimal,exact_bound_equality,True,54,1,0,375984050215951943/50000000000000000,375984050215951943/50000000000000000,finite,375984050215951943/50000000000000000,finite,0,0,0,0,1,1
central_C116,seed0_K1_C116,central,21,component:0:116,116,1,optimal,exact_bound_equality,True,39,1,0,83893826978102129/10000000000000000,83893826978102129/10000000000000000,finite,83893826978102129/10000000000000000,finite,0,0,0,0,1,1
central_C116,seed0_K1_C116,central,22,component:0:12,12,1,optimal,exact_bound_equality,True,51,1,0,630177142307885149/50000000000000000,630177142307885149/50000000000000000,finite,630177142307885149/50000000000000000,finite,0,0,0,0,1,1
central_C116,seed0_K1_C116,central,23,component:0:13,13,1,optimal,exact_bound_equality,True,42,1,0,10160160666102861/1000000000000000,10160160666102861/1000000000000000,finite,10160160666102861/1000000000000000,finite,0,0,0,0,1,1
central_C116,seed0_K1_C116,central,24,component:0:14,14,1,optimal,exact_bound_equality,True,48,1,0,1315381716877480327/200000000000000000,1315381716877480327/200000000000000000,finite,1315381716877480327/200000000000000000,finite,0,0,0,0,1,1
central_C116,seed0_K1_C116,central,25,component:0:15,15,1,optimal,exact_bound_equality,True,60,1,0,582013565986791199/50000000000000000,582013565986791199/50000000000000000,finite,582013565986791199/50000000000000000,finite,0,0,0,0,1,1
central_C116,seed0_K1_C116,central,26,component:0:16,16,1,optimal,exact_bound_equality,True,33,1,0,793975176305264727/100000000000000000,793975176305264727/100000000000000000,finite,793975176305264727/100000000000000000,finite,0,0,0,0,1,1
central_C116,seed0_K1_C116,central,27,component:0:17,17,1,optimal,exact_bound_equality,True,60,1,0,10644182094508509/1000000000000000,10644182094508509/1000000000000000,finite,10644182094508509/1000000000000000,finite,0,0,0,0,1,1
central_C116,seed0_K1_C116,central,28,component:0:18,18,1,optimal,exact_bound_equality,True,63,1,0,761784130351717863/100000000000000000,761784130351717863/100000000000000000,finite,761784130351717863/100000000000000000,finite,0,0,0,0,1,1
central_C116,seed0_K1_C116,central,29,component:0:19,19,1,optimal,exact_bound_equality,True,54,1,0,1268504368753126187/100000000000000000,1268504368753126187/100000000000000000,finite,1268504368753126187/100000000000000000,finite,0,0,0,0,1,1
central_C116,seed0_K1_C116,central,30,component:0:2,2,1,optimal,exact_bound_equality,True,51,1,0,1058744678849404393/100000000000000000,1058744678849404393/100000000000000000,finite,1058744678849404393/100000000000000000,finite,0,0,0,0,1,1
central_C116,seed0_K1_C116,central,31,component:0:20,20,1,optimal,exact_bound_equality,True,54,1,0,961893256601097397/100000000000000000,961893256601097397/100000000000000000,finite,961893256601097397/100000000000000000,finite,0,0,0,0,1,1
central_C116,seed0_K1_C116,central,32,component:0:21,21,1,optimal,exact_bound_equality,True,48,1,0,965815687492596467/100000000000000000,965815687492596467/100000000000000000,finite,965815687492596467/100000000000000000,finite,0,0,0,0,1,1
central_C116,seed0_K1_C116,central,33,component:0:22,22,1,optimal,exact_bound_equality,True,48,1,0,1032135273732667381/100000000000000000,1032135273732667381/100000000000000000,finite,1032135273732667381/100000000000000000,finite,0,0,0,0,1,1
central_C116,seed0_K1_C116,central,34,component:0:23,23,1,optimal,exact_bound_equality,True,45,1,0,467973132879010123/50000000000000000,467973132879010123/50000000000000000,finite,467973132879010123/50000000000000000,finite,0,0,0,0,1,1
central_C116,seed0_K1_C116,central,35,component:0:24,24,1,optimal,exact_bound_equality,True,57,1,0,591236727825037379/50000000000000000,591236727825037379/50000000000000000,finite,591236727825037379/50000000000000000,finite,0,0,0,0,1,1
central_C116,seed0_K1_C116,central,36,component:0:25,25,1,optimal,exact_bound_equality,True,51,1,0,1194910223126826389/100000000000000000,1194910223126826389/100000000000000000,finite,1194910223126826389/100000000000000000,finite,0,0,0,0,1,1
central_C116,seed0_K1_C116,central,37,component:0:26,26,1,optimal,exact_bound_equality,True,57,1,0,330249553569900487/25000000000000000,330249553569900487/25000000000000000,finite,330249553569900487/25000000000000000,finite,0,0,0,0,1,1
central_C116,seed0_K1_C116,central,38,component:0:27,27,1,optimal,exact_bound_equality,True,45,1,0,1169574555860255927/100000000000000000,1169574555860255927/100000000000000000,finite,1169574555860255927/100000000000000000,finite,0,0,0,0,1,1
central_C116,seed0_K1_C116,central,39,component:0:28,28,1,optimal,exact_bound_equality,True,48,1,0,30075305019711137/2500000000000000,30075305019711137/2500000000000000,finite,30075305019711137/2500000000000000,finite,0,0,0,0,1,1
central_C116,seed0_K1_C116,central,40,component:0:29,29,1,optimal,exact_bound_equality,True,63,1,0,789744348223602091/100000000000000000,789744348223602091/100000000000000000,finite,789744348223602091/100000000000000000,finite,0,0,0,0,1,1
central_C116,seed0_K1_C116,central,41,component:0:3,3,1,optimal,exact_bound_equality,True,57,1,0,222516230800137589/25000000000000000,222516230800137589/25000000000000000,finite,222516230800137589/25000000000000000,finite,0,0,0,0,1,1
central_C116,seed0_K1_C116,central,42,component:0:30,30,1,optimal,exact_bound_equality,True,36,1,0,644147800111444331/100000000000000000,644147800111444331/100000000000000000,finite,644147800111444331/100000000000000000,finite,0,0,0,0,1,1
central_C116,seed0_K1_C116,central,43,component:0:31,31,1,optimal,exact_bound_equality,True,51,1,0,497345225531776229/50000000000000000,497345225531776229/50000000000000000,finite,497345225531776229/50000000000000000,finite,0,0,0,0,1,1
central_C116,seed0_K1_C116,central,44,component:0:32,32,1,optimal,exact_bound_equality,True,45,1,0,503554974743233567/50000000000000000,503554974743233567/50000000000000000,finite,503554974743233567/50000000000000000,finite,0,0,0,0,1,1
central_C116,seed0_K1_C116,central,45,component:0:33,33,1,optimal,exact_bound_equality,True,36,1,0,157718187745267061/31250000000000000,157718187745267061/31250000000000000,finite,157718187745267061/31250000000000000,finite,0,0,0,0,1,1
central_C116,seed0_K1_C116,central,46,component:0:34,34,1,optimal,exact_bound_equality,True,48,1,0,80657726557677969/6250000000000000,80657726557677969/6250000000000000,finite,80657726557677969/6250000000000000,finite,0,0,0,0,1,1
central_C116,seed0_K1_C116,central,47,component:0:35,35,1,optimal,exact_bound_equality,True,57,1,0,1272154154020202319/100000000000000000,1272154154020202319/100000000000000000,finite,1272154154020202319/100000000000000000,finite,0,0,0,0,1,1
central_C116,seed0_K1_C116,central,48,component:0:36,36,1,optimal,exact_bound_equality,True,48,1,0,141085394383619011/12500000000000000,141085394383619011/12500000000000000,finite,141085394383619011/12500000000000000,finite,0,0,0,0,1,1
central_C116,seed0_K1_C116,central,49,component:0:37,37,1,optimal,exact_bound_equality,True,39,1,0,496457952814814199/100000000000000000,496457952814814199/100000000000000000,finite,496457952814814199/100000000000000000,finite,0,0,0,0,1,1
central_C116,seed0_K1_C116,central,50,component:0:39,39,1,optimal,exact_bound_equality,True,45,1,0,758475070009964933/100000000000000000,758475070009964933/100000000000000000,finite,758475070009964933/100000000000000000,finite,0,0,0,0,1,1
central_C116,seed0_K1_C116,central,51,component:0:4,4,1,optimal,exact_bound_equality,True,45,1,0,410030361141298441/50000000000000000,410030361141298441/50000000000000000,finite,410030361141298441/50000000000000000,finite,0,0,0,0,1,1
central_C116,seed0_K1_C116,central,52,component:0:40,40,1,optimal,exact_bound_equality,True,48,1,0,170253321187223741/20000000000000000,170253321187223741/20000000000000000,finite,170253321187223741/20000000000000000,finite,0,0,0,0,1,1
central_C116,seed0_K1_C116,central,53,component:0:41,41,1,optimal,exact_bound_equality,True,51,1,0,557009657280633661/50000000000000000,557009657280633661/50000000000000000,finite,557009657280633661/50000000000000000,finite,0,0,0,0,1,1
central_C116,seed0_K1_C116,central,54,component:0:42,42,1,optimal,exact_bound_equality,True,60,1,0,110868228984779497/10000000000000000,110868228984779497/10000000000000000,finite,110868228984779497/10000000000000000,finite,0,0,0,0,1,1
central_C116,seed0_K1_C116,central,55,component:0:43,43,1,optimal,exact_bound_equality,True,78,1,0,1672178213396152277/100000000000000000,1672178213396152277/100000000000000000,finite,1672178213396152277/100000000000000000,finite,0,0,0,0,1,1
central_C116,seed0_K1_C116,central,56,component:0:44,44,1,optimal,exact_bound_equality,True,48,1,0,757517507845911629/100000000000000000,757517507845911629/100000000000000000,finite,757517507845911629/100000000000000000,finite,0,0,0,0,1,1
central_C116,seed0_K1_C116,central,57,component:0:45,45,1,optimal,exact_bound_equality,True,48,1,0,507236601560811127/50000000000000000,507236601560811127/50000000000000000,finite,507236601560811127/50000000000000000,finite,0,0,0,0,1,1
central_C116,seed0_K1_C116,central,58,component:0:46,46,1,optimal,exact_bound_equality,True,39,1,0,87696204753385151/10000000000000000,87696204753385151/10000000000000000,finite,87696204753385151/10000000000000000,finite,0,0,0,0,1,1
central_C116,seed0_K1_C116,central,59,component:0:47,47,1,optimal,exact_bound_equality,True,60,1,0,281881865267501667/20000000000000000,281881865267501667/20000000000000000,finite,281881865267501667/20000000000000000,finite,0,0,0,0,1,1
central_C116,seed0_K1_C116,central,60,component:0:48,48,1,optimal,exact_bound_equality,True,33,1,0,264462526841832797/50000000000000000,264462526841832797/50000000000000000,finite,264462526841832797/50000000000000000,finite,0,0,0,0,1,1
central_C116,seed0_K1_C116,central,61,component:0:49,49,1,optimal,exact_bound_equality,True,48,1,0,46242738457486043/6250000000000000,46242738457486043/6250000000000000,finite,46242738457486043/6250000000000000,finite,0,0,0,0,1,1
central_C116,seed0_K1_C116,central,62,component:0:5,5,1,optimal,exact_bound_equality,True,54,1,0,120719754996620303/10000000000000000,120719754996620303/10000000000000000,finite,120719754996620303/10000000000000000,finite,0,0,0,0,1,1
central_C116,seed0_K1_C116,central,63,component:0:50,50,1,optimal,exact_bound_equality,True,33,1,0,315829441147304193/50000000000000000,315829441147304193/50000000000000000,finite,315829441147304193/50000000000000000,finite,0,0,0,0,1,1
central_C116,seed0_K1_C116,central,64,component:0:51,51,1,optimal,exact_bound_equality,True,51,1,0,58684359853642433/5000000000000000,58684359853642433/5000000000000000,finite,58684359853642433/5000000000000000,finite,0,0,0,0,1,1
central_C116,seed0_K1_C116,central,65,component:0:52,52,1,optimal,exact_bound_equality,True,48,1,0,718078521528071707/100000000000000000,718078521528071707/100000000000000000,finite,718078521528071707/100000000000000000,finite,0,0,0,0,1,1
central_C116,seed0_K1_C116,central,66,component:0:53,53,1,optimal,exact_bound_equality,True,54,1,0,314807844598596473/25000000000000000,314807844598596473/25000000000000000,finite,314807844598596473/25000000000000000,finite,0,0,0,0,1,1
central_C116,seed0_K1_C116,central,67,component:0:54,54,1,optimal,exact_bound_equality,True,54,1,0,118014440424019943/10000000000000000,118014440424019943/10000000000000000,finite,118014440424019943/10000000000000000,finite,0,0,0,0,1,1
central_C116,seed0_K1_C116,central,68,component:0:55,55,1,optimal,exact_bound_equality,True,48,1,0,1034680165380794567/100000000000000000,1034680165380794567/100000000000000000,finite,1034680165380794567/100000000000000000,finite,0,0,0,0,1,1
central_C116,seed0_K1_C116,central,69,component:0:56,56,1,optimal,exact_bound_equality,True,45,1,0,42650069686206509/4000000000000000,42650069686206509/4000000000000000,finite,42650069686206509/4000000000000000,finite,0,0,0,0,1,1
central_C116,seed0_K1_C116,central,70,component:0:57,57,1,optimal,exact_bound_equality,True,54,1,0,574652284844369747/50000000000000000,574652284844369747/50000000000000000,finite,574652284844369747/50000000000000000,finite,0,0,0,0,1,1
central_C116,seed0_K1_C116,central,71,component:0:58,58,1,optimal,exact_bound_equality,True,48,1,0,271865633284528273/25000000000000000,271865633284528273/25000000000000000,finite,271865633284528273/25000000000000000,finite,0,0,0,0,1,1
central_C116,seed0_K1_C116,central,72,component:0:59,59,1,optimal,exact_bound_equality,True,24,1,0,16952033483196881/2500000000000000,16952033483196881/2500000000000000,finite,16952033483196881/2500000000000000,finite,0,0,0,0,1,1
central_C116,seed0_K1_C116,central,73,component:0:6,6,1,optimal,exact_bound_equality,True,51,1,0,106142597201187913/10000000000000000,106142597201187913/10000000000000000,finite,106142597201187913/10000000000000000,finite,0,0,0,0,1,1
central_C116,seed0_K1_C116,central,74,component:0:60,60,1,optimal,exact_bound_equality,True,48,1,0,112394261244195989/10000000000000000,112394261244195989/10000000000000000,finite,112394261244195989/10000000000000000,finite,0,0,0,0,1,1
central_C116,seed0_K1_C116,central,75,component:0:61,61,1,optimal,exact_bound_equality,True,48,1,0,301386366778312871/25000000000000000,301386366778312871/25000000000000000,finite,301386366778312871/25000000000000000,finite,0,0,0,0,1,1
central_C116,seed0_K1_C116,central,76,component:0:62,62,1,optimal,exact_bound_equality,True,57,1,0,1219729596713547703/100000000000000000,1219729596713547703/100000000000000000,finite,1219729596713547703/100000000000000000,finite,0,0,0,0,1,1
central_C116,seed0_K1_C116,central,77,component:0:63,63,1,optimal,exact_bound_equality,True,33,1,0,287667042701885741/50000000000000000,287667042701885741/50000000000000000,finite,287667042701885741/50000000000000000,finite,0,0,0,0,1,1
central_C116,seed0_K1_C116,central,78,component:0:64,64,1,optimal,exact_bound_equality,True,54,1,0,1208179505003107953/100000000000000000,1208179505003107953/100000000000000000,finite,1208179505003107953/100000000000000000,finite,0,0,0,0,1,1
central_C116,seed0_K1_C116,central,79,component:0:65,65,1,optimal,exact_bound_equality,True,45,1,0,122639625219269707/10000000000000000,122639625219269707/10000000000000000,finite,122639625219269707/10000000000000000,finite,0,0,0,0,1,1
central_C116,seed0_K1_C116,central,80,component:0:66,66,1,optimal,exact_bound_equality,True,51,1,0,240242564661799933/20000000000000000,240242564661799933/20000000000000000,finite,240242564661799933/20000000000000000,finite,0,0,0,0,1,1
central_C116,seed0_K1_C116,central,81,component:0:67,67,1,optimal,exact_bound_equality,True,39,1,0,831933169796474077/100000000000000000,831933169796474077/100000000000000000,finite,831933169796474077/100000000000000000,finite,0,0,0,0,1,1
central_C116,seed0_K1_C116,central,82,component:0:68,68,1,optimal,exact_bound_equality,True,33,1,0,322678899210741759/50000000000000000,322678899210741759/50000000000000000,finite,322678899210741759/50000000000000000,finite,0,0,0,0,1,1
central_C116,seed0_K1_C116,central,83,component:0:69,69,1,optimal,exact_bound_equality,True,45,1,0,409505753894301089/50000000000000000,409505753894301089/50000000000000000,finite,409505753894301089/50000000000000000,finite,0,0,0,0,1,1
central_C116,seed0_K1_C116,central,84,component:0:7,7,1,optimal,exact_bound_equality,True,78,1,0,809329078689834757/50000000000000000,809329078689834757/50000000000000000,finite,809329078689834757/50000000000000000,finite,0,0,0,0,1,1
central_C116,seed0_K1_C116,central,85,component:0:70,70,1,optimal,exact_bound_equality,True,48,1,0,359909993072269567/50000000000000000,359909993072269567/50000000000000000,finite,359909993072269567/50000000000000000,finite,0,0,0,0,1,1
central_C116,seed0_K1_C116,central,86,component:0:71,71,1,optimal,exact_bound_equality,True,51,1,0,256909525121881757/20000000000000000,256909525121881757/20000000000000000,finite,256909525121881757/20000000000000000,finite,0,0,0,0,1,1
central_C116,seed0_K1_C116,central,87,component:0:72,72,1,optimal,exact_bound_equality,True,42,1,0,537052006890969599/50000000000000000,537052006890969599/50000000000000000,finite,537052006890969599/50000000000000000,finite,0,0,0,0,1,1
central_C116,seed0_K1_C116,central,88,component:0:73,73,1,optimal,exact_bound_equality,True,42,1,0,107337696084818997/10000000000000000,107337696084818997/10000000000000000,finite,107337696084818997/10000000000000000,finite,0,0,0,0,1,1
central_C116,seed0_K1_C116,central,89,component:0:74,74,1,optimal,exact_bound_equality,True,45,1,0,77889109530188471/10000000000000000,77889109530188471/10000000000000000,finite,77889109530188471/10000000000000000,finite,0,0,0,0,1,1
central_C116,seed0_K1_C116,central,90,component:0:75,75,1,optimal,exact_bound_equality,True,33,1,0,143701947628995017/25000000000000000,143701947628995017/25000000000000000,finite,143701947628995017/25000000000000000,finite,0,0,0,0,1,1
central_C116,seed0_K1_C116,central,91,component:0:76,76,1,optimal,exact_bound_equality,True,54,1,0,126865063314293049/20000000000000000,126865063314293049/20000000000000000,finite,126865063314293049/20000000000000000,finite,0,0,0,0,1,1
central_C116,seed0_K1_C116,central,92,component:0:77,77,1,optimal,exact_bound_equality,True,51,1,0,378740335400654469/50000000000000000,378740335400654469/50000000000000000,finite,378740335400654469/50000000000000000,finite,0,0,0,0,1,1
central_C116,seed0_K1_C116,central,93,component:0:78,78,1,optimal,exact_bound_equality,True,39,1,0,815475720960259767/100000000000000000,815475720960259767/100000000000000000,finite,815475720960259767/100000000000000000,finite,0,0,0,0,1,1
central_C116,seed0_K1_C116,central,94,component:0:79,79,1,optimal,exact_bound_equality,True,63,1,0,752792535849802607/50000000000000000,752792535849802607/50000000000000000,finite,752792535849802607/50000000000000000,finite,0,0,0,0,1,1
central_C116,seed0_K1_C116,central,95,component:0:8,8,1,optimal,exact_bound_equality,True,42,1,0,368039975518472221/50000000000000000,368039975518472221/50000000000000000,finite,368039975518472221/50000000000000000,finite,0,0,0,0,1,1
central_C116,seed0_K1_C116,central,96,component:0:80,80,1,optimal,exact_bound_equality,True,57,1,0,13032376201624547/1000000000000000,13032376201624547/1000000000000000,finite,13032376201624547/1000000000000000,finite,0,0,0,0,1,1
central_C116,seed0_K1_C116,central,97,component:0:81,81,1,optimal,exact_bound_equality,True,39,1,0,744361953594475759/100000000000000000,744361953594475759/100000000000000000,finite,744361953594475759/100000000000000000,finite,0,0,0,0,1,1
central_C116,seed0_K1_C116,central,98,component:0:82,82,1,optimal,exact_bound_equality,True,54,1,0,1073226611916937791/100000000000000000,1073226611916937791/100000000000000000,finite,1073226611916937791/100000000000000000,finite,0,0,0,0,1,1
central_C116,seed0_K1_C116,central,99,component:0:83,83,1,optimal,exact_bound_equality,True,51,1,0,128270319376014787/10000000000000000,128270319376014787/10000000000000000,finite,128270319376014787/10000000000000000,finite,0,0,0,0,1,1
central_C116,seed0_K1_C116,central,100,component:0:84,84,1,optimal,exact_bound_equality,True,45,1,0,6276581245887373/781250000000000,6276581245887373/781250000000000,finite,6276581245887373/781250000000000,finite,0,0,0,0,1,1
central_C116,seed0_K1_C116,central,101,component:0:85,85,1,optimal,exact_bound_equality,True,42,1,0,497153172905480309/50000000000000000,497153172905480309/50000000000000000,finite,497153172905480309/50000000000000000,finite,0,0,0,0,1,1
central_C116,seed0_K1_C116,central,102,component:0:86,86,1,optimal,exact_bound_equality,True,42,1,0,56438321257100529/5000000000000000,56438321257100529/5000000000000000,finite,56438321257100529/5000000000000000,finite,0,0,0,0,1,1
central_C116,seed0_K1_C116,central,103,component:0:87,87,1,optimal,exact_bound_equality,True,30,1,0,243270482389319693/50000000000000000,243270482389319693/50000000000000000,finite,243270482389319693/50000000000000000,finite,0,0,0,0,1,1
central_C116,seed0_K1_C116,central,104,component:0:88,88,1,optimal,exact_bound_equality,True,39,1,0,322018798721736197/50000000000000000,322018798721736197/50000000000000000,finite,322018798721736197/50000000000000000,finite,0,0,0,0,1,1
central_C116,seed0_K1_C116,central,105,component:0:89,89,1,optimal,exact_bound_equality,True,30,1,0,243374516937353337/50000000000000000,243374516937353337/50000000000000000,finite,243374516937353337/50000000000000000,finite,0,0,0,0,1,1
central_C116,seed0_K1_C116,central,106,component:0:9,9,1,optimal,exact_bound_equality,True,66,1,0,41166709494511481877/5000000000000000000,41166709494511481877/5000000000000000000,finite,41166709494511481877/5000000000000000000,finite,0,0,0,0,1,1
central_C116,seed0_K1_C116,central,107,component:0:90,90,1,optimal,exact_bound_equality,True,36,1,0,458548596398086539/100000000000000000,458548596398086539/100000000000000000,finite,458548596398086539/100000000000000000,finite,0,0,0,0,1,1
central_C116,seed0_K1_C116,central,108,component:0:91,91,1,optimal,exact_bound_equality,True,102,1,0,688869626110656273/50000000000000000,688869626110656273/50000000000000000,finite,688869626110656273/50000000000000000,finite,0,0,0,0,1,1
central_C116,seed0_K1_C116,central,109,component:0:92,92,1,optimal,exact_bound_equality,True,51,1,0,1183874715304355713/100000000000000000,1183874715304355713/100000000000000000,finite,1183874715304355713/100000000000000000,finite,0,0,0,0,1,1
central_C116,seed0_K1_C116,central,110,component:0:93,93,1,optimal,exact_bound_equality,True,48,1,0,634931762867554527/100000000000000000,634931762867554527/100000000000000000,finite,634931762867554527/100000000000000000,finite,0,0,0,0,1,1
central_C116,seed0_K1_C116,central,111,component:0:94,94,1,optimal,exact_bound_equality,True,66,1,0,1634907899328701/125000000000000,1634907899328701/125000000000000,finite,1634907899328701/125000000000000,finite,0,0,0,0,1,1
central_C116,seed0_K1_C116,central,112,component:0:95,95,1,optimal,exact_bound_equality,True,51,1,0,723138505075648577/100000000000000000,723138505075648577/100000000000000000,finite,723138505075648577/100000000000000000,finite,0,0,0,0,1,1
central_C116,seed0_K1_C116,central,113,component:0:96,96,1,optimal,exact_bound_equality,True,39,1,0,152373099343744129/25000000000000000,152373099343744129/25000000000000000,finite,152373099343744129/25000000000000000,finite,0,0,0,0,1,1
central_C116,seed0_K1_C116,central,114,component:0:97,97,1,optimal,exact_bound_equality,True,36,1,0,556174677522356181/100000000000000000,556174677522356181/100000000000000000,finite,556174677522356181/100000000000000000,finite,0,0,0,0,1,1
central_C116,seed0_K1_C116,central,115,component:0:98,98,1,optimal,exact_bound_equality,True,48,1,0,759211678295901851/100000000000000000,759211678295901851/100000000000000000,finite,759211678295901851/100000000000000000,finite,0,0,0,0,1,1
central_C116,seed0_K1_C116,central,116,component:0:99,99,1,optimal,exact_bound_equality,True,48,1,0,276622058200264729/50000000000000000,276622058200264729/50000000000000000,finite,276622058200264729/50000000000000000,finite,0,0,0,0,1,1
distributed_K1_C116,seed0_K1_C116,distributed,1,component:0:0,0,1,optimal,search_exhausted,True,66,1,0,169291144117003691/10000000000000000,169291144117003691/10000000000000000,finite,169291144117003691/10000000000000000,finite,0,1,1,1,0,1
distributed_K1_C116,seed0_K1_C116,distributed,2,component:0:1,1,1,optimal,search_exhausted,True,39,1,0,670447734942836633/100000000000000000,670447734942836633/100000000000000000,finite,670447734942836633/100000000000000000,finite,0,1,1,1,0,1
distributed_K1_C116,seed0_K1_C116,distributed,3,component:0:10,10,1,optimal,search_exhausted,True,42,1,0,41480513220943803/5000000000000000,41480513220943803/5000000000000000,finite,41480513220943803/5000000000000000,finite,0,1,1,1,0,1
distributed_K1_C116,seed0_K1_C116,distributed,4,component:0:100,100,1,optimal,search_exhausted,True,51,1,0,2061413855650035569/250000000000000000,2061413855650035569/250000000000000000,finite,2061413855650035569/250000000000000000,finite,0,1,1,1,0,1
distributed_K1_C116,seed0_K1_C116,distributed,5,component:0:101,101,1,optimal,search_exhausted,True,30,1,0,126235050342060673/20000000000000000,126235050342060673/20000000000000000,finite,126235050342060673/20000000000000000,finite,0,1,1,1,0,1
distributed_K1_C116,seed0_K1_C116,distributed,6,component:0:102,102,1,optimal,search_exhausted,True,39,1,0,232117274375861849/25000000000000000,232117274375861849/25000000000000000,finite,232117274375861849/25000000000000000,finite,0,1,1,1,0,1
distributed_K1_C116,seed0_K1_C116,distributed,7,component:0:103,103,1,optimal,search_exhausted,True,51,1,0,17978142700731933/2500000000000000,17978142700731933/2500000000000000,finite,17978142700731933/2500000000000000,finite,0,1,1,1,0,1
distributed_K1_C116,seed0_K1_C116,distributed,8,component:0:104,104,1,optimal,search_exhausted,True,45,1,0,152885776677807847/20000000000000000,152885776677807847/20000000000000000,finite,152885776677807847/20000000000000000,finite,0,1,1,1,0,1
distributed_K1_C116,seed0_K1_C116,distributed,9,component:0:105,105,1,optimal,search_exhausted,True,48,1,0,218654332878626781/25000000000000000,218654332878626781/25000000000000000,finite,218654332878626781/25000000000000000,finite,0,1,1,1,0,1
distributed_K1_C116,seed0_K1_C116,distributed,10,component:0:106,106,1,optimal,search_exhausted,True,45,1,0,147719040703948603/20000000000000000,147719040703948603/20000000000000000,finite,147719040703948603/20000000000000000,finite,0,1,1,1,0,1
distributed_K1_C116,seed0_K1_C116,distributed,11,component:0:107,107,1,optimal,search_exhausted,True,36,1,0,605096145093573691/200000000000000000,605096145093573691/200000000000000000,finite,605096145093573691/200000000000000000,finite,0,1,1,1,0,1
distributed_K1_C116,seed0_K1_C116,distributed,12,component:0:108,108,1,optimal,search_exhausted,True,48,1,0,262258192430385653/50000000000000000,262258192430385653/50000000000000000,finite,262258192430385653/50000000000000000,finite,0,1,1,1,0,1
distributed_K1_C116,seed0_K1_C116,distributed,13,component:0:109,109,1,optimal,search_exhausted,True,36,1,0,33774959723581059/10000000000000000,33774959723581059/10000000000000000,finite,33774959723581059/10000000000000000,finite,0,1,1,1,0,1
distributed_K1_C116,seed0_K1_C116,distributed,14,component:0:11,11,1,optimal,search_exhausted,True,45,1,0,170672889299998731/25000000000000000,170672889299998731/25000000000000000,finite,170672889299998731/25000000000000000,finite,0,1,1,1,0,1
distributed_K1_C116,seed0_K1_C116,distributed,15,component:0:110,110,1,optimal,search_exhausted,True,48,1,0,337353509119510679/50000000000000000,337353509119510679/50000000000000000,finite,337353509119510679/50000000000000000,finite,0,1,1,1,0,1
distributed_K1_C116,seed0_K1_C116,distributed,16,component:0:111,111,1,optimal,search_exhausted,True,39,1,0,505776700665445181/100000000000000000,505776700665445181/100000000000000000,finite,505776700665445181/100000000000000000,finite,0,1,1,1,0,1
distributed_K1_C116,seed0_K1_C116,distributed,17,component:0:112,112,1,optimal,search_exhausted,True,33,1,0,47087468957547589/12500000000000000,47087468957547589/12500000000000000,finite,47087468957547589/12500000000000000,finite,0,1,1,1,0,1
distributed_K1_C116,seed0_K1_C116,distributed,18,component:0:113,113,1,optimal,search_exhausted,True,66,1,0,437922329260717381/50000000000000000,437922329260717381/50000000000000000,finite,437922329260717381/50000000000000000,finite,0,1,1,1,0,1
distributed_K1_C116,seed0_K1_C116,distributed,19,component:0:114,114,1,optimal,search_exhausted,True,45,1,0,554739487293135077/100000000000000000,554739487293135077/100000000000000000,finite,554739487293135077/100000000000000000,finite,0,1,1,1,0,1
distributed_K1_C116,seed0_K1_C116,distributed,20,component:0:115,115,1,optimal,search_exhausted,True,54,1,0,375984050215951943/50000000000000000,375984050215951943/50000000000000000,finite,375984050215951943/50000000000000000,finite,0,1,1,1,0,1
distributed_K1_C116,seed0_K1_C116,distributed,21,component:0:116,116,1,optimal,search_exhausted,True,39,1,0,83893826978102129/10000000000000000,83893826978102129/10000000000000000,finite,83893826978102129/10000000000000000,finite,0,1,1,1,0,1
distributed_K1_C116,seed0_K1_C116,distributed,22,component:0:12,12,1,optimal,search_exhausted,True,51,1,0,630177142307885149/50000000000000000,630177142307885149/50000000000000000,finite,630177142307885149/50000000000000000,finite,0,1,1,1,0,1
distributed_K1_C116,seed0_K1_C116,distributed,23,component:0:13,13,1,optimal,search_exhausted,True,42,1,0,10160160666102861/1000000000000000,10160160666102861/1000000000000000,finite,10160160666102861/1000000000000000,finite,0,1,1,1,0,1
distributed_K1_C116,seed0_K1_C116,distributed,24,component:0:14,14,1,optimal,search_exhausted,True,48,1,0,1315381716877480327/200000000000000000,1315381716877480327/200000000000000000,finite,1315381716877480327/200000000000000000,finite,0,1,1,1,0,1
distributed_K1_C116,seed0_K1_C116,distributed,25,component:0:15,15,1,optimal,search_exhausted,True,60,1,0,582013565986791199/50000000000000000,582013565986791199/50000000000000000,finite,582013565986791199/50000000000000000,finite,0,1,1,1,0,1
distributed_K1_C116,seed0_K1_C116,distributed,26,component:0:16,16,1,optimal,search_exhausted,True,33,1,0,793975176305264727/100000000000000000,793975176305264727/100000000000000000,finite,793975176305264727/100000000000000000,finite,0,1,1,1,0,1
distributed_K1_C116,seed0_K1_C116,distributed,27,component:0:17,17,1,optimal,search_exhausted,True,60,1,0,10644182094508509/1000000000000000,10644182094508509/1000000000000000,finite,10644182094508509/1000000000000000,finite,0,1,1,1,0,1
distributed_K1_C116,seed0_K1_C116,distributed,28,component:0:18,18,1,optimal,search_exhausted,True,63,1,0,761784130351717863/100000000000000000,761784130351717863/100000000000000000,finite,761784130351717863/100000000000000000,finite,0,1,1,1,0,1
distributed_K1_C116,seed0_K1_C116,distributed,29,component:0:19,19,1,optimal,search_exhausted,True,54,1,0,1268504368753126187/100000000000000000,1268504368753126187/100000000000000000,finite,1268504368753126187/100000000000000000,finite,0,1,1,1,0,1
distributed_K1_C116,seed0_K1_C116,distributed,30,component:0:2,2,1,optimal,search_exhausted,True,51,1,0,1058744678849404393/100000000000000000,1058744678849404393/100000000000000000,finite,1058744678849404393/100000000000000000,finite,0,1,1,1,0,1
distributed_K1_C116,seed0_K1_C116,distributed,31,component:0:20,20,1,optimal,search_exhausted,True,54,1,0,961893256601097397/100000000000000000,961893256601097397/100000000000000000,finite,961893256601097397/100000000000000000,finite,0,1,1,1,0,1
distributed_K1_C116,seed0_K1_C116,distributed,32,component:0:21,21,1,optimal,search_exhausted,True,48,1,0,965815687492596467/100000000000000000,965815687492596467/100000000000000000,finite,965815687492596467/100000000000000000,finite,0,1,1,1,0,1
distributed_K1_C116,seed0_K1_C116,distributed,33,component:0:22,22,1,optimal,search_exhausted,True,48,1,0,1032135273732667381/100000000000000000,1032135273732667381/100000000000000000,finite,1032135273732667381/100000000000000000,finite,0,1,1,1,0,1
distributed_K1_C116,seed0_K1_C116,distributed,34,component:0:23,23,1,optimal,search_exhausted,True,45,1,0,467973132879010123/50000000000000000,467973132879010123/50000000000000000,finite,467973132879010123/50000000000000000,finite,0,1,1,1,0,1
distributed_K1_C116,seed0_K1_C116,distributed,35,component:0:24,24,1,optimal,search_exhausted,True,57,1,0,591236727825037379/50000000000000000,591236727825037379/50000000000000000,finite,591236727825037379/50000000000000000,finite,0,1,1,1,0,1
distributed_K1_C116,seed0_K1_C116,distributed,36,component:0:25,25,1,optimal,search_exhausted,True,51,1,0,1194910223126826389/100000000000000000,1194910223126826389/100000000000000000,finite,1194910223126826389/100000000000000000,finite,0,1,1,1,0,1
distributed_K1_C116,seed0_K1_C116,distributed,37,component:0:26,26,1,optimal,search_exhausted,True,57,1,0,330249553569900487/25000000000000000,330249553569900487/25000000000000000,finite,330249553569900487/25000000000000000,finite,0,1,1,1,0,1
distributed_K1_C116,seed0_K1_C116,distributed,38,component:0:27,27,1,optimal,search_exhausted,True,45,1,0,1169574555860255927/100000000000000000,1169574555860255927/100000000000000000,finite,1169574555860255927/100000000000000000,finite,0,1,1,1,0,1
distributed_K1_C116,seed0_K1_C116,distributed,39,component:0:28,28,1,optimal,search_exhausted,True,48,1,0,30075305019711137/2500000000000000,30075305019711137/2500000000000000,finite,30075305019711137/2500000000000000,finite,0,1,1,1,0,1
distributed_K1_C116,seed0_K1_C116,distributed,40,component:0:29,29,1,optimal,search_exhausted,True,63,1,0,789744348223602091/100000000000000000,789744348223602091/100000000000000000,finite,789744348223602091/100000000000000000,finite,0,1,1,1,0,1
distributed_K1_C116,seed0_K1_C116,distributed,41,component:0:3,3,1,optimal,search_exhausted,True,57,1,0,222516230800137589/25000000000000000,222516230800137589/25000000000000000,finite,222516230800137589/25000000000000000,finite,0,1,1,1,0,1
distributed_K1_C116,seed0_K1_C116,distributed,42,component:0:30,30,1,optimal,search_exhausted,True,36,1,0,644147800111444331/100000000000000000,644147800111444331/100000000000000000,finite,644147800111444331/100000000000000000,finite,0,1,1,1,0,1
distributed_K1_C116,seed0_K1_C116,distributed,43,component:0:31,31,1,optimal,search_exhausted,True,51,1,0,497345225531776229/50000000000000000,497345225531776229/50000000000000000,finite,497345225531776229/50000000000000000,finite,0,1,1,1,0,1
distributed_K1_C116,seed0_K1_C116,distributed,44,component:0:32,32,1,optimal,search_exhausted,True,45,1,0,503554974743233567/50000000000000000,503554974743233567/50000000000000000,finite,503554974743233567/50000000000000000,finite,0,1,1,1,0,1
distributed_K1_C116,seed0_K1_C116,distributed,45,component:0:33,33,1,optimal,search_exhausted,True,36,1,0,157718187745267061/31250000000000000,157718187745267061/31250000000000000,finite,157718187745267061/31250000000000000,finite,0,1,1,1,0,1
distributed_K1_C116,seed0_K1_C116,distributed,46,component:0:34,34,1,optimal,search_exhausted,True,48,1,0,80657726557677969/6250000000000000,80657726557677969/6250000000000000,finite,80657726557677969/6250000000000000,finite,0,1,1,1,0,1
distributed_K1_C116,seed0_K1_C116,distributed,47,component:0:35,35,1,optimal,search_exhausted,True,57,1,0,1272154154020202319/100000000000000000,1272154154020202319/100000000000000000,finite,1272154154020202319/100000000000000000,finite,0,1,1,1,0,1
distributed_K1_C116,seed0_K1_C116,distributed,48,component:0:36,36,1,optimal,search_exhausted,True,48,1,0,141085394383619011/12500000000000000,141085394383619011/12500000000000000,finite,141085394383619011/12500000000000000,finite,0,1,1,1,0,1
distributed_K1_C116,seed0_K1_C116,distributed,49,component:0:37,37,1,optimal,search_exhausted,True,39,1,0,496457952814814199/100000000000000000,496457952814814199/100000000000000000,finite,496457952814814199/100000000000000000,finite,0,1,1,1,0,1
distributed_K1_C116,seed0_K1_C116,distributed,50,component:0:39,39,1,optimal,search_exhausted,True,45,1,0,758475070009964933/100000000000000000,758475070009964933/100000000000000000,finite,758475070009964933/100000000000000000,finite,0,1,1,1,0,1
distributed_K1_C116,seed0_K1_C116,distributed,51,component:0:4,4,1,optimal,search_exhausted,True,45,1,0,410030361141298441/50000000000000000,410030361141298441/50000000000000000,finite,410030361141298441/50000000000000000,finite,0,1,1,1,0,1
distributed_K1_C116,seed0_K1_C116,distributed,52,component:0:40,40,1,optimal,search_exhausted,True,48,1,0,170253321187223741/20000000000000000,170253321187223741/20000000000000000,finite,170253321187223741/20000000000000000,finite,0,1,1,1,0,1
distributed_K1_C116,seed0_K1_C116,distributed,53,component:0:41,41,1,optimal,search_exhausted,True,51,1,0,557009657280633661/50000000000000000,557009657280633661/50000000000000000,finite,557009657280633661/50000000000000000,finite,0,1,1,1,0,1
distributed_K1_C116,seed0_K1_C116,distributed,54,component:0:42,42,1,optimal,search_exhausted,True,60,1,0,110868228984779497/10000000000000000,110868228984779497/10000000000000000,finite,110868228984779497/10000000000000000,finite,0,1,1,1,0,1
distributed_K1_C116,seed0_K1_C116,distributed,55,component:0:43,43,1,optimal,search_exhausted,True,78,1,0,1672178213396152277/100000000000000000,1672178213396152277/100000000000000000,finite,1672178213396152277/100000000000000000,finite,0,1,1,1,0,1
distributed_K1_C116,seed0_K1_C116,distributed,56,component:0:44,44,1,optimal,search_exhausted,True,48,1,0,757517507845911629/100000000000000000,757517507845911629/100000000000000000,finite,757517507845911629/100000000000000000,finite,0,1,1,1,0,1
distributed_K1_C116,seed0_K1_C116,distributed,57,component:0:45,45,1,optimal,search_exhausted,True,48,1,0,507236601560811127/50000000000000000,507236601560811127/50000000000000000,finite,507236601560811127/50000000000000000,finite,0,1,1,1,0,1
distributed_K1_C116,seed0_K1_C116,distributed,58,component:0:46,46,1,optimal,search_exhausted,True,39,1,0,87696204753385151/10000000000000000,87696204753385151/10000000000000000,finite,87696204753385151/10000000000000000,finite,0,1,1,1,0,1
distributed_K1_C116,seed0_K1_C116,distributed,59,component:0:47,47,1,optimal,search_exhausted,True,60,1,0,281881865267501667/20000000000000000,281881865267501667/20000000000000000,finite,281881865267501667/20000000000000000,finite,0,1,1,1,0,1
distributed_K1_C116,seed0_K1_C116,distributed,60,component:0:48,48,1,optimal,search_exhausted,True,33,1,0,264462526841832797/50000000000000000,264462526841832797/50000000000000000,finite,264462526841832797/50000000000000000,finite,0,1,1,1,0,1
distributed_K1_C116,seed0_K1_C116,distributed,61,component:0:49,49,1,optimal,search_exhausted,True,48,1,0,46242738457486043/6250000000000000,46242738457486043/6250000000000000,finite,46242738457486043/6250000000000000,finite,0,1,1,1,0,1
distributed_K1_C116,seed0_K1_C116,distributed,62,component:0:5,5,1,optimal,search_exhausted,True,54,1,0,120719754996620303/10000000000000000,120719754996620303/10000000000000000,finite,120719754996620303/10000000000000000,finite,0,1,1,1,0,1
distributed_K1_C116,seed0_K1_C116,distributed,63,component:0:50,50,1,optimal,search_exhausted,True,33,1,0,315829441147304193/50000000000000000,315829441147304193/50000000000000000,finite,315829441147304193/50000000000000000,finite,0,1,1,1,0,1
distributed_K1_C116,seed0_K1_C116,distributed,64,component:0:51,51,1,optimal,search_exhausted,True,51,1,0,58684359853642433/5000000000000000,58684359853642433/5000000000000000,finite,58684359853642433/5000000000000000,finite,0,1,1,1,0,1
distributed_K1_C116,seed0_K1_C116,distributed,65,component:0:52,52,1,optimal,search_exhausted,True,48,1,0,718078521528071707/100000000000000000,718078521528071707/100000000000000000,finite,718078521528071707/100000000000000000,finite,0,1,1,1,0,1
distributed_K1_C116,seed0_K1_C116,distributed,66,component:0:53,53,1,optimal,search_exhausted,True,54,1,0,314807844598596473/25000000000000000,314807844598596473/25000000000000000,finite,314807844598596473/25000000000000000,finite,0,1,1,1,0,1
distributed_K1_C116,seed0_K1_C116,distributed,67,component:0:54,54,1,optimal,search_exhausted,True,54,1,0,118014440424019943/10000000000000000,118014440424019943/10000000000000000,finite,118014440424019943/10000000000000000,finite,0,1,1,1,0,1
distributed_K1_C116,seed0_K1_C116,distributed,68,component:0:55,55,1,optimal,search_exhausted,True,48,1,0,1034680165380794567/100000000000000000,1034680165380794567/100000000000000000,finite,1034680165380794567/100000000000000000,finite,0,1,1,1,0,1
distributed_K1_C116,seed0_K1_C116,distributed,69,component:0:56,56,1,optimal,search_exhausted,True,45,1,0,42650069686206509/4000000000000000,42650069686206509/4000000000000000,finite,42650069686206509/4000000000000000,finite,0,1,1,1,0,1
distributed_K1_C116,seed0_K1_C116,distributed,70,component:0:57,57,1,optimal,search_exhausted,True,54,1,0,574652284844369747/50000000000000000,574652284844369747/50000000000000000,finite,574652284844369747/50000000000000000,finite,0,1,1,1,0,1
distributed_K1_C116,seed0_K1_C116,distributed,71,component:0:58,58,1,optimal,search_exhausted,True,48,1,0,271865633284528273/25000000000000000,271865633284528273/25000000000000000,finite,271865633284528273/25000000000000000,finite,0,1,1,1,0,1
distributed_K1_C116,seed0_K1_C116,distributed,72,component:0:59,59,1,optimal,search_exhausted,True,24,1,0,16952033483196881/2500000000000000,16952033483196881/2500000000000000,finite,16952033483196881/2500000000000000,finite,0,1,1,1,0,1
distributed_K1_C116,seed0_K1_C116,distributed,73,component:0:6,6,1,optimal,search_exhausted,True,51,1,0,106142597201187913/10000000000000000,106142597201187913/10000000000000000,finite,106142597201187913/10000000000000000,finite,0,1,1,1,0,1
distributed_K1_C116,seed0_K1_C116,distributed,74,component:0:60,60,1,optimal,search_exhausted,True,48,1,0,112394261244195989/10000000000000000,112394261244195989/10000000000000000,finite,112394261244195989/10000000000000000,finite,0,1,1,1,0,1
distributed_K1_C116,seed0_K1_C116,distributed,75,component:0:61,61,1,optimal,search_exhausted,True,48,1,0,301386366778312871/25000000000000000,301386366778312871/25000000000000000,finite,301386366778312871/25000000000000000,finite,0,1,1,1,0,1
distributed_K1_C116,seed0_K1_C116,distributed,76,component:0:62,62,1,optimal,search_exhausted,True,57,1,0,1219729596713547703/100000000000000000,1219729596713547703/100000000000000000,finite,1219729596713547703/100000000000000000,finite,0,1,1,1,0,1
distributed_K1_C116,seed0_K1_C116,distributed,77,component:0:63,63,1,optimal,search_exhausted,True,33,1,0,287667042701885741/50000000000000000,287667042701885741/50000000000000000,finite,287667042701885741/50000000000000000,finite,0,1,1,1,0,1
distributed_K1_C116,seed0_K1_C116,distributed,78,component:0:64,64,1,optimal,search_exhausted,True,54,1,0,1208179505003107953/100000000000000000,1208179505003107953/100000000000000000,finite,1208179505003107953/100000000000000000,finite,0,1,1,1,0,1
distributed_K1_C116,seed0_K1_C116,distributed,79,component:0:65,65,1,optimal,search_exhausted,True,45,1,0,122639625219269707/10000000000000000,122639625219269707/10000000000000000,finite,122639625219269707/10000000000000000,finite,0,1,1,1,0,1
distributed_K1_C116,seed0_K1_C116,distributed,80,component:0:66,66,1,optimal,search_exhausted,True,51,1,0,240242564661799933/20000000000000000,240242564661799933/20000000000000000,finite,240242564661799933/20000000000000000,finite,0,1,1,1,0,1
distributed_K1_C116,seed0_K1_C116,distributed,81,component:0:67,67,1,optimal,search_exhausted,True,39,1,0,831933169796474077/100000000000000000,831933169796474077/100000000000000000,finite,831933169796474077/100000000000000000,finite,0,1,1,1,0,1
distributed_K1_C116,seed0_K1_C116,distributed,82,component:0:68,68,1,optimal,search_exhausted,True,33,1,0,322678899210741759/50000000000000000,322678899210741759/50000000000000000,finite,322678899210741759/50000000000000000,finite,0,1,1,1,0,1
distributed_K1_C116,seed0_K1_C116,distributed,83,component:0:69,69,1,optimal,search_exhausted,True,45,1,0,409505753894301089/50000000000000000,409505753894301089/50000000000000000,finite,409505753894301089/50000000000000000,finite,0,1,1,1,0,1
distributed_K1_C116,seed0_K1_C116,distributed,84,component:0:7,7,1,optimal,search_exhausted,True,78,1,0,809329078689834757/50000000000000000,809329078689834757/50000000000000000,finite,809329078689834757/50000000000000000,finite,0,1,1,1,0,1
distributed_K1_C116,seed0_K1_C116,distributed,85,component:0:70,70,1,optimal,search_exhausted,True,48,1,0,359909993072269567/50000000000000000,359909993072269567/50000000000000000,finite,359909993072269567/50000000000000000,finite,0,1,1,1,0,1
distributed_K1_C116,seed0_K1_C116,distributed,86,component:0:71,71,1,optimal,search_exhausted,True,51,1,0,256909525121881757/20000000000000000,256909525121881757/20000000000000000,finite,256909525121881757/20000000000000000,finite,0,1,1,1,0,1
distributed_K1_C116,seed0_K1_C116,distributed,87,component:0:72,72,1,optimal,search_exhausted,True,42,1,0,537052006890969599/50000000000000000,537052006890969599/50000000000000000,finite,537052006890969599/50000000000000000,finite,0,1,1,1,0,1
distributed_K1_C116,seed0_K1_C116,distributed,88,component:0:73,73,1,optimal,search_exhausted,True,42,1,0,107337696084818997/10000000000000000,107337696084818997/10000000000000000,finite,107337696084818997/10000000000000000,finite,0,1,1,1,0,1
distributed_K1_C116,seed0_K1_C116,distributed,89,component:0:74,74,1,optimal,search_exhausted,True,45,1,0,77889109530188471/10000000000000000,77889109530188471/10000000000000000,finite,77889109530188471/10000000000000000,finite,0,1,1,1,0,1
distributed_K1_C116,seed0_K1_C116,distributed,90,component:0:75,75,1,optimal,search_exhausted,True,33,1,0,143701947628995017/25000000000000000,143701947628995017/25000000000000000,finite,143701947628995017/25000000000000000,finite,0,1,1,1,0,1
distributed_K1_C116,seed0_K1_C116,distributed,91,component:0:76,76,1,optimal,search_exhausted,True,54,1,0,126865063314293049/20000000000000000,126865063314293049/20000000000000000,finite,126865063314293049/20000000000000000,finite,0,1,1,1,0,1
distributed_K1_C116,seed0_K1_C116,distributed,92,component:0:77,77,1,optimal,search_exhausted,True,51,1,0,378740335400654469/50000000000000000,378740335400654469/50000000000000000,finite,378740335400654469/50000000000000000,finite,0,1,1,1,0,1
distributed_K1_C116,seed0_K1_C116,distributed,93,component:0:78,78,1,optimal,search_exhausted,True,39,1,0,815475720960259767/100000000000000000,815475720960259767/100000000000000000,finite,815475720960259767/100000000000000000,finite,0,1,1,1,0,1
distributed_K1_C116,seed0_K1_C116,distributed,94,component:0:79,79,1,optimal,search_exhausted,True,63,1,0,752792535849802607/50000000000000000,752792535849802607/50000000000000000,finite,752792535849802607/50000000000000000,finite,0,1,1,1,0,1
distributed_K1_C116,seed0_K1_C116,distributed,95,component:0:8,8,1,optimal,search_exhausted,True,42,1,0,368039975518472221/50000000000000000,368039975518472221/50000000000000000,finite,368039975518472221/50000000000000000,finite,0,1,1,1,0,1
distributed_K1_C116,seed0_K1_C116,distributed,96,component:0:80,80,1,optimal,search_exhausted,True,57,1,0,13032376201624547/1000000000000000,13032376201624547/1000000000000000,finite,13032376201624547/1000000000000000,finite,0,1,1,1,0,1
distributed_K1_C116,seed0_K1_C116,distributed,97,component:0:81,81,1,optimal,search_exhausted,True,39,1,0,744361953594475759/100000000000000000,744361953594475759/100000000000000000,finite,744361953594475759/100000000000000000,finite,0,1,1,1,0,1
distributed_K1_C116,seed0_K1_C116,distributed,98,component:0:82,82,1,optimal,search_exhausted,True,54,1,0,1073226611916937791/100000000000000000,1073226611916937791/100000000000000000,finite,1073226611916937791/100000000000000000,finite,0,1,1,1,0,1
distributed_K1_C116,seed0_K1_C116,distributed,99,component:0:83,83,1,optimal,search_exhausted,True,51,1,0,128270319376014787/10000000000000000,128270319376014787/10000000000000000,finite,128270319376014787/10000000000000000,finite,0,1,1,1,0,1
distributed_K1_C116,seed0_K1_C116,distributed,100,component:0:84,84,1,optimal,search_exhausted,True,45,1,0,6276581245887373/781250000000000,6276581245887373/781250000000000,finite,6276581245887373/781250000000000,finite,0,1,1,1,0,1
distributed_K1_C116,seed0_K1_C116,distributed,101,component:0:85,85,1,optimal,search_exhausted,True,42,1,0,497153172905480309/50000000000000000,497153172905480309/50000000000000000,finite,497153172905480309/50000000000000000,finite,0,1,1,1,0,1
distributed_K1_C116,seed0_K1_C116,distributed,102,component:0:86,86,1,optimal,search_exhausted,True,42,1,0,56438321257100529/5000000000000000,56438321257100529/5000000000000000,finite,56438321257100529/5000000000000000,finite,0,1,1,1,0,1
distributed_K1_C116,seed0_K1_C116,distributed,103,component:0:87,87,1,optimal,search_exhausted,True,30,1,0,243270482389319693/50000000000000000,243270482389319693/50000000000000000,finite,243270482389319693/50000000000000000,finite,0,1,1,1,0,1
distributed_K1_C116,seed0_K1_C116,distributed,104,component:0:88,88,1,optimal,search_exhausted,True,39,1,0,322018798721736197/50000000000000000,322018798721736197/50000000000000000,finite,322018798721736197/50000000000000000,finite,0,1,1,1,0,1
distributed_K1_C116,seed0_K1_C116,distributed,105,component:0:89,89,1,optimal,search_exhausted,True,30,1,0,243374516937353337/50000000000000000,243374516937353337/50000000000000000,finite,243374516937353337/50000000000000000,finite,0,1,1,1,0,1
distributed_K1_C116,seed0_K1_C116,distributed,106,component:0:9,9,1,optimal,search_exhausted,True,66,1,0,41166709494511481877/5000000000000000000,41166709494511481877/5000000000000000000,finite,41166709494511481877/5000000000000000000,finite,0,1,1,1,0,1
distributed_K1_C116,seed0_K1_C116,distributed,107,component:0:90,90,1,optimal,search_exhausted,True,36,1,0,458548596398086539/100000000000000000,458548596398086539/100000000000000000,finite,458548596398086539/100000000000000000,finite,0,1,1,1,0,1
distributed_K1_C116,seed0_K1_C116,distributed,108,component:0:91,91,1,optimal,search_exhausted,True,102,1,0,688869626110656273/50000000000000000,688869626110656273/50000000000000000,finite,688869626110656273/50000000000000000,finite,0,1,1,1,0,1
distributed_K1_C116,seed0_K1_C116,distributed,109,component:0:92,92,1,optimal,search_exhausted,True,51,1,0,1183874715304355713/100000000000000000,1183874715304355713/100000000000000000,finite,1183874715304355713/100000000000000000,finite,0,1,1,1,0,1
distributed_K1_C116,seed0_K1_C116,distributed,110,component:0:93,93,1,optimal,search_exhausted,True,48,1,0,634931762867554527/100000000000000000,634931762867554527/100000000000000000,finite,634931762867554527/100000000000000000,finite,0,1,1,1,0,1
distributed_K1_C116,seed0_K1_C116,distributed,111,component:0:94,94,1,optimal,search_exhausted,True,66,1,0,1634907899328701/125000000000000,1634907899328701/125000000000000,finite,1634907899328701/125000000000000,finite,0,1,1,1,0,1
distributed_K1_C116,seed0_K1_C116,distributed,112,component:0:95,95,1,optimal,search_exhausted,True,51,1,0,723138505075648577/100000000000000000,723138505075648577/100000000000000000,finite,723138505075648577/100000000000000000,finite,0,1,1,1,0,1
distributed_K1_C116,seed0_K1_C116,distributed,113,component:0:96,96,1,optimal,search_exhausted,True,39,1,0,152373099343744129/25000000000000000,152373099343744129/25000000000000000,finite,152373099343744129/25000000000000000,finite,0,1,1,1,0,1
distributed_K1_C116,seed0_K1_C116,distributed,114,component:0:97,97,1,optimal,search_exhausted,True,36,1,0,556174677522356181/100000000000000000,556174677522356181/100000000000000000,finite,556174677522356181/100000000000000000,finite,0,1,1,1,0,1
distributed_K1_C116,seed0_K1_C116,distributed,115,component:0:98,98,1,optimal,search_exhausted,True,48,1,0,759211678295901851/100000000000000000,759211678295901851/100000000000000000,finite,759211678295901851/100000000000000000,finite,0,1,1,1,0,1
distributed_K1_C116,seed0_K1_C116,distributed,116,component:0:99,99,1,optimal,search_exhausted,True,48,1,0,276622058200264729/50000000000000000,276622058200264729/50000000000000000,finite,276622058200264729/50000000000000000,finite,0,1,1,1,0,1
distributed_K2_C116,seed0_K2_C116,distributed,1,component:0:0,0,1,optimal,search_exhausted,True,66,2,34,169291144117003691/10000000000000000,169291144117003691/10000000000000000,finite,169291144117003691/10000000000000000,finite,0,1,2,2,0,2
distributed_K2_C116,seed0_K2_C116,distributed,2,component:0:1,1,1,optimal,search_exhausted,True,39,2,19,670447734942836633/100000000000000000,670447734942836633/100000000000000000,finite,670447734942836633/100000000000000000,finite,0,201,284,284,0,284
distributed_K2_C116,seed0_K2_C116,distributed,3,component:0:10,10,1,optimal,search_exhausted,True,42,2,18,41480513220943803/5000000000000000,41480513220943803/5000000000000000,finite,41480513220943803/5000000000000000,finite,0,1,2,2,0,2
distributed_K2_C116,seed0_K2_C116,distributed,4,component:0:100,100,1,optimal,search_exhausted,True,51,2,9,2061413855650035569/250000000000000000,2061413855650035569/250000000000000000,finite,2061413855650035569/250000000000000000,finite,0,1,2,2,0,2
distributed_K2_C116,seed0_K2_C116,distributed,5,component:1:101,101,1,optimal,search_exhausted,True,30,2,7,126235050342060673/20000000000000000,126235050342060673/20000000000000000,finite,126235050342060673/20000000000000000,finite,0,1,2,2,0,2
distributed_K2_C116,seed0_K2_C116,distributed,6,component:1:102,102,1,optimal,search_exhausted,True,39,2,0,232117274375861849/25000000000000000,232117274375861849/25000000000000000,finite,232117274375861849/25000000000000000,finite,0,1,2,2,0,2
distributed_K2_C116,seed0_K2_C116,distributed,7,component:1:103,103,1,optimal,search_exhausted,True,51,2,9,17978142700731933/2500000000000000,17978142700731933/2500000000000000,finite,17978142700731933/2500000000000000,finite,0,1,2,2,0,2
distributed_K2_C116,seed0_K2_C116,distributed,8,component:1:104,104,1,optimal,search_exhausted,True,45,2,13,152885776677807847/20000000000000000,152885776677807847/20000000000000000,finite,152885776677807847/20000000000000000,finite,0,65,114,114,0,114
distributed_K2_C116,seed0_K2_C116,distributed,9,component:0:105,105,1,optimal,search_exhausted,True,48,2,0,218654332878626781/25000000000000000,218654332878626781/25000000000000000,finite,218654332878626781/25000000000000000,finite,0,1,2,2,0,2
distributed_K2_C116,seed0_K2_C116,distributed,10,component:0:106,106,1,optimal,search_exhausted,True,45,2,14,147719040703948603/20000000000000000,147719040703948603/20000000000000000,finite,147719040703948603/20000000000000000,finite,0,1,2,2,0,2
distributed_K2_C116,seed0_K2_C116,distributed,11,component:0:107,107,1,optimal,search_exhausted,True,36,2,14,605096145093573691/200000000000000000,605096145093573691/200000000000000000,finite,605096145093573691/200000000000000000,finite,0,243,380,380,0,380
distributed_K2_C116,seed0_K2_C116,distributed,12,component:0:108,108,1,optimal,search_exhausted,True,48,2,3,262258192430385653/50000000000000000,262258192430385653/50000000000000000,finite,262258192430385653/50000000000000000,finite,0,1,2,2,0,2
distributed_K2_C116,seed0_K2_C116,distributed,13,component:1:109,109,1,optimal,search_exhausted,True,36,2,11,33774959723581059/10000000000000000,33774959723581059/10000000000000000,finite,33774959723581059/10000000000000000,finite,0,1,2,2,0,2
distributed_K2_C116,seed0_K2_C116,distributed,14,component:1:11,11,1,optimal,search_exhausted,True,45,2,27,170672889299998731/25000000000000000,170672889299998731/25000000000000000,finite,170672889299998731/25000000000000000,finite,0,1,2,2,0,2
distributed_K2_C116,seed0_K2_C116,distributed,15,component:1:110,110,1,optimal,search_exhausted,True,48,2,10,337353509119510679/50000000000000000,337353509119510679/50000000000000000,finite,337353509119510679/50000000000000000,finite,0,1,2,2,0,2
distributed_K2_C116,seed0_K2_C116,distributed,16,component:1:111,111,1,optimal,search_exhausted,True,39,2,6,505776700665445181/100000000000000000,505776700665445181/100000000000000000,finite,505776700665445181/100000000000000000,finite,0,1,2,2,0,2
distributed_K2_C116,seed0_K2_C116,distributed,17,component:0:112,112,1,optimal,search_exhausted,True,33,2,10,47087468957547589/12500000000000000,47087468957547589/12500000000000000,finite,47087468957547589/12500000000000000,finite,0,1,2,2,0,2
distributed_K2_C116,seed0_K2_C116,distributed,18,component:0:113,113,1,optimal,search_exhausted,True,66,2,23,437922329260717381/50000000000000000,437922329260717381/50000000000000000,finite,437922329260717381/50000000000000000,finite,0,1,2,2,0,2
distributed_K2_C116,seed0_K2_C116,distributed,19,component:0:114,114,1,optimal,search_exhausted,True,45,2,8,554739487293135077/100000000000000000,554739487293135077/100000000000000000,finite,554739487293135077/100000000000000000,finite,0,1,2,2,0,2
distributed_K2_C116,seed0_K2_C116,distributed,20,component:0:115,115,1,optimal,search_exhausted,True,54,2,20,375984050215951943/50000000000000000,375984050215951943/50000000000000000,finite,375984050215951943/50000000000000000,finite,0,1083,1988,1988,0,1988
distributed_K2_C116,seed0_K2_C116,distributed,21,component:1:116,116,1,optimal,search_exhausted,True,39,2,0,83893826978102129/10000000000000000,83893826978102129/10000000000000000,finite,83893826978102129/10000000000000000,finite,0,1,2,2,0,2
distributed_K2_C116,seed0_K2_C116,distributed,22,component:1:12,12,1,optimal,search_exhausted,True,51,2,28,630177142307885149/50000000000000000,630177142307885149/50000000000000000,finite,630177142307885149/50000000000000000,finite,0,1,2,2,0,2
distributed_K2_C116,seed0_K2_C116,distributed,23,component:1:13,13,1,optimal,search_exhausted,True,42,2,22,10160160666102861/1000000000000000,10160160666102861/1000000000000000,finite,10160160666102861/1000000000000000,finite,0,1,2,2,0,2
distributed_K2_C116,seed0_K2_C116,distributed,24,component:1:14,14,1,optimal,search_exhausted,True,48,2,24,1315381716877480327/200000000000000000,1315381716877480327/200000000000000000,finite,1315381716877480327/200000000000000000,finite,0,1,2,2,0,2
distributed_K2_C116,seed0_K2_C116,distributed,25,component:0:15,15,1,optimal,search_exhausted,True,60,2,30,582013565986791199/50000000000000000,582013565986791199/50000000000000000,finite,582013565986791199/50000000000000000,finite,0,1,2,2,0,2
distributed_K2_C116,seed0_K2_C116,distributed,26,component:0:16,16,1,optimal,search_exhausted,True,33,2,18,793975176305264727/100000000000000000,793975176305264727/100000000000000000,finite,793975176305264727/100000000000000000,finite,0,243,350,350,0,350
distributed_K2_C116,seed0_K2_C116,distributed,27,component:0:17,17,1,optimal,search_exhausted,True,60,2,26,10644182094508509/1000000000000000,10644182094508509/1000000000000000,finite,10644182094508509/1000000000000000,finite,0,1,2,2,0,2
distributed_K2_C116,seed0_K2_C116,distributed,28,component:0:18,18,1,optimal,search_exhausted,True,63,2,26,761784130351717863/100000000000000000,761784130351717863/100000000000000000,finite,761784130351717863/100000000000000000,finite,0,49,94,94,0,94
distributed_K2_C116,seed0_K2_C116,distributed,29,component:1:19,19,1,optimal,search_exhausted,True,54,2,29,1268504368753126187/100000000000000000,1268504368753126187/100000000000000000,finite,1268504368753126187/100000000000000000,finite,0,1,2,2,0,2
distributed_K2_C116,seed0_K2_C116,distributed,30,component:1:2,2,1,optimal,search_exhausted,True,51,2,26,1058744678849404393/100000000000000000,1058744678849404393/100000000000000000,finite,1058744678849404393/100000000000000000,finite,0,1,2,2,0,2
distributed_K2_C116,seed0_K2_C116,distributed,31,component:1:20,20,1,optimal,search_exhausted,True,54,2,25,961893256601097397/100000000000000000,961893256601097397/100000000000000000,finite,961893256601097397/100000000000000000,finite,0,1,2,2,0,2
distributed_K2_C116,seed0_K2_C116,distributed,32,component:1:21,21,1,optimal,search_exhausted,True,48,2,30,965815687492596467/100000000000000000,965815687492596467/100000000000000000,finite,965815687492596467/100000000000000000,finite,0,1,2,2,0,2
distributed_K2_C116,seed0_K2_C116,distributed,33,component:0:22,22,1,optimal,search_exhausted,True,48,2,27,1032135273732667381/100000000000000000,1032135273732667381/100000000000000000,finite,1032135273732667381/100000000000000000,finite,0,1,2,2,0,2
distributed_K2_C116,seed0_K2_C116,distributed,34,component:0:23,23,1,optimal,search_exhausted,True,45,2,25,467973132879010123/50000000000000000,467973132879010123/50000000000000000,finite,467973132879010123/50000000000000000,finite,0,1,2,2,0,2
distributed_K2_C116,seed0_K2_C116,distributed,35,component:0:24,24,1,optimal,search_exhausted,True,57,2,29,591236727825037379/50000000000000000,591236727825037379/50000000000000000,finite,591236727825037379/50000000000000000,finite,0,1,2,2,0,2
distributed_K2_C116,seed0_K2_C116,distributed,36,component:0:25,25,1,optimal,search_exhausted,True,51,2,25,1194910223126826389/100000000000000000,1194910223126826389/100000000000000000,finite,1194910223126826389/100000000000000000,finite,0,1,2,2,0,2
distributed_K2_C116,seed0_K2_C116,distributed,37,component:1:26,26,1,optimal,search_exhausted,True,57,2,27,330249553569900487/25000000000000000,330249553569900487/25000000000000000,finite,330249553569900487/25000000000000000,finite,0,1,2,2,0,2
distributed_K2_C116,seed0_K2_C116,distributed,38,component:1:27,27,1,optimal,search_exhausted,True,45,2,21,1169574555860255927/100000000000000000,1169574555860255927/100000000000000000,finite,1169574555860255927/100000000000000000,finite,0,1,2,2,0,2
distributed_K2_C116,seed0_K2_C116,distributed,39,component:1:28,28,1,optimal,search_exhausted,True,48,2,24,30075305019711137/2500000000000000,30075305019711137/2500000000000000,finite,30075305019711137/2500000000000000,finite,0,1,2,2,0,2
distributed_K2_C116,seed0_K2_C116,distributed,40,component:1:29,29,1,optimal,search_exhausted,True,63,2,34,789744348223602091/100000000000000000,789744348223602091/100000000000000000,finite,789744348223602091/100000000000000000,finite,0,11,18,18,0,18
distributed_K2_C116,seed0_K2_C116,distributed,41,component:0:3,3,1,optimal,search_exhausted,True,57,2,27,222516230800137589/25000000000000000,222516230800137589/25000000000000000,finite,222516230800137589/25000000000000000,finite,0,1,2,2,0,2
distributed_K2_C116,seed0_K2_C116,distributed,42,component:0:30,30,1,optimal,search_exhausted,True,36,2,20,644147800111444331/100000000000000000,644147800111444331/100000000000000000,finite,644147800111444331/100000000000000000,finite,0,1,2,2,0,2
distributed_K2_C116,seed0_K2_C116,distributed,43,component:0:31,31,1,optimal,search_exhausted,True,51,2,28,497345225531776229/50000000000000000,497345225531776229/50000000000000000,finite,497345225531776229/50000000000000000,finite,0,1,2,2,0,2
distributed_K2_C116,seed0_K2_C116,distributed,44,component:0:32,32,1,optimal,search_exhausted,True,45,2,23,503554974743233567/50000000000000000,503554974743233567/50000000000000000,finite,503554974743233567/50000000000000000,finite,0,1,2,2,0,2
distributed_K2_C116,seed0_K2_C116,distributed,45,component:1:33,33,1,optimal,search_exhausted,True,36,2,19,157718187745267061/31250000000000000,157718187745267061/31250000000000000,finite,157718187745267061/31250000000000000,finite,0,649,1052,1052,0,1052
distributed_K2_C116,seed0_K2_C116,distributed,46,component:1:34,34,1,optimal,search_exhausted,True,48,2,23,80657726557677969/6250000000000000,80657726557677969/6250000000000000,finite,80657726557677969/6250000000000000,finite,0,1,2,2,0,2
distributed_K2_C116,seed0_K2_C116,distributed,47,component:1:35,35,1,optimal,search_exhausted,True,57,2,33,1272154154020202319/100000000000000000,1272154154020202319/100000000000000000,finite,1272154154020202319/100000000000000000,finite,0,1,2,2,0,2
distributed_K2_C116,seed0_K2_C116,distributed,48,component:1:36,36,1,optimal,search_exhausted,True,48,2,24,141085394383619011/12500000000000000,141085394383619011/12500000000000000,finite,141085394383619011/12500000000000000,finite,0,1,2,2,0,2
distributed_K2_C116,seed0_K2_C116,distributed,49,component:0:37,37,1,optimal,search_exhausted,True,39,2,15,496457952814814199/100000000000000000,496457952814814199/100000000000000000,finite,496457952814814199/100000000000000000,finite,0,1,2,2,0,2
distributed_K2_C116,seed0_K2_C116,distributed,50,component:0:39,39,1,optimal,search_exhausted,True,45,2,22,758475070009964933/100000000000000000,758475070009964933/100000000000000000,finite,758475070009964933/100000000000000000,finite,0,1,2,2,0,2
distributed_K2_C116,seed0_K2_C116,distributed,51,component:0:4,4,1,optimal,search_exhausted,True,45,2,21,410030361141298441/50000000000000000,410030361141298441/50000000000000000,finite,410030361141298441/50000000000000000,finite,0,1,2,2,0,2
distributed_K2_C116,seed0_K2_C116,distributed,52,component:0:40,40,1,optimal,search_exhausted,True,48,2,23,170253321187223741/20000000000000000,170253321187223741/20000000000000000,finite,170253321187223741/20000000000000000,finite,0,1,2,2,0,2
distributed_K2_C116,seed0_K2_C116,distributed,53,component:1:41,41,1,optimal,search_exhausted,True,51,2,30,557009657280633661/50000000000000000,557009657280633661/50000000000000000,finite,557009657280633661/50000000000000000,finite,0,317,586,586,0,586
distributed_K2_C116,seed0_K2_C116,distributed,54,component:1:42,42,1,optimal,search_exhausted,True,60,2,31,110868228984779497/10000000000000000,110868228984779497/10000000000000000,finite,110868228984779497/10000000000000000,finite,0,77,146,146,0,146
distributed_K2_C116,seed0_K2_C116,distributed,55,component:1:43,43,1,optimal,search_exhausted,True,78,2,35,1672178213396152277/100000000000000000,1672178213396152277/100000000000000000,finite,1672178213396152277/100000000000000000,finite,0,233,444,444,0,444
distributed_K2_C116,seed0_K2_C116,distributed,56,component:1:44,44,1,optimal,search_exhausted,True,48,2,19,757517507845911629/100000000000000000,757517507845911629/100000000000000000,finite,757517507845911629/100000000000000000,finite,0,1,2,2,0,2
distributed_K2_C116,seed0_K2_C116,distributed,57,component:0:45,45,1,optimal,search_exhausted,True,48,2,27,507236601560811127/50000000000000000,507236601560811127/50000000000000000,finite,507236601560811127/50000000000000000,finite,0,1,2,2,0,2
distributed_K2_C116,seed0_K2_C116,distributed,58,component:0:46,46,1,optimal,search_exhausted,True,39,2,21,87696204753385151/10000000000000000,87696204753385151/10000000000000000,finite,87696204753385151/10000000000000000,finite,0,1,2,2,0,2
distributed_K2_C116,seed0_K2_C116,distributed,59,component:0:47,47,1,optimal,search_exhausted,True,60,2,30,281881865267501667/20000000000000000,281881865267501667/20000000000000000,finite,281881865267501667/20000000000000000,finite,0,1,2,2,0,2
distributed_K2_C116,seed0_K2_C116,distributed,60,component:0:48,48,1,optimal,search_exhausted,True,33,2,15,264462526841832797/50000000000000000,264462526841832797/50000000000000000,finite,264462526841832797/50000000000000000,finite,0,107,176,176,0,176
distributed_K2_C116,seed0_K2_C116,distributed,61,component:1:49,49,1,optimal,search_exhausted,True,48,2,26,46242738457486043/6250000000000000,46242738457486043/6250000000000000,finite,46242738457486043/6250000000000000,finite,0,1,2,2,0,2
distributed_K2_C116,seed0_K2_C116,distributed,62,component:1:5,5,1,optimal,search_exhausted,True,54,2,23,120719754996620303/10000000000000000,120719754996620303/10000000000000000,finite,120719754996620303/10000000000000000,finite,0,1,2,2,0,2
distributed_K2_C116,seed0_K2_C116,distributed,63,component:1:50,50,1,optimal,search_exhausted,True,33,2,16,315829441147304193/50000000000000000,315829441147304193/50000000000000000,finite,315829441147304193/50000000000000000,finite,0,1,2,2,0,2
distributed_K2_C116,seed0_K2_C116,distributed,64,component:1:51,51,1,optimal,search_exhausted,True,51,2,28,58684359853642433/5000000000000000,58684359853642433/5000000000000000,finite,58684359853642433/5000000000000000,finite,0,1,2,2,0,2
distributed_K2_C116,seed0_K2_C116,distributed,65,component:0:52,52,1,optimal,search_exhausted,True,48,2,27,718078521528071707/100000000000000000,718078521528071707/100000000000000000,finite,718078521528071707/100000000000000000,finite,0,225,418,418,0,418
distributed_K2_C116,seed0_K2_C116,distributed,66,component:0:53,53,1,optimal,search_exhausted,True,54,2,26,314807844598596473/25000000000000000,314807844598596473/25000000000000000,finite,314807844598596473/25000000000000000,finite,0,1,2,2,0,2
distributed_K2_C116,seed0_K2_C116,distributed,67,component:0:54,54,1,optimal,search_exhausted,True,54,2,29,118014440424019943/10000000000000000,118014440424019943/10000000000000000,finite,118014440424019943/10000000000000000,finite,0,1,2,2,0,2
distributed_K2_C116,seed0_K2_C116,distributed,68,component:0:55,55,1,optimal,search_exhausted,True,48,2,27,1034680165380794567/100000000000000000,1034680165380794567/100000000000000000,finite,1034680165380794567/100000000000000000,finite,0,1,2,2,0,2
distributed_K2_C116,seed0_K2_C116,distributed,69,component:1:56,56,1,optimal,search_exhausted,True,45,2,27,42650069686206509/4000000000000000,42650069686206509/4000000000000000,finite,42650069686206509/4000000000000000,finite,0,1,2,2,0,2
distributed_K2_C116,seed0_K2_C116,distributed,70,component:1:57,57,1,optimal,search_exhausted,True,54,2,28,574652284844369747/50000000000000000,574652284844369747/50000000000000000,finite,574652284844369747/50000000000000000,finite,0,1,2,2,0,2
distributed_K2_C116,seed0_K2_C116,distributed,71,component:1:58,58,1,optimal,search_exhausted,True,48,2,22,271865633284528273/25000000000000000,271865633284528273/25000000000000000,finite,271865633284528273/25000000000000000,finite,0,1,2,2,0,2
distributed_K2_C116,seed0_K2_C116,distributed,72,component:1:59,59,1,optimal,search_exhausted,True,24,2,12,16952033483196881/2500000000000000,16952033483196881/2500000000000000,finite,16952033483196881/2500000000000000,finite,0,1,2,2,0,2
distributed_K2_C116,seed0_K2_C116,distributed,73,component:0:6,6,1,optimal,search_exhausted,True,51,2,26,106142597201187913/10000000000000000,106142597201187913/10000000000000000,finite,106142597201187913/10000000000000000,finite,0,1,2,2,0,2
distributed_K2_C116,seed0_K2_C116,distributed,74,component:0:60,60,1,optimal,search_exhausted,True,48,2,23,112394261244195989/10000000000000000,112394261244195989/10000000000000000,finite,112394261244195989/10000000000000000,finite,0,1,2,2,0,2
distributed_K2_C116,seed0_K2_C116,distributed,75,component:0:61,61,1,optimal,search_exhausted,True,48,2,23,301386366778312871/25000000000000000,301386366778312871/25000000000000000,finite,301386366778312871/25000000000000000,finite,0,41,78,78,0,78
distributed_K2_C116,seed0_K2_C116,distributed,76,component:0:62,62,1,optimal,search_exhausted,True,57,2,23,1219729596713547703/100000000000000000,1219729596713547703/100000000000000000,finite,1219729596713547703/100000000000000000,finite,0,1,2,2,0,2
distributed_K2_C116,seed0_K2_C116,distributed,77,component:1:63,63,1,optimal,search_exhausted,True,33,2,12,287667042701885741/50000000000000000,287667042701885741/50000000000000000,finite,287667042701885741/50000000000000000,finite,0,1,2,2,0,2
distributed_K2_C116,seed0_K2_C116,distributed,78,component:1:64,64,1,optimal,search_exhausted,True,54,2,18,1208179505003107953/100000000000000000,1208179505003107953/100000000000000000,finite,1208179505003107953/100000000000000000,finite,0,1,2,2,0,2
distributed_K2_C116,seed0_K2_C116,distributed,79,component:1:65,65,1,optimal,search_exhausted,True,45,2,22,122639625219269707/10000000000000000,122639625219269707/10000000000000000,finite,122639625219269707/10000000000000000,finite,0,1,2,2,0,2
distributed_K2_C116,seed0_K2_C116,distributed,80,component:1:66,66,1,optimal,search_exhausted,True,51,2,27,240242564661799933/20000000000000000,240242564661799933/20000000000000000,finite,240242564661799933/20000000000000000,finite,0,1,2,2,0,2
distributed_K2_C116,seed0_K2_C116,distributed,81,component:0:67,67,1,optimal,search_exhausted,True,39,2,15,831933169796474077/100000000000000000,831933169796474077/100000000000000000,finite,831933169796474077/100000000000000000,finite,0,1,2,2,0,2
distributed_K2_C116,seed0_K2_C116,distributed,82,component:0:68,68,1,optimal,search_exhausted,True,33,2,13,322678899210741759/50000000000000000,322678899210741759/50000000000000000,finite,322678899210741759/50000000000000000,finite,0,1,2,2,0,2
distributed_K2_C116,seed0_K2_C116,distributed,83,component:0:69,69,1,optimal,search_exhausted,True,45,2,22,409505753894301089/50000000000000000,409505753894301089/50000000000000000,finite,409505753894301089/50000000000000000,finite,0,83,162,162,0,162
distributed_K2_C116,seed0_K2_C116,distributed,84,component:0:7,7,1,optimal,search_exhausted,True,78,2,33,809329078689834757/50000000000000000,809329078689834757/50000000000000000,finite,809329078689834757/50000000000000000,finite,0,191,366,366,0,366
distributed_K2_C116,seed0_K2_C116,distributed,85,component:1:70,70,1,optimal,search_exhausted,True,48,2,27,359909993072269567/50000000000000000,359909993072269567/50000000000000000,finite,359909993072269567/50000000000000000,finite,0,323,620,620,0,620
distributed_K2_C116,seed0_K2_C116,distributed,86,component:1:71,71,1,optimal,search_exhausted,True,51,2,27,256909525121881757/20000000000000000,256909525121881757/20000000000000000,finite,256909525121881757/20000000000000000,finite,0,1,2,2,0,2
distributed_K2_C116,seed0_K2_C116,distributed,87,component:1:72,72,1,optimal,search_exhausted,True,42,2,22,537052006890969599/50000000000000000,537052006890969599/50000000000000000,finite,537052006890969599/50000000000000000,finite,0,1,2,2,0,2
distributed_K2_C116,seed0_K2_C116,distributed,88,component:1:73,73,1,optimal,search_exhausted,True,42,2,21,107337696084818997/10000000000000000,107337696084818997/10000000000000000,finite,107337696084818997/10000000000000000,finite,0,1,2,2,0,2
distributed_K2_C116,seed0_K2_C116,distributed,89,component:0:74,74,1,optimal,search_exhausted,True,45,2,21,77889109530188471/10000000000000000,77889109530188471/10000000000000000,finite,77889109530188471/10000000000000000,finite,0,1,2,2,0,2
distributed_K2_C116,seed0_K2_C116,distributed,90,component:0:75,75,1,optimal,search_exhausted,True,33,2,12,143701947628995017/25000000000000000,143701947628995017/25000000000000000,finite,143701947628995017/25000000000000000,finite,0,1,2,2,0,2
distributed_K2_C116,seed0_K2_C116,distributed,91,component:0:76,76,1,optimal,search_exhausted,True,54,2,23,126865063314293049/20000000000000000,126865063314293049/20000000000000000,finite,126865063314293049/20000000000000000,finite,0,1,2,2,0,2
distributed_K2_C116,seed0_K2_C116,distributed,92,component:0:77,77,1,optimal,search_exhausted,True,51,2,22,378740335400654469/50000000000000000,378740335400654469/50000000000000000,finite,378740335400654469/50000000000000000,finite,0,875,1508,1508,0,1508
distributed_K2_C116,seed0_K2_C116,distributed,93,component:1:78,78,1,optimal,search_exhausted,True,39,2,23,815475720960259767/100000000000000000,815475720960259767/100000000000000000,finite,815475720960259767/100000000000000000,finite,0,1,2,2,0,2
distributed_K2_C116,seed0_K2_C116,distributed,94,component:1:79,79,1,optimal,search_exhausted,True,63,2,25,752792535849802607/50000000000000000,752792535849802607/50000000000000000,finite,752792535849802607/50000000000000000,finite,0,167,318,318,0,318
distributed_K2_C116,seed0_K2_C116,distributed,95,component:1:8,8,1,optimal,search_exhausted,True,42,2,24,368039975518472221/50000000000000000,368039975518472221/50000000000000000,finite,368039975518472221/50000000000000000,finite,0,1,2,2,0,2
distributed_K2_C116,seed0_K2_C116,distributed,96,component:1:80,80,1,optimal,search_exhausted,True,57,2,30,13032376201624547/1000000000000000,13032376201624547/1000000000000000,finite,13032376201624547/1000000000000000,finite,0,1,2,2,0,2
distributed_K2_C116,seed0_K2_C116,distributed,97,component:0:81,81,1,optimal,search_exhausted,True,39,2,20,744361953594475759/100000000000000000,744361953594475759/100000000000000000,finite,744361953594475759/100000000000000000,finite,0,1,2,2,0,2
distributed_K2_C116,seed0_K2_C116,distributed,98,component:0:82,82,1,optimal,search_exhausted,True,54,2,26,1073226611916937791/100000000000000000,1073226611916937791/100000000000000000,finite,1073226611916937791/100000000000000000,finite,0,1,2,2,0,2
distributed_K2_C116,seed0_K2_C116,distributed,99,component:0:83,83,1,optimal,search_exhausted,True,51,2,23,128270319376014787/10000000000000000,128270319376014787/10000000000000000,finite,128270319376014787/10000000000000000,finite,0,1,2,2,0,2
distributed_K2_C116,seed0_K2_C116,distributed,100,component:0:84,84,1,optimal,search_exhausted,True,45,2,26,6276581245887373/781250000000000,6276581245887373/781250000000000,finite,6276581245887373/781250000000000,finite,0,1,2,2,0,2
distributed_K2_C116,seed0_K2_C116,distributed,101,component:1:85,85,1,optimal,search_exhausted,True,42,2,19,497153172905480309/50000000000000000,497153172905480309/50000000000000000,finite,497153172905480309/50000000000000000,finite,0,1,2,2,0,2
distributed_K2_C116,seed0_K2_C116,distributed,102,component:1:86,86,1,optimal,search_exhausted,True,42,2,24,56438321257100529/5000000000000000,56438321257100529/5000000000000000,finite,56438321257100529/5000000000000000,finite,0,1,2,2,0,2
distributed_K2_C116,seed0_K2_C116,distributed,103,component:1:87,87,1,optimal,search_exhausted,True,30,2,11,243270482389319693/50000000000000000,243270482389319693/50000000000000000,finite,243270482389319693/50000000000000000,finite,0,1,2,2,0,2
distributed_K2_C116,seed0_K2_C116,distributed,104,component:1:88,88,1,optimal,search_exhausted,True,39,2,0,322018798721736197/50000000000000000,322018798721736197/50000000000000000,finite,322018798721736197/50000000000000000,finite,0,1,2,2,0,2
distributed_K2_C116,seed0_K2_C116,distributed,105,component:0:89,89,1,optimal,search_exhausted,True,30,2,4,243374516937353337/50000000000000000,243374516937353337/50000000000000000,finite,243374516937353337/50000000000000000,finite,0,1,2,2,0,2
distributed_K2_C116,seed0_K2_C116,distributed,106,component:0:9,9,1,optimal,search_exhausted,True,66,2,28,41166709494511481877/5000000000000000000,41166709494511481877/5000000000000000000,finite,41166709494511481877/5000000000000000000,finite,0,1,2,2,0,2
distributed_K2_C116,seed0_K2_C116,distributed,107,component:0:90,90,1,optimal,search_exhausted,True,36,2,5,458548596398086539/100000000000000000,458548596398086539/100000000000000000,finite,458548596398086539/100000000000000000,finite,0,1,2,2,0,2
distributed_K2_C116,seed0_K2_C116,distributed,108,component:0:91,91,1,optimal,search_exhausted,True,102,2,26,688869626110656273/50000000000000000,688869626110656273/50000000000000000,finite,688869626110656273/50000000000000000,finite,0,1,2,2,0,2
distributed_K2_C116,seed0_K2_C116,distributed,109,component:1:92,92,1,optimal,search_exhausted,True,51,2,0,1183874715304355713/100000000000000000,1183874715304355713/100000000000000000,finite,1183874715304355713/100000000000000000,finite,0,1,2,2,0,2
distributed_K2_C116,seed0_K2_C116,distributed,110,component:1:93,93,1,optimal,search_exhausted,True,48,2,14,634931762867554527/100000000000000000,634931762867554527/100000000000000000,finite,634931762867554527/100000000000000000,finite,0,29,56,56,0,56
distributed_K2_C116,seed0_K2_C116,distributed,111,component:1:94,94,1,optimal,search_exhausted,True,66,2,8,1634907899328701/125000000000000,1634907899328701/125000000000000,finite,1634907899328701/125000000000000,finite,0,1,2,2,0,2
distributed_K2_C116,seed0_K2_C116,distributed,112,component:1:95,95,1,optimal,search_exhausted,True,51,2,10,723138505075648577/100000000000000000,723138505075648577/100000000000000000,finite,723138505075648577/100000000000000000,finite,0,1,2,2,0,2
distributed_K2_C116,seed0_K2_C116,distributed,113,component:0:96,96,1,optimal,search_exhausted,True,39,2,6,152373099343744129/25000000000000000,152373099343744129/25000000000000000,finite,152373099343744129/25000000000000000,finite,0,1,2,2,0,2
distributed_K2_C116,seed0_K2_C116,distributed,114,component:0:97,97,1,optimal,search_exhausted,True,36,2,0,556174677522356181/100000000000000000,556174677522356181/100000000000000000,finite,556174677522356181/100000000000000000,finite,0,1,2,2,0,2
distributed_K2_C116,seed0_K2_C116,distributed,115,component:0:98,98,1,optimal,search_exhausted,True,48,2,9,759211678295901851/100000000000000000,759211678295901851/100000000000000000,finite,759211678295901851/100000000000000000,finite,0,1,2,2,0,2
distributed_K2_C116,seed0_K2_C116,distributed,116,component:0:99,99,1,optimal,search_exhausted,True,48,2,10,276622058200264729/50000000000000000,276622058200264729/50000000000000000,finite,276622058200264729/50000000000000000,finite,0,1,2,2,0,2
distributed_K4_C116,seed0_K4_C116,distributed,1,component:0:0,0,1,optimal,search_exhausted,True,66,4,34,169291144117003691/10000000000000000,169291144117003691/10000000000000000,finite,169291144117003691/10000000000000000,finite,0,1,4,4,0,4
distributed_K4_C116,seed0_K4_C116,distributed,2,component:0:1,1,1,optimal,search_exhausted,True,39,3,19,670447734942836633/100000000000000000,670447734942836633/100000000000000000,finite,670447734942836633/100000000000000000,finite,0,201,426,426,0,426
distributed_K4_C116,seed0_K4_C116,distributed,3,component:1:10,10,1,optimal,search_exhausted,True,42,4,18,41480513220943803/5000000000000000,41480513220943803/5000000000000000,finite,41480513220943803/5000000000000000,finite,0,1,4,4,0,4
distributed_K4_C116,seed0_K4_C116,distributed,4,component:1:100,100,1,optimal,search_exhausted,True,51,4,9,2061413855650035569/250000000000000000,2061413855650035569/250000000000000000,finite,2061413855650035569/250000000000000000,finite,0,1,4,4,0,4
distributed_K4_C116,seed0_K4_C116,distributed,5,component:2:101,101,1,optimal,search_exhausted,True,30,4,11,126235050342060673/20000000000000000,126235050342060673/20000000000000000,finite,126235050342060673/20000000000000000,finite,0,45,160,160,0,160
distributed_K4_C116,seed0_K4_C116,distributed,6,component:2:102,102,1,optimal,search_exhausted,True,39,4,0,232117274375861849/25000000000000000,232117274375861849/25000000000000000,finite,232117274375861849/25000000000000000,finite,0,1,4,4,0,4
distributed_K4_C116,seed0_K4_C116,distributed,7,component:3:103,103,1,optimal,search_exhausted,True,51,4,9,17978142700731933/2500000000000000,17978142700731933/2500000000000000,finite,17978142700731933/2500000000000000,finite,0,1,4,4,0,4
distributed_K4_C116,seed0_K4_C116,distributed,8,component:3:104,104,1,optimal,search_exhausted,True,45,4,15,152885776677807847/20000000000000000,152885776677807847/20000000000000000,finite,152885776677807847/20000000000000000,finite,0,87,308,308,0,308
distributed_K4_C116,seed0_K4_C116,distributed,9,component:0:105,105,1,optimal,search_exhausted,True,48,4,0,218654332878626781/25000000000000000,218654332878626781/25000000000000000,finite,218654332878626781/25000000000000000,finite,0,1,4,4,0,4
distributed_K4_C116,seed0_K4_C116,distributed,10,component:0:106,106,1,optimal,search_exhausted,True,45,4,14,147719040703948603/20000000000000000,147719040703948603/20000000000000000,finite,147719040703948603/20000000000000000,finite,0,1,4,4,0,4
distributed_K4_C116,seed0_K4_C116,distributed,11,component:1:107,107,1,optimal,search_exhausted,True,36,4,14,605096145093573691/200000000000000000,605096145093573691/200000000000000000,finite,605096145093573691/200000000000000000,finite,0,259,680,680,0,680
distributed_K4_C116,seed0_K4_C116,distributed,12,component:1:108,108,1,optimal,search_exhausted,True,48,4,5,262258192430385653/50000000000000000,262258192430385653/50000000000000000,finite,262258192430385653/50000000000000000,finite,0,1,4,4,0,4
distributed_K4_C116,seed0_K4_C116,distributed,13,component:2:109,109,1,optimal,search_exhausted,True,36,4,11,33774959723581059/10000000000000000,33774959723581059/10000000000000000,finite,33774959723581059/10000000000000000,finite,0,1,4,4,0,4
distributed_K4_C116,seed0_K4_C116,distributed,14,component:2:11,11,1,optimal,search_exhausted,True,45,4,27,170672889299998731/25000000000000000,170672889299998731/25000000000000000,finite,170672889299998731/25000000000000000,finite,0,1,4,4,0,4
distributed_K4_C116,seed0_K4_C116,distributed,15,component:3:110,110,1,optimal,search_exhausted,True,48,4,10,337353509119510679/50000000000000000,337353509119510679/50000000000000000,finite,337353509119510679/50000000000000000,finite,0,1,4,4,0,4
distributed_K4_C116,seed0_K4_C116,distributed,16,component:3:111,111,1,optimal,search_exhausted,True,39,4,6,505776700665445181/100000000000000000,505776700665445181/100000000000000000,finite,505776700665445181/100000000000000000,finite,0,1,4,4,0,4
distributed_K4_C116,seed0_K4_C116,distributed,17,component:0:112,112,1,optimal,search_exhausted,True,33,4,10,47087468957547589/12500000000000000,47087468957547589/12500000000000000,finite,47087468957547589/12500000000000000,finite,0,1,4,4,0,4
distributed_K4_C116,seed0_K4_C116,distributed,18,component:0:113,113,1,optimal,search_exhausted,True,66,4,23,437922329260717381/50000000000000000,437922329260717381/50000000000000000,finite,437922329260717381/50000000000000000,finite,0,1,4,4,0,4
distributed_K4_C116,seed0_K4_C116,distributed,19,component:1:114,114,1,optimal,search_exhausted,True,45,4,8,554739487293135077/100000000000000000,554739487293135077/100000000000000000,finite,554739487293135077/100000000000000000,finite,0,1,4,4,0,4
distributed_K4_C116,seed0_K4_C116,distributed,20,component:1:115,115,1,optimal,search_exhausted,True,54,4,20,375984050215951943/50000000000000000,375984050215951943/50000000000000000,finite,375984050215951943/50000000000000000,finite,0,1083,3976,3976,0,3976
distributed_K4_C116,seed0_K4_C116,distributed,21,component:2:116,116,1,optimal,search_exhausted,True,39,4,2,83893826978102129/10000000000000000,83893826978102129/10000000000000000,finite,83893826978102129/10000000000000000,finite,0,1,4,4,0,4
distributed_K4_C116,seed0_K4_C116,distributed,22,component:2:12,12,1,optimal,search_exhausted,True,51,4,28,630177142307885149/50000000000000000,630177142307885149/50000000000000000,finite,630177142307885149/50000000000000000,finite,0,1,4,4,0,4
distributed_K4_C116,seed0_K4_C116,distributed,23,component:3:13,13,1,optimal,search_exhausted,True,42,4,22,10160160666102861/1000000000000000,10160160666102861/1000000000000000,finite,10160160666102861/1000000000000000,finite,0,1,4,4,0,4
distributed_K4_C116,seed0_K4_C116,distributed,24,component:3:14,14,1,optimal,search_exhausted,True,48,4,25,1315381716877480327/200000000000000000,1315381716877480327/200000000000000000,finite,1315381716877480327/200000000000000000,finite,0,1,4,4,0,4
distributed_K4_C116,seed0_K4_C116,distributed,25,component:0:15,15,1,optimal,search_exhausted,True,60,4,30,582013565986791199/50000000000000000,582013565986791199/50000000000000000,finite,582013565986791199/50000000000000000,finite,0,1,4,4,0,4
distributed_K4_C116,seed0_K4_C116,distributed,26,component:0:16,16,1,optimal,search_exhausted,True,33,3,18,793975176305264727/100000000000000000,793975176305264727/100000000000000000,finite,793975176305264727/100000000000000000,finite,0,243,525,525,0,525
distributed_K4_C116,seed0_K4_C116,distributed,27,component:1:17,17,1,optimal,search_exhausted,True,60,4,26,10644182094508509/1000000000000000,10644182094508509/1000000000000000,finite,10644182094508509/1000000000000000,finite,0,1,4,4,0,4
distributed_K4_C116,seed0_K4_C116,distributed,28,component:1:18,18,1,optimal,search_exhausted,True,63,4,26,761784130351717863/100000000000000000,761784130351717863/100000000000000000,finite,761784130351717863/100000000000000000,finite,0,49,188,188,0,188
distributed_K4_C116,seed0_K4_C116,distributed,29,component:2:19,19,1,optimal,search_exhausted,True,54,4,29,1268504368753126187/100000000000000000,1268504368753126187/100000000000000000,finite,1268504368753126187/100000000000000000,finite,0,1,4,4,0,4
distributed_K4_C116,seed0_K4_C116,distributed,30,component:2:2,2,1,optimal,search_exhausted,True,51,4,26,1058744678849404393/100000000000000000,1058744678849404393/100000000000000000,finite,1058744678849404393/100000000000000000,finite,0,1,4,4,0,4
distributed_K4_C116,seed0_K4_C116,distributed,31,component:3:20,20,1,optimal,search_exhausted,True,54,4,25,961893256601097397/100000000000000000,961893256601097397/100000000000000000,finite,961893256601097397/100000000000000000,finite,0,1,4,4,0,4
distributed_K4_C116,seed0_K4_C116,distributed,32,component:3:21,21,1,optimal,search_exhausted,True,48,4,30,965815687492596467/100000000000000000,965815687492596467/100000000000000000,finite,965815687492596467/100000000000000000,finite,0,1,4,4,0,4
distributed_K4_C116,seed0_K4_C116,distributed,33,component:0:22,22,1,optimal,search_exhausted,True,48,4,27,1032135273732667381/100000000000000000,1032135273732667381/100000000000000000,finite,1032135273732667381/100000000000000000,finite,0,1,4,4,0,4
distributed_K4_C116,seed0_K4_C116,distributed,34,component:0:23,23,1,optimal,search_exhausted,True,45,4,25,467973132879010123/50000000000000000,467973132879010123/50000000000000000,finite,467973132879010123/50000000000000000,finite,0,1,4,4,0,4
distributed_K4_C116,seed0_K4_C116,distributed,35,component:1:24,24,1,optimal,search_exhausted,True,57,4,29,591236727825037379/50000000000000000,591236727825037379/50000000000000000,finite,591236727825037379/50000000000000000,finite,0,1,4,4,0,4
distributed_K4_C116,seed0_K4_C116,distributed,36,component:1:25,25,1,optimal,search_exhausted,True,51,4,25,1194910223126826389/100000000000000000,1194910223126826389/100000000000000000,finite,1194910223126826389/100000000000000000,finite,0,1,4,4,0,4
distributed_K4_C116,seed0_K4_C116,distributed,37,component:2:26,26,1,optimal,search_exhausted,True,57,4,27,330249553569900487/25000000000000000,330249553569900487/25000000000000000,finite,330249553569900487/25000000000000000,finite,0,1,4,4,0,4
distributed_K4_C116,seed0_K4_C116,distributed,38,component:2:27,27,1,optimal,search_exhausted,True,45,4,21,1169574555860255927/100000000000000000,1169574555860255927/100000000000000000,finite,1169574555860255927/100000000000000000,finite,0,1,4,4,0,4
distributed_K4_C116,seed0_K4_C116,distributed,39,component:3:28,28,1,optimal,search_exhausted,True,48,4,24,30075305019711137/2500000000000000,30075305019711137/2500000000000000,finite,30075305019711137/2500000000000000,finite,0,1,4,4,0,4
distributed_K4_C116,seed0_K4_C116,distributed,40,component:3:29,29,1,optimal,search_exhausted,True,63,4,34,789744348223602091/100000000000000000,789744348223602091/100000000000000000,finite,789744348223602091/100000000000000000,finite,0,11,36,36,0,36
distributed_K4_C116,seed0_K4_C116,distributed,41,component:0:3,3,1,optimal,search_exhausted,True,57,4,28,222516230800137589/25000000000000000,222516230800137589/25000000000000000,finite,222516230800137589/25000000000000000,finite,0,1,4,4,0,4
distributed_K4_C116,seed0_K4_C116,distributed,42,component:0:30,30,1,optimal,search_exhausted,True,36,4,20,644147800111444331/100000000000000000,644147800111444331/100000000000000000,finite,644147800111444331/100000000000000000,finite,0,1,4,4,0,4
distributed_K4_C116,seed0_K4_C116,distributed,43,component:1:31,31,1,optimal,search_exhausted,True,51,4,28,497345225531776229/50000000000000000,497345225531776229/50000000000000000,finite,497345225531776229/50000000000000000,finite,0,1,4,4,0,4
distributed_K4_C116,seed0_K4_C116,distributed,44,component:1:32,32,1,optimal,search_exhausted,True,45,4,23,503554974743233567/50000000000000000,503554974743233567/50000000000000000,finite,503554974743233567/50000000000000000,finite,0,1,4,4,0,4
distributed_K4_C116,seed0_K4_C116,distributed,45,component:2:33,33,1,optimal,search_exhausted,True,36,4,19,157718187745267061/31250000000000000,157718187745267061/31250000000000000,finite,157718187745267061/31250000000000000,finite,0,649,2104,2104,0,2104
distributed_K4_C116,seed0_K4_C116,distributed,46,component:2:34,34,1,optimal,search_exhausted,True,48,4,23,80657726557677969/6250000000000000,80657726557677969/6250000000000000,finite,80657726557677969/6250000000000000,finite,0,1,4,4,0,4
distributed_K4_C116,seed0_K4_C116,distributed,47,component:3:35,35,1,optimal,search_exhausted,True,57,4,33,1272154154020202319/100000000000000000,1272154154020202319/100000000000000000,finite,1272154154020202319/100000000000000000,finite,0,1,4,4,0,4
distributed_K4_C116,seed0_K4_C116,distributed,48,component:3:36,36,1,optimal,search_exhausted,True,48,4,24,141085394383619011/12500000000000000,141085394383619011/12500000000000000,finite,141085394383619011/12500000000000000,finite,0,1,4,4,0,4
distributed_K4_C116,seed0_K4_C116,distributed,49,component:0:37,37,1,optimal,search_exhausted,True,39,4,18,496457952814814199/100000000000000000,496457952814814199/100000000000000000,finite,496457952814814199/100000000000000000,finite,0,1,4,4,0,4
distributed_K4_C116,seed0_K4_C116,distributed,50,component:0:39,39,1,optimal,search_exhausted,True,45,4,23,758475070009964933/100000000000000000,758475070009964933/100000000000000000,finite,758475070009964933/100000000000000000,finite,0,9,28,28,0,28
distributed_K4_C116,seed0_K4_C116,distributed,51,component:1:4,4,1,optimal,search_exhausted,True,45,4,21,410030361141298441/50000000000000000,410030361141298441/50000000000000000,finite,410030361141298441/50000000000000000,finite,0,1,4,4,0,4
distributed_K4_C116,seed0_K4_C116,distributed,52,component:1:40,40,1,optimal,search_exhausted,True,48,4,23,170253321187223741/20000000000000000,170253321187223741/20000000000000000,finite,170253321187223741/20000000000000000,finite,0,1,4,4,0,4
distributed_K4_C116,seed0_K4_C116,distributed,53,component:2:41,41,1,optimal,search_exhausted,True,51,4,30,557009657280633661/50000000000000000,557009657280633661/50000000000000000,finite,557009657280633661/50000000000000000,finite,0,317,1172,1172,0,1172
distributed_K4_C116,seed0_K4_C116,distributed,54,component:2:42,42,1,optimal,search_exhausted,True,60,4,31,110868228984779497/10000000000000000,110868228984779497/10000000000000000,finite,110868228984779497/10000000000000000,finite,0,77,292,292,0,292
distributed_K4_C116,seed0_K4_C116,distributed,55,component:3:43,43,1,optimal,search_exhausted,True,78,4,35,1672178213396152277/100000000000000000,1672178213396152277/100000000000000000,finite,1672178213396152277/100000000000000000,finite,0,233,888,888,0,888
distributed_K4_C116,seed0_K4_C116,distributed,56,component:3:44,44,1,optimal,search_exhausted,True,48,4,19,757517507845911629/100000000000000000,757517507845911629/100000000000000000,finite,757517507845911629/100000000000000000,finite,0,1,4,4,0,4
distributed_K4_C116,seed0_K4_C116,distributed,57,component:0:45,45,1,optimal,search_exhausted,True,48,4,27,507236601560811127/50000000000000000,507236601560811127/50000000000000000,finite,507236601560811127/50000000000000000,finite,0,1,4,4,0,4
distributed_K4_C116,seed0_K4_C116,distributed,58,component:0:46,46,1,optimal,search_exhausted,True,39,4,21,87696204753385151/10000000000000000,87696204753385151/10000000000000000,finite,87696204753385151/10000000000000000,finite,0,1,4,4,0,4
distributed_K4_C116,seed0_K4_C116,distributed,59,component:1:47,47,1,optimal,search_exhausted,True,60,4,30,281881865267501667/20000000000000000,281881865267501667/20000000000000000,finite,281881865267501667/20000000000000000,finite,0,1,4,4,0,4
distributed_K4_C116,seed0_K4_C116,distributed,60,component:1:48,48,1,optimal,search_exhausted,True,33,4,15,264462526841832797/50000000000000000,264462526841832797/50000000000000000,finite,264462526841832797/50000000000000000,finite,0,107,352,352,0,352
distributed_K4_C116,seed0_K4_C116,distributed,61,component:2:49,49,1,optimal,search_exhausted,True,48,4,26,46242738457486043/6250000000000000,46242738457486043/6250000000000000,finite,46242738457486043/6250000000000000,finite,0,1,4,4,0,4
distributed_K4_C116,seed0_K4_C116,distributed,62,component:2:5,5,1,optimal,search_exhausted,True,54,4,23,120719754996620303/10000000000000000,120719754996620303/10000000000000000,finite,120719754996620303/10000000000000000,finite,0,1,4,4,0,4
distributed_K4_C116,seed0_K4_C116,distributed,63,component:3:50,50,1,optimal,search_exhausted,True,33,4,16,315829441147304193/50000000000000000,315829441147304193/50000000000000000,finite,315829441147304193/50000000000000000,finite,0,1,4,4,0,4
distributed_K4_C116,seed0_K4_C116,distributed,64,component:3:51,51,1,optimal,search_exhausted,True,51,4,28,58684359853642433/5000000000000000,58684359853642433/5000000000000000,finite,58684359853642433/5000000000000000,finite,0,1,4,4,0,4
distributed_K4_C116,seed0_K4_C116,distributed,65,component:0:52,52,1,optimal,search_exhausted,True,48,4,27,718078521528071707/100000000000000000,718078521528071707/100000000000000000,finite,718078521528071707/100000000000000000,finite,0,225,836,836,0,836
distributed_K4_C116,seed0_K4_C116,distributed,66,component:0:53,53,1,optimal,search_exhausted,True,54,4,26,314807844598596473/25000000000000000,314807844598596473/25000000000000000,finite,314807844598596473/25000000000000000,finite,0,1,4,4,0,4
distributed_K4_C116,seed0_K4_C116,distributed,67,component:1:54,54,1,optimal,search_exhausted,True,54,4,29,118014440424019943/10000000000000000,118014440424019943/10000000000000000,finite,118014440424019943/10000000000000000,finite,0,1,4,4,0,4
distributed_K4_C116,seed0_K4_C116,distributed,68,component:1:55,55,1,optimal,search_exhausted,True,48,4,27,1034680165380794567/100000000000000000,1034680165380794567/100000000000000000,finite,1034680165380794567/100000000000000000,finite,0,1,4,4,0,4
distributed_K4_C116,seed0_K4_C116,distributed,69,component:2:56,56,1,optimal,search_exhausted,True,45,4,27,42650069686206509/4000000000000000,42650069686206509/4000000000000000,finite,42650069686206509/4000000000000000,finite,0,1,4,4,0,4
distributed_K4_C116,seed0_K4_C116,distributed,70,component:2:57,57,1,optimal,search_exhausted,True,54,4,28,574652284844369747/50000000000000000,574652284844369747/50000000000000000,finite,574652284844369747/50000000000000000,finite,0,1,4,4,0,4
distributed_K4_C116,seed0_K4_C116,distributed,71,component:3:58,58,1,optimal,search_exhausted,True,48,4,22,271865633284528273/25000000000000000,271865633284528273/25000000000000000,finite,271865633284528273/25000000000000000,finite,0,1,4,4,0,4
distributed_K4_C116,seed0_K4_C116,distributed,72,component:3:59,59,1,optimal,search_exhausted,True,24,4,12,16952033483196881/2500000000000000,16952033483196881/2500000000000000,finite,16952033483196881/2500000000000000,finite,0,1,4,4,0,4
distributed_K4_C116,seed0_K4_C116,distributed,73,component:0:6,6,1,optimal,search_exhausted,True,51,4,26,106142597201187913/10000000000000000,106142597201187913/10000000000000000,finite,106142597201187913/10000000000000000,finite,0,1,4,4,0,4
distributed_K4_C116,seed0_K4_C116,distributed,74,component:0:60,60,1,optimal,search_exhausted,True,48,4,23,112394261244195989/10000000000000000,112394261244195989/10000000000000000,finite,112394261244195989/10000000000000000,finite,0,1,4,4,0,4
distributed_K4_C116,seed0_K4_C116,distributed,75,component:1:61,61,1,optimal,search_exhausted,True,48,4,23,301386366778312871/25000000000000000,301386366778312871/25000000000000000,finite,301386366778312871/25000000000000000,finite,0,41,156,156,0,156
distributed_K4_C116,seed0_K4_C116,distributed,76,component:1:62,62,1,optimal,search_exhausted,True,57,4,23,1219729596713547703/100000000000000000,1219729596713547703/100000000000000000,finite,1219729596713547703/100000000000000000,finite,0,1,4,4,0,4
distributed_K4_C116,seed0_K4_C116,distributed,77,component:2:63,63,1,optimal,search_exhausted,True,33,3,12,287667042701885741/50000000000000000,287667042701885741/50000000000000000,finite,287667042701885741/50000000000000000,finite,0,1,3,3,0,3
distributed_K4_C116,seed0_K4_C116,distributed,78,component:2:64,64,1,optimal,search_exhausted,True,54,4,18,1208179505003107953/100000000000000000,1208179505003107953/100000000000000000,finite,1208179505003107953/100000000000000000,finite,0,1,4,4,0,4
distributed_K4_C116,seed0_K4_C116,distributed,79,component:3:65,65,1,optimal,search_exhausted,True,45,4,22,122639625219269707/10000000000000000,122639625219269707/10000000000000000,finite,122639625219269707/10000000000000000,finite,0,1,4,4,0,4
distributed_K4_C116,seed0_K4_C116,distributed,80,component:3:66,66,1,optimal,search_exhausted,True,51,4,27,240242564661799933/20000000000000000,240242564661799933/20000000000000000,finite,240242564661799933/20000000000000000,finite,0,1,4,4,0,4
distributed_K4_C116,seed0_K4_C116,distributed,81,component:0:67,67,1,optimal,search_exhausted,True,39,4,15,831933169796474077/100000000000000000,831933169796474077/100000000000000000,finite,831933169796474077/100000000000000000,finite,0,1,4,4,0,4
distributed_K4_C116,seed0_K4_C116,distributed,82,component:0:68,68,1,optimal,search_exhausted,True,33,3,13,322678899210741759/50000000000000000,322678899210741759/50000000000000000,finite,322678899210741759/50000000000000000,finite,0,1,3,3,0,3
distributed_K4_C116,seed0_K4_C116,distributed,83,component:1:69,69,1,optimal,search_exhausted,True,45,4,22,409505753894301089/50000000000000000,409505753894301089/50000000000000000,finite,409505753894301089/50000000000000000,finite,0,83,324,324,0,324
distributed_K4_C116,seed0_K4_C116,distributed,84,component:1:7,7,1,optimal,search_exhausted,True,78,4,34,809329078689834757/50000000000000000,809329078689834757/50000000000000000,finite,809329078689834757/50000000000000000,finite,0,193,736,736,0,736
distributed_K4_C116,seed0_K4_C116,distributed,85,component:2:70,70,1,optimal,search_exhausted,True,48,4,27,359909993072269567/50000000000000000,359909993072269567/50000000000000000,finite,359909993072269567/50000000000000000,finite,0,323,1236,1236,0,1236
distributed_K4_C116,seed0_K4_C116,distributed,86,component:2:71,71,1,optimal,search_exhausted,True,51,4,27,256909525121881757/20000000000000000,256909525121881757/20000000000000000,finite,256909525121881757/20000000000000000,finite,0,1,4,4,0,4
distributed_K4_C116,seed0_K4_C116,distributed,87,component:3:72,72,1,optimal,search_exhausted,True,42,4,22,537052006890969599/50000000000000000,537052006890969599/50000000000000000,finite,537052006890969599/50000000000000000,finite,0,1,4,4,0,4
distributed_K4_C116,seed0_K4_C116,distributed,88,component:3:73,73,1,optimal,search_exhausted,True,42,4,21,107337696084818997/10000000000000000,107337696084818997/10000000000000000,finite,107337696084818997/10000000000000000,finite,0,1,4,4,0,4
distributed_K4_C116,seed0_K4_C116,distributed,89,component:0:74,74,1,optimal,search_exhausted,True,45,4,21,77889109530188471/10000000000000000,77889109530188471/10000000000000000,finite,77889109530188471/10000000000000000,finite,0,1,4,4,0,4
distributed_K4_C116,seed0_K4_C116,distributed,90,component:0:75,75,1,optimal,search_exhausted,True,33,4,12,143701947628995017/25000000000000000,143701947628995017/25000000000000000,finite,143701947628995017/25000000000000000,finite,0,1,4,4,0,4
distributed_K4_C116,seed0_K4_C116,distributed,91,component:1:76,76,1,optimal,search_exhausted,True,54,4,23,126865063314293049/20000000000000000,126865063314293049/20000000000000000,finite,126865063314293049/20000000000000000,finite,0,1,4,4,0,4
distributed_K4_C116,seed0_K4_C116,distributed,92,component:1:77,77,1,optimal,search_exhausted,True,51,4,22,378740335400654469/50000000000000000,378740335400654469/50000000000000000,finite,378740335400654469/50000000000000000,finite,0,875,3016,3016,0,3016
distributed_K4_C116,seed0_K4_C116,distributed,93,component:2:78,78,1,optimal,search_exhausted,True,39,4,23,815475720960259767/100000000000000000,815475720960259767/100000000000000000,finite,815475720960259767/100000000000000000,finite,0,1,4,4,0,4
distributed_K4_C116,seed0_K4_C116,distributed,94,component:2:79,79,1,optimal,search_exhausted,True,63,4,25,752792535849802607/50000000000000000,752792535849802607/50000000000000000,finite,752792535849802607/50000000000000000,finite,0,167,636,636,0,636
distributed_K4_C116,seed0_K4_C116,distributed,95,component:3:8,8,1,optimal,search_exhausted,True,42,4,24,368039975518472221/50000000000000000,368039975518472221/50000000000000000,finite,368039975518472221/50000000000000000,finite,0,1,4,4,0,4
distributed_K4_C116,seed0_K4_C116,distributed,96,component:3:80,80,1,optimal,search_exhausted,True,57,4,30,13032376201624547/1000000000000000,13032376201624547/1000000000000000,finite,13032376201624547/1000000000000000,finite,0,1,4,4,0,4
distributed_K4_C116,seed0_K4_C116,distributed,97,component:0:81,81,1,optimal,search_exhausted,True,39,3,20,744361953594475759/100000000000000000,744361953594475759/100000000000000000,finite,744361953594475759/100000000000000000,finite,0,1,3,3,0,3
distributed_K4_C116,seed0_K4_C116,distributed,98,component:0:82,82,1,optimal,search_exhausted,True,54,4,26,1073226611916937791/100000000000000000,1073226611916937791/100000000000000000,finite,1073226611916937791/100000000000000000,finite,0,1,4,4,0,4
distributed_K4_C116,seed0_K4_C116,distributed,99,component:1:83,83,1,optimal,search_exhausted,True,51,4,23,128270319376014787/10000000000000000,128270319376014787/10000000000000000,finite,128270319376014787/10000000000000000,finite,0,1,4,4,0,4
distributed_K4_C116,seed0_K4_C116,distributed,100,component:1:84,84,1,optimal,search_exhausted,True,45,4,27,6276581245887373/781250000000000,6276581245887373/781250000000000,finite,6276581245887373/781250000000000,finite,0,1,4,4,0,4
distributed_K4_C116,seed0_K4_C116,distributed,101,component:2:85,85,1,optimal,search_exhausted,True,42,4,19,497153172905480309/50000000000000000,497153172905480309/50000000000000000,finite,497153172905480309/50000000000000000,finite,0,1,4,4,0,4
distributed_K4_C116,seed0_K4_C116,distributed,102,component:2:86,86,1,optimal,search_exhausted,True,42,4,24,56438321257100529/5000000000000000,56438321257100529/5000000000000000,finite,56438321257100529/5000000000000000,finite,0,1,4,4,0,4
distributed_K4_C116,seed0_K4_C116,distributed,103,component:3:87,87,1,optimal,search_exhausted,True,30,3,11,243270482389319693/50000000000000000,243270482389319693/50000000000000000,finite,243270482389319693/50000000000000000,finite,0,1,3,3,0,3
distributed_K4_C116,seed0_K4_C116,distributed,104,component:3:88,88,1,optimal,search_exhausted,True,39,4,0,322018798721736197/50000000000000000,322018798721736197/50000000000000000,finite,322018798721736197/50000000000000000,finite,0,1,4,4,0,4
distributed_K4_C116,seed0_K4_C116,distributed,105,component:0:89,89,1,optimal,search_exhausted,True,30,4,4,243374516937353337/50000000000000000,243374516937353337/50000000000000000,finite,243374516937353337/50000000000000000,finite,0,1,4,4,0,4
distributed_K4_C116,seed0_K4_C116,distributed,106,component:0:9,9,1,optimal,search_exhausted,True,66,4,29,41166709494511481877/5000000000000000000,41166709494511481877/5000000000000000000,finite,41166709494511481877/5000000000000000000,finite,0,1,4,4,0,4
distributed_K4_C116,seed0_K4_C116,distributed,107,component:1:90,90,1,optimal,search_exhausted,True,36,4,5,458548596398086539/100000000000000000,458548596398086539/100000000000000000,finite,458548596398086539/100000000000000000,finite,0,1,4,4,0,4
distributed_K4_C116,seed0_K4_C116,distributed,108,component:1:91,91,1,optimal,search_exhausted,True,102,4,26,688869626110656273/50000000000000000,688869626110656273/50000000000000000,finite,688869626110656273/50000000000000000,finite,0,1,4,4,0,4
distributed_K4_C116,seed0_K4_C116,distributed,109,component:2:92,92,1,optimal,search_exhausted,True,51,4,0,1183874715304355713/100000000000000000,1183874715304355713/100000000000000000,finite,1183874715304355713/100000000000000000,finite,0,1,4,4,0,4
distributed_K4_C116,seed0_K4_C116,distributed,110,component:2:93,93,1,optimal,search_exhausted,True,48,4,14,634931762867554527/100000000000000000,634931762867554527/100000000000000000,finite,634931762867554527/100000000000000000,finite,0,29,112,112,0,112
distributed_K4_C116,seed0_K4_C116,distributed,111,component:3:94,94,1,optimal,search_exhausted,True,66,4,8,1634907899328701/125000000000000,1634907899328701/125000000000000,finite,1634907899328701/125000000000000,finite,0,1,4,4,0,4
distributed_K4_C116,seed0_K4_C116,distributed,112,component:3:95,95,1,optimal,search_exhausted,True,51,4,10,723138505075648577/100000000000000000,723138505075648577/100000000000000000,finite,723138505075648577/100000000000000000,finite,0,1,4,4,0,4
distributed_K4_C116,seed0_K4_C116,distributed,113,component:0:96,96,1,optimal,search_exhausted,True,39,4,6,152373099343744129/25000000000000000,152373099343744129/25000000000000000,finite,152373099343744129/25000000000000000,finite,0,1,4,4,0,4
distributed_K4_C116,seed0_K4_C116,distributed,114,component:0:97,97,1,optimal,search_exhausted,True,36,3,0,556174677522356181/100000000000000000,556174677522356181/100000000000000000,finite,556174677522356181/100000000000000000,finite,0,1,3,3,0,3
distributed_K4_C116,seed0_K4_C116,distributed,115,component:1:98,98,1,optimal,search_exhausted,True,48,4,9,759211678295901851/100000000000000000,759211678295901851/100000000000000000,finite,759211678295901851/100000000000000000,finite,0,1,4,4,0,4
distributed_K4_C116,seed0_K4_C116,distributed,116,component:1:99,99,1,optimal,search_exhausted,True,48,4,10,276622058200264729/50000000000000000,276622058200264729/50000000000000000,finite,276622058200264729/50000000000000000,finite,0,1,4,4,0,4
distributed_K8_C116,seed0_K8_C116,distributed,1,component:0:0,0,1,optimal,search_exhausted,True,66,7,34,169291144117003691/10000000000000000,169291144117003691/10000000000000000,finite,169291144117003691/10000000000000000,finite,0,1,7,7,0,7
distributed_K8_C116,seed0_K8_C116,distributed,2,component:1:1,1,1,optimal,search_exhausted,True,39,6,19,670447734942836633/100000000000000000,670447734942836633/100000000000000000,finite,670447734942836633/100000000000000000,finite,0,201,852,852,0,852
distributed_K8_C116,seed0_K8_C116,distributed,3,component:2:10,10,1,optimal,search_exhausted,True,42,6,18,41480513220943803/5000000000000000,41480513220943803/5000000000000000,finite,41480513220943803/5000000000000000,finite,0,1,6,6,0,6
distributed_K8_C116,seed0_K8_C116,distributed,4,component:3:100,100,1,optimal,search_exhausted,True,51,8,9,2061413855650035569/250000000000000000,2061413855650035569/250000000000000000,finite,2061413855650035569/250000000000000000,finite,0,1,8,8,0,8
distributed_K8_C116,seed0_K8_C116,distributed,5,component:4:101,101,1,optimal,search_exhausted,True,30,7,11,126235050342060673/20000000000000000,126235050342060673/20000000000000000,finite,126235050342060673/20000000000000000,finite,0,45,280,280,0,280
distributed_K8_C116,seed0_K8_C116,distributed,6,component:5:102,102,1,optimal,search_exhausted,True,39,8,0,232117274375861849/25000000000000000,232117274375861849/25000000000000000,finite,232117274375861849/25000000000000000,finite,0,1,8,8,0,8
distributed_K8_C116,seed0_K8_C116,distributed,7,component:6:103,103,1,optimal,search_exhausted,True,51,7,9,17978142700731933/2500000000000000,17978142700731933/2500000000000000,finite,17978142700731933/2500000000000000,finite,0,1,7,7,0,7
distributed_K8_C116,seed0_K8_C116,distributed,8,component:7:104,104,1,optimal,search_exhausted,True,45,8,15,152885776677807847/20000000000000000,152885776677807847/20000000000000000,finite,152885776677807847/20000000000000000,finite,0,87,616,616,0,616
distributed_K8_C116,seed0_K8_C116,distributed,9,component:0:105,105,1,optimal,search_exhausted,True,48,7,0,218654332878626781/25000000000000000,218654332878626781/25000000000000000,finite,218654332878626781/25000000000000000,finite,0,1,7,7,0,7
distributed_K8_C116,seed0_K8_C116,distributed,10,component:1:106,106,1,optimal,search_exhausted,True,45,6,14,147719040703948603/20000000000000000,147719040703948603/20000000000000000,finite,147719040703948603/20000000000000000,finite,0,1,6,6,0,6
distributed_K8_C116,seed0_K8_C116,distributed,11,component:2:107,107,1,optimal,search_exhausted,True,36,8,14,605096145093573691/200000000000000000,605096145093573691/200000000000000000,finite,605096145093573691/200000000000000000,finite,0,259,1360,1360,0,1360
distributed_K8_C116,seed0_K8_C116,distributed,12,component:3:108,108,1,optimal,search_exhausted,True,48,7,5,262258192430385653/50000000000000000,262258192430385653/50000000000000000,finite,262258192430385653/50000000000000000,finite,0,1,7,7,0,7
distributed_K8_C116,seed0_K8_C116,distributed,13,component:4:109,109,1,optimal,search_exhausted,True,36,6,12,33774959723581059/10000000000000000,33774959723581059/10000000000000000,finite,33774959723581059/10000000000000000,finite,0,35,168,168,0,168
distributed_K8_C116,seed0_K8_C116,distributed,14,component:5:11,11,1,optimal,search_exhausted,True,45,6,27,170672889299998731/25000000000000000,170672889299998731/25000000000000000,finite,170672889299998731/25000000000000000,finite,0,1,6,6,0,6
distributed_K8_C116,seed0_K8_C116,distributed,15,component:6:110,110,1,optimal,search_exhausted,True,48,8,10,337353509119510679/50000000000000000,337353509119510679/50000000000000000,finite,337353509119510679/50000000000000000,finite,0,1,8,8,0,8
distributed_K8_C116,seed0_K8_C116,distributed,16,component:7:111,111,1,optimal,search_exhausted,True,39,8,6,505776700665445181/100000000000000000,505776700665445181/100000000000000000,finite,505776700665445181/100000000000000000,finite,0,1,8,8,0,8
distributed_K8_C116,seed0_K8_C116,distributed,17,component:0:112,112,1,optimal,search_exhausted,True,33,7,10,47087468957547589/12500000000000000,47087468957547589/12500000000000000,finite,47087468957547589/12500000000000000,finite,0,1,7,7,0,7
distributed_K8_C116,seed0_K8_C116,distributed,18,component:1:113,113,1,optimal,search_exhausted,True,66,7,23,437922329260717381/50000000000000000,437922329260717381/50000000000000000,finite,437922329260717381/50000000000000000,finite,0,1,7,7,0,7
distributed_K8_C116,seed0_K8_C116,distributed,19,component:2:114,114,1,optimal,search_exhausted,True,45,8,8,554739487293135077/100000000000000000,554739487293135077/100000000000000000,finite,554739487293135077/100000000000000000,finite,0,1,8,8,0,8
distributed_K8_C116,seed0_K8_C116,distributed,20,component:3:115,115,1,optimal,search_exhausted,True,54,8,20,375984050215951943/50000000000000000,375984050215951943/50000000000000000,finite,375984050215951943/50000000000000000,finite,0,1083,7952,7952,0,7952
distributed_K8_C116,seed0_K8_C116,distributed,21,component:4:116,116,1,optimal,search_exhausted,True,39,8,2,83893826978102129/10000000000000000,83893826978102129/10000000000000000,finite,83893826978102129/10000000000000000,finite,0,1,8,8,0,8
distributed_K8_C116,seed0_K8_C116,distributed,22,component:5:12,12,1,optimal,search_exhausted,True,51,7,28,630177142307885149/50000000000000000,630177142307885149/50000000000000000,finite,630177142307885149/50000000000000000,finite,0,1,7,7,0,7
distributed_K8_C116,seed0_K8_C116,distributed,23,component:6:13,13,1,optimal,search_exhausted,True,42,8,22,10160160666102861/1000000000000000,10160160666102861/1000000000000000,finite,10160160666102861/1000000000000000,finite,0,1,8,8,0,8
distributed_K8_C116,seed0_K8_C116,distributed,24,component:7:14,14,1,optimal,search_exhausted,True,48,8,25,1315381716877480327/200000000000000000,1315381716877480327/200000000000000000,finite,1315381716877480327/200000000000000000,finite,0,1,8,8,0,8
distributed_K8_C116,seed0_K8_C116,distributed,25,component:0:15,15,1,optimal,search_exhausted,True,60,7,30,582013565986791199/50000000000000000,582013565986791199/50000000000000000,finite,582013565986791199/50000000000000000,finite,0,1,7,7,0,7
distributed_K8_C116,seed0_K8_C116,distributed,26,component:1:16,16,1,optimal,search_exhausted,True,33,5,18,793975176305264727/100000000000000000,793975176305264727/100000000000000000,finite,793975176305264727/100000000000000000,finite,0,243,875,875,0,875
distributed_K8_C116,seed0_K8_C116,distributed,27,component:2:17,17,1,optimal,search_exhausted,True,60,7,26,10644182094508509/1000000000000000,10644182094508509/1000000000000000,finite,10644182094508509/1000000000000000,finite,0,1,7,7,0,7
distributed_K8_C116,seed0_K8_C116,distributed,28,component:3:18,18,1,optimal,search_exhausted,True,63,8,26,761784130351717863/100000000000000000,761784130351717863/100000000000000000,finite,761784130351717863/100000000000000000,finite,0,49,376,376,0,376
distributed_K8_C116,seed0_K8_C116,distributed,29,component:4:19,19,1,optimal,search_exhausted,True,54,8,29,1268504368753126187/100000000000000000,1268504368753126187/100000000000000000,finite,1268504368753126187/100000000000000000,finite,0,1,8,8,0,8
distributed_K8_C116,seed0_K8_C116,distributed,30,component:5:2,2,1,optimal,search_exhausted,True,51,8,26,1058744678849404393/100000000000000000,1058744678849404393/100000000000000000,finite,1058744678849404393/100000000000000000,finite,0,1,8,8,0,8
distributed_K8_C116,seed0_K8_C116,distributed,31,component:6:20,20,1,optimal,search_exhausted,True,54,7,25,961893256601097397/100000000000000000,961893256601097397/100000000000000000,finite,961893256601097397/100000000000000000,finite,0,1,7,7,0,7
distributed_K8_C116,seed0_K8_C116,distributed,32,component:7:21,21,1,optimal,search_exhausted,True,48,8,30,965815687492596467/100000000000000000,965815687492596467/100000000000000000,finite,965815687492596467/100000000000000000,finite,0,1,8,8,0,8
distributed_K8_C116,seed0_K8_C116,distributed,33,component:0:22,22,1,optimal,search_exhausted,True,48,6,27,1032135273732667381/100000000000000000,1032135273732667381/100000000000000000,finite,1032135273732667381/100000000000000000,finite,0,1,6,6,0,6
distributed_K8_C116,seed0_K8_C116,distributed,34,component:1:23,23,1,optimal,search_exhausted,True,45,6,25,467973132879010123/50000000000000000,467973132879010123/50000000000000000,finite,467973132879010123/50000000000000000,finite,0,1,6,6,0,6
distributed_K8_C116,seed0_K8_C116,distributed,35,component:2:24,24,1,optimal,search_exhausted,True,57,7,29,591236727825037379/50000000000000000,591236727825037379/50000000000000000,finite,591236727825037379/50000000000000000,finite,0,1,7,7,0,7
distributed_K8_C116,seed0_K8_C116,distributed,36,component:3:25,25,1,optimal,search_exhausted,True,51,8,25,1194910223126826389/100000000000000000,1194910223126826389/100000000000000000,finite,1194910223126826389/100000000000000000,finite,0,1,8,8,0,8
distributed_K8_C116,seed0_K8_C116,distributed,37,component:4:26,26,1,optimal,search_exhausted,True,57,8,27,330249553569900487/25000000000000000,330249553569900487/25000000000000000,finite,330249553569900487/25000000000000000,finite,0,1,8,8,0,8
distributed_K8_C116,seed0_K8_C116,distributed,38,component:5:27,27,1,optimal,search_exhausted,True,45,7,21,1169574555860255927/100000000000000000,1169574555860255927/100000000000000000,finite,1169574555860255927/100000000000000000,finite,0,1,7,7,0,7
distributed_K8_C116,seed0_K8_C116,distributed,39,component:6:28,28,1,optimal,search_exhausted,True,48,6,24,30075305019711137/2500000000000000,30075305019711137/2500000000000000,finite,30075305019711137/2500000000000000,finite,0,1,6,6,0,6
distributed_K8_C116,seed0_K8_C116,distributed,40,component:7:29,29,1,optimal,search_exhausted,True,63,8,34,789744348223602091/100000000000000000,789744348223602091/100000000000000000,finite,789744348223602091/100000000000000000,finite,0,11,72,72,0,72
distributed_K8_C116,seed0_K8_C116,distributed,41,component:0:3,3,1,optimal,search_exhausted,True,57,8,28,222516230800137589/25000000000000000,222516230800137589/25000000000000000,finite,222516230800137589/25000000000000000,finite,0,1,8,8,0,8
distributed_K8_C116,seed0_K8_C116,distributed,42,component:1:30,30,1,optimal,search_exhausted,True,36,6,20,644147800111444331/100000000000000000,644147800111444331/100000000000000000,finite,644147800111444331/100000000000000000,finite,0,1,6,6,0,6
distributed_K8_C116,seed0_K8_C116,distributed,43,component:2:31,31,1,optimal,search_exhausted,True,51,8,28,497345225531776229/50000000000000000,497345225531776229/50000000000000000,finite,497345225531776229/50000000000000000,finite,0,1,8,8,0,8
distributed_K8_C116,seed0_K8_C116,distributed,44,component:3:32,32,1,optimal,search_exhausted,True,45,5,23,503554974743233567/50000000000000000,503554974743233567/50000000000000000,finite,503554974743233567/50000000000000000,finite,0,1,5,5,0,5
distributed_K8_C116,seed0_K8_C116,distributed,45,component:4:33,33,1,optimal,search_exhausted,True,36,6,19,157718187745267061/31250000000000000,157718187745267061/31250000000000000,finite,157718187745267061/31250000000000000,finite,0,649,3156,3156,0,3156
distributed_K8_C116,seed0_K8_C116,distributed,46,component:5:34,34,1,optimal,search_exhausted,True,48,6,23,80657726557677969/6250000000000000,80657726557677969/6250000000000000,finite,80657726557677969/6250000000000000,finite,0,1,6,6,0,6
distributed_K8_C116,seed0_K8_C116,distributed,47,component:6:35,35,1,optimal,search_exhausted,True,57,7,33,1272154154020202319/100000000000000000,1272154154020202319/100000000000000000,finite,1272154154020202319/100000000000000000,finite,0,1,7,7,0,7
distributed_K8_C116,seed0_K8_C116,distributed,48,component:7:36,36,1,optimal,search_exhausted,True,48,7,24,141085394383619011/12500000000000000,141085394383619011/12500000000000000,finite,141085394383619011/12500000000000000,finite,0,1,7,7,0,7
distributed_K8_C116,seed0_K8_C116,distributed,49,component:0:37,37,1,optimal,search_exhausted,True,39,7,18,496457952814814199/100000000000000000,496457952814814199/100000000000000000,finite,496457952814814199/100000000000000000,finite,0,1,7,7,0,7
distributed_K8_C116,seed0_K8_C116,distributed,50,component:1:39,39,1,optimal,search_exhausted,True,45,6,23,758475070009964933/100000000000000000,758475070009964933/100000000000000000,finite,758475070009964933/100000000000000000,finite,0,9,42,42,0,42
distributed_K8_C116,seed0_K8_C116,distributed,51,component:2:4,4,1,optimal,search_exhausted,True,45,6,21,410030361141298441/50000000000000000,410030361141298441/50000000000000000,finite,410030361141298441/50000000000000000,finite,0,1,6,6,0,6
distributed_K8_C116,seed0_K8_C116,distributed,52,component:3:40,40,1,optimal,search_exhausted,True,48,6,23,170253321187223741/20000000000000000,170253321187223741/20000000000000000,finite,170253321187223741/20000000000000000,finite,0,1,6,6,0,6
distributed_K8_C116,seed0_K8_C116,distributed,53,component:4:41,41,1,optimal,search_exhausted,True,51,8,30,557009657280633661/50000000000000000,557009657280633661/50000000000000000,finite,557009657280633661/50000000000000000,finite,0,317,2344,2344,0,2344
distributed_K8_C116,seed0_K8_C116,distributed,54,component:5:42,42,1,optimal,search_exhausted,True,60,7,31,110868228984779497/10000000000000000,110868228984779497/10000000000000000,finite,110868228984779497/10000000000000000,finite,0,77,511,511,0,511
distributed_K8_C116,seed0_K8_C116,distributed,55,component:6:43,43,1,optimal,search_exhausted,True,78,6,35,1672178213396152277/100000000000000000,1672178213396152277/100000000000000000,finite,1672178213396152277/100000000000000000,finite,0,233,1332,1332,0,1332
distributed_K8_C116,seed0_K8_C116,distributed,56,component:7:44,44,1,optimal,search_exhausted,True,48,7,20,757517507845911629/100000000000000000,757517507845911629/100000000000000000,finite,757517507845911629/100000000000000000,finite,0,1,7,7,0,7
distributed_K8_C116,seed0_K8_C116,distributed,57,component:0:45,45,1,optimal,search_exhausted,True,48,7,27,507236601560811127/50000000000000000,507236601560811127/50000000000000000,finite,507236601560811127/50000000000000000,finite,0,1,7,7,0,7
distributed_K8_C116,seed0_K8_C116,distributed,58,component:1:46,46,1,optimal,search_exhausted,True,39,7,21,87696204753385151/10000000000000000,87696204753385151/10000000000000000,finite,87696204753385151/10000000000000000,finite,0,1,7,7,0,7
distributed_K8_C116,seed0_K8_C116,distributed,59,component:2:47,47,1,optimal,search_exhausted,True,60,7,30,281881865267501667/20000000000000000,281881865267501667/20000000000000000,finite,281881865267501667/20000000000000000,finite,0,1,7,7,0,7
distributed_K8_C116,seed0_K8_C116,distributed,60,component:3:48,48,1,optimal,search_exhausted,True,33,7,15,264462526841832797/50000000000000000,264462526841832797/50000000000000000,finite,264462526841832797/50000000000000000,finite,0,107,616,616,0,616
distributed_K8_C116,seed0_K8_C116,distributed,61,component:4:49,49,1,optimal,search_exhausted,True,48,7,26,46242738457486043/6250000000000000,46242738457486043/6250000000000000,finite,46242738457486043/6250000000000000,finite,0,1,7,7,0,7
distributed_K8_C116,seed0_K8_C116,distributed,62,component:5:5,5,1,optimal,search_exhausted,True,54,7,23,120719754996620303/10000000000000000,120719754996620303/10000000000000000,finite,120719754996620303/10000000000000000,finite,0,1,7,7,0,7
distributed_K8_C116,seed0_K8_C116,distributed,63,component:6:50,50,1,optimal,search_exhausted,True,33,7,16,315829441147304193/50000000000000000,315829441147304193/50000000000000000,finite,315829441147304193/50000000000000000,finite,0,1,7,7,0,7
distributed_K8_C116,seed0_K8_C116,distributed,64,component:7:51,51,1,optimal,search_exhausted,True,51,8,28,58684359853642433/5000000000000000,58684359853642433/5000000000000000,finite,58684359853642433/5000000000000000,finite,0,1,8,8,0,8
distributed_K8_C116,seed0_K8_C116,distributed,65,component:0:52,52,1,optimal,search_exhausted,True,48,6,27,718078521528071707/100000000000000000,718078521528071707/100000000000000000,finite,718078521528071707/100000000000000000,finite,0,225,1254,1254,0,1254
distributed_K8_C116,seed0_K8_C116,distributed,66,component:1:53,53,1,optimal,search_exhausted,True,54,8,26,314807844598596473/25000000000000000,314807844598596473/25000000000000000,finite,314807844598596473/25000000000000000,finite,0,1,8,8,0,8
distributed_K8_C116,seed0_K8_C116,distributed,67,component:2:54,54,1,optimal,search_exhausted,True,54,7,29,118014440424019943/10000000000000000,118014440424019943/10000000000000000,finite,118014440424019943/10000000000000000,finite,0,1,7,7,0,7
distributed_K8_C116,seed0_K8_C116,distributed,68,component:3:55,55,1,optimal,search_exhausted,True,48,8,27,1034680165380794567/100000000000000000,1034680165380794567/100000000000000000,finite,1034680165380794567/100000000000000000,finite,0,1,8,8,0,8
distributed_K8_C116,seed0_K8_C116,distributed,69,component:4:56,56,1,optimal,search_exhausted,True,45,7,27,42650069686206509/4000000000000000,42650069686206509/4000000000000000,finite,42650069686206509/4000000000000000,finite,0,1,7,7,0,7
distributed_K8_C116,seed0_K8_C116,distributed,70,component:5:57,57,1,optimal,search_exhausted,True,54,8,28,574652284844369747/50000000000000000,574652284844369747/50000000000000000,finite,574652284844369747/50000000000000000,finite,0,1,8,8,0,8
distributed_K8_C116,seed0_K8_C116,distributed,71,component:6:58,58,1,optimal,search_exhausted,True,48,7,22,271865633284528273/25000000000000000,271865633284528273/25000000000000000,finite,271865633284528273/25000000000000000,finite,0,1,7,7,0,7
distributed_K8_C116,seed0_K8_C116,distributed,72,component:7:59,59,1,optimal,search_exhausted,True,24,5,12,16952033483196881/2500000000000000,16952033483196881/2500000000000000,finite,16952033483196881/2500000000000000,finite,0,1,5,5,0,5
distributed_K8_C116,seed0_K8_C116,distributed,73,component:0:6,6,1,optimal,search_exhausted,True,51,8,26,106142597201187913/10000000000000000,106142597201187913/10000000000000000,finite,106142597201187913/10000000000000000,finite,0,1,8,8,0,8
distributed_K8_C116,seed0_K8_C116,distributed,74,component:1:60,60,1,optimal,search_exhausted,True,48,7,23,112394261244195989/10000000000000000,112394261244195989/10000000000000000,finite,112394261244195989/10000000000000000,finite,0,1,7,7,0,7
distributed_K8_C116,seed0_K8_C116,distributed,75,component:2:61,61,1,optimal,search_exhausted,True,48,7,23,301386366778312871/25000000000000000,301386366778312871/25000000000000000,finite,301386366778312871/25000000000000000,finite,0,41,273,273,0,273
distributed_K8_C116,seed0_K8_C116,distributed,76,component:3:62,62,1,optimal,search_exhausted,True,57,8,23,1219729596713547703/100000000000000000,1219729596713547703/100000000000000000,finite,1219729596713547703/100000000000000000,finite,0,1,8,8,0,8
distributed_K8_C116,seed0_K8_C116,distributed,77,component:4:63,63,1,optimal,search_exhausted,True,33,5,12,287667042701885741/50000000000000000,287667042701885741/50000000000000000,finite,287667042701885741/50000000000000000,finite,0,1,5,5,0,5
distributed_K8_C116,seed0_K8_C116,distributed,78,component:5:64,64,1,optimal,search_exhausted,True,54,8,18,1208179505003107953/100000000000000000,1208179505003107953/100000000000000000,finite,1208179505003107953/100000000000000000,finite,0,1,8,8,0,8
distributed_K8_C116,seed0_K8_C116,distributed,79,component:6:65,65,1,optimal,search_exhausted,True,45,7,22,122639625219269707/10000000000000000,122639625219269707/10000000000000000,finite,122639625219269707/10000000000000000,finite,0,1,7,7,0,7
distributed_K8_C116,seed0_K8_C116,distributed,80,component:7:66,66,1,optimal,search_exhausted,True,51,6,27,240242564661799933/20000000000000000,240242564661799933/20000000000000000,finite,240242564661799933/20000000000000000,finite,0,1,6,6,0,6
distributed_K8_C116,seed0_K8_C116,distributed,81,component:0:67,67,1,optimal,search_exhausted,True,39,8,15,831933169796474077/100000000000000000,831933169796474077/100000000000000000,finite,831933169796474077/100000000000000000,finite,0,1,8,8,0,8
distributed_K8_C116,seed0_K8_C116,distributed,82,component:1:68,68,1,optimal,search_exhausted,True,33,6,13,322678899210741759/50000000000000000,322678899210741759/50000000000000000,finite,322678899210741759/50000000000000000,finite,0,1,6,6,0,6
distributed_K8_C116,seed0_K8_C116,distributed,83,component:2:69,69,1,optimal,search_exhausted,True,45,6,22,409505753894301089/50000000000000000,409505753894301089/50000000000000000,finite,409505753894301089/50000000000000000,finite,0,83,486,486,0,486
distributed_K8_C116,seed0_K8_C116,distributed,84,component:3:7,7,1,optimal,search_exhausted,True,78,8,34,809329078689834757/50000000000000000,809329078689834757/50000000000000000,finite,809329078689834757/50000000000000000,finite,0,193,1472,1472,0,1472
distributed_K8_C116,seed0_K8_C116,distributed,85,component:4:70,70,1,optimal,search_exhausted,True,48,6,27,359909993072269567/50000000000000000,359909993072269567/50000000000000000,finite,359909993072269567/50000000000000000,finite,0,323,1854,1854,0,1854
distributed_K8_C116,seed0_K8_C116,distributed,86,component:5:71,71,1,optimal,search_exhausted,True,51,8,27,256909525121881757/20000000000000000,256909525121881757/20000000000000000,finite,256909525121881757/20000000000000000,finite,0,1,8,8,0,8
distributed_K8_C116,seed0_K8_C116,distributed,87,component:6:72,72,1,optimal,search_exhausted,True,42,6,22,537052006890969599/50000000000000000,537052006890969599/50000000000000000,finite,537052006890969599/50000000000000000,finite,0,1,6,6,0,6
distributed_K8_C116,seed0_K8_C116,distributed,88,component:7:73,73,1,optimal,search_exhausted,True,42,7,21,107337696084818997/10000000000000000,107337696084818997/10000000000000000,finite,107337696084818997/10000000000000000,finite,0,1,7,7,0,7
distributed_K8_C116,seed0_K8_C116,distributed,89,component:0:74,74,1,optimal,search_exhausted,True,45,7,21,77889109530188471/10000000000000000,77889109530188471/10000000000000000,finite,77889109530188471/10000000000000000,finite,0,1,7,7,0,7
distributed_K8_C116,seed0_K8_C116,distributed,90,component:1:75,75,1,optimal,search_exhausted,True,33,5,12,143701947628995017/25000000000000000,143701947628995017/25000000000000000,finite,143701947628995017/25000000000000000,finite,0,1,5,5,0,5
distributed_K8_C116,seed0_K8_C116,distributed,91,component:2:76,76,1,optimal,search_exhausted,True,54,8,23,126865063314293049/20000000000000000,126865063314293049/20000000000000000,finite,126865063314293049/20000000000000000,finite,0,1,8,8,0,8
distributed_K8_C116,seed0_K8_C116,distributed,92,component:3:77,77,1,optimal,search_exhausted,True,51,8,22,378740335400654469/50000000000000000,378740335400654469/50000000000000000,finite,378740335400654469/50000000000000000,finite,0,875,6032,6032,0,6032
distributed_K8_C116,seed0_K8_C116,distributed,93,component:4:78,78,1,optimal,search_exhausted,True,39,7,23,815475720960259767/100000000000000000,815475720960259767/100000000000000000,finite,815475720960259767/100000000000000000,finite,0,1,7,7,0,7
distributed_K8_C116,seed0_K8_C116,distributed,94,component:5:79,79,1,optimal,search_exhausted,True,63,8,25,752792535849802607/50000000000000000,752792535849802607/50000000000000000,finite,752792535849802607/50000000000000000,finite,0,167,1272,1272,0,1272
distributed_K8_C116,seed0_K8_C116,distributed,95,component:6:8,8,1,optimal,search_exhausted,True,42,6,24,368039975518472221/50000000000000000,368039975518472221/50000000000000000,finite,368039975518472221/50000000000000000,finite,0,1,6,6,0,6
distributed_K8_C116,seed0_K8_C116,distributed,96,component:7:80,80,1,optimal,search_exhausted,True,57,7,30,13032376201624547/1000000000000000,13032376201624547/1000000000000000,finite,13032376201624547/1000000000000000,finite,0,1,7,7,0,7
distributed_K8_C116,seed0_K8_C116,distributed,97,component:0:81,81,1,optimal,search_exhausted,True,39,5,20,744361953594475759/100000000000000000,744361953594475759/100000000000000000,finite,744361953594475759/100000000000000000,finite,0,1,5,5,0,5
distributed_K8_C116,seed0_K8_C116,distributed,98,component:1:82,82,1,optimal,search_exhausted,True,54,6,26,1073226611916937791/100000000000000000,1073226611916937791/100000000000000000,finite,1073226611916937791/100000000000000000,finite,0,1,6,6,0,6
distributed_K8_C116,seed0_K8_C116,distributed,99,component:2:83,83,1,optimal,search_exhausted,True,51,6,23,128270319376014787/10000000000000000,128270319376014787/10000000000000000,finite,128270319376014787/10000000000000000,finite,0,1,6,6,0,6
distributed_K8_C116,seed0_K8_C116,distributed,100,component:3:84,84,1,optimal,search_exhausted,True,45,8,27,6276581245887373/781250000000000,6276581245887373/781250000000000,finite,6276581245887373/781250000000000,finite,0,1,8,8,0,8
distributed_K8_C116,seed0_K8_C116,distributed,101,component:4:85,85,1,optimal,search_exhausted,True,42,7,19,497153172905480309/50000000000000000,497153172905480309/50000000000000000,finite,497153172905480309/50000000000000000,finite,0,1,7,7,0,7
distributed_K8_C116,seed0_K8_C116,distributed,102,component:5:86,86,1,optimal,search_exhausted,True,42,7,24,56438321257100529/5000000000000000,56438321257100529/5000000000000000,finite,56438321257100529/5000000000000000,finite,0,1,7,7,0,7
distributed_K8_C116,seed0_K8_C116,distributed,103,component:6:87,87,1,optimal,search_exhausted,True,30,5,11,243270482389319693/50000000000000000,243270482389319693/50000000000000000,finite,243270482389319693/50000000000000000,finite,0,1,5,5,0,5
distributed_K8_C116,seed0_K8_C116,distributed,104,component:7:88,88,1,optimal,search_exhausted,True,39,7,0,322018798721736197/50000000000000000,322018798721736197/50000000000000000,finite,322018798721736197/50000000000000000,finite,0,1,7,7,0,7
distributed_K8_C116,seed0_K8_C116,distributed,105,component:0:89,89,1,optimal,search_exhausted,True,30,6,9,243374516937353337/50000000000000000,243374516937353337/50000000000000000,finite,243374516937353337/50000000000000000,finite,0,1,6,6,0,6
distributed_K8_C116,seed0_K8_C116,distributed,106,component:1:9,9,1,optimal,search_exhausted,True,66,7,29,41166709494511481877/5000000000000000000,41166709494511481877/5000000000000000000,finite,41166709494511481877/5000000000000000000,finite,0,1,7,7,0,7
distributed_K8_C116,seed0_K8_C116,distributed,107,component:2:90,90,1,optimal,search_exhausted,True,36,6,5,458548596398086539/100000000000000000,458548596398086539/100000000000000000,finite,458548596398086539/100000000000000000,finite,0,1,6,6,0,6
distributed_K8_C116,seed0_K8_C116,distributed,108,component:3:91,91,1,optimal,search_exhausted,True,102,8,26,688869626110656273/50000000000000000,688869626110656273/50000000000000000,finite,688869626110656273/50000000000000000,finite,0,1,8,8,0,8
distributed_K8_C116,seed0_K8_C116,distributed,109,component:4:92,92,1,optimal,search_exhausted,True,51,7,2,1183874715304355713/100000000000000000,1183874715304355713/100000000000000000,finite,1183874715304355713/100000000000000000,finite,0,1,7,7,0,7
distributed_K8_C116,seed0_K8_C116,distributed,110,component:5:93,93,1,optimal,search_exhausted,True,48,6,14,634931762867554527/100000000000000000,634931762867554527/100000000000000000,finite,634931762867554527/100000000000000000,finite,0,29,168,168,0,168
distributed_K8_C116,seed0_K8_C116,distributed,111,component:6:94,94,1,optimal,search_exhausted,True,66,8,8,1634907899328701/125000000000000,1634907899328701/125000000000000,finite,1634907899328701/125000000000000,finite,0,1,8,8,0,8
distributed_K8_C116,seed0_K8_C116,distributed,112,component:7:95,95,1,optimal,search_exhausted,True,51,8,10,723138505075648577/100000000000000000,723138505075648577/100000000000000000,finite,723138505075648577/100000000000000000,finite,0,1,8,8,0,8
distributed_K8_C116,seed0_K8_C116,distributed,113,component:0:96,96,1,optimal,search_exhausted,True,39,7,6,152373099343744129/25000000000000000,152373099343744129/25000000000000000,finite,152373099343744129/25000000000000000,finite,0,1,7,7,0,7
distributed_K8_C116,seed0_K8_C116,distributed,114,component:1:97,97,1,optimal,search_exhausted,True,36,4,0,556174677522356181/100000000000000000,556174677522356181/100000000000000000,finite,556174677522356181/100000000000000000,finite,0,1,4,4,0,4
distributed_K8_C116,seed0_K8_C116,distributed,115,component:2:98,98,1,optimal,search_exhausted,True,48,8,9,759211678295901851/100000000000000000,759211678295901851/100000000000000000,finite,759211678295901851/100000000000000000,finite,0,1,8,8,0,8
distributed_K8_C116,seed0_K8_C116,distributed,116,component:3:99,99,1,optimal,search_exhausted,True,48,8,10,276622058200264729/50000000000000000,276622058200264729/50000000000000000,finite,276622058200264729/50000000000000000,finite,0,1,8,8,0,8
distributed_K1_C58,seed0_K1_C58,distributed,1,component:0:0,0|91,2,optimal,search_exhausted,True,168,1,0,191915668336959341/6250000000000000,191915668336959341/6250000000000000,finite,191915668336959341/6250000000000000,finite,0,1,1,1,0,1
distributed_K1_C58,seed0_K1_C58,distributed,2,component:0:1,1|108,2,optimal,search_exhausted,True,87,1,0,1194964119803607939/100000000000000000,1194964119803607939/100000000000000000,finite,1194964119803607939/100000000000000000,finite,0,1,1,1,0,1
distributed_K1_C58,seed0_K1_C58,distributed,3,component:0:10,10|43,2,optimal,search_exhausted,True,120,1,0,2501788477815028337/100000000000000000,2501788477815028337/100000000000000000,finite,2501788477815028337/100000000000000000,finite,0,1,1,1,0,1
distributed_K1_C58,seed0_K1_C58,distributed,4,component:0:100,100|97,2,optimal,search_exhausted,True,87,1,0,6903701098911852043/500000000000000000,6903701098911852043/500000000000000000,finite,6903701098911852043/500000000000000000,finite,0,1,1,1,0,1
distributed_K1_C58,seed0_K1_C58,distributed,5,component:0:101,101|67,2,optimal,search_exhausted,True,69,1,0,731554210753388721/50000000000000000,731554210753388721/50000000000000000,finite,731554210753388721/50000000000000000,finite,0,1,1,1,0,1
distributed_K1_C58,seed0_K1_C58,distributed,6,component:0:102,102|23,2,optimal,search_exhausted,True,84,1,0,932207681630733821/50000000000000000,932207681630733821/50000000000000000,finite,932207681630733821/50000000000000000,finite,0,1,1,1,0,1
distributed_K1_C58,seed0_K1_C58,distributed,7,component:0:103,103|115,2,optimal,search_exhausted,True,105,1,0,735546904230590603/50000000000000000,735546904230590603/50000000000000000,finite,735546904230590603/50000000000000000,finite,0,1,1,1,0,1
distributed_K1_C58,seed0_K1_C58,distributed,8,component:0:104,104|63,2,optimal,search_exhausted,True,78,1,0,1339762968792810717/100000000000000000,1339762968792810717/100000000000000000,finite,1339762968792810717/100000000000000000,finite,0,1,1,1,0,1
distributed_K1_C58,seed0_K1_C58,distributed,9,component:0:105,105|27,2,optimal,search_exhausted,True,93,1,0,2044191887374763051/100000000000000000,2044191887374763051/100000000000000000,finite,2044191887374763051/100000000000000000,finite,0,1,1,1,0,1
distributed_K1_C58,seed0_K1_C58,distributed,10,component:0:106,106|80,2,optimal,search_exhausted,True,102,1,0,408366564736439543/20000000000000000,408366564736439543/20000000000000000,finite,408366564736439543/20000000000000000,finite,0,1,1,1,0,1
distributed_K1_C58,seed0_K1_C58,distributed,11,component:0:107,107|15,2,optimal,search_exhausted,True,96,1,0,2933150409040738487/200000000000000000,2933150409040738487/200000000000000000,finite,2933150409040738487/200000000000000000,finite,0,1,1,1,0,1
distributed_K1_C58,seed0_K1_C58,distributed,12,component:0:109,109|66,2,optimal,search_exhausted,True,87,1,0,307792484108962051/20000000000000000,307792484108962051/20000000000000000,finite,307792484108962051/20000000000000000,finite,0,1,1,1,0,1
distributed_K1_C58,seed0_K1_C58,distributed,13,component:0:11,11|8,2,optimal,search_exhausted,True,87,1,0,709385754118469683/50000000000000000,709385754118469683/50000000000000000,finite,709385754118469683/50000000000000000,finite,0,1,1,1,0,1
distributed_K1_C58,seed0_K1_C58,distributed,14,component:0:110,110|111,2,optimal,search_exhausted,True,87,1,0,1180483718904466539/100000000000000000,1180483718904466539/100000000000000000,finite,1180483718904466539/100000000000000000,finite,0,1,1,1,0,1
distributed_K1_C58,seed0_K1_C58,distributed,15,component:0:112,112|48,2,optimal,search_exhausted,True,66,1,0,452812402672023153/50000000000000000,452812402672023153/50000000000000000,finite,452812402672023153/50000000000000000,finite,0,1,1,1,0,1
distributed_K1_C58,seed0_K1_C58,distributed,16,component:0:113,113|26,2,optimal,search_exhausted,True,123,1,0,219684287280103671/10000000000000000,219684287280103671/10000000000000000,finite,219684287280103671/10000000000000000,finite,0,1,1,1,0,1
distributed_K1_C58,seed0_K1_C58,distributed,17,component:0:114,114|29,2,optimal,search_exhausted,True,108,1,0,84030239719796073/6250000000000000,84030239719796073/6250000000000000,finite,84030239719796073/6250000000000000,finite,0,1,1,1,0,1
distributed_K1_C58,seed0_K1_C58,distributed,18,component:0:116,116|68,2,optimal,search_exhausted,True,72,1,0,185537008525313101/12500000000000000,185537008525313101/12500000000000000,finite,185537008525313101/12500000000000000,finite,0,1,1,1,0,1
distributed_K1_C58,seed0_K1_C58,distributed,19,component:0:12,12|4,2,optimal,search_exhausted,True,96,1,0,104020750344918359/5000000000000000,104020750344918359/5000000000000000,finite,104020750344918359/5000000000000000,finite,0,1,1,1,0,1
distributed_K1_C58,seed0_K1_C58,distributed,20,component:0:13,13|6,2,optimal,search_exhausted,True,93,1,0,207744203862216523/10000000000000000,207744203862216523/10000000000000000,finite,207744203862216523/10000000000000000,finite,0,1,1,1,0,1
distributed_K1_C58,seed0_K1_C58,distributed,21,component:0:14,14|60,2,optimal,search_exhausted,True,96,1,0,3563266941761400107/200000000000000000,3563266941761400107/200000000000000000,finite,3563266941761400107/200000000000000000,finite,0,1,1,1,0,1
distributed_K1_C58,seed0_K1_C58,distributed,22,component:0:16,16|20,2,optimal,search_exhausted,True,87,1,0,438967108226590531/25000000000000000,438967108226590531/25000000000000000,finite,438967108226590531/25000000000000000,finite,0,1,1,1,0,1
distributed_K1_C58,seed0_K1_C58,distributed,23,component:0:17,17|58,2,optimal,search_exhausted,True,108,1,0,268985092823620499/12500000000000000,268985092823620499/12500000000000000,finite,268985092823620499/12500000000000000,finite,0,1,1,1,0,1
distributed_K1_C58,seed0_K1_C58,distributed,24,component:0:18,18|52,2,optimal,search_exhausted,True,111,1,0,147986265187978957/10000000000000000,147986265187978957/10000000000000000,finite,147986265187978957/10000000000000000,finite,0,1,1,1,0,1
distributed_K1_C58,seed0_K1_C58,distributed,25,component:0:19,19|95,2,optimal,search_exhausted,True,105,1,0,1949036259080965731/100000000000000000,1949036259080965731/100000000000000000,finite,1949036259080965731/100000000000000000,finite,0,1,1,1,0,1
distributed_K1_C58,seed0_K1_C58,distributed,26,component:0:2,2|47,2,optimal,search_exhausted,True,111,1,0,308519250648364091/12500000000000000,308519250648364091/12500000000000000,finite,308519250648364091/12500000000000000,finite,0,1,1,1,0,1
distributed_K1_C58,seed0_K1_C58,distributed,27,component:0:21,21|35,2,optimal,search_exhausted,True,105,1,0,1118984920756399393/50000000000000000,1118984920756399393/50000000000000000,finite,1118984920756399393/50000000000000000,finite,0,1,1,1,0,1
distributed_K1_C58,seed0_K1_C58,distributed,28,component:0:22,22|56,2,optimal,search_exhausted,True,93,1,0,1049193507943915053/50000000000000000,1049193507943915053/50000000000000000,finite,1049193507943915053/50000000000000000,finite,0,1,1,1,0,1
distributed_K1_C58,seed0_K1_C58,distributed,29,component:0:24,24|96,2,optimal,search_exhausted,True,96,1,0,895982926512525637/50000000000000000,895982926512525637/50000000000000000,finite,895982926512525637/50000000000000000,finite,0,1,1,1,0,1
distributed_K1_C58,seed0_K1_C58,distributed,30,component:0:25,25|75,2,optimal,search_exhausted,True,84,1,0,1769718013642806457/100000000000000000,1769718013642806457/100000000000000000,finite,1769718013642806457/100000000000000000,finite,0,1,1,1,0,1
distributed_K1_C58,seed0_K1_C58,distributed,31,component:0:28,28|5,2,optimal,search_exhausted,True,102,1,0,241020975075464851/10000000000000000,241020975075464851/10000000000000000,finite,241020975075464851/10000000000000000,finite,0,1,1,1,0,1
distributed_K1_C58,seed0_K1_C58,distributed,32,component:0:3,3|65,2,optimal,search_exhausted,True,102,1,0,1058230587696623713/50000000000000000,1058230587696623713/50000000000000000,finite,1058230587696623713/50000000000000000,finite,0,1,1,1,0,1
distributed_K1_C58,seed0_K1_C58,distributed,33,component:0:30,30|7,2,optimal,search_exhausted,True,114,1,0,2241637807935446791/100000000000000000,2241637807935446791/100000000000000000,finite,2241637807935446791/100000000000000000,finite,0,1,1,1,0,1
distributed_K1_C58,seed0_K1_C58,distributed,34,component:0:31,31|49,2,optimal,search_exhausted,True,99,1,0,867287133191664573/50000000000000000,867287133191664573/50000000000000000,finite,867287133191664573/50000000000000000,finite,0,1,1,1,0,1
distributed_K1_C58,seed0_K1_C58,distributed,35,component:0:32,32|77,2,optimal,search_exhausted,True,96,1,0,861061463747680229/50000000000000000,861061463747680229/50000000000000000,finite,861061463747680229/50000000000000000,finite,0,1,1,1,0,1
distributed_K1_C58,seed0_K1_C58,distributed,36,component:0:33,33|46,2,optimal,search_exhausted,True,75,1,0,6819849838431442911/500000000000000000,6819849838431442911/500000000000000000,finite,6819849838431442911/500000000000000000,finite,0,1,1,1,0,1
distributed_K1_C58,seed0_K1_C58,distributed,37,component:0:34,34|61,2,optimal,search_exhausted,True,96,1,0,2442199374423868371/100000000000000000,2442199374423868371/100000000000000000,finite,2442199374423868371/100000000000000000,finite,0,1,1,1,0,1
distributed_K1_C58,seed0_K1_C58,distributed,38,component:0:36,36|98,2,optimal,search_exhausted,True,96,1,0,1887894833364853939/100000000000000000,1887894833364853939/100000000000000000,finite,1887894833364853939/100000000000000000,finite,0,1,1,1,0,1
distributed_K1_C58,seed0_K1_C58,distributed,39,component:0:37,37|62,2,optimal,search_exhausted,True,96,1,0,858093774764180951/50000000000000000,858093774764180951/50000000000000000,finite,858093774764180951/50000000000000000,finite,0,1,1,1,0,1
distributed_K1_C58,seed0_K1_C58,distributed,40,component:0:39,39|92,2,optimal,search_exhausted,True,96,1,0,971174892657160323/50000000000000000,971174892657160323/50000000000000000,finite,971174892657160323/50000000000000000,finite,0,1,1,1,0,1
distributed_K1_C58,seed0_K1_C58,distributed,41,component:0:40,40|85,2,optimal,search_exhausted,True,90,1,0,1845572951747079323/100000000000000000,1845572951747079323/100000000000000000,finite,1845572951747079323/100000000000000000,finite,0,1,1,1,0,1
distributed_K1_C58,seed0_K1_C58,distributed,42,component:0:41,41|70,2,optimal,search_exhausted,True,99,1,0,1812427478137641159/100000000000000000,1812427478137641159/100000000000000000,finite,1812427478137641159/100000000000000000,finite,0,1,1,1,0,1
distributed_K1_C58,seed0_K1_C58,distributed,43,component:0:42,42|82,2,optimal,search_exhausted,True,114,1,0,2181908901764732761/100000000000000000,2181908901764732761/100000000000000000,finite,2181908901764732761/100000000000000000,finite,0,1,1,1,0,1
distributed_K1_C58,seed0_K1_C58,distributed,44,component:0:44,44|88,2,optimal,search_exhausted,True,87,1,0,1401555105289384023/100000000000000000,1401555105289384023/100000000000000000,finite,1401555105289384023/100000000000000000,finite,0,1,1,1,0,1
distributed_K1_C58,seed0_K1_C58,distributed,45,component:0:45,45|89,2,optimal,search_exhausted,True,78,1,0,46913194906135279/3125000000000000,46913194906135279/3125000000000000,finite,46913194906135279/3125000000000000,finite,0,1,1,1,0,1
distributed_K1_C58,seed0_K1_C58,distributed,46,component:0:50,50|53,2,optimal,search_exhausted,True,87,1,0,1840374147422645443/100000000000000000,1840374147422645443/100000000000000000,finite,1840374147422645443/100000000000000000,finite,0,1,1,1,0,1
distributed_K1_C58,seed0_K1_C58,distributed,47,component:0:51,51|71,2,optimal,search_exhausted,True,102,1,0,491646964536451489/20000000000000000,491646964536451489/20000000000000000,finite,491646964536451489/20000000000000000,finite,0,1,1,1,0,1
distributed_K1_C58,seed0_K1_C58,distributed,48,component:0:54,54|94,2,optimal,search_exhausted,True,120,1,0,248807072370316023/10000000000000000,248807072370316023/10000000000000000,finite,248807072370316023/10000000000000000,finite,0,1,1,1,0,1
distributed_K1_C58,seed0_K1_C58,distributed,49,component:0:55,55|72,2,optimal,search_exhausted,True,90,1,0,421756835832546753/20000000000000000,421756835832546753/20000000000000000,finite,421756835832546753/20000000000000000,finite,0,1,1,1,0,1
distributed_K1_C58,seed0_K1_C58,distributed,50,component:0:57,57|90,2,optimal,search_exhausted,True,90,1,0,1607853166086826033/100000000000000000,1607853166086826033/100000000000000000,finite,1607853166086826033/100000000000000000,finite,0,1,1,1,0,1
distributed_K1_C58,seed0_K1_C58,distributed,51,component:0:59,59|73,2,optimal,search_exhausted,True,66,1,0,175145830017606521/10000000000000000,175145830017606521/10000000000000000,finite,175145830017606521/10000000000000000,finite,0,1,1,1,0,1
distributed_K1_C58,seed0_K1_C58,distributed,52,component:0:64,64|76,2,optimal,search_exhausted,True,108,1,0,921252410787286599/50000000000000000,921252410787286599/50000000000000000,finite,921252410787286599/50000000000000000,finite,0,1,1,1,0,1
distributed_K1_C58,seed0_K1_C58,distributed,53,component:0:69,69|83,2,optimal,search_exhausted,True,96,1,0,65678584423398439/3125000000000000,65678584423398439/3125000000000000,finite,65678584423398439/3125000000000000,finite,0,1,1,1,0,1
distributed_K1_C58,seed0_K1_C58,distributed,54,component:0:74,74|87,2,optimal,search_exhausted,True,75,1,0,19772375938758189/1562500000000000,19772375938758189/1562500000000000,finite,19772375938758189/1562500000000000,finite,0,1,1,1,0,1
distributed_K1_C58,seed0_K1_C58,distributed,55,component:0:78,78|99,2,optimal,search_exhausted,True,87,1,0,54748793494431569/4000000000000000,54748793494431569/4000000000000000,finite,54748793494431569/4000000000000000,finite,0,1,1,1,0,1
distributed_K1_C58,seed0_K1_C58,distributed,56,component:0:79,79|93,2,optimal,search_exhausted,True,111,1,0,2140516834567159741/100000000000000000,2140516834567159741/100000000000000000,finite,2140516834567159741/100000000000000000,finite,0,1,1,1,0,1
distributed_K1_C58,seed0_K1_C58,distributed,57,component:0:81,81|84,2,optimal,search_exhausted,True,84,1,0,1547764353068059503/100000000000000000,1547764353068059503/100000000000000000,finite,1547764353068059503/100000000000000000,finite,0,1,1,1,0,1
distributed_K1_C58,seed0_K1_C58,distributed,58,component:0:86,86|9,2,optimal,search_exhausted,True,108,1,0,97416739719088586077/5000000000000000000,97416739719088586077/5000000000000000000,finite,97416739719088586077/5000000000000000000,finite,0,1,1,1,0,1
distributed_K4_C58,seed0_K4_C58,distributed,1,component:0:0,0|91,2,optimal,search_exhausted,True,168,4,60,191915668336959341/6250000000000000,191915668336959341/6250000000000000,finite,191915668336959341/6250000000000000,finite,0,1,4,4,0,4
distributed_K4_C58,seed0_K4_C58,distributed,2,component:0:1,1|108,2,optimal,search_exhausted,True,87,4,24,1194964119803607939/100000000000000000,1194964119803607939/100000000000000000,finite,1194964119803607939/100000000000000000,finite,0,201,568,568,0,568
distributed_K4_C58,seed0_K4_C58,distributed,3,component:1:10,10|43,2,optimal,search_exhausted,True,120,4,53,2501788477815028337/100000000000000000,2501788477815028337/100000000000000000,finite,2501788477815028337/100000000000000000,finite,0,2437,9308,9308,0,9308
distributed_K4_C58,seed0_K4_C58,distributed,4,component:0:97,100|97,2,optimal,search_exhausted,True,87,4,9,6903701098911852043/500000000000000000,6903701098911852043/500000000000000000,finite,6903701098911852043/500000000000000000,finite,0,1,4,4,0,4
distributed_K4_C58,seed0_K4_C58,distributed,5,component:0:67,101|67,2,optimal,search_exhausted,True,69,4,26,731554210753388721/50000000000000000,731554210753388721/50000000000000000,finite,731554210753388721/50000000000000000,finite,0,45,160,160,0,160
distributed_K4_C58,seed0_K4_C58,distributed,6,component:0:23,102|23,2,optimal,search_exhausted,True,84,4,25,932207681630733821/50000000000000000,932207681630733821/50000000000000000,finite,932207681630733821/50000000000000000,finite,0,1,4,4,0,4
distributed_K4_C58,seed0_K4_C58,distributed,7,component:1:115,103|115,2,optimal,search_exhausted,True,105,4,29,735546904230590603/50000000000000000,735546904230590603/50000000000000000,finite,735546904230590603/50000000000000000,finite,0,1101,4032,4032,0,4032
distributed_K4_C58,seed0_K4_C58,distributed,8,component:2:63,104|63,2,optimal,search_exhausted,True,78,4,27,1339762968792810717/100000000000000000,1339762968792810717/100000000000000000,finite,1339762968792810717/100000000000000000,finite,0,87,308,308,0,308
distributed_K4_C58,seed0_K4_C58,distributed,9,component:0:105,105|27,2,optimal,search_exhausted,True,93,4,21,2044191887374763051/100000000000000000,2044191887374763051/100000000000000000,finite,2044191887374763051/100000000000000000,finite,0,1,4,4,0,4
distributed_K4_C58,seed0_K4_C58,distributed,10,component:0:106,106|80,2,optimal,search_exhausted,True,102,4,44,408366564736439543/20000000000000000,408366564736439543/20000000000000000,finite,408366564736439543/20000000000000000,finite,0,1,4,4,0,4
distributed_K4_C58,seed0_K4_C58,distributed,11,component:0:15,107|15,2,optimal,search_exhausted,True,96,4,44,2933150409040738487/200000000000000000,2933150409040738487/200000000000000000,finite,2933150409040738487/200000000000000000,finite,0,259,680,680,0,680
distributed_K4_C58,seed0_K4_C58,distributed,12,component:2:109,109|66,2,optimal,search_exhausted,True,87,4,38,307792484108962051/20000000000000000,307792484108962051/20000000000000000,finite,307792484108962051/20000000000000000,finite,0,1,4,4,0,4
distributed_K4_C58,seed0_K4_C58,distributed,13,component:2:11,11|8,2,optimal,search_exhausted,True,87,4,51,709385754118469683/50000000000000000,709385754118469683/50000000000000000,finite,709385754118469683/50000000000000000,finite,0,1,4,4,0,4
distributed_K4_C58,seed0_K4_C58,distributed,14,component:3:110,110|111,2,optimal,search_exhausted,True,87,4,16,1180483718904466539/100000000000000000,1180483718904466539/100000000000000000,finite,1180483718904466539/100000000000000000,finite,0,1,4,4,0,4
distributed_K4_C58,seed0_K4_C58,distributed,15,component:0:112,112|48,2,optimal,search_exhausted,True,66,4,25,452812402672023153/50000000000000000,452812402672023153/50000000000000000,finite,452812402672023153/50000000000000000,finite,0,361,1300,1300,0,1300
distributed_K4_C58,seed0_K4_C58,distributed,16,component:0:113,113|26,2,optimal,search_exhausted,True,123,4,50,219684287280103671/10000000000000000,219684287280103671/10000000000000000,finite,219684287280103671/10000000000000000,finite,0,1,4,4,0,4
distributed_K4_C58,seed0_K4_C58,distributed,17,component:1:114,114|29,2,optimal,search_exhausted,True,108,4,42,84030239719796073/6250000000000000,84030239719796073/6250000000000000,finite,84030239719796073/6250000000000000,finite,0,39,140,140,0,140
distributed_K4_C58,seed0_K4_C58,distributed,18,component:0:68,116|68,2,optimal,search_exhausted,True,72,4,15,185537008525313101/12500000000000000,185537008525313101/12500000000000000,finite,185537008525313101/12500000000000000,finite,0,1,4,4,0,4
distributed_K4_C58,seed0_K4_C58,distributed,19,component:1:4,12|4,2,optimal,search_exhausted,True,96,4,49,104020750344918359/5000000000000000,104020750344918359/5000000000000000,finite,104020750344918359/5000000000000000,finite,0,1,4,4,0,4
distributed_K4_C58,seed0_K4_C58,distributed,20,component:0:6,13|6,2,optimal,search_exhausted,True,93,4,48,207744203862216523/10000000000000000,207744203862216523/10000000000000000,finite,207744203862216523/10000000000000000,finite,0,1,4,4,0,4
distributed_K4_C58,seed0_K4_C58,distributed,21,component:0:60,14|60,2,optimal,search_exhausted,True,96,4,48,3563266941761400107/200000000000000000,3563266941761400107/200000000000000000,finite,3563266941761400107/200000000000000000,finite,0,1,4,4,0,4
distributed_K4_C58,seed0_K4_C58,distributed,22,component:0:16,16|20,2,optimal,search_exhausted,True,87,4,43,438967108226590531/25000000000000000,438967108226590531/25000000000000000,finite,438967108226590531/25000000000000000,finite,0,243,700,700,0,700
distributed_K4_C58,seed0_K4_C58,distributed,23,component:1:17,17|58,2,optimal,search_exhausted,True,108,4,48,268985092823620499/12500000000000000,268985092823620499/12500000000000000,finite,268985092823620499/12500000000000000,finite,0,1,4,4,0,4
distributed_K4_C58,seed0_K4_C58,distributed,24,component:0:52,18|52,2,limited,local_solve_without_exact_certificate,True,111,4,53,1317998223564386999/100000000000000000,1317998223564386999/100000000000000000,finite,747291616068776383/50000000000000000,finite,176585008573165767/1317998223564386999,3588,12808,12808,0,12808
distributed_K4_C58,seed0_K4_C58,distributed,25,component:2:19,19|95,2,limited,condition_time_limit,False,105,4,39,,,negative_infinity,,positive_infinity,,0,0,0,0,0
distributed_K4_C58,seed0_K4_C58,distributed,26,component:1:47,2|47,2,limited,condition_time_limit,False,111,4,56,,,negative_infinity,,positive_infinity,,0,0,0,0,0
distributed_K4_C58,seed0_K4_C58,distributed,27,component:3:21,21|35,2,limited,condition_time_limit,False,105,4,63,,,negative_infinity,,positive_infinity,,0,0,0,0,0
distributed_K4_C58,seed0_K4_C58,distributed,28,component:0:22,22|56,2,limited,condition_time_limit,False,93,4,54,,,negative_infinity,,positive_infinity,,0,0,0,0,0
distributed_K4_C58,seed0_K4_C58,distributed,29,component:0:96,24|96,2,limited,condition_time_limit,False,96,4,35,,,negative_infinity,,positive_infinity,,0,0,0,0,0
distributed_K4_C58,seed0_K4_C58,distributed,30,component:0:75,25|75,2,limited,condition_time_limit,False,84,4,37,,,negative_infinity,,positive_infinity,,0,0,0,0,0
distributed_K4_C58,seed0_K4_C58,distributed,31,component:2:5,28|5,2,limited,condition_time_limit,False,102,4,47,,,negative_infinity,,positive_infinity,,0,0,0,0,0
distributed_K4_C58,seed0_K4_C58,distributed,32,component:0:3,3|65,2,limited,condition_time_limit,False,102,4,50,,,negative_infinity,,positive_infinity,,0,0,0,0,0
distributed_K4_C58,seed0_K4_C58,distributed,33,component:0:30,30|7,2,limited,condition_time_limit,False,114,4,54,,,negative_infinity,,positive_infinity,,0,0,0,0,0
distributed_K4_C58,seed0_K4_C58,distributed,34,component:1:31,31|49,2,limited,condition_time_limit,False,99,4,54,,,negative_infinity,,positive_infinity,,0,0,0,0,0
distributed_K4_C58,seed0_K4_C58,distributed,35,component:1:32,32|77,2,limited,condition_time_limit,False,96,4,45,,,negative_infinity,,positive_infinity,,0,0,0,0,0
distributed_K4_C58,seed0_K4_C58,distributed,36,component:0:46,33|46,2,limited,condition_time_limit,False,75,4,40,,,negative_infinity,,positive_infinity,,0,0,0,0,0
distributed_K4_C58,seed0_K4_C58,distributed,37,component:1:61,34|61,2,limited,condition_time_limit,False,96,4,46,,,negative_infinity,,positive_infinity,,0,0,0,0,0
distributed_K4_C58,seed0_K4_C58,distributed,38,component:1:98,36|98,2,limited,condition_time_limit,False,96,4,33,,,negative_infinity,,positive_infinity,,0,0,0,0,0
distributed_K4_C58,seed0_K4_C58,distributed,39,component:0:37,37|62,2,limited,condition_time_limit,False,96,4,41,,,negative_infinity,,positive_infinity,,0,0,0,0,0
distributed_K4_C58,seed0_K4_C58,distributed,40,component:0:39,39|92,2,limited,condition_time_limit,False,96,4,23,,,negative_infinity,,positive_infinity,,0,0,0,0,0
distributed_K4_C58,seed0_K4_C58,distributed,41,component:1:40,40|85,2,limited,condition_time_limit,False,90,4,42,,,negative_infinity,,positive_infinity,,0,0,0,0,0
distributed_K4_C58,seed0_K4_C58,distributed,42,component:2:41,41|70,2,limited,condition_time_limit,False,99,4,57,,,negative_infinity,,positive_infinity,,0,0,0,0,0
distributed_K4_C58,seed0_K4_C58,distributed,43,component:0:82,42|82,2,limited,condition_time_limit,False,114,4,57,,,negative_infinity,,positive_infinity,,0,0,0,0,0
distributed_K4_C58,seed0_K4_C58,distributed,44,component:3:44,44|88,2,limited,condition_time_limit,False,87,4,19,,,negative_infinity,,positive_infinity,,0,0,0,0,0
distributed_K4_C58,seed0_K4_C58,distributed,45,component:0:45,45|89,2,limited,condition_time_limit,False,78,4,31,,,negative_infinity,,positive_infinity,,0,0,0,0,0
distributed_K4_C58,seed0_K4_C58,distributed,46,component:0:53,50|53,2,limited,condition_time_limit,False,87,4,42,,,negative_infinity,,positive_infinity,,0,0,0,0,0
distributed_K4_C58,seed0_K4_C58,distributed,47,component:2:71,51|71,2,limited,condition_time_limit,False,102,4,55,,,negative_infinity,,positive_infinity,,0,0,0,0,0
distributed_K4_C58,seed0_K4_C58,distributed,48,component:1:54,54|94,2,limited,condition_time_limit,False,120,4,37,,,negative_infinity,,positive_infinity,,0,0,0,0,0
distributed_K4_C58,seed0_K4_C58,distributed,49,component:1:55,55|72,2,limited,condition_time_limit,False,90,4,49,,,negative_infinity,,positive_infinity,,0,0,0,0,0
distributed_K4_C58,seed0_K4_C58,distributed,50,component:1:90,57|90,2,limited,condition_time_limit,False,90,4,33,,,negative_infinity,,positive_infinity,,0,0,0,0,0
distributed_K4_C58,seed0_K4_C58,distributed,51,component:3:59,59|73,2,limited,condition_time_limit,False,66,4,33,,,negative_infinity,,positive_infinity,,0,0,0,0,0
distributed_K4_C58,seed0_K4_C58,distributed,52,component:1:76,64|76,2,limited,condition_time_limit,False,108,4,41,,,negative_infinity,,positive_infinity,,0,0,0,0,0
distributed_K4_C58,seed0_K4_C58,distributed,53,component:1:69,69|83,2,limited,condition_time_limit,False,96,4,45,,,negative_infinity,,positive_infinity,,0,0,0,0,0
distributed_K4_C58,seed0_K4_C58,distributed,54,component:0:74,74|87,2,limited,condition_time_limit,False,75,4,32,,,negative_infinity,,positive_infinity,,0,0,0,0,0
distributed_K4_C58,seed0_K4_C58,distributed,55,component:1:99,78|99,2,limited,condition_time_limit,False,87,4,33,,,negative_infinity,,positive_infinity,,0,0,0,0,0
distributed_K4_C58,seed0_K4_C58,distributed,56,component:2:79,79|93,2,limited,condition_time_limit,False,111,4,39,,,negative_infinity,,positive_infinity,,0,0,0,0,0
distributed_K4_C58,seed0_K4_C58,distributed,57,component:0:81,81|84,2,limited,condition_time_limit,False,84,4,47,,,negative_infinity,,positive_infinity,,0,0,0,0,0
distributed_K4_C58,seed0_K4_C58,distributed,58,component:0:9,86|9,2,limited,condition_time_limit,False,108,4,53,,,negative_infinity,,positive_infinity,,0,0,0,0,0
distributed_K8_C58,seed0_K8_C58,distributed,1,component:0:0,0|91,2,optimal,search_exhausted,True,168,8,60,191915668336959341/6250000000000000,191915668336959341/6250000000000000,finite,191915668336959341/6250000000000000,finite,0,1,8,8,0,8
distributed_K8_C58,seed0_K8_C58,distributed,2,component:1:1,1|108,2,optimal,search_exhausted,True,87,7,24,1194964119803607939/100000000000000000,1194964119803607939/100000000000000000,finite,1194964119803607939/100000000000000000,finite,0,201,994,994,0,994
distributed_K8_C58,seed0_K8_C58,distributed,3,component:2:10,10|43,2,optimal,search_exhausted,True,120,8,53,2501788477815028337/100000000000000000,2501788477815028337/100000000000000000,finite,2501788477815028337/100000000000000000,finite,0,2437,18616,18616,0,18616
distributed_K8_C58,seed0_K8_C58,distributed,4,component:1:97,100|97,2,optimal,search_exhausted,True,87,8,9,6903701098911852043/500000000000000000,6903701098911852043/500000000000000000,finite,6903701098911852043/500000000000000000,finite,0,1,8,8,0,8
distributed_K8_C58,seed0_K8_C58,distributed,5,component:0:67,101|67,2,optimal,search_exhausted,True,69,8,26,731554210753388721/50000000000000000,731554210753388721/50000000000000000,finite,731554210753388721/50000000000000000,finite,0,45,320,320,0,320
distributed_K8_C58,seed0_K8_C58,distributed,6,component:1:23,102|23,2,optimal,search_exhausted,True,84,8,25,932207681630733821/50000000000000000,932207681630733821/50000000000000000,finite,932207681630733821/50000000000000000,finite,0,1,8,8,0,8
distributed_K8_C58,seed0_K8_C58,distributed,7,component:3:115,103|115,2,optimal,search_exhausted,True,105,8,29,735546904230590603/50000000000000000,735546904230590603/50000000000000000,finite,735546904230590603/50000000000000000,finite,0,1101,8064,8064,0,8064
distributed_K8_C58,seed0_K8_C58,distributed,8,component:4:63,104|63,2,optimal,search_exhausted,True,78,8,27,1339762968792810717/100000000000000000,1339762968792810717/100000000000000000,finite,1339762968792810717/100000000000000000,finite,0,87,616,616,0,616
distributed_K8_C58,seed0_K8_C58,distributed,9,component:0:105,105|27,2,optimal,search_exhausted,True,93,8,21,2044191887374763051/100000000000000000,2044191887374763051/100000000000000000,finite,2044191887374763051/100000000000000000,finite,0,1,8,8,0,8
distributed_K8_C58,seed0_K8_C58,distributed,10,component:1:106,106|80,2,optimal,search_exhausted,True,102,8,44,408366564736439543/20000000000000000,408366564736439543/20000000000000000,finite,408366564736439543/20000000000000000,finite,0,1,8,8,0,8
distributed_K8_C58,seed0_K8_C58,distributed,11,component:0:15,107|15,2,optimal,search_exhausted,True,96,8,44,2933150409040738487/200000000000000000,2933150409040738487/200000000000000000,finite,2933150409040738487/200000000000000000,finite,0,259,1360,1360,0,1360
distributed_K8_C58,seed0_K8_C58,distributed,12,component:4:109,109|66,2,optimal,search_exhausted,True,87,8,39,307792484108962051/20000000000000000,307792484108962051/20000000000000000,finite,307792484108962051/20000000000000000,finite,0,35,224,224,0,224
distributed_K8_C58,seed0_K8_C58,distributed,13,component:5:11,11|8,2,optimal,search_exhausted,True,87,7,51,709385754118469683/50000000000000000,709385754118469683/50000000000000000,finite,709385754118469683/50000000000000000,finite,0,1,7,7,0,7
distributed_K8_C58,seed0_K8_C58,distributed,14,component:6:110,110|111,2,optimal,search_exhausted,True,87,8,16,1180483718904466539/100000000000000000,1180483718904466539/100000000000000000,finite,1180483718904466539/100000000000000000,finite,0,1,8,8,0,8
distributed_K8_C58,seed0_K8_C58,distributed,15,component:0:112,112|48,2,optimal,search_exhausted,True,66,8,25,452812402672023153/50000000000000000,452812402672023153/50000000000000000,finite,452812402672023153/50000000000000000,finite,0,361,2600,2600,0,2600
distributed_K8_C58,seed0_K8_C58,distributed,16,component:1:113,113|26,2,optimal,search_exhausted,True,123,8,50,219684287280103671/10000000000000000,219684287280103671/10000000000000000,finite,219684287280103671/10000000000000000,finite,0,1,8,8,0,8
distributed_K8_C58,seed0_K8_C58,distributed,17,component:2:114,114|29,2,optimal,search_exhausted,True,108,8,42,84030239719796073/6250000000000000,84030239719796073/6250000000000000,finite,84030239719796073/6250000000000000,finite,0,39,280,280,0,280
distributed_K8_C58,seed0_K8_C58,distributed,18,component:1:68,116|68,2,optimal,search_exhausted,True,72,8,15,185537008525313101/12500000000000000,185537008525313101/12500000000000000,finite,185537008525313101/12500000000000000,finite,0,1,8,8,0,8
distributed_K8_C58,seed0_K8_C58,distributed,19,component:2:4,12|4,2,optimal,search_exhausted,True,96,7,49,104020750344918359/5000000000000000,104020750344918359/5000000000000000,finite,104020750344918359/5000000000000000,finite,0,1,7,7,0,7
distributed_K8_C58,seed0_K8_C58,distributed,20,component:0:6,13|6,2,optimal,search_exhausted,True,93,8,48,207744203862216523/10000000000000000,207744203862216523/10000000000000000,finite,207744203862216523/10000000000000000,finite,0,1,8,8,0,8
distributed_K8_C58,seed0_K8_C58,distributed,21,component:1:60,14|60,2,optimal,search_exhausted,True,96,8,48,3563266941761400107/200000000000000000,3563266941761400107/200000000000000000,finite,3563266941761400107/200000000000000000,finite,0,1,8,8,0,8
distributed_K8_C58,seed0_K8_C58,distributed,22,component:1:16,16|20,2,optimal,search_exhausted,True,87,7,43,438967108226590531/25000000000000000,438967108226590531/25000000000000000,finite,438967108226590531/25000000000000000,finite,0,243,1225,1225,0,1225
distributed_K8_C58,seed0_K8_C58,distributed,23,component:2:17,17|58,2,optimal,search_exhausted,True,108,8,48,268985092823620499/12500000000000000,268985092823620499/12500000000000000,finite,268985092823620499/12500000000000000,finite,0,1,8,8,0,8
distributed_K8_C58,seed0_K8_C58,distributed,24,component:0:52,18|52,2,limited,condition_time_limit_pending_source_requests,True,111,8,53,1323009873167748457/100000000000000000,1323009873167748457/100000000000000000,finite,747291616068776383/50000000000000000,finite,171573358969804309/1323009873167748457,4197,30120,30114,0,30113
distributed_K8_C58,seed0_K8_C58,distributed,25,component:4:19,19|95,2,limited,condition_time_limit,False,105,8,39,,,negative_infinity,,positive_infinity,,0,0,0,0,0
distributed_K8_C58,seed0_K8_C58,distributed,26,component:2:47,2|47,2,limited,condition_time_limit,False,111,8,56,,,negative_infinity,,positive_infinity,,0,0,0,0,0
distributed_K8_C58,seed0_K8_C58,distributed,27,component:6:35,21|35,2,limited,condition_time_limit,False,105,8,63,,,negative_infinity,,positive_infinity,,0,0,0,0,0
distributed_K8_C58,seed0_K8_C58,distributed,28,component:0:22,22|56,2,limited,condition_time_limit,False,93,8,54,,,negative_infinity,,positive_infinity,,0,0,0,0,0
distributed_K8_C58,seed0_K8_C58,distributed,29,component:0:96,24|96,2,limited,condition_time_limit,False,96,8,35,,,negative_infinity,,positive_infinity,,0,0,0,0,0
distributed_K8_C58,seed0_K8_C58,distributed,30,component:1:75,25|75,2,limited,condition_time_limit,False,84,8,37,,,negative_infinity,,positive_infinity,,0,0,0,0,0
distributed_K8_C58,seed0_K8_C58,distributed,31,component:5:5,28|5,2,limited,condition_time_limit,False,102,7,47,,,negative_infinity,,positive_infinity,,0,0,0,0,0
distributed_K8_C58,seed0_K8_C58,distributed,32,component:0:3,3|65,2,limited,condition_time_limit,False,102,8,50,,,negative_infinity,,positive_infinity,,0,0,0,0,0
distributed_K8_C58,seed0_K8_C58,distributed,33,component:1:30,30|7,2,limited,condition_time_limit,False,114,8,54,,,negative_infinity,,positive_infinity,,0,0,0,0,0
distributed_K8_C58,seed0_K8_C58,distributed,34,component:2:31,31|49,2,limited,condition_time_limit,False,99,8,54,,,negative_infinity,,positive_infinity,,0,0,0,0,0
distributed_K8_C58,seed0_K8_C58,distributed,35,component:3:32,32|77,2,limited,condition_time_limit,False,96,8,45,,,negative_infinity,,positive_infinity,,0,0,0,0,0
distributed_K8_C58,seed0_K8_C58,distributed,36,component:1:46,33|46,2,limited,condition_time_limit,False,75,8,40,,,negative_infinity,,positive_infinity,,0,0,0,0,0
distributed_K8_C58,seed0_K8_C58,distributed,37,component:2:61,34|61,2,limited,condition_time_limit,False,96,8,46,,,negative_infinity,,positive_infinity,,0,0,0,0,0
distributed_K8_C58,seed0_K8_C58,distributed,38,component:2:98,36|98,2,limited,condition_time_limit,False,96,8,33,,,negative_infinity,,positive_infinity,,0,0,0,0,0
distributed_K8_C58,seed0_K8_C58,distributed,39,component:0:37,37|62,2,limited,condition_time_limit,False,96,8,41,,,negative_infinity,,positive_infinity,,0,0,0,0,0
distributed_K8_C58,seed0_K8_C58,distributed,40,component:1:39,39|92,2,limited,condition_time_limit,False,96,7,25,,,negative_infinity,,positive_infinity,,0,0,0,0,0
distributed_K8_C58,seed0_K8_C58,distributed,41,component:3:40,40|85,2,limited,condition_time_limit,False,90,8,42,,,negative_infinity,,positive_infinity,,0,0,0,0,0
distributed_K8_C58,seed0_K8_C58,distributed,42,component:4:41,41|70,2,limited,condition_time_limit,False,99,8,57,,,negative_infinity,,positive_infinity,,0,0,0,0,0
distributed_K8_C58,seed0_K8_C58,distributed,43,component:1:82,42|82,2,limited,condition_time_limit,False,114,8,57,,,negative_infinity,,positive_infinity,,0,0,0,0,0
distributed_K8_C58,seed0_K8_C58,distributed,44,component:7:44,44|88,2,limited,condition_time_limit,False,87,7,20,,,negative_infinity,,positive_infinity,,0,0,0,0,0
distributed_K8_C58,seed0_K8_C58,distributed,45,component:0:45,45|89,2,limited,condition_time_limit,False,78,8,36,,,negative_infinity,,positive_infinity,,0,0,0,0,0
distributed_K8_C58,seed0_K8_C58,distributed,46,component:1:53,50|53,2,limited,condition_time_limit,False,87,8,42,,,negative_infinity,,positive_infinity,,0,0,0,0,0
distributed_K8_C58,seed0_K8_C58,distributed,47,component:5:71,51|71,2,limited,condition_time_limit,False,102,8,55,,,negative_infinity,,positive_infinity,,0,0,0,0,0
distributed_K8_C58,seed0_K8_C58,distributed,48,component:2:54,54|94,2,limited,condition_time_limit,False,120,8,37,,,negative_infinity,,positive_infinity,,0,0,0,0,0
distributed_K8_C58,seed0_K8_C58,distributed,49,component:3:55,55|72,2,limited,condition_time_limit,False,90,8,49,,,negative_infinity,,positive_infinity,,0,0,0,0,0
distributed_K8_C58,seed0_K8_C58,distributed,50,component:2:90,57|90,2,limited,condition_time_limit,False,90,8,33,,,negative_infinity,,positive_infinity,,0,0,0,0,0
distributed_K8_C58,seed0_K8_C58,distributed,51,component:7:59,59|73,2,limited,condition_time_limit,False,66,8,33,,,negative_infinity,,positive_infinity,,0,0,0,0,0
distributed_K8_C58,seed0_K8_C58,distributed,52,component:2:76,64|76,2,limited,condition_time_limit,False,108,8,41,,,negative_infinity,,positive_infinity,,0,0,0,0,0
distributed_K8_C58,seed0_K8_C58,distributed,53,component:2:69,69|83,2,limited,condition_time_limit,False,96,7,45,,,negative_infinity,,positive_infinity,,0,0,0,0,0
distributed_K8_C58,seed0_K8_C58,distributed,54,component:0:74,74|87,2,limited,condition_time_limit,False,75,8,32,,,negative_infinity,,positive_infinity,,0,0,0,0,0
distributed_K8_C58,seed0_K8_C58,distributed,55,component:3:99,78|99,2,limited,condition_time_limit,False,87,8,33,,,negative_infinity,,positive_infinity,,0,0,0,0,0
distributed_K8_C58,seed0_K8_C58,distributed,56,component:5:79,79|93,2,limited,condition_time_limit,False,111,8,39,,,negative_infinity,,positive_infinity,,0,0,0,0,0
distributed_K8_C58,seed0_K8_C58,distributed,57,component:0:81,81|84,2,limited,condition_time_limit,False,84,8,47,,,negative_infinity,,positive_infinity,,0,0,0,0,0
distributed_K8_C58,seed0_K8_C58,distributed,58,component:1:9,86|9,2,limited,condition_time_limit,False,108,8,53,,,negative_infinity,,positive_infinity,,0,0,0,0,0
central_C29,seed0_K1_C29,central,1,component:0:0,0|51|71|91,4,optimal,exact_bound_equality,True,270,1,0,5528885516073606901/100000000000000000,5528885516073606901/100000000000000000,finite,5528885516073606901/100000000000000000,finite,0,0,0,0,1,1
central_C29,seed0_K1_C29,central,2,component:0:1,1|104|108|63,4,optimal,exact_bound_equality,True,165,1,0,79210221518638083/3125000000000000,79210221518638083/3125000000000000,finite,79210221518638083/3125000000000000,finite,0,0,0,0,1,1
central_C29,seed0_K1_C29,central,3,component:0:10,10|2|43|47,4,optimal,exact_bound_equality,True,231,1,0,4965188207299134359/100000000000000000,4965188207299134359/100000000000000000,finite,4965188207299134359/100000000000000000,finite,0,0,0,0,1,1
central_C29,seed0_K1_C29,central,4,component:0:100,100|86|9|97,4,optimal,exact_bound_equality,True,195,1,0,166453750708207106507/5000000000000000000,166453750708207106507/5000000000000000000,finite,166453750708207106507/5000000000000000000,finite,0,0,0,0,1,1
central_C29,seed0_K1_C29,central,5,component:0:101,101|67|69|83,4,optimal,exact_bound_equality,True,165,1,0,356482312305552749/10000000000000000,356482312305552749/10000000000000000,finite,356482312305552749/10000000000000000,finite,0,0,0,0,1,1
central_C29,seed0_K1_C29,central,6,component:0:102,102|23|50|53,4,optimal,exact_bound_equality,True,171,1,0,740957902136822617/20000000000000000,740957902136822617/20000000000000000,finite,740957902136822617/20000000000000000,finite,0,0,0,0,1,1
central_C29,seed0_K1_C29,central,7,component:0:103,103|115|25|75,4,optimal,exact_bound_equality,True,189,1,0,3240811822103987663/100000000000000000,3240811822103987663/100000000000000000,finite,3240811822103987663/100000000000000000,finite,0,0,0,0,1,1
central_C29,seed0_K1_C29,central,8,component:0:105,105|27|57|90,4,optimal,exact_bound_equality,True,183,1,0,913011263365397271/25000000000000000,913011263365397271/25000000000000000,finite,913011263365397271/25000000000000000,finite,0,0,0,0,1,1
central_C29,seed0_K1_C29,central,9,component:0:106,106|31|49|80,4,optimal,exact_bound_equality,True,201,1,0,3776407090065526861/100000000000000000,3776407090065526861/100000000000000000,finite,3776407090065526861/100000000000000000,finite,0,0,0,0,1,1
central_C29,seed0_K1_C29,central,10,component:0:107,107|15|74|87,4,optimal,exact_bound_equality,True,171,1,0,5464014529201786679/200000000000000000,5464014529201786679/200000000000000000,finite,5464014529201786679/200000000000000000,finite,0,0,0,0,1,1
central_C29,seed0_K1_C29,central,11,component:0:109,109|22|56|66,4,optimal,exact_bound_equality,True,180,1,0,18108208826067126841/500000000000000000,18108208826067126841/500000000000000000,finite,18108208826067126841/500000000000000000,finite,0,0,0,0,1,1
central_C29,seed0_K1_C29,central,12,component:0:11,11|36|8|98,4,optimal,exact_bound_equality,True,183,1,0,661333268320358661/20000000000000000,661333268320358661/20000000000000000,finite,661333268320358661/20000000000000000,finite,0,0,0,0,1,1
central_C29,seed0_K1_C29,central,13,component:0:110,110|111|55|72,4,optimal,exact_bound_equality,True,177,1,0,8090297322010904861/250000000000000000,8090297322010904861/250000000000000000,finite,8090297322010904861/250000000000000000,finite,0,0,0,0,1,1
central_C29,seed0_K1_C29,central,14,component:0:112,112|14|48|60,4,optimal,exact_bound_equality,True,162,1,0,5374516552449492719/200000000000000000,5374516552449492719/200000000000000000,finite,5374516552449492719/200000000000000000,finite,0,0,0,0,1,1
central_C29,seed0_K1_C29,central,15,component:0:113,113|26|81|84,4,optimal,exact_bound_equality,True,207,1,0,3744607225869096213/100000000000000000,3744607225869096213/100000000000000000,finite,3744607225869096213/100000000000000000,finite,0,0,0,0,1,1
central_C29,seed0_K1_C29,central,16,component:0:114,114|29|64|76,4,optimal,exact_bound_equality,True,216,1,0,1593494328545655183/50000000000000000,1593494328545655183/50000000000000000,finite,1593494328545655183/50000000000000000,finite,0,0,0,0,1,1
central_C29,seed0_K1_C29,central,17,component:0:116,116|21|35|68,4,optimal,exact_bound_equality,True,177,1,0,1861132954857651797/50000000000000000,1861132954857651797/50000000000000000,finite,1861132954857651797/50000000000000000,finite,0,0,0,0,1,1
central_C29,seed0_K1_C29,central,18,component:0:12,12|30|4|7,4,optimal,exact_bound_equality,True,210,1,0,4288437286217775741/100000000000000000,4288437286217775741/100000000000000000,finite,4288437286217775741/100000000000000000,finite,0,0,0,0,1,1
central_C29,seed0_K1_C29,central,19,component:0:13,13|33|46|6,4,optimal,exact_bound_equality,True,168,1,0,17207060031542269061/500000000000000000,17207060031542269061/500000000000000000,finite,17207060031542269061/500000000000000000,finite,0,0,0,0,1,1
central_C29,seed0_K1_C29,central,20,component:0:16,16|20|78|99,4,optimal,exact_bound_equality,True,174,1,0,3124588270267151349/100000000000000000,3124588270267151349/100000000000000000,finite,3124588270267151349/100000000000000000,finite,0,0,0,0,1,1
central_C29,seed0_K1_C29,central,21,component:0:17,17|3|58|65,4,optimal,exact_bound_equality,True,210,1,0,2134170958991105709/50000000000000000,2134170958991105709/50000000000000000,finite,2134170958991105709/50000000000000000,finite,0,0,0,0,1,1
central_C29,seed0_K1_C29,central,22,component:0:18,18|34|52|61,4,optimal,exact_bound_equality,True,207,1,0,3922062026303657941/100000000000000000,3922062026303657941/100000000000000000,finite,3922062026303657941/100000000000000000,finite,0,0,0,0,1,1
central_C29,seed0_K1_C29,central,23,component:0:19,19|24|95|96,4,optimal,exact_bound_equality,True,201,1,0,748200422421203401/20000000000000000,748200422421203401/20000000000000000,finite,748200422421203401/20000000000000000,finite,0,0,0,0,1,1
central_C29,seed0_K1_C29,central,24,component:0:28,28|40|5|85,4,optimal,exact_bound_equality,True,192,1,0,4255782702501727833/100000000000000000,4255782702501727833/100000000000000000,finite,4255782702501727833/100000000000000000,finite,0,0,0,0,1,1
central_C29,seed0_K1_C29,central,25,component:0:32,32|41|70|77,4,optimal,exact_bound_equality,True,195,1,0,3534550405633001617/100000000000000000,3534550405633001617/100000000000000000,finite,3534550405633001617/100000000000000000,finite,0,0,0,0,1,1
central_C29,seed0_K1_C29,central,26,component:0:37,37|62|79|93,4,optimal,exact_bound_equality,True,207,1,0,3856704384095521643/100000000000000000,3856704384095521643/100000000000000000,finite,3856704384095521643/100000000000000000,finite,0,0,0,0,1,1
central_C29,seed0_K1_C29,central,27,component:0:39,39|42|82|92,4,optimal,exact_bound_equality,True,210,1,0,4124258687079053407/100000000000000000,4124258687079053407/100000000000000000,finite,4124258687079053407/100000000000000000,finite,0,0,0,0,1,1
central_C29,seed0_K1_C29,central,28,component:0:44,44|59|73|88,4,optimal,exact_bound_equality,True,153,1,0,3153013405465449233/100000000000000000,3153013405465449233/100000000000000000,finite,3153013405465449233/100000000000000000,finite,0,0,0,0,1,1
central_C29,seed0_K1_C29,central,29,component:0:45,45|54|89|94,4,optimal,exact_bound_equality,True,198,1,0,1994646480349744579/50000000000000000,1994646480349744579/50000000000000000,finite,1994646480349744579/50000000000000000,finite,0,0,0,0,1,1
distributed_K1_C29,seed0_K1_C29,distributed,1,component:0:0,0|51|71|91,4,optimal,search_exhausted,True,270,1,0,5528885516073606901/100000000000000000,5528885516073606901/100000000000000000,finite,5528885516073606901/100000000000000000,finite,0,1,1,1,0,1
distributed_K1_C29,seed0_K1_C29,distributed,2,component:0:1,1|104|108|63,4,optimal,search_exhausted,True,165,1,0,79210221518638083/3125000000000000,79210221518638083/3125000000000000,finite,79210221518638083/3125000000000000,finite,0,1,1,1,0,1
distributed_K1_C29,seed0_K1_C29,distributed,3,component:0:10,10|2|43|47,4,optimal,search_exhausted,True,231,1,0,4965188207299134359/100000000000000000,4965188207299134359/100000000000000000,finite,4965188207299134359/100000000000000000,finite,0,1,1,1,0,1
distributed_K1_C29,seed0_K1_C29,distributed,4,component:0:100,100|86|9|97,4,optimal,search_exhausted,True,195,1,0,166453750708207106507/5000000000000000000,166453750708207106507/5000000000000000000,finite,166453750708207106507/5000000000000000000,finite,0,1,1,1,0,1
distributed_K1_C29,seed0_K1_C29,distributed,5,component:0:101,101|67|69|83,4,optimal,search_exhausted,True,165,1,0,356482312305552749/10000000000000000,356482312305552749/10000000000000000,finite,356482312305552749/10000000000000000,finite,0,1,1,1,0,1
distributed_K1_C29,seed0_K1_C29,distributed,6,component:0:102,102|23|50|53,4,optimal,search_exhausted,True,171,1,0,740957902136822617/20000000000000000,740957902136822617/20000000000000000,finite,740957902136822617/20000000000000000,finite,0,1,1,1,0,1
distributed_K1_C29,seed0_K1_C29,distributed,7,component:0:103,103|115|25|75,4,optimal,search_exhausted,True,189,1,0,3240811822103987663/100000000000000000,3240811822103987663/100000000000000000,finite,3240811822103987663/100000000000000000,finite,0,1,1,1,0,1
distributed_K1_C29,seed0_K1_C29,distributed,8,component:0:105,105|27|57|90,4,optimal,search_exhausted,True,183,1,0,913011263365397271/25000000000000000,913011263365397271/25000000000000000,finite,913011263365397271/25000000000000000,finite,0,1,1,1,0,1
distributed_K1_C29,seed0_K1_C29,distributed,9,component:0:106,106|31|49|80,4,optimal,search_exhausted,True,201,1,0,3776407090065526861/100000000000000000,3776407090065526861/100000000000000000,finite,3776407090065526861/100000000000000000,finite,0,1,1,1,0,1
distributed_K1_C29,seed0_K1_C29,distributed,10,component:0:107,107|15|74|87,4,optimal,search_exhausted,True,171,1,0,5464014529201786679/200000000000000000,5464014529201786679/200000000000000000,finite,5464014529201786679/200000000000000000,finite,0,1,1,1,0,1
distributed_K1_C29,seed0_K1_C29,distributed,11,component:0:109,109|22|56|66,4,optimal,search_exhausted,True,180,1,0,18108208826067126841/500000000000000000,18108208826067126841/500000000000000000,finite,18108208826067126841/500000000000000000,finite,0,1,1,1,0,1
distributed_K1_C29,seed0_K1_C29,distributed,12,component:0:11,11|36|8|98,4,optimal,search_exhausted,True,183,1,0,661333268320358661/20000000000000000,661333268320358661/20000000000000000,finite,661333268320358661/20000000000000000,finite,0,1,1,1,0,1
distributed_K1_C29,seed0_K1_C29,distributed,13,component:0:110,110|111|55|72,4,optimal,search_exhausted,True,177,1,0,8090297322010904861/250000000000000000,8090297322010904861/250000000000000000,finite,8090297322010904861/250000000000000000,finite,0,1,1,1,0,1
distributed_K1_C29,seed0_K1_C29,distributed,14,component:0:112,112|14|48|60,4,optimal,search_exhausted,True,162,1,0,5374516552449492719/200000000000000000,5374516552449492719/200000000000000000,finite,5374516552449492719/200000000000000000,finite,0,1,1,1,0,1
distributed_K1_C29,seed0_K1_C29,distributed,15,component:0:113,113|26|81|84,4,optimal,search_exhausted,True,207,1,0,3744607225869096213/100000000000000000,3744607225869096213/100000000000000000,finite,3744607225869096213/100000000000000000,finite,0,1,1,1,0,1
distributed_K1_C29,seed0_K1_C29,distributed,16,component:0:114,114|29|64|76,4,optimal,search_exhausted,True,216,1,0,1593494328545655183/50000000000000000,1593494328545655183/50000000000000000,finite,1593494328545655183/50000000000000000,finite,0,1,1,1,0,1
distributed_K1_C29,seed0_K1_C29,distributed,17,component:0:116,116|21|35|68,4,optimal,search_exhausted,True,177,1,0,1861132954857651797/50000000000000000,1861132954857651797/50000000000000000,finite,1861132954857651797/50000000000000000,finite,0,1,1,1,0,1
distributed_K1_C29,seed0_K1_C29,distributed,18,component:0:12,12|30|4|7,4,optimal,search_exhausted,True,210,1,0,4288437286217775741/100000000000000000,4288437286217775741/100000000000000000,finite,4288437286217775741/100000000000000000,finite,0,1,1,1,0,1
distributed_K1_C29,seed0_K1_C29,distributed,19,component:0:13,13|33|46|6,4,optimal,search_exhausted,True,168,1,0,17207060031542269061/500000000000000000,17207060031542269061/500000000000000000,finite,17207060031542269061/500000000000000000,finite,0,1,1,1,0,1
distributed_K1_C29,seed0_K1_C29,distributed,20,component:0:16,16|20|78|99,4,optimal,search_exhausted,True,174,1,0,3124588270267151349/100000000000000000,3124588270267151349/100000000000000000,finite,3124588270267151349/100000000000000000,finite,0,1,1,1,0,1
distributed_K1_C29,seed0_K1_C29,distributed,21,component:0:17,17|3|58|65,4,optimal,search_exhausted,True,210,1,0,2134170958991105709/50000000000000000,2134170958991105709/50000000000000000,finite,2134170958991105709/50000000000000000,finite,0,1,1,1,0,1
distributed_K1_C29,seed0_K1_C29,distributed,22,component:0:18,18|34|52|61,4,optimal,search_exhausted,True,207,1,0,3922062026303657941/100000000000000000,3922062026303657941/100000000000000000,finite,3922062026303657941/100000000000000000,finite,0,1,1,1,0,1
distributed_K1_C29,seed0_K1_C29,distributed,23,component:0:19,19|24|95|96,4,optimal,search_exhausted,True,201,1,0,748200422421203401/20000000000000000,748200422421203401/20000000000000000,finite,748200422421203401/20000000000000000,finite,0,1,1,1,0,1
distributed_K1_C29,seed0_K1_C29,distributed,24,component:0:28,28|40|5|85,4,optimal,search_exhausted,True,192,1,0,4255782702501727833/100000000000000000,4255782702501727833/100000000000000000,finite,4255782702501727833/100000000000000000,finite,0,1,1,1,0,1
distributed_K1_C29,seed0_K1_C29,distributed,25,component:0:32,32|41|70|77,4,optimal,search_exhausted,True,195,1,0,3534550405633001617/100000000000000000,3534550405633001617/100000000000000000,finite,3534550405633001617/100000000000000000,finite,0,1,1,1,0,1
distributed_K1_C29,seed0_K1_C29,distributed,26,component:0:37,37|62|79|93,4,optimal,search_exhausted,True,207,1,0,3856704384095521643/100000000000000000,3856704384095521643/100000000000000000,finite,3856704384095521643/100000000000000000,finite,0,1,1,1,0,1
distributed_K1_C29,seed0_K1_C29,distributed,27,component:0:39,39|42|82|92,4,optimal,search_exhausted,True,210,1,0,4124258687079053407/100000000000000000,4124258687079053407/100000000000000000,finite,4124258687079053407/100000000000000000,finite,0,1,1,1,0,1
distributed_K1_C29,seed0_K1_C29,distributed,28,component:0:44,44|59|73|88,4,optimal,search_exhausted,True,153,1,0,3153013405465449233/100000000000000000,3153013405465449233/100000000000000000,finite,3153013405465449233/100000000000000000,finite,0,1,1,1,0,1
distributed_K1_C29,seed0_K1_C29,distributed,29,component:0:45,45|54|89|94,4,optimal,search_exhausted,True,198,1,0,1994646480349744579/50000000000000000,1994646480349744579/50000000000000000,finite,1994646480349744579/50000000000000000,finite,0,1,1,1,0,1
distributed_K2_C29,seed0_K2_C29,distributed,1,component:0:0,0|51|71|91,4,optimal,search_exhausted,True,270,2,115,5528885516073606901/100000000000000000,5528885516073606901/100000000000000000,finite,5528885516073606901/100000000000000000,finite,0,1,2,2,0,2
distributed_K2_C29,seed0_K2_C29,distributed,2,component:0:1,1|104|108|63,4,optimal,search_exhausted,True,165,2,47,79210221518638083/3125000000000000,79210221518638083/3125000000000000,finite,79210221518638083/3125000000000000,finite,0,2515,4402,4402,0,4402
distributed_K2_C29,seed0_K2_C29,distributed,3,component:0:10,10|2|43|47,4,limited,local_solve_without_exact_certificate,True,231,2,109,4236096891526917852353/100000000000000000000,4236096891526917852353/100000000000000000000,finite,4975815108370653017/100000000000000000,finite,739718216843735164647/4236096891526917852353,1338,2484,2484,0,2484
distributed_K2_C29,seed0_K2_C29,distributed,4,component:0:100,100|86|9|97,4,limited,condition_time_limit,False,195,2,61,,,negative_infinity,,positive_infinity,,0,0,0,0,0
distributed_K2_C29,seed0_K2_C29,distributed,5,component:0:67,101|67|69|83,4,limited,condition_time_limit,False,165,2,67,,,negative_infinity,,positive_infinity,,0,0,0,0,0
distributed_K2_C29,seed0_K2_C29,distributed,6,component:0:23,102|23|50|53,4,limited,condition_time_limit,False,171,2,67,,,negative_infinity,,positive_infinity,,0,0,0,0,0
distributed_K2_C29,seed0_K2_C29,distributed,7,component:0:115,103|115|25|75,4,limited,condition_time_limit,False,189,2,66,,,negative_infinity,,positive_infinity,,0,0,0,0,0
distributed_K2_C29,seed0_K2_C29,distributed,8,component:0:105,105|27|57|90,4,limited,condition_time_limit,False,183,2,54,,,negative_infinity,,positive_infinity,,0,0,0,0,0
distributed_K2_C29,seed0_K2_C29,distributed,9,component:0:106,106|31|49|80,4,limited,condition_time_limit,False,201,2,98,,,negative_infinity,,positive_infinity,,0,0,0,0,0
distributed_K2_C29,seed0_K2_C29,distributed,10,component:0:107,107|15|74|87,4,limited,condition_time_limit,False,171,2,76,,,negative_infinity,,positive_infinity,,0,0,0,0,0
distributed_K2_C29,seed0_K2_C29,distributed,11,component:0:22,109|22|56|66,4,limited,condition_time_limit,False,180,2,92,,,negative_infinity,,positive_infinity,,0,0,0,0,0
distributed_K2_C29,seed0_K2_C29,distributed,12,component:0:98,11|36|8|98,4,limited,condition_time_limit,False,183,2,84,,,negative_infinity,,positive_infinity,,0,0,0,0,0
distributed_K2_C29,seed0_K2_C29,distributed,13,component:0:55,110|111|55|72,4,limited,condition_time_limit,False,177,2,65,,,negative_infinity,,positive_infinity,,0,0,0,0,0
distributed_K2_C29,seed0_K2_C29,distributed,14,component:0:112,112|14|48|60,4,limited,condition_time_limit,False,162,2,72,,,negative_infinity,,positive_infinity,,0,0,0,0,0
distributed_K2_C29,seed0_K2_C29,distributed,15,component:0:113,113|26|81|84,4,limited,condition_time_limit,False,207,2,96,,,negative_infinity,,positive_infinity,,0,0,0,0,0
distributed_K2_C29,seed0_K2_C29,distributed,16,component:0:114,114|29|64|76,4,limited,condition_time_limit,False,216,2,83,,,negative_infinity,,positive_infinity,,0,0,0,0,0
distributed_K2_C29,seed0_K2_C29,distributed,17,component:0:68,116|21|35|68,4,limited,condition_time_limit,False,177,2,76,,,negative_infinity,,positive_infinity,,0,0,0,0,0
distributed_K2_C29,seed0_K2_C29,distributed,18,component:0:30,12|30|4|7,4,limited,condition_time_limit,False,210,2,102,,,negative_infinity,,positive_infinity,,0,0,0,0,0
distributed_K2_C29,seed0_K2_C29,distributed,19,component:0:46,13|33|46|6,4,limited,condition_time_limit,False,168,2,88,,,negative_infinity,,positive_infinity,,0,0,0,0,0
distributed_K2_C29,seed0_K2_C29,distributed,20,component:0:16,16|20|78|99,4,limited,condition_time_limit,False,174,2,76,,,negative_infinity,,positive_infinity,,0,0,0,0,0
distributed_K2_C29,seed0_K2_C29,distributed,21,component:0:17,17|3|58|65,4,limited,condition_time_limit,False,210,2,97,,,negative_infinity,,positive_infinity,,0,0,0,0,0
distributed_K2_C29,seed0_K2_C29,distributed,22,component:0:18,18|34|52|61,4,limited,condition_time_limit,False,207,2,99,,,negative_infinity,,positive_infinity,,0,0,0,0,0
distributed_K2_C29,seed0_K2_C29,distributed,23,component:0:24,19|24|95|96,4,limited,condition_time_limit,False,201,2,74,,,negative_infinity,,positive_infinity,,0,0,0,0,0
distributed_K2_C29,seed0_K2_C29,distributed,24,component:0:40,28|40|5|85,4,limited,condition_time_limit,False,192,2,89,,,negative_infinity,,positive_infinity,,0,0,0,0,0
distributed_K2_C29,seed0_K2_C29,distributed,25,component:0:32,32|41|70|77,4,limited,condition_time_limit,False,195,2,102,,,negative_infinity,,positive_infinity,,0,0,0,0,0
distributed_K2_C29,seed0_K2_C29,distributed,26,component:0:37,37|62|79|93,4,limited,condition_time_limit,False,207,2,77,,,negative_infinity,,positive_infinity,,0,0,0,0,0
distributed_K2_C29,seed0_K2_C29,distributed,27,component:0:39,39|42|82|92,4,limited,condition_time_limit,False,210,2,79,,,negative_infinity,,positive_infinity,,0,0,0,0,0
distributed_K2_C29,seed0_K2_C29,distributed,28,component:1:44,44|59|73|88,4,limited,condition_time_limit,False,153,2,52,,,negative_infinity,,positive_infinity,,0,0,0,0,0
distributed_K2_C29,seed0_K2_C29,distributed,29,component:0:45,45|54|89|94,4,limited,condition_time_limit,False,198,2,68,,,negative_infinity,,positive_infinity,,0,0,0,0,0
distributed_K4_C29,seed0_K4_C29,distributed,1,component:0:0,0|51|71|91,4,optimal,search_exhausted,True,270,4,115,5528885516073606901/100000000000000000,5528885516073606901/100000000000000000,finite,5528885516073606901/100000000000000000,finite,0,1,4,4,0,4
distributed_K4_C29,seed0_K4_C29,distributed,2,component:0:1,1|104|108|63,4,optimal,search_exhausted,True,165,4,51,79210221518638083/3125000000000000,79210221518638083/3125000000000000,finite,79210221518638083/3125000000000000,finite,0,3169,11188,11188,0,11188
distributed_K4_C29,seed0_K4_C29,distributed,3,component:1:10,10|2|43|47,4,limited,condition_time_limit_pending_source_requests,True,231,4,109,4260349241770824065353/100000000000000000000,4260349241770824065353/100000000000000000000,finite,4975815108370653017/100000000000000000,finite,715465866599828951647/4260349241770824065353,1387,5152,5149,0,5149
distributed_K4_C29,seed0_K4_C29,distributed,4,component:0:9,100|86|9|97,4,limited,condition_time_limit,False,195,4,62,,,negative_infinity,,positive_infinity,,0,0,0,0,0
distributed_K4_C29,seed0_K4_C29,distributed,5,component:0:67,101|67|69|83,4,limited,condition_time_limit,False,165,4,71,,,negative_infinity,,positive_infinity,,0,0,0,0,0
distributed_K4_C29,seed0_K4_C29,distributed,6,component:0:23,102|23|50|53,4,limited,condition_time_limit,False,171,4,67,,,negative_infinity,,positive_infinity,,0,0,0,0,0
distributed_K4_C29,seed0_K4_C29,distributed,7,component:0:75,103|115|25|75,4,limited,condition_time_limit,False,189,4,66,,,negative_infinity,,positive_infinity,,0,0,0,0,0
distributed_K4_C29,seed0_K4_C29,distributed,8,component:0:105,105|27|57|90,4,limited,condition_time_limit,False,183,4,54,,,negative_infinity,,positive_infinity,,0,0,0,0,0
distributed_K4_C29,seed0_K4_C29,distributed,9,component:0:106,106|31|49|80,4,limited,condition_time_limit,False,201,4,98,,,negative_infinity,,positive_infinity,,0,0,0,0,0
distributed_K4_C29,seed0_K4_C29,distributed,10,component:0:15,107|15|74|87,4,limited,condition_time_limit,False,171,4,76,,,negative_infinity,,positive_infinity,,0,0,0,0,0
distributed_K4_C29,seed0_K4_C29,distributed,11,component:0:22,109|22|56|66,4,limited,condition_time_limit,False,180,4,92,,,negative_infinity,,positive_infinity,,0,0,0,0,0
distributed_K4_C29,seed0_K4_C29,distributed,12,component:1:98,11|36|8|98,4,limited,condition_time_limit,False,183,4,84,,,negative_infinity,,positive_infinity,,0,0,0,0,0
distributed_K4_C29,seed0_K4_C29,distributed,13,component:1:55,110|111|55|72,4,limited,condition_time_limit,False,177,4,65,,,negative_infinity,,positive_infinity,,0,0,0,0,0
distributed_K4_C29,seed0_K4_C29,distributed,14,component:0:112,112|14|48|60,4,limited,condition_time_limit,False,162,4,73,,,negative_infinity,,positive_infinity,,0,0,0,0,0
distributed_K4_C29,seed0_K4_C29,distributed,15,component:0:113,113|26|81|84,4,limited,condition_time_limit,False,207,4,97,,,negative_infinity,,positive_infinity,,0,0,0,0,0
distributed_K4_C29,seed0_K4_C29,distributed,16,component:1:114,114|29|64|76,4,limited,condition_time_limit,False,216,4,83,,,negative_infinity,,positive_infinity,,0,0,0,0,0
distributed_K4_C29,seed0_K4_C29,distributed,17,component:0:68,116|21|35|68,4,limited,condition_time_limit,False,177,4,78,,,negative_infinity,,positive_infinity,,0,0,0,0,0
distributed_K4_C29,seed0_K4_C29,distributed,18,component:0:30,12|30|4|7,4,limited,condition_time_limit,False,210,4,103,,,negative_infinity,,positive_infinity,,0,0,0,0,0
distributed_K4_C29,seed0_K4_C29,distributed,19,component:0:46,13|33|46|6,4,limited,condition_time_limit,False,168,4,88,,,negative_infinity,,positive_infinity,,0,0,0,0,0
distributed_K4_C29,seed0_K4_C29,distributed,20,component:0:16,16|20|78|99,4,limited,condition_time_limit,False,174,4,76,,,negative_infinity,,positive_infinity,,0,0,0,0,0
distributed_K4_C29,seed0_K4_C29,distributed,21,component:0:3,17|3|58|65,4,limited,condition_time_limit,False,210,4,98,,,negative_infinity,,positive_infinity,,0,0,0,0,0
distributed_K4_C29,seed0_K4_C29,distributed,22,component:0:52,18|34|52|61,4,limited,condition_time_limit,False,207,4,99,,,negative_infinity,,positive_infinity,,0,0,0,0,0
distributed_K4_C29,seed0_K4_C29,distributed,23,component:0:96,19|24|95|96,4,limited,condition_time_limit,False,201,4,74,,,negative_infinity,,positive_infinity,,0,0,0,0,0
distributed_K4_C29,seed0_K4_C29,distributed,24,component:1:40,28|40|5|85,4,limited,condition_time_limit,False,192,4,89,,,negative_infinity,,positive_infinity,,0,0,0,0,0
distributed_K4_C29,seed0_K4_C29,distributed,25,component:1:32,32|41|70|77,4,limited,condition_time_limit,False,195,4,102,,,negative_infinity,,positive_infinity,,0,0,0,0,0
distributed_K4_C29,seed0_K4_C29,distributed,26,component:0:37,37|62|79|93,4,limited,condition_time_limit,False,207,4,80,,,negative_infinity,,positive_infinity,,0,0,0,0,0
distributed_K4_C29,seed0_K4_C29,distributed,27,component:0:39,39|42|82|92,4,limited,condition_time_limit,False,210,4,80,,,negative_infinity,,positive_infinity,,0,0,0,0,0
distributed_K4_C29,seed0_K4_C29,distributed,28,component:3:44,44|59|73|88,4,limited,condition_time_limit,False,153,4,52,,,negative_infinity,,positive_infinity,,0,0,0,0,0
distributed_K4_C29,seed0_K4_C29,distributed,29,component:0:45,45|54|89|94,4,limited,condition_time_limit,False,198,4,68,,,negative_infinity,,positive_infinity,,0,0,0,0,0
distributed_K8_C29,seed0_K8_C29,distributed,1,component:0:0,0|51|71|91,4,optimal,search_exhausted,True,270,8,115,5528885516073606901/100000000000000000,5528885516073606901/100000000000000000,finite,5528885516073606901/100000000000000000,finite,0,1,8,8,0,8
distributed_K8_C29,seed0_K8_C29,distributed,2,component:1:1,1|104|108|63,4,optimal,search_exhausted,True,165,8,51,79210221518638083/3125000000000000,79210221518638083/3125000000000000,finite,79210221518638083/3125000000000000,finite,0,3169,22376,22376,0,22376
distributed_K8_C29,seed0_K8_C29,distributed,3,component:2:10,10|2|43|47,4,limited,condition_time_limit_pending_source_requests,True,231,8,109,4361643184444394269353/100000000000000000000,4361643184444394269353/100000000000000000000,finite,4975815108370653017/100000000000000000,finite,614171923926258747647/4361643184444394269353,1884,14112,14105,0,14104
distributed_K8_C29,seed0_K8_C29,distributed,4,component:1:9,100|86|9|97,4,limited,condition_time_limit,False,195,8,62,,,negative_infinity,,positive_infinity,,0,0,0,0,0
distributed_K8_C29,seed0_K8_C29,distributed,5,component:0:67,101|67|69|83,4,limited,condition_time_limit,False,165,8,71,,,negative_infinity,,positive_infinity,,0,0,0,0,0
distributed_K8_C29,seed0_K8_C29,distributed,6,component:1:23,102|23|50|53,4,limited,condition_time_limit,False,171,8,67,,,negative_infinity,,positive_infinity,,0,0,0,0,0
distributed_K8_C29,seed0_K8_C29,distributed,7,component:1:75,103|115|25|75,4,limited,condition_time_limit,False,189,8,66,,,negative_infinity,,positive_infinity,,0,0,0,0,0
distributed_K8_C29,seed0_K8_C29,distributed,8,component:0:105,105|27|57|90,4,limited,condition_time_limit,False,183,8,54,,,negative_infinity,,positive_infinity,,0,0,0,0,0
distributed_K8_C29,seed0_K8_C29,distributed,9,component:1:106,106|31|49|80,4,limited,condition_time_limit,False,201,8,98,,,negative_infinity,,positive_infinity,,0,0,0,0,0
distributed_K8_C29,seed0_K8_C29,distributed,10,component:0:15,107|15|74|87,4,limited,condition_time_limit,False,171,8,76,,,negative_infinity,,positive_infinity,,0,0,0,0,0
distributed_K8_C29,seed0_K8_C29,distributed,11,component:0:22,109|22|56|66,4,limited,condition_time_limit,False,180,8,93,,,negative_infinity,,positive_infinity,,0,0,0,0,0
distributed_K8_C29,seed0_K8_C29,distributed,12,component:2:98,11|36|8|98,4,limited,condition_time_limit,False,183,8,84,,,negative_infinity,,positive_infinity,,0,0,0,0,0
distributed_K8_C29,seed0_K8_C29,distributed,13,component:3:55,110|111|55|72,4,limited,condition_time_limit,False,177,8,65,,,negative_infinity,,positive_infinity,,0,0,0,0,0
distributed_K8_C29,seed0_K8_C29,distributed,14,component:0:112,112|14|48|60,4,limited,condition_time_limit,False,162,8,73,,,negative_infinity,,positive_infinity,,0,0,0,0,0
distributed_K8_C29,seed0_K8_C29,distributed,15,component:0:81,113|26|81|84,4,limited,condition_time_limit,False,207,8,97,,,negative_infinity,,positive_infinity,,0,0,0,0,0
distributed_K8_C29,seed0_K8_C29,distributed,16,component:2:114,114|29|64|76,4,limited,condition_time_limit,False,216,8,83,,,negative_infinity,,positive_infinity,,0,0,0,0,0
distributed_K8_C29,seed0_K8_C29,distributed,17,component:1:68,116|21|35|68,4,limited,condition_time_limit,False,177,8,78,,,negative_infinity,,positive_infinity,,0,0,0,0,0
distributed_K8_C29,seed0_K8_C29,distributed,18,component:1:30,12|30|4|7,4,limited,condition_time_limit,False,210,8,103,,,negative_infinity,,positive_infinity,,0,0,0,0,0
distributed_K8_C29,seed0_K8_C29,distributed,19,component:0:6,13|33|46|6,4,limited,condition_time_limit,False,168,8,88,,,negative_infinity,,positive_infinity,,0,0,0,0,0
distributed_K8_C29,seed0_K8_C29,distributed,20,component:1:16,16|20|78|99,4,limited,condition_time_limit,False,174,8,76,,,negative_infinity,,positive_infinity,,0,0,0,0,0
distributed_K8_C29,seed0_K8_C29,distributed,21,component:0:3,17|3|58|65,4,limited,condition_time_limit,False,210,8,98,,,negative_infinity,,positive_infinity,,0,0,0,0,0
distributed_K8_C29,seed0_K8_C29,distributed,22,component:0:52,18|34|52|61,4,limited,condition_time_limit,False,207,8,99,,,negative_infinity,,positive_infinity,,0,0,0,0,0
distributed_K8_C29,seed0_K8_C29,distributed,23,component:0:96,19|24|95|96,4,limited,condition_time_limit,False,201,8,74,,,negative_infinity,,positive_infinity,,0,0,0,0,0
distributed_K8_C29,seed0_K8_C29,distributed,24,component:3:40,28|40|5|85,4,limited,condition_time_limit,False,192,8,89,,,negative_infinity,,positive_infinity,,0,0,0,0,0
distributed_K8_C29,seed0_K8_C29,distributed,25,component:3:32,32|41|70|77,4,limited,condition_time_limit,False,195,8,102,,,negative_infinity,,positive_infinity,,0,0,0,0,0
distributed_K8_C29,seed0_K8_C29,distributed,26,component:0:37,37|62|79|93,4,limited,condition_time_limit,False,207,8,80,,,negative_infinity,,positive_infinity,,0,0,0,0,0
distributed_K8_C29,seed0_K8_C29,distributed,27,component:1:39,39|42|82|92,4,limited,condition_time_limit,False,210,8,82,,,negative_infinity,,positive_infinity,,0,0,0,0,0
distributed_K8_C29,seed0_K8_C29,distributed,28,component:7:44,44|59|73|88,4,limited,condition_time_limit,False,153,8,53,,,negative_infinity,,positive_infinity,,0,0,0,0,0
distributed_K8_C29,seed0_K8_C29,distributed,29,component:0:45,45|54|89|94,4,limited,condition_time_limit,False,198,8,73,,,negative_infinity,,positive_infinity,,0,0,0,0,0
central_C15,seed0_K1_C15,central,1,component:0:0,0|1|104|108|51|63|71|91,8,optimal,exact_bound_equality,True,435,1,0,8063612604670025557/100000000000000000,8063612604670025557/100000000000000000,finite,8063612604670025557/100000000000000000,finite,0,0,0,0,1,1
central_C15,seed0_K1_C15,central,2,component:0:10,10|105|2|27|43|47|57|90,8,optimal,exact_bound_equality,True,414,1,0,8617233260760723443/100000000000000000,8617233260760723443/100000000000000000,finite,8617233260760723443/100000000000000000,finite,0,0,0,0,1,1
central_C15,seed0_K1_C15,central,3,component:0:100,100|13|33|46|6|86|9|97,8,optimal,exact_bound_equality,True,363,1,0,338524351023629797117/5000000000000000000,338524351023629797117/5000000000000000000,finite,338524351023629797117/5000000000000000000,finite,0,0,0,0,1,1
central_C15,seed0_K1_C15,central,4,component:0:101,101|116|21|35|67|68|69|83,8,optimal,exact_bound_equality,True,342,1,0,1821772258192707771/25000000000000000,1821772258192707771/25000000000000000,finite,1821772258192707771/25000000000000000,finite,0,0,0,0,1,1
central_C15,seed0_K1_C15,central,5,component:0:102,102|23|28|40|5|50|53|85,8,optimal,exact_bound_equality,True,363,1,0,3980286106592920459/50000000000000000,3980286106592920459/50000000000000000,finite,3980286106592920459/50000000000000000,finite,0,0,0,0,1,1
central_C15,seed0_K1_C15,central,6,component:0:103,103|115|25|37|62|75|79|93,8,optimal,exact_bound_equality,True,396,1,0,3548758103099754653/50000000000000000,3548758103099754653/50000000000000000,finite,3548758103099754653/50000000000000000,finite,0,0,0,0,1,1
central_C15,seed0_K1_C15,central,7,component:0:106,106|31|44|49|59|73|80|88,8,optimal,exact_bound_equality,True,354,1,0,3464710247765488047/50000000000000000,3464710247765488047/50000000000000000,finite,3464710247765488047/50000000000000000,finite,0,0,0,0,1,1
central_C15,seed0_K1_C15,central,8,component:0:107,107|15|32|41|70|74|77|87,8,optimal,exact_bound_equality,True,366,1,0,12533115340467789913/200000000000000000,12533115340467789913/200000000000000000,finite,12533115340467789913/200000000000000000,finite,0,0,0,0,1,1
central_C15,seed0_K1_C15,central,9,component:0:109,109|114|22|29|56|64|66|76,8,optimal,exact_bound_equality,True,396,1,0,34043152111523678671/500000000000000000,34043152111523678671/500000000000000000,finite,34043152111523678671/500000000000000000,finite,0,0,0,0,1,1
central_C15,seed0_K1_C15,central,10,component:0:11,11|12|30|36|4|7|8|98,8,optimal,exact_bound_equality,True,393,1,0,3797551813909784523/50000000000000000,3797551813909784523/50000000000000000,finite,3797551813909784523/50000000000000000,finite,0,0,0,0,1,1
central_C15,seed0_K1_C15,central,11,component:0:110,110|111|19|24|55|72|95|96,8,optimal,exact_bound_equality,True,378,1,0,34885605204551894747/500000000000000000,34885605204551894747/500000000000000000,finite,34885605204551894747/500000000000000000,finite,0,0,0,0,1,1
central_C15,seed0_K1_C15,central,12,component:0:112,112|14|16|20|48|60|78|99,8,optimal,exact_bound_equality,True,336,1,0,11623693092983795417/200000000000000000,11623693092983795417/200000000000000000,finite,11623693092983795417/200000000000000000,finite,0,0,0,0,1,1
central_C15,seed0_K1_C15,central,13,component:0:113,113|18|26|34|52|61|81|84,8,optimal,exact_bound_equality,True,414,1,0,3833334626086377077/50000000000000000,3833334626086377077/50000000000000000,finite,3833334626086377077/50000000000000000,finite,0,0,0,0,1,1
central_C15,seed0_K1_C15,central,14,component:0:17,17|3|45|54|58|65|89|94,8,optimal,exact_bound_equality,True,408,1,0,258051089958803143/3125000000000000,258051089958803143/3125000000000000,finite,258051089958803143/3125000000000000,finite,0,0,0,0,1,1
central_C15,seed0_K1_C15,central,15,component:0:39,39|42|82|92,4,optimal,exact_bound_equality,True,210,1,0,4124258687079053407/100000000000000000,4124258687079053407/100000000000000000,finite,4124258687079053407/100000000000000000,finite,0,0,0,0,1,1
distributed_K1_C15,seed0_K1_C15,distributed,1,component:0:0,0|1|104|108|51|63|71|91,8,optimal,search_exhausted,True,435,1,0,8063612604670025557/100000000000000000,8063612604670025557/100000000000000000,finite,8063612604670025557/100000000000000000,finite,0,1,1,1,0,1
distributed_K1_C15,seed0_K1_C15,distributed,2,component:0:10,10|105|2|27|43|47|57|90,8,optimal,search_exhausted,True,414,1,0,8617233260760723443/100000000000000000,8617233260760723443/100000000000000000,finite,8617233260760723443/100000000000000000,finite,0,1,1,1,0,1
distributed_K1_C15,seed0_K1_C15,distributed,3,component:0:100,100|13|33|46|6|86|9|97,8,optimal,search_exhausted,True,363,1,0,338524351023629797117/5000000000000000000,338524351023629797117/5000000000000000000,finite,338524351023629797117/5000000000000000000,finite,0,1,1,1,0,1
distributed_K1_C15,seed0_K1_C15,distributed,4,component:0:101,101|116|21|35|67|68|69|83,8,optimal,search_exhausted,True,342,1,0,1821772258192707771/25000000000000000,1821772258192707771/25000000000000000,finite,1821772258192707771/25000000000000000,finite,0,1,1,1,0,1
distributed_K1_C15,seed0_K1_C15,distributed,5,component:0:102,102|23|28|40|5|50|53|85,8,optimal,search_exhausted,True,363,1,0,3980286106592920459/50000000000000000,3980286106592920459/50000000000000000,finite,3980286106592920459/50000000000000000,finite,0,1,1,1,0,1
distributed_K1_C15,seed0_K1_C15,distributed,6,component:0:103,103|115|25|37|62|75|79|93,8,optimal,search_exhausted,True,396,1,0,3548758103099754653/50000000000000000,3548758103099754653/50000000000000000,finite,3548758103099754653/50000000000000000,finite,0,1,1,1,0,1
distributed_K1_C15,seed0_K1_C15,distributed,7,component:0:106,106|31|44|49|59|73|80|88,8,optimal,search_exhausted,True,354,1,0,3464710247765488047/50000000000000000,3464710247765488047/50000000000000000,finite,3464710247765488047/50000000000000000,finite,0,1,1,1,0,1
distributed_K1_C15,seed0_K1_C15,distributed,8,component:0:107,107|15|32|41|70|74|77|87,8,optimal,search_exhausted,True,366,1,0,12533115340467789913/200000000000000000,12533115340467789913/200000000000000000,finite,12533115340467789913/200000000000000000,finite,0,1,1,1,0,1
distributed_K1_C15,seed0_K1_C15,distributed,9,component:0:109,109|114|22|29|56|64|66|76,8,optimal,search_exhausted,True,396,1,0,34043152111523678671/500000000000000000,34043152111523678671/500000000000000000,finite,34043152111523678671/500000000000000000,finite,0,1,1,1,0,1
distributed_K1_C15,seed0_K1_C15,distributed,10,component:0:11,11|12|30|36|4|7|8|98,8,optimal,search_exhausted,True,393,1,0,3797551813909784523/50000000000000000,3797551813909784523/50000000000000000,finite,3797551813909784523/50000000000000000,finite,0,1,1,1,0,1
distributed_K1_C15,seed0_K1_C15,distributed,11,component:0:110,110|111|19|24|55|72|95|96,8,optimal,search_exhausted,True,378,1,0,34885605204551894747/500000000000000000,34885605204551894747/500000000000000000,finite,34885605204551894747/500000000000000000,finite,0,1,1,1,0,1
distributed_K1_C15,seed0_K1_C15,distributed,12,component:0:112,112|14|16|20|48|60|78|99,8,optimal,search_exhausted,True,336,1,0,11623693092983795417/200000000000000000,11623693092983795417/200000000000000000,finite,11623693092983795417/200000000000000000,finite,0,1,1,1,0,1
distributed_K1_C15,seed0_K1_C15,distributed,13,component:0:113,113|18|26|34|52|61|81|84,8,optimal,search_exhausted,True,414,1,0,3833334626086377077/50000000000000000,3833334626086377077/50000000000000000,finite,3833334626086377077/50000000000000000,finite,0,1,1,1,0,1
distributed_K1_C15,seed0_K1_C15,distributed,14,component:0:17,17|3|45|54|58|65|89|94,8,optimal,search_exhausted,True,408,1,0,258051089958803143/3125000000000000,258051089958803143/3125000000000000,finite,258051089958803143/3125000000000000,finite,0,1,1,1,0,1
distributed_K1_C15,seed0_K1_C15,distributed,15,component:0:39,39|42|82|92,4,optimal,search_exhausted,True,210,1,0,4124258687079053407/100000000000000000,4124258687079053407/100000000000000000,finite,4124258687079053407/100000000000000000,finite,0,1,1,1,0,1
distributed_K2_C15,seed0_K2_C15,distributed,1,component:0:0,0|1|104|108|51|63|71|91,8,limited,condition_time_limit_pending_source_requests,True,435,2,162,8769696445305281459/125000000000000000,8769696445305281459/125000000000000000,finite,2019206953926325533/25000000000000000,finite,1326338324326346206/8769696445305281459,1587,2770,2769,0,2769
distributed_K2_C15,seed0_K2_C15,distributed,2,component:0:10,10|105|2|27|43|47|57|90,8,limited,condition_time_limit,False,414,2,163,,,negative_infinity,,positive_infinity,,0,0,0,0,0
distributed_K2_C15,seed0_K2_C15,distributed,3,component:0:100,100|13|33|46|6|86|9|97,8,limited,condition_time_limit,False,363,2,149,,,negative_infinity,,positive_infinity,,0,0,0,0,0
distributed_K2_C15,seed0_K2_C15,distributed,4,component:0:67,101|116|21|35|67|68|69|83,8,limited,condition_time_limit,False,342,2,143,,,negative_infinity,,positive_infinity,,0,0,0,0,0
distributed_K2_C15,seed0_K2_C15,distributed,5,component:0:23,102|23|28|40|5|50|53|85,8,limited,condition_time_limit,False,363,2,156,,,negative_infinity,,positive_infinity,,0,0,0,0,0
distributed_K2_C15,seed0_K2_C15,distributed,6,component:0:115,103|115|25|37|62|75|79|93,8,limited,condition_time_limit,False,396,2,143,,,negative_infinity,,positive_infinity,,0,0,0,0,0
distributed_K2_C15,seed0_K2_C15,distributed,7,component:0:106,106|31|44|49|59|73|80|88,8,limited,condition_time_limit,False,354,2,150,,,negative_infinity,,positive_infinity,,0,0,0,0,0
distributed_K2_C15,seed0_K2_C15,distributed,8,component:0:107,107|15|32|41|70|74|77|87,8,limited,condition_time_limit,False,366,2,178,,,negative_infinity,,positive_infinity,,0,0,0,0,0
distributed_K2_C15,seed0_K2_C15,distributed,9,component:0:114,109|114|22|29|56|64|66|76,8,limited,condition_time_limit,False,396,2,175,,,negative_infinity,,positive_infinity,,0,0,0,0,0
distributed_K2_C15,seed0_K2_C15,distributed,10,component:0:30,11|12|30|36|4|7|8|98,8,limited,condition_time_limit,False,393,2,186,,,negative_infinity,,positive_infinity,,0,0,0,0,0
distributed_K2_C15,seed0_K2_C15,distributed,11,component:0:24,110|111|19|24|55|72|95|96,8,limited,condition_time_limit,False,378,2,139,,,negative_infinity,,positive_infinity,,0,0,0,0,0
distributed_K2_C15,seed0_K2_C15,distributed,12,component:0:112,112|14|16|20|48|60|78|99,8,limited,condition_time_limit,False,336,2,148,,,negative_infinity,,positive_infinity,,0,0,0,0,0
distributed_K2_C15,seed0_K2_C15,distributed,13,component:0:113,113|18|26|34|52|61|81|84,8,limited,condition_time_limit,False,414,2,195,,,negative_infinity,,positive_infinity,,0,0,0,0,0
distributed_K2_C15,seed0_K2_C15,distributed,14,component:0:17,17|3|45|54|58|65|89|94,8,limited,condition_time_limit,False,408,2,165,,,negative_infinity,,positive_infinity,,0,0,0,0,0
distributed_K2_C15,seed0_K2_C15,distributed,15,component:0:39,39|42|82|92,4,limited,condition_time_limit,False,210,2,79,,,negative_infinity,,positive_infinity,,0,0,0,0,0
distributed_K4_C15,seed0_K4_C15,distributed,1,component:0:0,0|1|104|108|51|63|71|91,8,limited,condition_time_limit_pending_source_requests,True,435,4,166,34988128941306199761/500000000000000000,34988128941306199761/500000000000000000,finite,2019206953926325533/25000000000000000,finite,1798670045740103633/11662709647102066587,1965,6916,6914,0,6914
distributed_K4_C15,seed0_K4_C15,distributed,2,component:0:105,10|105|2|27|43|47|57|90,8,limited,condition_time_limit,False,414,4,163,,,negative_infinity,,positive_infinity,,0,0,0,0,0
distributed_K4_C15,seed0_K4_C15,distributed,3,component:0:46,100|13|33|46|6|86|9|97,8,limited,condition_time_limit,False,363,4,150,,,negative_infinity,,positive_infinity,,0,0,0,0,0
distributed_K4_C15,seed0_K4_C15,distributed,4,component:0:67,101|116|21|35|67|68|69|83,8,limited,condition_time_limit,False,342,4,149,,,negative_infinity,,positive_infinity,,0,0,0,0,0
distributed_K4_C15,seed0_K4_C15,distributed,5,component:0:23,102|23|28|40|5|50|53|85,8,limited,condition_time_limit,False,363,4,156,,,negative_infinity,,positive_infinity,,0,0,0,0,0
distributed_K4_C15,seed0_K4_C15,distributed,6,component:0:37,103|115|25|37|62|75|79|93,8,limited,condition_time_limit,False,396,4,146,,,negative_infinity,,positive_infinity,,0,0,0,0,0
distributed_K4_C15,seed0_K4_C15,distributed,7,component:0:106,106|31|44|49|59|73|80|88,8,limited,condition_time_limit,False,354,4,150,,,negative_infinity,,positive_infinity,,0,0,0,0,0
distributed_K4_C15,seed0_K4_C15,distributed,8,component:0:15,107|15|32|41|70|74|77|87,8,limited,condition_time_limit,False,366,4,178,,,negative_infinity,,positive_infinity,,0,0,0,0,0
distributed_K4_C15,seed0_K4_C15,distributed,9,component:0:22,109|114|22|29|56|64|66|76,8,limited,condition_time_limit,False,396,4,175,,,negative_infinity,,positive_infinity,,0,0,0,0,0
distributed_K4_C15,seed0_K4_C15,distributed,10,component:0:30,11|12|30|36|4|7|8|98,8,limited,condition_time_limit,False,393,4,187,,,negative_infinity,,positive_infinity,,0,0,0,0,0
distributed_K4_C15,seed0_K4_C15,distributed,11,component:0:96,110|111|19|24|55|72|95|96,8,limited,condition_time_limit,False,378,4,139,,,negative_infinity,,positive_infinity,,0,0,0,0,0
distributed_K4_C15,seed0_K4_C15,distributed,12,component:0:112,112|14|16|20|48|60|78|99,8,limited,condition_time_limit,False,336,4,149,,,negative_infinity,,positive_infinity,,0,0,0,0,0
distributed_K4_C15,seed0_K4_C15,distributed,13,component:0:113,113|18|26|34|52|61|81|84,8,limited,condition_time_limit,False,414,4,196,,,negative_infinity,,positive_infinity,,0,0,0,0,0
distributed_K4_C15,seed0_K4_C15,distributed,14,component:0:3,17|3|45|54|58|65|89|94,8,limited,condition_time_limit,False,408,4,166,,,negative_infinity,,positive_infinity,,0,0,0,0,0
distributed_K4_C15,seed0_K4_C15,distributed,15,component:0:39,39|42|82|92,4,limited,condition_time_limit,False,210,4,80,,,negative_infinity,,positive_infinity,,0,0,0,0,0
distributed_K8_C15,seed0_K8_C15,distributed,1,component:0:0,0|1|104|108|51|63|71|91,8,limited,condition_time_limit_pending_source_requests,True,435,8,166,4395049896528096617/62500000000000000,4395049896528096617/62500000000000000,finite,2019206953926325533/25000000000000000,finite,1305934976575434431/8790099793056193234,2214,15568,15564,0,15563
distributed_K8_C15,seed0_K8_C15,distributed,2,component:0:105,10|105|2|27|43|47|57|90,8,limited,condition_time_limit,False,414,8,163,,,negative_infinity,,positive_infinity,,0,0,0,0,0
distributed_K8_C15,seed0_K8_C15,distributed,3,component:0:6,100|13|33|46|6|86|9|97,8,limited,condition_time_limit,False,363,8,150,,,negative_infinity,,positive_infinity,,0,0,0,0,0
distributed_K8_C15,seed0_K8_C15,distributed,4,component:0:67,101|116|21|35|67|68|69|83,8,limited,condition_time_limit,False,342,8,149,,,negative_infinity,,positive_infinity,,0,0,0,0,0
distributed_K8_C15,seed0_K8_C15,distributed,5,component:1:23,102|23|28|40|5|50|53|85,8,limited,condition_time_limit,False,363,8,156,,,negative_infinity,,positive_infinity,,0,0,0,0,0
distributed_K8_C15,seed0_K8_C15,distributed,6,component:0:37,103|115|25|37|62|75|79|93,8,limited,condition_time_limit,False,396,8,146,,,negative_infinity,,positive_infinity,,0,0,0,0,0
distributed_K8_C15,seed0_K8_C15,distributed,7,component:1:106,106|31|44|49|59|73|80|88,8,limited,condition_time_limit,False,354,8,151,,,negative_infinity,,positive_infinity,,0,0,0,0,0
distributed_K8_C15,seed0_K8_C15,distributed,8,component:0:15,107|15|32|41|70|74|77|87,8,limited,condition_time_limit,False,366,8,178,,,negative_infinity,,positive_infinity,,0,0,0,0,0
distributed_K8_C15,seed0_K8_C15,distributed,9,component:0:22,109|114|22|29|56|64|66|76,8,limited,condition_time_limit,False,396,8,176,,,negative_infinity,,positive_infinity,,0,0,0,0,0
distributed_K8_C15,seed0_K8_C15,distributed,10,component:1:30,11|12|30|36|4|7|8|98,8,limited,condition_time_limit,False,393,8,187,,,negative_infinity,,positive_infinity,,0,0,0,0,0
distributed_K8_C15,seed0_K8_C15,distributed,11,component:0:96,110|111|19|24|55|72|95|96,8,limited,condition_time_limit,False,378,8,139,,,negative_infinity,,positive_infinity,,0,0,0,0,0
distributed_K8_C15,seed0_K8_C15,distributed,12,component:0:112,112|14|16|20|48|60|78|99,8,limited,condition_time_limit,False,336,8,149,,,negative_infinity,,positive_infinity,,0,0,0,0,0
distributed_K8_C15,seed0_K8_C15,distributed,13,component:0:52,113|18|26|34|52|61|81|84,8,limited,condition_time_limit,False,414,8,196,,,negative_infinity,,positive_infinity,,0,0,0,0,0
distributed_K8_C15,seed0_K8_C15,distributed,14,component:0:3,17|3|45|54|58|65|89|94,8,limited,condition_time_limit,False,408,8,171,,,negative_infinity,,positive_infinity,,0,0,0,0,0
distributed_K8_C15,seed0_K8_C15,distributed,15,component:1:39,39|42|82|92,4,limited,condition_time_limit,False,210,8,82,,,negative_infinity,,positive_infinity,,0,0,0,0,0
central_C8,seed0_K1_C8,central,1,component:0:0,0|1|104|108|17|3|45|51|54|58|63|65|71|89|91|94,16,optimal,exact_bound_equality,True,843,1,0,16321247483351726133/100000000000000000,16321247483351726133/100000000000000000,finite,16321247483351726133/100000000000000000,finite,0,0,0,0,1,1
central_C8,seed0_K1_C8,central,2,component:0:10,10|105|107|15|2|27|32|41|43|47|57|70|74|77|87|90,16,optimal,exact_bound_equality,True,780,1,0,29767581861989236799/200000000000000000,29767581861989236799/200000000000000000,finite,29767581861989236799/200000000000000000,finite,0,0,0,0,1,1
central_C8,seed0_K1_C8,central,3,component:0:100,100|112|13|14|16|20|33|46|48|6|60|78|86|9|97|99,16,optimal,exact_bound_equality,True,699,1,0,314558339174112341271/2500000000000000000,314558339174112341271/2500000000000000000,finite,314558339174112341271/2500000000000000000,finite,0,0,0,0,1,1
central_C8,seed0_K1_C8,central,4,component:0:101,101|110|111|116|19|21|24|35|55|67|68|69|72|83|95|96,16,optimal,exact_bound_equality,True,720,1,0,35656893534022102321/250000000000000000,35656893534022102321/250000000000000000,finite,35656893534022102321/250000000000000000,finite,0,0,0,0,1,1
central_C8,seed0_K1_C8,central,5,component:0:102,102|113|18|23|26|28|34|40|5|50|52|53|61|81|84|85,16,optimal,exact_bound_equality,True,777,1,0,15260977993514253/97656250000000,15260977993514253/97656250000000,finite,15260977993514253/97656250000000,finite,0,0,0,0,1,1
central_C8,seed0_K1_C8,central,6,component:0:103,103|11|115|12|25|30|36|37|4|62|7|75|79|8|93|98,16,optimal,exact_bound_equality,True,789,1,0,918288739626192397/6250000000000000,918288739626192397/6250000000000000,finite,918288739626192397/6250000000000000,finite,0,0,0,0,1,1
central_C8,seed0_K1_C8,central,7,component:0:106,106|109|114|22|29|31|44|49|56|59|64|66|73|76|80|88,16,optimal,exact_bound_equality,True,750,1,0,68690254589178559141/500000000000000000,68690254589178559141/500000000000000000,finite,68690254589178559141/500000000000000000,finite,0,0,0,0,1,1
central_C8,seed0_K1_C8,central,8,component:0:39,39|42|82|92,4,optimal,exact_bound_equality,True,210,1,0,4124258687079053407/100000000000000000,4124258687079053407/100000000000000000,finite,4124258687079053407/100000000000000000,finite,0,0,0,0,1,1
distributed_K1_C8,seed0_K1_C8,distributed,1,component:0:0,0|1|104|108|17|3|45|51|54|58|63|65|71|89|91|94,16,optimal,search_exhausted,True,843,1,0,16321247483351726133/100000000000000000,16321247483351726133/100000000000000000,finite,16321247483351726133/100000000000000000,finite,0,1,1,1,0,1
distributed_K1_C8,seed0_K1_C8,distributed,2,component:0:10,10|105|107|15|2|27|32|41|43|47|57|70|74|77|87|90,16,optimal,search_exhausted,True,780,1,0,29767581861989236799/200000000000000000,29767581861989236799/200000000000000000,finite,29767581861989236799/200000000000000000,finite,0,1,1,1,0,1
distributed_K1_C8,seed0_K1_C8,distributed,3,component:0:100,100|112|13|14|16|20|33|46|48|6|60|78|86|9|97|99,16,optimal,search_exhausted,True,699,1,0,314558339174112341271/2500000000000000000,314558339174112341271/2500000000000000000,finite,314558339174112341271/2500000000000000000,finite,0,1,1,1,0,1
distributed_K1_C8,seed0_K1_C8,distributed,4,component:0:101,101|110|111|116|19|21|24|35|55|67|68|69|72|83|95|96,16,optimal,search_exhausted,True,720,1,0,35656893534022102321/250000000000000000,35656893534022102321/250000000000000000,finite,35656893534022102321/250000000000000000,finite,0,1,1,1,0,1
distributed_K1_C8,seed0_K1_C8,distributed,5,component:0:102,102|113|18|23|26|28|34|40|5|50|52|53|61|81|84|85,16,optimal,search_exhausted,True,777,1,0,15260977993514253/97656250000000,15260977993514253/97656250000000,finite,15260977993514253/97656250000000,finite,0,1,1,1,0,1
distributed_K1_C8,seed0_K1_C8,distributed,6,component:0:103,103|11|115|12|25|30|36|37|4|62|7|75|79|8|93|98,16,optimal,search_exhausted,True,789,1,0,918288739626192397/6250000000000000,918288739626192397/6250000000000000,finite,918288739626192397/6250000000000000,finite,0,1,1,1,0,1
distributed_K1_C8,seed0_K1_C8,distributed,7,component:0:106,106|109|114|22|29|31|44|49|56|59|64|66|73|76|80|88,16,optimal,search_exhausted,True,750,1,0,68690254589178559141/500000000000000000,68690254589178559141/500000000000000000,finite,68690254589178559141/500000000000000000,finite,0,1,1,1,0,1
distributed_K1_C8,seed0_K1_C8,distributed,8,component:0:39,39|42|82|92,4,optimal,search_exhausted,True,210,1,0,4124258687079053407/100000000000000000,4124258687079053407/100000000000000000,finite,4124258687079053407/100000000000000000,finite,0,1,1,1,0,1
distributed_K2_C8,seed0_K2_C8,distributed,1,component:0:0,0|1|104|108|17|3|45|51|54|58|63|65|71|89|91|94,16,limited,condition_time_limit_pending_source_requests,True,843,2,327,75601011951571847101/500000000000000000,75601011951571847101/500000000000000000,finite,4083615673596750677/25000000000000000,finite,6071301520363166439/75601011951571847101,802,1392,1391,0,1391
distributed_K2_C8,seed0_K2_C8,distributed,2,component:0:10,10|105|107|15|2|27|32|41|43|47|57|70|74|77|87|90,16,limited,condition_time_limit,False,780,2,341,,,negative_infinity,,positive_infinity,,0,0,0,0,0
distributed_K2_C8,seed0_K2_C8,distributed,3,component:0:100,100|112|13|14|16|20|33|46|48|6|60|78|86|9|97|99,16,limited,condition_time_limit,False,699,2,297,,,negative_infinity,,positive_infinity,,0,0,0,0,0
distributed_K2_C8,seed0_K2_C8,distributed,4,component:0:24,101|110|111|116|19|21|24|35|55|67|68|69|72|83|95|96,16,limited,condition_time_limit,False,720,2,282,,,negative_infinity,,positive_infinity,,0,0,0,0,0
distributed_K2_C8,seed0_K2_C8,distributed,5,component:0:113,102|113|18|23|26|28|34|40|5|50|52|53|61|81|84|85,16,limited,condition_time_limit,False,777,2,351,,,negative_infinity,,positive_infinity,,0,0,0,0,0
distributed_K2_C8,seed0_K2_C8,distributed,6,component:0:115,103|11|115|12|25|30|36|37|4|62|7|75|79|8|93|98,16,limited,condition_time_limit,False,789,2,329,,,negative_infinity,,positive_infinity,,0,0,0,0,0
distributed_K2_C8,seed0_K2_C8,distributed,7,component:0:106,106|109|114|22|29|31|44|49|56|59|64|66|73|76|80|88,16,limited,condition_time_limit,False,750,2,325,,,negative_infinity,,positive_infinity,,0,0,0,0,0
distributed_K2_C8,seed0_K2_C8,distributed,8,component:0:39,39|42|82|92,4,limited,condition_time_limit,False,210,2,79,,,negative_infinity,,positive_infinity,,0,0,0,0,0
distributed_K4_C8,seed0_K4_C8,distributed,1,component:0:0,0|1|104|108|17|3|45|51|54|58|63|65|71|89|91|94,16,limited,condition_time_limit_pending_source_requests,True,843,4,332,75601011951571847101/500000000000000000,75601011951571847101/500000000000000000,finite,4083615673596750677/25000000000000000,finite,6071301520363166439/75601011951571847101,1015,3556,3553,0,3552
distributed_K4_C8,seed0_K4_C8,distributed,2,component:0:105,10|105|107|15|2|27|32|41|43|47|57|70|74|77|87|90,16,limited,condition_time_limit,False,780,4,341,,,negative_infinity,,positive_infinity,,0,0,0,0,0
distributed_K4_C8,seed0_K4_C8,distributed,3,component:0:112,100|112|13|14|16|20|33|46|48|6|60|78|86|9|97|99,16,limited,condition_time_limit,False,699,4,299,,,negative_infinity,,positive_infinity,,0,0,0,0,0
distributed_K4_C8,seed0_K4_C8,distributed,4,component:0:67,101|110|111|116|19|21|24|35|55|67|68|69|72|83|95|96,16,limited,condition_time_limit,False,720,4,288,,,negative_infinity,,positive_infinity,,0,0,0,0,0
distributed_K4_C8,seed0_K4_C8,distributed,5,component:0:113,102|113|18|23|26|28|34|40|5|50|52|53|61|81|84|85,16,limited,condition_time_limit,False,777,4,352,,,negative_infinity,,positive_infinity,,0,0,0,0,0
distributed_K4_C8,seed0_K4_C8,distributed,6,component:0:30,103|11|115|12|25|30|36|37|4|62|7|75|79|8|93|98,16,limited,condition_time_limit,False,789,4,333,,,negative_infinity,,positive_infinity,,0,0,0,0,0
distributed_K4_C8,seed0_K4_C8,distributed,7,component:0:106,106|109|114|22|29|31|44|49|56|59|64|66|73|76|80|88,16,limited,condition_time_limit,False,750,4,325,,,negative_infinity,,positive_infinity,,0,0,0,0,0
distributed_K4_C8,seed0_K4_C8,distributed,8,component:0:39,39|42|82|92,4,limited,condition_time_limit,False,210,4,80,,,negative_infinity,,positive_infinity,,0,0,0,0,0
distributed_K8_C8,seed0_K8_C8,distributed,1,component:0:0,0|1|104|108|17|3|45|51|54|58|63|65|71|89|91|94,16,limited,condition_time_limit_pending_source_requests,True,843,8,337,75888430159663981731/500000000000000000,75888430159663981731/500000000000000000,finite,4083615673596750677/25000000000000000,finite,5783883312271031809/75888430159663981731,1175,8280,8274,0,8273
distributed_K8_C8,seed0_K8_C8,distributed,2,component:0:105,10|105|107|15|2|27|32|41|43|47|57|70|74|77|87|90,16,limited,condition_time_limit,False,780,8,341,,,negative_infinity,,positive_infinity,,0,0,0,0,0
distributed_K8_C8,seed0_K8_C8,distributed,3,component:0:112,100|112|13|14|16|20|33|46|48|6|60|78|86|9|97|99,16,limited,condition_time_limit,False,699,8,299,,,negative_infinity,,positive_infinity,,0,0,0,0,0
distributed_K8_C8,seed0_K8_C8,distributed,4,component:0:67,101|110|111|116|19|21|24|35|55|67|68|69|72|83|95|96,16,limited,condition_time_limit,False,720,8,288,,,negative_infinity,,positive_infinity,,0,0,0,0,0
distributed_K8_C8,seed0_K8_C8,distributed,5,component:0:52,102|113|18|23|26|28|34|40|5|50|52|53|61|81|84|85,16,limited,condition_time_limit,False,777,8,352,,,negative_infinity,,positive_infinity,,0,0,0,0,0
distributed_K8_C8,seed0_K8_C8,distributed,6,component:0:37,103|11|115|12|25|30|36|37|4|62|7|75|79|8|93|98,16,limited,condition_time_limit,False,789,8,333,,,negative_infinity,,positive_infinity,,0,0,0,0,0
distributed_K8_C8,seed0_K8_C8,distributed,7,component:0:22,106|109|114|22|29|31|44|49|56|59|64|66|73|76|80|88,16,limited,condition_time_limit,False,750,8,327,,,negative_infinity,,positive_infinity,,0,0,0,0,0
distributed_K8_C8,seed0_K8_C8,distributed,8,component:1:39,39|42|82|92,4,limited,condition_time_limit,False,210,8,82,,,negative_infinity,,positive_infinity,,0,0,0,0,0
central_C4,seed0_K1_C4,central,1,component:0:0,0|1|104|106|108|109|114|17|22|29|3|31|44|45|49|51|54|56|58|59|63|64|65|66|71|73|76|80|88|89|91|94,32,optimal,exact_bound_equality,True,1593,1,0,75148246002968594903/250000000000000000,75148246002968594903/250000000000000000,finite,75148246002968594903/250000000000000000,finite,0,0,0,0,1,1
central_C4,seed0_K1_C4,central,2,component:0:10,10|100|105|107|112|13|14|15|16|2|20|27|32|33|41|43|46|47|48|57|6|60|70|74|77|78|86|87|9|90|97|99,32,optimal,exact_bound_equality,True,1479,1,0,1373306224897955602517/5000000000000000000,1373306224897955602517/5000000000000000000,finite,1373306224897955602517/5000000000000000000,finite,0,0,0,0,1,1
central_C4,seed0_K1_C4,central,3,component:0:101,101|103|11|110|111|115|116|12|19|21|24|25|30|35|36|37|4|55|62|67|68|69|7|72|75|79|8|83|93|95|96|98,32,optimal,exact_bound_equality,True,1509,1,0,36182129544514694653/125000000000000000,36182129544514694653/125000000000000000,finite,36182129544514694653/125000000000000000,finite,0,0,0,0,1,1
central_C4,seed0_K1_C4,central,4,component:0:102,102|113|18|23|26|28|34|39|40|42|5|50|52|53|61|81|82|84|85|92,20,optimal,exact_bound_equality,True,987,1,0,19751500152437648479/100000000000000000,19751500152437648479/100000000000000000,finite,19751500152437648479/100000000000000000,finite,0,0,0,0,1,1
distributed_K1_C4,seed0_K1_C4,distributed,1,component:0:0,0|1|104|106|108|109|114|17|22|29|3|31|44|45|49|51|54|56|58|59|63|64|65|66|71|73|76|80|88|89|91|94,32,optimal,search_exhausted,True,1593,1,0,75148246002968594903/250000000000000000,75148246002968594903/250000000000000000,finite,75148246002968594903/250000000000000000,finite,0,1,1,1,0,1
distributed_K1_C4,seed0_K1_C4,distributed,2,component:0:10,10|100|105|107|112|13|14|15|16|2|20|27|32|33|41|43|46|47|48|57|6|60|70|74|77|78|86|87|9|90|97|99,32,optimal,search_exhausted,True,1479,1,0,1373306224897955602517/5000000000000000000,1373306224897955602517/5000000000000000000,finite,1373306224897955602517/5000000000000000000,finite,0,1,1,1,0,1
distributed_K1_C4,seed0_K1_C4,distributed,3,component:0:101,101|103|11|110|111|115|116|12|19|21|24|25|30|35|36|37|4|55|62|67|68|69|7|72|75|79|8|83|93|95|96|98,32,optimal,search_exhausted,True,1509,1,0,36182129544514694653/125000000000000000,36182129544514694653/125000000000000000,finite,36182129544514694653/125000000000000000,finite,0,1,1,1,0,1
distributed_K1_C4,seed0_K1_C4,distributed,4,component:0:102,102|113|18|23|26|28|34|39|40|42|5|50|52|53|61|81|82|84|85|92,20,optimal,search_exhausted,True,987,1,0,19751500152437648479/100000000000000000,19751500152437648479/100000000000000000,finite,19751500152437648479/100000000000000000,finite,0,1,1,1,0,1
distributed_K2_C4,seed0_K2_C4,distributed,1,component:0:0,0|1|104|106|108|109|114|17|22|29|3|31|44|45|49|51|54|56|58|59|63|64|65|66|71|73|76|80|88|89|91|94,32,limited,condition_time_limit_pending_source_requests,True,1593,2,652,13521443198487038748333/50000000000000000000,13521443198487038748333/50000000000000000000,finite,150411906771704924931/500000000000000000,finite,168860830964828193863/1502382577609670972037,601,1048,1047,0,1047
distributed_K2_C4,seed0_K2_C4,distributed,2,component:0:10,10|100|105|107|112|13|14|15|16|2|20|27|32|33|41|43|46|47|48|57|6|60|70|74|77|78|86|87|9|90|97|99,32,limited,condition_time_limit,False,1479,2,638,,,negative_infinity,,positive_infinity,,0,0,0,0,0
distributed_K2_C4,seed0_K2_C4,distributed,3,component:0:115,101|103|11|110|111|115|116|12|19|21|24|25|30|35|36|37|4|55|62|67|68|69|7|72|75|79|8|83|93|95|96|98,32,limited,condition_time_limit,False,1509,2,611,,,negative_infinity,,positive_infinity,,0,0,0,0,0
distributed_K2_C4,seed0_K2_C4,distributed,4,component:0:113,102|113|18|23|26|28|34|39|40|42|5|50|52|53|61|81|82|84|85|92,20,limited,condition_time_limit,False,987,2,430,,,negative_infinity,,positive_infinity,,0,0,0,0,0
distributed_K4_C4,seed0_K4_C4,distributed,1,component:0:0,0|1|104|106|108|109|114|17|22|29|3|31|44|45|49|51|54|56|58|59|63|64|65|66|71|73|76|80|88|89|91|94,32,limited,condition_time_limit_pending_source_requests,True,1593,4,657,13536704881650400338733/50000000000000000000,13536704881650400338733/50000000000000000000,finite,150411906771704924931/500000000000000000,finite,115729676578468627259/1041284990896184641441,683,2360,2357,0,2356
distributed_K4_C4,seed0_K4_C4,distributed,2,component:0:105,10|100|105|107|112|13|14|15|16|2|20|27|32|33|41|43|46|47|48|57|6|60|70|74|77|78|86|87|9|90|97|99,32,limited,condition_time_limit,False,1479,4,640,,,negative_infinity,,positive_infinity,,0,0,0,0,0
distributed_K4_C4,seed0_K4_C4,distributed,3,component:0:30,101|103|11|110|111|115|116|12|19|21|24|25|30|35|36|37|4|55|62|67|68|69|7|72|75|79|8|83|93|95|96|98,32,limited,condition_time_limit,False,1509,4,621,,,negative_infinity,,positive_infinity,,0,0,0,0,0
distributed_K4_C4,seed0_K4_C4,distributed,4,component:0:113,102|113|18|23|26|28|34|39|40|42|5|50|52|53|61|81|82|84|85|92,20,limited,condition_time_limit,False,987,4,432,,,negative_infinity,,positive_infinity,,0,0,0,0,0
distributed_K8_C4,seed0_K8_C4,distributed,1,component:0:0,0|1|104|106|108|109|114|17|22|29|3|31|44|45|49|51|54|56|58|59|63|64|65|66|71|73|76|80|88|89|91|94,32,limited,condition_time_limit_pending_source_requests,True,1593,8,664,13547452825524049608233/50000000000000000000,13547452825524049608233/50000000000000000000,finite,2350461650121264359/7812500000000000,finite,1495501735252042289367/13547452825524049608233,724,5024,5022,0,5021
distributed_K8_C4,seed0_K8_C4,distributed,2,component:0:105,10|100|105|107|112|13|14|15|16|2|20|27|32|33|41|43|46|47|48|57|6|60|70|74|77|78|86|87|9|90|97|99,32,limited,condition_time_limit,False,1479,8,640,,,negative_infinity,,positive_infinity,,0,0,0,0,0
distributed_K8_C4,seed0_K8_C4,distributed,3,component:0:37,101|103|11|110|111|115|116|12|19|21|24|25|30|35|36|37|4|55|62|67|68|69|7|72|75|79|8|83|93|95|96|98,32,limited,condition_time_limit,False,1509,8,621,,,negative_infinity,,positive_infinity,,0,0,0,0,0
distributed_K8_C4,seed0_K8_C4,distributed,4,component:0:52,102|113|18|23|26|28|34|39|40|42|5|50|52|53|61|81|82|84|85|92,20,limited,condition_time_limit,False,987,8,434,,,negative_infinity,,positive_infinity,,0,0,0,0,0
central_C2,seed0_K1_C2,central,1,component:0:0,0|1|102|104|106|108|109|113|114|17|18|22|23|26|28|29|3|31|34|39|40|42|44|45|49|5|50|51|52|53|54|56|58|59|61|63|64|65|66|71|73|76|80|81|82|84|85|88|89|91|92|94,52,optimal,exact_bound_equality,True,2580,1,0,249053992768125432201/500000000000000000,249053992768125432201/500000000000000000,finite,249053992768125432201/500000000000000000,finite,0,0,0,0,1,1
central_C2,seed0_K1_C2,central,2,component:0:10,10|100|101|103|105|107|11|110|111|112|115|116|12|13|14|15|16|19|2|20|21|24|25|27|30|32|33|35|36|37|4|41|43|46|47|48|55|57|6|60|62|67|68|69|7|70|72|74|75|77|78|79|8|83|86|87|9|90|93|95|96|97|98|99,64,optimal,exact_bound_equality,True,2988,1,0,2820591406678543388637/5000000000000000000,2820591406678543388637/5000000000000000000,finite,2820591406678543388637/5000000000000000000,finite,0,0,0,0,1,1
distributed_K1_C2,seed0_K1_C2,distributed,1,component:0:0,0|1|102|104|106|108|109|113|114|17|18|22|23|26|28|29|3|31|34|39|40|42|44|45|49|5|50|51|52|53|54|56|58|59|61|63|64|65|66|71|73|76|80|81|82|84|85|88|89|91|92|94,52,optimal,search_exhausted,True,2580,1,0,249053992768125432201/500000000000000000,249053992768125432201/500000000000000000,finite,249053992768125432201/500000000000000000,finite,0,1,1,1,0,1
distributed_K1_C2,seed0_K1_C2,distributed,2,component:0:10,10|100|101|103|105|107|11|110|111|112|115|116|12|13|14|15|16|19|2|20|21|24|25|27|30|32|33|35|36|37|4|41|43|46|47|48|55|57|6|60|62|67|68|69|7|70|72|74|75|77|78|79|8|83|86|87|9|90|93|95|96|97|98|99,64,optimal,search_exhausted,True,2988,1,0,2820591406678543388637/5000000000000000000,2820591406678543388637/5000000000000000000,finite,2820591406678543388637/5000000000000000000,finite,0,1,1,1,0,1
distributed_K2_C2,seed0_K2_C2,distributed,1,component:0:0,0|1|102|104|106|108|109|113|114|17|18|22|23|26|28|29|3|31|34|39|40|42|44|45|49|5|50|51|52|53|54|56|58|59|61|63|64|65|66|71|73|76|80|81|82|84|85|88|89|91|92|94,52,limited,local_solve_without_exact_certificate,False,2580,2,1082,,,negative_infinity,249282366923266491141/500000000000000000,finite,,285,570,570,0,569
distributed_K2_C2,seed0_K2_C2,distributed,2,component:0:10,10|100|101|103|105|107|11|110|111|112|115|116|12|13|14|15|16|19|2|20|21|24|25|27|30|32|33|35|36|37|4|41|43|46|47|48|55|57|6|60|62|67|68|69|7|70|72|74|75|77|78|79|8|83|86|87|9|90|93|95|96|97|98|99,64,limited,condition_time_limit,False,2988,2,1249,,,negative_infinity,,positive_infinity,,0,0,0,0,0
distributed_K4_C2,seed0_K4_C2,distributed,1,component:0:0,0|1|102|104|106|108|109|113|114|17|18|22|23|26|28|29|3|31|34|39|40|42|44|45|49|5|50|51|52|53|54|56|58|59|61|63|64|65|66|71|73|76|80|81|82|84|85|88|89|91|92|94,52,limited,condition_time_limit_pending_source_requests,False,2580,4,1089,,,negative_infinity,249314159762013793841/500000000000000000,finite,,363,1452,1449,0,1449
distributed_K4_C2,seed0_K4_C2,distributed,2,component:0:105,10|100|101|103|105|107|11|110|111|112|115|116|12|13|14|15|16|19|2|20|21|24|25|27|30|32|33|35|36|37|4|41|43|46|47|48|55|57|6|60|62|67|68|69|7|70|72|74|75|77|78|79|8|83|86|87|9|90|93|95|96|97|98|99,64,limited,condition_time_limit,False,2988,4,1261,,,negative_infinity,,positive_infinity,,0,0,0,0,0
distributed_K8_C2,seed0_K8_C2,distributed,1,component:0:0,0|1|102|104|106|108|109|113|114|17|18|22|23|26|28|29|3|31|34|39|40|42|44|45|49|5|50|51|52|53|54|56|58|59|61|63|64|65|66|71|73|76|80|81|82|84|85|88|89|91|92|94,52,limited,local_solve_without_exact_certificate,False,2580,8,1098,,,negative_infinity,124665899299034893943/250000000000000000,finite,,385,3080,3080,0,3079
distributed_K8_C2,seed0_K8_C2,distributed,2,component:0:105,10|100|101|103|105|107|11|110|111|112|115|116|12|13|14|15|16|19|2|20|21|24|25|27|30|32|33|35|36|37|4|41|43|46|47|48|55|57|6|60|62|67|68|69|7|70|72|74|75|77|78|79|8|83|86|87|9|90|93|95|96|97|98|99,64,limited,condition_time_limit,False,2988,8,1261,,,negative_infinity,,positive_infinity,,0,0,0,0,0
central_C1,seed0_K1_C1,central,1,component:0:0,0|1|10|100|101|102|103|104|105|106|107|108|109|11|110|111|112|113|114|115|116|12|13|14|15|16|17|18|19|2|20|21|22|23|24|25|26|27|28|29|3|30|31|32|33|34|35|36|37|39|4|40|41|42|43|44|45|46|47|48|49|5|50|51|52|53|54|55|56|57|58|59|6|60|61|62|63|64|65|66|67|68|69|7|70|71|72|73|74|75|76|77|78|79|8|80|81|82|83|84|85|86|87|88|89|9|90|91|92|93|94|95|96|97|98|99,116,optimal,exact_bound_equality,True,5568,1,0,5311131334359797710647/5000000000000000000,5311131334359797710647/5000000000000000000,finite,5311131334359797710647/5000000000000000000,finite,0,0,0,0,1,1
distributed_K1_C1,seed0_K1_C1,distributed,1,component:0:0,0|1|10|100|101|102|103|104|105|106|107|108|109|11|110|111|112|113|114|115|116|12|13|14|15|16|17|18|19|2|20|21|22|23|24|25|26|27|28|29|3|30|31|32|33|34|35|36|37|39|4|40|41|42|43|44|45|46|47|48|49|5|50|51|52|53|54|55|56|57|58|59|6|60|61|62|63|64|65|66|67|68|69|7|70|71|72|73|74|75|76|77|78|79|8|80|81|82|83|84|85|86|87|88|89|9|90|91|92|93|94|95|96|97|98|99,116,optimal,search_exhausted,True,5568,1,0,5311131334359797710647/5000000000000000000,5311131334359797710647/5000000000000000000,finite,5311131334359797710647/5000000000000000000,finite,0,1,1,1,0,1
distributed_K2_C1,seed0_K2_C1,distributed,1,component:0:0,0|1|10|100|101|102|103|104|105|106|107|108|109|11|110|111|112|113|114|115|116|12|13|14|15|16|17|18|19|2|20|21|22|23|24|25|26|27|28|29|3|30|31|32|33|34|35|36|37|39|4|40|41|42|43|44|45|46|47|48|49|5|50|51|52|53|54|55|56|57|58|59|6|60|61|62|63|64|65|66|67|68|69|7|70|71|72|73|74|75|76|77|78|79|8|80|81|82|83|84|85|86|87|88|89|9|90|91|92|93|94|95|96|97|98|99,116,limited,condition_time_limit_pending_source_requests,False,5568,2,2331,,,negative_infinity,2659910619741526465431/2500000000000000000,finite,,63,126,125,0,125
distributed_K4_C1,seed0_K4_C1,distributed,1,component:0:0,0|1|10|100|101|102|103|104|105|106|107|108|109|11|110|111|112|113|114|115|116|12|13|14|15|16|17|18|19|2|20|21|22|23|24|25|26|27|28|29|3|30|31|32|33|34|35|36|37|39|4|40|41|42|43|44|45|46|47|48|49|5|50|51|52|53|54|55|56|57|58|59|6|60|61|62|63|64|65|66|67|68|69|7|70|71|72|73|74|75|76|77|78|79|8|80|81|82|83|84|85|86|87|88|89|9|90|91|92|93|94|95|96|97|98|99,116,limited,condition_time_limit_pending_source_requests,False,5568,4,2350,,,negative_infinity,665242809002597327789/625000000000000000,finite,,113,452,449,0,448
distributed_K8_C1,seed0_K8_C1,distributed,1,component:0:0,0|1|10|100|101|102|103|104|105|106|107|108|109|11|110|111|112|113|114|115|116|12|13|14|15|16|17|18|19|2|20|21|22|23|24|25|26|27|28|29|3|30|31|32|33|34|35|36|37|39|4|40|41|42|43|44|45|46|47|48|49|5|50|51|52|53|54|55|56|57|58|59|6|60|61|62|63|64|65|66|67|68|69|7|70|71|72|73|74|75|76|77|78|79|8|80|81|82|83|84|85|86|87|88|89|9|90|91|92|93|94|95|96|97|98|99,116,limited,local_solve_without_exact_certificate,False,5568,8,2359,,,negative_infinity,2661059430190669281381/2500000000000000000,finite,,150,1200,1200,0,1200
